% Magnetic field reconstruction point table
% Method: Separable Global Ordinary Kriging
% Grid size: 100 x 100 (rows=y, columns=x)
% Length unit: mm
% Magnetic field unit: T
% z plane: -20 mm
% Data order: y-major rows, x increasing within each row
% Columns use tab separators
% x(mm)	y(mm)	z(mm)	Bx(T)	By(T)	Bz(T)
-99	-99	-20	-7.89180000396e-05	0.000286829999996	-0.00027203999991
-97	-99	-20	-6.54293652901e-05	0.000290424264146	-0.000314088198686
-95	-99	-20	-6.03153955681e-05	0.000293355936834	-0.000339718075877
-93	-99	-20	-6.20803581887e-05	0.000295806740918	-0.000352307290867
-91	-99	-20	-6.88093565635e-05	0.000297975341035	-0.000355982873985
-89	-99	-20	-7.85271636965e-05	0.000300029833733	-0.000354805003644
-87	-99	-20	-8.95274282599e-05	0.000302070509227	-0.00035205689847
-85	-99	-20	-0.000100599991856	0.000304112625257	-0.000349805938641
-83	-99	-20	-0.00011111279454	0.000306093616487	-0.000348825506088
-81	-99	-20	-0.00012094483932	0.000307902313068	-0.000348865691658
-79	-99	-20	-0.000130306339414	0.000309421352032	-0.000349163624168
-77	-99	-20	-0.000139510000029	0.000310569999995	-0.000349019999921
-75	-99	-20	-0.000148765579586	0.000311334371272	-0.000348257024402
-73	-99	-20	-0.000158056684037	0.0003117757182	-0.000347417919254
-71	-99	-20	-0.000167128929087	0.00031201406696	-0.000347655408541
-69	-99	-20	-0.000175581818056	0.000312192010327	-0.000350358871422
-67	-99	-20	-0.000183024385815	0.000312429641387	-0.000356654981244
-65	-99	-20	-0.000189236524065	0.000312784489077	-0.000366957762455
-63	-99	-20	-0.00019427888862	0.000313228962363	-0.000380728024171
-61	-99	-20	-0.000198513267119	0.000313652596305	-0.00039653407402
-59	-99	-20	-0.000202525602027	0.000313888897352	-0.000412407093202
-57	-99	-20	-0.000206975597697	0.000313759102975	-0.00042638705333
-55	-99	-20	-0.000212420000025	0.000313119999995	-0.000437089999913
-53	-99	-20	-0.000219164268456	0.000311901666333	-0.000444116248501
-51	-99	-20	-0.000227187600602	0.000310123983881	-0.000448165865335
-49	-99	-20	-0.000236162745033	0.000307887074441	-0.00045081848709
-47	-99	-20	-0.000245562532022	0.000305338493059	-0.000454040592122
-45	-99	-20	-0.0002548189288	0.000302626749197	-0.000459570991236
-43	-99	-20	-0.000263485652809	0.000299854536572	-0.000468376227832
-41	-99	-20	-0.000271356098028	0.000297044898882	-0.000480348010768
-39	-99	-20	-0.000278503728977	0.000294129624525	-0.000494340155011
-37	-99	-20	-0.000285236852376	0.000290962742492	-0.000508535857526
-35	-99	-20	-0.000291985801073	0.000287355037314	-0.000521031093298
-33	-99	-20	-0.00029916000002	0.000283119999998	-0.000530449999908
-31	-99	-20	-0.000307019497855	0.000278119012392	-0.000536396056269
-29	-99	-20	-0.000315598765525	0.000272294321189	-0.000539593192928
-27	-99	-20	-0.000324702660884	0.000265682008172	-0.000541668379002
-25	-99	-20	-0.000333971488919	0.000258402486627	-0.000544641188245
-23	-99	-20	-0.000342991346689	0.000250631540124	-0.000550280186117
-21	-99	-20	-0.000351413650845	0.000242559230266	-0.000559530374083
-19	-99	-20	-0.000359047186507	0.000234346297438	-0.000572195639279
-17	-99	-20	-0.000365896682041	0.000226087741228	-0.000586980924172
-15	-99	-20	-0.000372139874718	0.000217791391802	-0.000601885264144
-13	-99	-20	-0.000378054340195	0.00020937606513	-0.000614824787653
-11	-99	-20	-0.000383920000015	0.000200690000002	-0.000624289999903
-9	-99	-20	-0.000389928973923	0.000191546304069	-0.000629828447557
-7	-99	-20	-0.000396130076267	0.000181768608793	-0.000632197090829
-5	-99	-20	-0.000402422732832	0.000171237547545	-0.000633132146945
-3	-99	-20	-0.00040859878347	0.000159927555864	-0.000634805381488
-1	-99	-20	-0.000414415817352	0.000147924358196	-0.000639136364961
1	-99	-20	-0.000419676869445	0.000135416666303	-0.000647177825459
3	-99	-20	-0.000424290873881	0.000122660933163	-0.00065877020374
5	-99	-20	-0.000428295866279	0.000109924679221	-0.000672577864161
7	-99	-20	-0.000431839720789	9.74204404972e-05	-0.000686499161431
9	-99	-20	-0.000435126905425	8.5246856016e-05	-0.00069832364813
11	-99	-20	-0.000438350000011	7.335400001e-05	-0.000706429999898
13	-99	-20	-0.000441628507674	6.15457436631e-05	-0.000710303460433
15	-99	-20	-0.000444973949891	4.95230351704e-05	-0.000710707041478
17	-99	-20	-0.000448290854436	3.69604299575e-05	-0.000709449315055
19	-99	-20	-0.000451411278488	2.35971694895e-05	-0.000708819293214
21	-99	-20	-0.000454149875804	9.31721349963e-06	-0.000710865145141
23	-99	-20	-0.000456360546047	-5.80723639967e-06	-0.000716744387189
25	-99	-20	-0.000457976111704	-2.15259853507e-05	-0.000726352096154
27	-99	-20	-0.00045901887508	-3.7477340034e-05	-0.000738346818974
29	-99	-20	-0.000459580033785	-5.32958249921e-05	-0.000750568340077
31	-99	-20	-0.00045977637396	-6.87312243096e-05	-0.000760716957888
33	-99	-20	-0.00045970000001	-8.37419999795e-05	-0.000767079999894
35	-99	-20	-0.000459378757695	-9.8530183402e-05	-0.000769074907391
37	-99	-20	-0.000458760929571	-0.000113499993293	-0.000767434983161
39	-99	-20	-0.000457729149692	-0.000129145041624	-0.00076397623364
41	-99	-20	-0.000456138206645	-0.000145892502884	-0.000761016307558
43	-99	-20	-0.000453862935905	-0.00016394946617	-0.000760627377315
45	-99	-20	-0.000450838628484	-0.000183200673974	-0.000763958662568
47	-99	-20	-0.000447078668714	-0.000203195376359	-0.000770843824763
49	-99	-20	-0.000442661828884	-0.000223236314604	-0.000779819845282
51	-99	-20	-0.000437692317275	-0.000242552670269	-0.000788555049141
53	-99	-20	-0.000432245732557	-0.000260510691452	-0.000794555326993
55	-99	-20	-0.000426320000013	-0.000276799999966	-0.000795929999893
57	-99	-20	-0.00041980985264	-0.000291536393651	-0.000791979896465
59	-99	-20	-0.000412516232914	-0.000305243845489	-0.000783426051107
61	-99	-20	-0.000404190166836	-0.000318713750017	-0.000772210288627
63	-99	-20	-0.00039459799833	-0.000332777856539	-0.000760933064157
65	-99	-20	-0.000383585785758	-0.000348060593908	-0.000752106782596
67	-99	-20	-0.000371118748391	-0.000364786586467	-0.000747458702061
69	-99	-20	-0.000357278383905	-0.000382705585563	-0.000747498811719
71	-99	-20	-0.00034221389592	-0.000401162676163	-0.000751480841724
73	-99	-20	-0.000326061830263	-0.000419296251937	-0.000757756649131
75	-99	-20	-0.000308862665786	-0.000436303819693	-0.000764396398082
77	-99	-20	-0.000290510000019	-0.000451689999959	-0.000769859999898
79	-99	-20	-0.000270763367271	-0.000465411340227	-0.000773487089695
81	-99	-20	-0.00024933950485	-0.00047786014927	-0.000775629569806
83	-99	-20	-0.000226072788122	-0.0004896772564	-0.000777364969002
85	-99	-20	-0.000201110404698	-0.000501437450626	-0.00077986494242
87	-99	-20	-0.000175089613663	-0.000513294878306	-0.000783608661291
89	-99	-20	-0.000149239787816	-0.000524694996693	-0.000787689554255
91	-99	-20	-0.000125363886391	-0.000534247983682	-0.000789447477454
93	-99	-20	-0.000105680640961	-0.000539818349236	-0.000784571744976
95	-99	-20	-9.25434371329e-05	-0.000538828153138	-0.000767689765664
97	-99	-20	-8.80851045698e-05	-0.000528713246495	-0.000733320385194
99	-99	-20	-9.386000004e-05	-0.000507429999947	-0.000676969999883
-99	-97	-20	-6.02597095835e-05	0.000296129762534	-0.000314543374927
-97	-97	-20	-4.63842755305e-05	0.000300126964543	-0.000358262547431
-95	-97	-20	-4.12164945468e-05	0.000303355242016	-0.000385031369528
-93	-97	-20	-4.32039447002e-05	0.000306020947121	-0.000398345344208
-91	-97	-20	-5.03569181572e-05	0.00030835112171	-0.000402471986701
-89	-97	-20	-6.06202999316e-05	0.000310539664716	-0.000401605883663
-87	-97	-20	-7.22151312757e-05	0.000312704880485	-0.000399134262422
-85	-97	-20	-8.38749898635e-05	0.000314869442122	-0.000397184009168
-83	-97	-20	-9.49320310095e-05	0.000316967846214	-0.000396542622393
-81	-97	-20	-0.000105248906069	0.000318878742626	-0.00039694051061
-79	-97	-20	-0.00011503380721	0.000320472332647	-0.00039758110252
-77	-97	-20	-0.000124604698423	0.000321658547077	-0.00039773878224
-75	-97	-20	-0.000134177299556	0.000322421409823	-0.000397233003548
-73	-97	-20	-0.000143737780337	0.000322829085397	-0.000396633691331
-71	-97	-20	-0.000153030311869	0.000323016457197	-0.000397143675989
-69	-97	-20	-0.000161651600476	0.000323145493736	-0.000400210077427
-67	-97	-20	-0.0001692111409	0.000323355552738	-0.000407004881473
-65	-97	-20	-0.000175497174291	0.000323718991343	-0.000417957529698
-63	-97	-20	-0.000180589350685	0.00032421595084	-0.000432505622418
-61	-97	-20	-0.000184878712902	0.00032473638412	-0.00044915902486
-59	-97	-20	-0.000188986963877	0.000325109058081	-0.000465870238066
-57	-97	-20	-0.000193609798513	0.000325148959871	-0.000480602577139
-55	-97	-20	-0.000199333045683	0.000324708832729	-0.000491920145196
-53	-97	-20	-0.000206478284294	0.000323719225934	-0.000499411966616
-51	-97	-20	-0.000215024538486	0.000322204868527	-0.000503811432248
-49	-97	-20	-0.000224628359071	0.000320272297448	-0.000506766582006
-47	-97	-20	-0.000234734095211	0.000318072289463	-0.00051032707406
-45	-97	-20	-0.000244739118791	0.000315748136642	-0.000516304827436
-43	-97	-20	-0.000254163411743	0.000313384934232	-0.00052570780719
-41	-97	-20	-0.00026277354997	0.00031097465651	-0.000538425950285
-39	-97	-20	-0.000270626889743	0.000308407115337	-0.000553270449747
-37	-97	-20	-0.000278027215537	0.000305489434416	-0.000568356566786
-35	-97	-20	-0.00028541003089	0.000301988694702	-0.00058171081906
-33	-97	-20	-0.00029319577827	0.000297686212793	-0.000591910701549
-31	-97	-20	-0.000301656762933	0.000292429148477	-0.000598552692857
-29	-97	-20	-0.000310836793403	0.000286166347134	-0.000602396893836
-27	-97	-20	-0.00032054435912	0.000278959889558	-0.000605138253321
-25	-97	-20	-0.000330416721737	0.000270970257537	-0.000608873124418
-23	-97	-20	-0.000340031050448	0.000262419495132	-0.000615428153618
-21	-97	-20	-0.000349026039216	0.000253541639461	-0.000625764616506
-19	-97	-20	-0.0003571966694	0.000244532028483	-0.000639649925916
-17	-97	-20	-0.000364535433514	0.000235506667201	-0.000655705162086
-15	-97	-20	-0.000371211444487	0.000226480116793	-0.000671818821437
-13	-97	-20	-0.000377498400818	0.000217366218193	-0.000685799988842
-11	-97	-20	-0.000383677270976	0.000208001301581	-0.000696066159559
-9	-97	-20	-0.000389945518991	0.000198185154801	-0.000702147311952
-7	-97	-20	-0.000396360453866	0.000187731512047	-0.00070484366192
-5	-97	-20	-0.000402831806779	0.000176517617782	-0.000705982814874
-3	-97	-20	-0.000409162301319	0.000164521896321	-0.00070784884725
-1	-97	-20	-0.000415120083705	0.000151840237951	-0.000712460987838
1	-97	-20	-0.000420517951265	0.000138675049572	-0.000720929298359
3	-97	-20	-0.000425273762905	0.000125296776542	-0.00073309264934
5	-97	-20	-0.000429433898333	0.000111984262893	-0.00074755665323
7	-97	-20	-0.000433154341114	9.8956637678e-05	-0.000762123298206
9	-97	-20	-0.000436647621754	8.63135638662e-05	-0.000774479532473
11	-97	-20	-0.000440114145763	7.40009457707e-05	-0.000782928613434
13	-97	-20	-0.000443680316846	6.18146082109e-05	-0.000786932581557
15	-97	-20	-0.00044736248077	4.94454095894e-05	-0.000787292260412
17	-97	-20	-0.00045106651565	3.65576525268e-05	-0.000785904881122
19	-97	-20	-0.000454621081854	2.28816771231e-05	-0.000785173068749
21	-97	-20	-0.00045783198364	8.29475203579e-06	-0.000787250155957
23	-97	-20	-0.000460539070716	-7.13532448309e-06	-0.000793360051958
25	-97	-20	-0.000462657324032	-2.31611259592e-05	-0.000803407817259
27	-97	-20	-0.00046418987875	-3.942326022e-05	-0.000816006152115
29	-97	-20	-0.00046521053023	-5.55594310787e-05	-0.000828911635713
31	-97	-20	-0.000465823441468	-7.13246145493e-05	-0.000839734254905
33	-97	-20	-0.000466115003495	-8.66850563984e-05	-0.000846695979798
35	-97	-20	-0.00046611481505	-0.000101852989032	-0.000849197074621
37	-97	-20	-0.000465779009216	-0.000117244350316	-0.000848008364407
39	-97	-20	-0.000465001012501	-0.000133364652002	-0.000845025378563
41	-97	-20	-0.00046364505556	-0.000150651866401	-0.000842659126409
43	-97	-20	-0.00046158966904	-0.000169322117603	-0.000843054265314
45	-97	-20	-0.000458764751589	-0.000189267825865	-0.000847381653926
47	-97	-20	-0.00045516789677	-0.000210046152134	-0.000855430594135
49	-97	-20	-0.000450852913022	-0.000230970406744	-0.00086563295913
51	-97	-20	-0.000445893508287	-0.000251285429981	-0.000875516069445
53	-97	-20	-0.00044033454271	-0.000270379513046	-0.000882446296495
55	-97	-20	-0.000434148729053	-0.000287969730228	-0.000884433605907
57	-97	-20	-0.0004272160018	-0.000304200789031	-0.000880747693559
59	-97	-20	-0.000419335778272	-0.000319620198908	-0.000872155269398
61	-97	-20	-0.000410270979611	-0.000335028917511	-0.00086070679696
63	-97	-20	-0.00039981063625	-0.000351245940947	-0.000849142002859
65	-97	-20	-0.000387829432466	-0.000368855063163	-0.00084010206955
67	-97	-20	-0.00037432110479	-0.000388011926704	-0.000835395069356
69	-97	-20	-0.000359389587173	-0.000408374932978	-0.000835541376315
71	-97	-20	-0.000343195805365	-0.000429187609247	-0.000839733904641
73	-97	-20	-0.000325875048749	-0.000449492823399	-0.000846213350105
75	-97	-20	-0.000307454293063	-0.000468415272917	-0.000852924034431
77	-97	-20	-0.000287805236453	-0.000485422288523	-0.000858224370245
79	-97	-20	-0.000266663660432	-0.000500473732917	-0.000861406714355
81	-97	-20	-0.000243728974886	-0.000514001049952	-0.000862840969223
83	-97	-20	-0.000218833268701	-0.000526705723302	-0.000863676361724
85	-97	-20	-0.000192143768295	-0.000539223920836	-0.000865178949822
87	-97	-20	-0.000164344378691	-0.00055174966694	-0.000867903901951
89	-97	-20	-0.000136737665619	-0.000563728970133	-0.000870963557369
91	-97	-20	-0.000111221262296	-0.000573724820014	-0.000871635372098
93	-97	-20	-9.0120256577e-05	-0.000579510570784	-0.00086546313638
95	-97	-20	-7.58928330127e-05	-0.00057838881092	-0.000846867820329
97	-97	-20	-7.07605324179e-05	-0.000567671772696	-0.000810142063699
99	-97	-20	-7.63371204763e-05	-0.000545215196006	-0.00075059619557
-99	-95	-20	-4.84488771305e-05	0.000306463706997	-0.000340768905558
-97	-95	-20	-3.43937896894e-05	0.000310898246073	-0.000385637184115
-95	-95	-20	-2.92752939193e-05	0.000314442725996	-0.000413260979629
-93	-95	-20	-3.15036167546e-05	0.000317331024621	-0.000427207093411
-91	-95	-20	-3.90384094248e-05	0.000319822124707	-0.00043182566613
-89	-95	-20	-4.97688915465e-05	0.000322139244108	-0.000431387704733
-87	-95	-20	-6.18634893225e-05	0.000324421542758	-0.000429336247645
-85	-95	-20	-7.40124613842e-05	0.000326700879669	-0.000427825673203
-83	-95	-20	-8.55172895804e-05	0.000328909431797	-0.000427643364421
-81	-95	-20	-9.62228091179e-05	0.000330915365596	-0.000428500470402
-79	-95	-20	-0.000106329920871	0.000332575678144	-0.00042957531658
-77	-95	-20	-0.000116156144014	0.000333790270264	-0.000430125154839
-75	-95	-20	-0.000125919983436	0.000334540923553	-0.000429970181357
-73	-95	-20	-0.000135611251064	0.000334903379574	-0.000429701767649
-71	-95	-20	-0.000144978102962	0.000335028888067	-0.000430559756793
-69	-95	-20	-0.000153622814016	0.000335100953953	-0.000434032429472
-67	-95	-20	-0.000161164286083	0.000335280692275	-0.000441323153537
-65	-95	-20	-0.000167406169905	0.000335657790827	-0.000452871217308
-63	-95	-20	-0.000172450507659	0.00033622242003	-0.000468097040978
-61	-95	-20	-0.000176716791197	0.000336866987473	-0.000485469224176
-59	-95	-20	-0.000180858278873	0.000337417382471	-0.000502885776497
-57	-95	-20	-0.000185600875279	0.000337684161265	-0.000518257964491
-55	-95	-20	-0.000191554328243	0.000337517850774	-0.00053011598754
-53	-95	-20	-0.000199053604634	0.000336851158541	-0.000538043895038
-51	-95	-20	-0.000208078095502	0.000335714807639	-0.000542801361218
-49	-95	-20	-0.000218271568443	0.000334221750924	-0.000546086900421
-47	-95	-20	-0.000229054701357	0.000332524175556	-0.000550010398466
-45	-95	-20	-0.000239794430727	0.000330756022315	-0.000556436370263
-43	-95	-20	-0.000249978602409	0.000328978198932	-0.000566402870812
-41	-95	-20	-0.000259344893895	0.000327142966569	-0.000579799815345
-39	-95	-20	-0.000267928863535	0.000325088420503	-0.000595410425687
-37	-95	-20	-0.000276021745259	0.000322565323757	-0.000611305342397
-35	-95	-20	-0.000284055936072	0.000319289409743	-0.000625466609302
-33	-95	-20	-0.000292456626918	0.000315005307058	-0.000636444134356
-31	-95	-20	-0.00030150582944	0.000309545347297	-0.000643834674141
-29	-95	-20	-0.000311258473966	0.000302868295607	-0.000648427698202
-27	-95	-20	-0.000321532112949	0.00029506871672	-0.000651967187279
-25	-95	-20	-0.000331968252865	0.000286355444713	-0.000656600717992
-23	-95	-20	-0.000342141931682	0.000277005245155	-0.000664188248203
-21	-95	-20	-0.000351683240524	0.000267303303435	-0.000675690285885
-19	-95	-20	-0.000360373448704	0.000257484491825	-0.000690832805903
-17	-95	-20	-0.000368188771984	0.000247688295491	-0.000708160601613
-15	-95	-20	-0.000375282696561	0.000237936502166	-0.000725468262068
-13	-95	-20	-0.000381917165779	0.000228137462516	-0.00074047728446
-11	-95	-20	-0.000388367807575	0.000218115165654	-0.000751547506218
-9	-95	-20	-0.000394834470765	0.000207656567087	-0.000758197212691
-7	-95	-20	-0.000401384371704	0.000196567213007	-0.000761264184922
-5	-95	-20	-0.000407943032976	0.0001847235715	-0.000762652011807
-3	-95	-20	-0.000414332212511	0.000172110769524	-0.000764737131844
-1	-95	-20	-0.000420339374677	0.000158836707083	-0.000769620729902
1	-95	-20	-0.00042579439283	0.000145117704307	-0.000778460930627
3	-95	-20	-0.000430628468629	0.000131236573151	-0.000791097736427
5	-95	-20	-0.000434897403968	0.000117480472547	-0.000806092388952
7	-95	-20	-0.000438763648857	0.000104071771605	-0.000821172484423
9	-95	-20	-0.000442444830357	9.11087505271e-05	-0.00083394533051
11	-95	-20	-0.000446146544673	7.85327729209e-05	-0.000842655699265
13	-95	-20	-0.000450001115792	6.61337402497e-05	-0.00084674815781
15	-95	-20	-0.000454030928027	5.35966090154e-05	-0.000847054244957
17	-95	-20	-0.000458146201504	4.058039426e-05	-0.000845542438744
19	-95	-20	-0.000462175757506	2.68104626892e-05	-0.0008447071657
21	-95	-20	-0.000465919111705	1.21584947528e-05	-0.000846788206138
23	-95	-20	-0.00046920228685	-3.31498671272e-06	-0.000853066959595
25	-95	-20	-0.000471919697969	-1.93722141717e-05	-0.000863463175612
27	-95	-20	-0.000474050033302	-3.56657905909e-05	-0.000876561637022
29	-95	-20	-0.000475643174038	-5.18468708912e-05	-0.00089006234572
31	-95	-20	-0.000476784770902	-6.76838454841e-05	-0.000901512964184
33	-95	-20	-0.000477552014078	-8.31546954492e-05	-0.000909091507156
35	-95	-20	-0.000477976251644	-9.848048174e-05	-0.000912189735126
37	-95	-20	-0.000478024907631	-0.000114082748077	-0.000911609453316
39	-95	-20	-0.000477607846686	-0.000130470266347	-0.000909305859357
41	-95	-20	-0.000476604471365	-0.000148083967887	-0.000907755836927
43	-95	-20	-0.000474900447392	-0.000167145500361	-0.000909149115307
45	-95	-20	-0.000472419558607	-0.000187558447588	-0.000914658235089
47	-95	-20	-0.000469137995601	-0.000208899292465	-0.000924020493613
49	-95	-20	-0.000465074838308	-0.000230510002093	-0.00093556826462
51	-95	-20	-0.000460261457758	-0.000251672585305	-0.000946703595797
53	-95	-20	-0.000454700945955	-0.00027181780155	-0.00095467308355
55	-95	-20	-0.000448333442795	-0.000290704895317	-0.000957403981046
57	-95	-20	-0.000441022398175	-0.000308512953598	-0.000954142497786
59	-95	-20	-0.000432570233662	-0.000325807701412	-0.000945696760791
61	-95	-20	-0.000422761409215	-0.000343384372752	-0.000934210561825
63	-95	-20	-0.000411419969083	-0.000362026875274	-0.000922540714891
65	-95	-20	-0.000398461189026	-0.000382253167394	-0.00091343415569
67	-95	-20	-0.000383916165055	-0.000404126169795	-0.000908761789968
69	-95	-20	-0.000367915311543	-0.000427194041212	-0.000909045298898
71	-95	-20	-0.000350630389126	-0.000450586425302	-0.000913417309022
73	-95	-20	-0.000332190980568	-0.000473244776729	-0.000920015009855
75	-95	-20	-0.00031260489139	-0.000494219944009	-0.000926667082265
77	-95	-20	-0.000291717515245	-0.000512943518459	-0.000931638331556
79	-95	-20	-0.000269239453733	-0.000529380821935	-0.000934176240274
81	-95	-20	-0.000244854636341	-0.000544004189871	-0.000934665553414
83	-95	-20	-0.000218396664274	-0.000557577503882	-0.000934321892368
85	-95	-20	-0.000190055950696	-0.000570801596001	-0.000934504346344
87	-95	-20	-0.000160562446466	-0.00058391730642	-0.0009358535486
89	-95	-20	-0.000131284972488	-0.000596383588021	-0.000937526490821
91	-95	-20	-0.000104201394561	-0.000606734764243	-0.000936782139837
93	-95	-20	-8.17220185808e-05	-0.000612676717907	-0.000929078012301
95	-95	-20	-6.63847816007e-05	-0.000611418772817	-0.00090869576873
97	-95	-20	-6.04752070168e-05	-0.000600174425297	-0.000869766152341
99	-95	-20	-6.56467722183e-05	-0.000576718129349	-0.000807453307476
-99	-93	-20	-4.20195975357e-05	0.000317991781758	-0.000354097559404
-97	-93	-20	-2.79497500205e-05	0.000322908583778	-0.00039970874987
-95	-93	-20	-2.29642600385e-05	0.000326798629911	-0.000427971931795
-93	-93	-20	-2.5451173126e-05	0.000329926628569	-0.00044248825776
-91	-93	-20	-3.33384183963e-05	0.000332587474158	-0.000447644429031
-89	-93	-20	-4.44784642154e-05	0.000335037526323	-0.00044774156666
-87	-93	-20	-5.70026758333e-05	0.000337439779466	-0.000446239870705
-85	-93	-20	-6.95679902109e-05	0.000339837000604	-0.000445295346723
-83	-93	-20	-8.1449061165e-05	0.000342159471432	-0.000445683524967
-81	-93	-20	-9.24716140279e-05	0.000344264318174	-0.000447096285665
-79	-93	-20	-0.000102825023746	0.00034599435677	-0.000448693495217
-77	-93	-20	-0.000112821853108	0.000347238689345	-0.000449722584269
-75	-93	-20	-0.000122680932781	0.000347976802306	-0.000450007484479
-73	-93	-20	-0.000132396657855	0.000348292922594	-0.000450157196764
-71	-93	-20	-0.000141725566152	0.000348356466145	-0.000451438573789
-69	-93	-20	-0.000150282215985	0.000348374830736	-0.000455368202955
-67	-93	-20	-0.000157702074528	0.000348533334925	-0.000463169895112
-65	-93	-20	-0.000163809846837	0.000348941104574	-0.000475288235772
-63	-93	-20	-0.000168732699314	0.0003495998656	-0.00049113088545
-61	-93	-20	-0.000172917975783	0.000350405442853	-0.000509138292101
-59	-93	-20	-0.000177047216012	0.000351181494083	-0.000527172633852
-57	-93	-20	-0.000181872038464	0.000351734826055	-0.000543112255695
-55	-93	-20	-0.000188022132227	0.000351914743078	-0.000555467627092
-53	-93	-20	-0.00019584382328	0.000351657448091	-0.000563823011637
-51	-93	-20	-0.000205317436737	0.000351001028676	-0.00056895924091
-49	-93	-20	-0.000216076781395	0.000350065631533	-0.000572611701254
-47	-93	-20	-0.000227522751707	0.000349004252345	-0.000576932902754
-45	-93	-20	-0.000238995167263	0.000347938798103	-0.000583824090353
-43	-93	-20	-0.000249950977945	0.000346900880595	-0.000594344497129
-41	-93	-20	-0.000260097261915	0.000345795726267	-0.000608385118063
-39	-93	-20	-0.000269443233281	0.000344401009887	-0.000624712252061
-37	-93	-20	-0.00027826123524	0.000342402376099	-0.000641369726322
-35	-93	-20	-0.000286974113938	0.00033945694122	-0.000656314346525
-33	-93	-20	-0.000296007055739	0.000335268241503	-0.000668083270171
-31	-93	-20	-0.000305650040733	0.000329653087102	-0.000676279442231
-29	-93	-20	-0.000315970814376	0.000322583251445	-0.00068171684476
-27	-93	-20	-0.000326800471538	0.000314191906748	-0.000686174257724
-25	-93	-20	-0.000337790504059	0.000304744015864	-0.000691831029816
-23	-93	-20	-0.000348518878476	0.000294578838604	-0.000700561369018
-21	-93	-20	-0.000358609703971	0.000284038984103	-0.000713311654923
-19	-93	-20	-0.000367829696264	0.00027340269359	-0.000729762145706
-17	-93	-20	-0.000376134529614	0.000262834153402	-0.000748386604186
-15	-93	-20	-0.000383655479909	0.000252361572531	-0.000766897965262
-13	-93	-20	-0.000390635677782	0.000241886090766	-0.000782944741345
-11	-93	-20	-0.000397339913656	0.000231217968441	-0.000794840844745
-9	-93	-20	-0.000403968103332	0.000220131245897	-0.000802097632179
-7	-93	-20	-0.000410598960757	0.000208424890384	-0.000805586580826
-5	-93	-20	-0.00041717893957	0.000195977590689	-0.000807276041359
-3	-93	-20	-0.000423556209475	0.000182784696719	-0.000809620022718
-1	-93	-20	-0.000429545322385	0.000168969057838	-0.000814788337229
1	-93	-20	-0.000434999576279	0.000154762329485	-0.000823979935864
3	-93	-20	-0.000439867199468	0.000140459177275	-0.000837037510685
5	-93	-20	-0.000444214098361	0.000126352905056	-0.000852488159729
7	-93	-20	-0.000448207480112	0.000112666200284	-0.000868001044638
9	-93	-20	-0.000452067261663	9.94935205082e-05	-0.000881120692317
11	-93	-20	-0.00045600183204	8.67708541723e-05	-0.00089004598055
13	-93	-20	-0.000460148640538	7.42835315261e-05	-0.000894208483026
15	-93	-20	-0.000464537396912	6.17139091032e-05	-0.000894465571361
17	-93	-20	-0.000469085645398	4.87199008738e-05	-0.000892844511161
19	-93	-20	-0.000473625943115	3.50253578832e-05	-0.000891915794232
21	-93	-20	-0.000477954266096	2.04974399357e-05	-0.000893992117827
23	-93	-20	-0.000481883512704	5.18693158737e-06	-0.00090040598414
25	-93	-20	-0.000485285622363	-1.06842188874e-05	-0.000911095401244
27	-93	-20	-0.000488110643196	-2.67894887464e-05	-0.000924630520914
29	-93	-20	-0.000490379223788	-4.28031481644e-05	-0.000938674489835
31	-93	-20	-0.000492153686921	-5.85150857817e-05	-0.000950733441082
33	-93	-20	-0.000493499261769	-7.39194403865e-05	-0.000958957466085
35	-93	-20	-0.000494449264417	-8.92457578979e-05	-0.000962736541182
37	-93	-20	-0.000494985524759	-0.000104916395103	-0.000962898960517
39	-93	-20	-0.000495039206627	-0.000121435915608	-0.000961445191768
41	-93	-20	-0.000494509567105	-0.00013924087978	-0.000960897768231
43	-93	-20	-0.000493291785542	-0.000158554350942	-0.000963471035422
45	-93	-20	-0.00049130196209	-0.000179292632754	-0.000970323942796
47	-93	-20	-0.00048848878558	-0.000201059768931	-0.000981135318925
49	-93	-20	-0.00048482673891	-0.00022324048848	-0.000994141199466
51	-93	-20	-0.000480293199355	-0.000245171387677	-0.00100662901412
53	-93	-20	-0.000474838741294	-0.000266342734423	-0.00101573941535
55	-93	-20	-0.00046836374745	-0.000286568704848	-0.00101932885334
57	-93	-20	-0.000460713410171	-0.000306068144562	-0.00101662575235
59	-93	-20	-0.000451697270895	-0.000325421473358	-0.0010084769505
61	-93	-20	-0.000441130277357	-0.000345406202518	-0.000997108917824
63	-93	-20	-0.000428882971222	-0.000366752862726	-0.000985479801701
65	-93	-20	-0.000414922356297	-0.000389892324329	-0.00097642562592
67	-93	-20	-0.000399325046423	-0.000414774142509	-0.000971866691318
69	-93	-20	-0.000382251487258	-0.000440819138051	-0.000972318535372
71	-93	-20	-0.000363883027802	-0.000467031208283	-0.000976852614417
73	-93	-20	-0.000344338737599	-0.000492243990213	-0.00098350667393
75	-93	-20	-0.000323601092344	-0.000515432543769	-0.000989999687385
77	-93	-20	-0.000301484086626	-0.000535993603644	-0.000994507410023
79	-93	-20	-0.000277670920621	-0.000553900060044	-0.000996233574733
81	-93	-20	-0.000251831269255	-0.000569667515448	-0.000995575580047
83	-93	-20	-0.000223804032396	-0.000584124865888	-0.000993812482737
85	-93	-20	-0.000193807053455	-0.00059804130148	-0.000992397031462
87	-93	-20	-0.000162618356087	-0.000611710542555	-0.000992064393408
89	-93	-20	-0.000131670435612	-0.000624614079021	-0.00099203743187
91	-93	-20	-0.000103012894635	-0.000635271134403	-0.000989591097258
93	-93	-20	-7.91271308468e-05	-0.000641337020325	-0.000980142037748
95	-93	-20	-6.26130161e-05	-0.000639946261674	-0.000957883299277
97	-93	-20	-5.58017392368e-05	-0.000628231056919	-0.000916831785894
99	-93	-20	-6.0371369426e-05	-0.000603898131134	-0.000852042368831
-99	-91	-20	-3.91856308701e-05	0.00033078768808	-0.000358654090344
-97	-91	-20	-2.52116340725e-05	0.000336240203799	-0.000404739319382
-95	-91	-20	-2.04156903909e-05	0.000340514446825	-0.000433504835771
-93	-91	-20	-2.31738227498e-05	0.000343909434893	-0.00044856095678
-91	-91	-20	-3.13949070741e-05	0.00034676005122	-0.000454299407232
-89	-91	-20	-4.29073366029e-05	0.000349359623239	-0.000455019588721
-87	-91	-20	-5.58158631331e-05	0.000351897849133	-0.00045417214678
-85	-91	-20	-6.87508588508e-05	0.000354429928069	-0.000453896667689
-83	-91	-20	-8.09628216089e-05	0.000356884439866	-0.000454948443434
-81	-91	-20	-9.22576296717e-05	0.000359106722262	-0.000456999804807
-79	-91	-20	-0.000102810446407	0.00036092434868	-0.000459196588725
-77	-91	-20	-0.00011292600785	0.000362214913104	-0.000460781491438
-75	-91	-20	-0.000122821947386	0.000362955742017	-0.000461584505048
-73	-91	-20	-0.000132497938355	0.000363240698181	-0.000462230050701
-71	-91	-20	-0.00014172182038	0.000363259333427	-0.00046400556036
-69	-91	-20	-0.000150124795916	0.000363245241331	-0.000468447424293
-67	-91	-20	-0.000157363436056	0.000363409976337	-0.00047679246356
-65	-91	-20	-0.000163286918995	0.000363883354707	-0.000489487200024
-63	-91	-20	-0.000168048932062	0.000364678896163	-0.000505929032274
-61	-91	-20	-0.000172123820302	0.000365695196024	-0.000524538530228
-59	-91	-20	-0.000176218808032	0.000366752600336	-0.000543154106121
-57	-91	-20	-0.000181107922979	0.000367653267964	-0.000559633753706
-55	-91	-20	-0.000187437998683	0.000368245111987	-0.00057247772949
-53	-91	-20	-0.000195565415239	0.000368468648109	-0.000581274279277
-51	-91	-20	-0.000205472048084	0.000368370955589	-0.000586822447417
-49	-91	-20	-0.000216784025969	0.000368081203706	-0.000590885929084
-47	-91	-20	-0.000228885550938	0.000367754341037	-0.000595648504048
-45	-91	-20	-0.000241092080266	0.000367499807878	-0.000603037687776
-43	-91	-20	-0.000252831029989	0.000367317317575	-0.000614127724621
-41	-91	-20	-0.00026377824594	0.000367060244054	-0.000628810863493
-39	-91	-20	-0.000273914031357	0.000366439407515	-0.000645843055516
-37	-91	-20	-0.000283488054871	0.000365068432857	-0.000663252344922
-35	-91	-20	-0.000292909753776	0.000362539875195	-0.000678982441611
-33	-91	-20	-0.000302601572282	0.000358512510183	-0.000691567306565
-31	-91	-20	-0.000312860687188	0.000352787068703	-0.000700620126173
-29	-91	-20	-0.000323769053877	0.000345350977615	-0.000706976713638
-27	-91	-20	-0.000335174335808	0.000336381162384	-0.00071244203914
-25	-91	-20	-0.000346741544293	0.000326205041147	-0.000719215257735
-23	-91	-20	-0.000358054249383	0.000315230299875	-0.000729173020765
-21	-91	-20	-0.000368731218948	0.000303861120415	-0.000743239292105
-19	-91	-20	-0.000378522627336	0.000292420668139	-0.000761046018352
-17	-91	-20	-0.000387359195786	0.000281096778155	-0.000780999372311
-15	-91	-20	-0.000395344131123	0.000269921184302	-0.000800738566049
-13	-91	-20	-0.000402695925628	0.000258784362436	-0.000817848653195
-11	-91	-20	-0.00040966429424	0.000247480236222	-0.000830605444962
-9	-91	-20	-0.000416447738245	0.000235769246674	-0.000838516853309
-7	-91	-20	-0.000423138179333	0.000223445447758	-0.000842486045754
-5	-91	-20	-0.000429707477633	0.000210393420232	-0.000844539319983
-3	-91	-20	-0.000436036299479	0.000196623428953	-0.00084719889385
-1	-91	-20	-0.000441972443669	0.000182277694096	-0.000852694390509
1	-91	-20	-0.000447397411949	0.00016760618951	-0.000862260227014
3	-91	-20	-0.000452278908952	0.000152916320151	-0.000875741670771
5	-91	-20	-0.000456692881415	0.000138506385993	-0.000891636902082
7	-91	-20	-0.000460809311809	0.000124596963662	-0.000907565589143
9	-91	-20	-0.00046484765556	0.000111276155185	-0.00092101932048
11	-91	-20	-0.000469016877248	9.84731162011e-05	-0.000930158732198
13	-91	-20	-0.000473458893464	8.59689701362e-05	-0.000934405500056
15	-91	-20	-0.000478212055532	7.34456737839e-05	-0.000934640492593
17	-91	-20	-0.000483204204258	6.05632974102e-05	-0.000932942906193
19	-91	-20	-0.00048827533587	4.70471338214e-05	-0.000931950336329
21	-91	-20	-0.000493221117501	3.27609744425e-05	-0.000934040490421
23	-91	-20	-0.00049784302466	1.77440736449e-05	-0.000940593020606
25	-91	-20	-0.000501990160095	2.19748312084e-06	-0.000951565905198
27	-91	-20	-0.000505581697747	-1.35808547649e-05	-0.000965522002478
29	-91	-20	-0.000508605809365	-2.92971181722e-05	-0.000980098764639
31	-91	-20	-0.000511098481197	-4.47705545997e-05	-0.000992772746411
33	-91	-20	-0.000513111396467	-6.00164859682e-05	-0.00100167551007
35	-91	-20	-0.000514680361278	-7.52739436122e-05	-0.00100619943471
37	-91	-20	-0.000515804118744	-9.09630106788e-05	-0.00100719712281
39	-91	-20	-0.000516438656274	-0.000107578025005	-0.00100670642677
41	-91	-20	-0.000516506060159	-0.00012554432592	-0.00100728420029
43	-91	-20	-0.000515911758454	-0.00014508117383	-0.00101115778703
45	-91	-20	-0.000514561411205	-0.000166116123267	-0.00101946372785
47	-91	-20	-0.000512369612347	-0.000188284193373	-0.00103181847503
49	-91	-20	-0.000509256597119	-0.000211020950377	-0.00104636326535
51	-91	-20	-0.000505134824595	-0.000233728741371	-0.00106027676414
53	-91	-20	-0.000499892500236	-0.000255969059988	-0.001070601459
55	-91	-20	-0.000493383739002	-0.000277620447303	-0.00107512983424
57	-91	-20	-0.00048543383867	-0.000298946252249	-0.00107307596801
59	-91	-20	-0.00047586302804	-0.000320540280903	-0.00106532412881
61	-91	-20	-0.000464524514241	-0.000343154946342	-0.0010541776133
63	-91	-20	-0.000451345237821	-0.000367455238368	-0.00104268696058
65	-91	-20	-0.00043635338912	-0.000393770167173	-0.00103376751466
67	-91	-20	-0.000419677768622	-0.00042192103165	-0.00102938065761
69	-91	-20	-0.000401511269207	-0.000451188489559	-0.00103003049496
71	-91	-20	-0.000382042803593	-0.000480441348171	-0.00103472546874
73	-91	-20	-0.000361375559808	-0.000508400012264	-0.00104140472428
75	-91	-20	-0.000339459979353	-0.000533961839905	-0.00104767953111
77	-91	-20	-0.000316072895345	-0.0005564893151	-0.00105163814247
79	-91	-20	-0.00029086712548	-0.000575964912239	-0.00105244066512
81	-91	-20	-0.000263498729336	-0.000592950079256	-0.0010504960482
83	-91	-20	-0.000233815757149	-0.00060834151652	-0.00104714593757
85	-91	-20	-0.000202069031088	-0.000622979939977	-0.00104393856684
87	-91	-20	-0.000169089744835	-0.000637216001488	-0.00104171074514
89	-91	-20	-0.000136376596933	-0.000650559207361	-0.00103976549768
91	-91	-20	-0.000106049451241	-0.000661520857139	-0.00103541562306
93	-91	-20	-8.06550090017e-05	-0.000667714336053	-0.00102406479244
95	-91	-20	-6.28459137732e-05	-0.000666208704659	-0.000999847956793
97	-91	-20	-5.49884338641e-05	-0.000654063683822	-0.000956696687952
99	-91	-20	-5.87756837376e-05	-0.000628925213714	-0.000889578175263
-99	-89	-20	-3.81863937302e-05	0.000344807181499	-0.000358492791296
-97	-89	-20	-2.43614656316e-05	0.000350853896862	-0.000404913695489
-95	-89	-20	-1.97798575561e-05	0.00035555858063	-0.000434115943105
-93	-89	-20	-2.28108886639e-05	0.000359257899237	-0.000449705453738
-91	-89	-20	-3.13511040813e-05	0.000362330520889	-0.000456061888878
-89	-89	-20	-4.32116789289e-05	0.000365110193655	-0.000457465593338
-87	-89	-20	-5.64765971367e-05	0.000367815790649	-0.000457343021173
-85	-89	-20	-6.97537327885e-05	0.000370516118668	-0.0004578073696
-83	-89	-20	-8.22714752118e-05	0.000373138018083	-0.000459588987343
-81	-89	-20	-9.38161724726e-05	0.000375514223347	-0.000462340437112
-79	-89	-20	-0.000104548038356	0.000377456112448	-0.000465196004206
-77	-89	-20	-0.00011476301164	0.000378829309121	-0.000467396643747
-75	-89	-20	-0.000124677029697	0.000379609415416	-0.000468780031009
-73	-89	-20	-0.000134295393938	0.000379901304799	-0.000469985216687
-71	-89	-20	-0.000143398400493	0.000379916630712	-0.00047231705975
-69	-89	-20	-0.000151635438922	0.000379917105302	-0.000477327278682
-67	-89	-20	-0.00015868549332	0.000380141686253	-0.000486261517194
-65	-89	-20	-0.000164422693128	0.000380740745788	-0.000499565929037
-63	-89	-20	-0.000169026539334	0.000381737984825	-0.000516628252899
-61	-89	-20	-0.000172996508775	0.000383031965348	-0.000535852782782
-59	-89	-20	-0.000177062889048	0.000384436422601	-0.000555059885549
-57	-89	-20	-0.00018201942381	0.000385745984766	-0.000572093459452
-55	-89	-20	-0.000188528068754	0.000386805557701	-0.00058544855451
-53	-89	-20	-0.000196954485501	0.000387560134837	-0.000594719733018
-51	-89	-20	-0.000207282814748	0.000388067727044	-0.000600723298139
-49	-89	-20	-0.000219133535563	0.00038846968732	-0.000605247390038
-47	-89	-20	-0.000231876980975	0.000388926344087	-0.000610501530516
-45	-89	-20	-0.000244807157633	0.000389537288815	-0.000618434031046
-43	-89	-20	-0.00025732428198	0.000390271285088	-0.00063013037521
-41	-89	-20	-0.000269074300377	0.00039092877002	-0.000645483069446
-39	-89	-20	-0.000280008872678	0.000391150860039	-0.00066323967402
-37	-89	-20	-0.000290354486685	0.000390475385195	-0.000681416610102
-35	-89	-20	-0.000300506412682	0.000388426801355	-0.000697949436002
-33	-89	-20	-0.000310883890469	0.000384616947285	-0.000711373022972
-31	-89	-20	-0.000321791486099	0.000378830380214	-0.000721312764571
-29	-89	-20	-0.000333326230721	0.000371072230599	-0.000728625555848
-27	-89	-20	-0.000345353539598	0.000361566723583	-0.000735139422213
-25	-89	-20	-0.000357552814331	0.000350707587875	-0.000743068921989
-23	-89	-20	-0.000369513090871	0.00033897372538	-0.000754289020432
-21	-89	-20	-0.000380846137463	0.000326831481526	-0.000769698881062
-19	-89	-20	-0.000391282290303	0.000314646816893	-0.000788882431171
-17	-89	-20	-0.00040072275708	0.000302626654223	-0.000810181320241
-15	-89	-20	-0.000409237663747	0.000290800308035	-0.000831166108858
-13	-89	-20	-0.000417016451123	0.000279041791055	-0.000849364067583
-11	-89	-20	-0.000424290941013	0.000267124605878	-0.000863017584251
-9	-89	-20	-0.00043125764716	0.000254794376496	-0.000871633485872
-7	-89	-20	-0.000438023466112	0.000241842285501	-0.000876146025074
-5	-89	-20	-0.00044458926428	0.000228163624795	-0.000878636080383
-3	-89	-20	-0.000450872655298	0.000213789959189	-0.000881688924087
-1	-89	-20	-0.00045675880345	0.000198889253933	-0.000887588477322
1	-89	-20	-0.000462160154621	0.000183734692474	-0.000897600201546
3	-89	-20	-0.000467064643497	0.000168648887733	-0.000911569651545
5	-89	-20	-0.000471557025409	0.000153935029854	-0.000927966285376
7	-89	-20	-0.000475807441072	0.000139809541835	-0.00094436255003
9	-89	-20	-0.000480031890882	0.000126351369579	-0.000958200450203
11	-89	-20	-0.000484437651759	0.000113480579734	-0.000967605573963
13	-89	-20	-0.00048917044412	0.000100973350216	-0.00097199163728
15	-89	-20	-0.000494278574257	8.85123207105e-05	-0.000972263072822
17	-89	-20	-0.000499703258087	7.57621396331e-05	-0.00097054923228
19	-89	-20	-0.000505296064223	6.24521815106e-05	-0.000969551823793
21	-89	-20	-0.000510856574873	4.84443336684e-05	-0.00097171035398
23	-89	-20	-0.000516178258006	3.37654131451e-05	-0.000978449222481
25	-89	-20	-0.000521089437846	1.85917238226e-05	-0.000989745514886
27	-89	-20	-0.000525479076281	3.18612464431e-06	-0.00100415568442
29	-89	-20	-0.0005293025826	-1.21974911535e-05	-0.00101929377469
31	-89	-20	-0.000532569110811	-2.74155787484e-05	-0.00103260966156
33	-89	-20	-0.000535316811836	-4.25105430361e-05	-0.00104221894612
35	-89	-20	-0.000537584893204	-5.77334941572e-05	-0.00104751785198
37	-89	-20	-0.0005393906709	-7.35009850683e-05	-0.00104938321556
39	-89	-20	-0.00054071665575	-9.02924539777e-05	-0.00104988881458
41	-89	-20	-0.000541508423839	-0.00010851521882	-0.00105162357839
43	-89	-20	-0.000541680169961	-0.000128377598125	-0.00105682568311
45	-89	-20	-0.000541122764809	-0.000149812709333	-0.00106660802
47	-89	-20	-0.000539709470726	-0.000172483617986	-0.00108052490055
49	-89	-20	-0.00053729696862	-0.000195877050207	-0.00109662455489
51	-89	-20	-0.000533722956228	-0.000219464261316	-0.00111197981323
53	-89	-20	-0.000528804779883	-0.000242882795641	-0.00112353827159
55	-89	-20	-0.000522344890233	-0.000266080488961	-0.00112903113883
57	-89	-20	-0.000514147476878	-0.000289368708267	-0.00112765946758
59	-89	-20	-0.000504046516776	-0.00031335566349	-0.00112034448419
61	-89	-20	-0.000491939829276	-0.000338766791706	-0.00110946409278
63	-89	-20	-0.000477818572874	-0.000366197098043	-0.00109815773571
65	-89	-20	-0.000461779220537	-0.000395867629216	-0.001089416062
67	-89	-20	-0.000444007175309	-0.000427464865483	-0.00108523776645
69	-89	-20	-0.000424728326334	-0.000460123450639	-0.00108611258087
71	-89	-20	-0.000404135740085	-0.000492572829271	-0.00109098406149
73	-89	-20	-0.000382310371495	-0.000523417885562	-0.00109769184199
75	-89	-20	-0.00035916316483	-0.000551477899603	-0.00110373918143
77	-89	-20	-0.000334427341101	-0.000576082196487	-0.00110712672496
79	-89	-20	-0.000307721726813	-0.000597224757311	-0.00110697080401
81	-89	-20	-0.000278689046985	-0.00061551499191	-0.00110369179529
83	-89	-20	-0.000247190685468	-0.000631919231784	-0.00109869425284
85	-89	-20	-0.000213517550431	-0.000647351005605	-0.00109362331765
87	-89	-20	-0.000178562378344	-0.000662218627696	-0.0010894206592
89	-89	-20	-0.000143897847506	-0.000676059951974	-0.00108547494266
91	-89	-20	-0.000111719697009	-0.000687378520141	-0.00107914455949
93	-89	-20	-8.46424938144e-05	-0.000693746012243	-0.00106582964814
95	-89	-20	-6.53711214215e-05	-0.000692166440242	-0.00103961710348
97	-89	-20	-5.63040387337e-05	-0.000679627689626	-0.000994362346376
99	-89	-20	-5.91454112611e-05	-0.000653715720153	-0.000924951706245
-99	-87	-20	-3.75856268508e-05	0.000359886017983	-0.00035689080674
-97	-87	-20	-2.39105997116e-05	0.000366586699796	-0.00040360871241
-95	-87	-20	-1.95351188019e-05	0.000371773738744	-0.000433232379173
-93	-87	-20	-2.28233147005e-05	0.00037582433642	-0.000449359251336
-91	-87	-20	-3.16615831754e-05	0.000379164078266	-0.000456351749111
-89	-87	-20	-4.38464687873e-05	0.000382169847204	-0.000458465902936
-87	-87	-20	-5.74439050443e-05	0.000385091493428	-0.000459099570624
-85	-87	-20	-7.10418720632e-05	0.0003880121315	-0.000460336646193
-83	-87	-20	-8.38489633237e-05	0.000390856622304	-0.000462881328373
-81	-87	-20	-9.5633912314e-05	0.000393444370288	-0.000466366694567
-79	-87	-20	-0.000106543452428	0.000395569933754	-0.000469916697145
-77	-87	-20	-0.000116865723157	0.000397086960826	-0.000472771995618
-75	-87	-20	-0.000126815459059	0.000397970189691	-0.000474778963714
-73	-87	-20	-0.00013640351491	0.000398337089329	-0.000476591437468
-71	-87	-20	-0.000145421910024	0.000398423197237	-0.000479530894911
-69	-87	-20	-0.000153536737855	0.000398519548842	-0.000485162828589
-67	-87	-20	-0.000160447116174	0.000398892343744	-0.000494739849076
-65	-87	-20	-0.000166049098644	0.000399710448753	-0.000508706104281
-63	-87	-20	-0.00017054440446	0.000401003720137	-0.000526438687214
-61	-87	-20	-0.00017445379541	0.00040266519141	-0.000546325507447
-59	-87	-20	-0.000178526948883	0.000404496003522	-0.00056616961857
-57	-87	-20	-0.000183574292329	0.000406278022001	-0.000583802122698
-55	-87	-20	-0.000190270939271	0.000407849843779	-0.000597714308627
-53	-87	-20	-0.000198991237254	0.000409160365408	-0.000607508198014
-51	-87	-20	-0.000209722479946	0.000410280872373	-0.000614017834113
-49	-87	-20	-0.00022208177527	0.000411369689534	-0.000619055431458
-47	-87	-20	-0.000235428981666	0.000412598755304	-0.000624855036402
-45	-87	-20	-0.000249040770689	0.000414064235165	-0.000633383866188
-43	-87	-20	-0.000262294563279	0.000415709413964	-0.000645736360358
-41	-87	-20	-0.000274810706638	0.000417285580789	-0.000661802915384
-39	-87	-20	-0.000286516114552	0.000418366109358	-0.000680320521471
-37	-87	-20	-0.000297617397719	0.000418413585839	-0.000699292184441
-35	-87	-20	-0.000308498266596	0.000416884281335	-0.000716644026045
-33	-87	-20	-0.000319576607424	0.000413343180371	-0.000730911114809
-31	-87	-20	-0.000331165406766	0.000407559418459	-0.000741730953936
-29	-87	-20	-0.000343376889403	0.000399557218498	-0.000749982090065
-27	-87	-20	-0.000356093310324	0.000389609523549	-0.000757516911266
-25	-87	-20	-0.000369006424825	0.000378176808948	-0.000766567498249
-23	-87	-20	-0.000381707570148	0.000365807568944	-0.000779010101815
-21	-87	-20	-0.00039379737874	0.00035302588791	-0.000795722870233
-19	-87	-20	-0.000404981596414	0.000340233225333	-0.000816246151067
-17	-87	-20	-0.000415127088633	0.000327646174793	-0.000838861867853
-15	-87	-20	-0.000424266640175	0.000315281570326	-0.000861076665258
-13	-87	-20	-0.00043255756642	0.000302988124625	-0.000880364210451
-11	-87	-20	-0.000440212345066	0.000290513087316	-0.000894936597186
-9	-87	-20	-0.000447425796956	0.000277585642334	-0.000904301236124
-7	-87	-20	-0.00045432157533	0.000263996964003	-0.000909423423783
-5	-87	-20	-0.000460932211175	0.00024965965568	-0.000912436834048
-3	-87	-20	-0.000467214965628	0.000234635331708	-0.000915986463244
-1	-87	-20	-0.000473094254145	0.000219126598608	-0.000922406069314
1	-87	-20	-0.000478513883758	0.00020343701294	-0.000932987140582
3	-87	-20	-0.000483480699453	0.000187908563728	-0.000947570597612
5	-87	-20	-0.000488085415167	0.00017285016107	-0.000964592981138
7	-87	-20	-0.000492494594196	0.000158472168424	-0.000981576553632
9	-87	-20	-0.00049691708742	0.000144841029237	-0.000995912291584
11	-87	-20	-0.00050155580636	0.000131864473381	-0.00100569081356
13	-87	-20	-0.00050655939251	0.000119311863339	-0.00101031917672
15	-87	-20	-0.000511987411089	0.000106866646773	-0.00101072733146
17	-87	-20	-0.000517797869374	9.41999446778e-05	-0.00100909664676
19	-87	-20	-0.000523858945256	8.10479002446e-05	-0.00100819394014
21	-87	-20	-0.000529980042194	6.72725778531e-05	-0.00101052001631
23	-87	-20	-0.000535952598536	5.28884747063e-05	-0.00101754169062
25	-87	-20	-0.000541589567216	3.8044434065e-05	-0.00102925106704
27	-87	-20	-0.000546754174292	2.29626167396e-05	-0.00104419284852
29	-87	-20	-0.000551372550439	7.84926357012e-06	-0.00105995191755
31	-87	-20	-0.000555429654714	-7.19764401924e-06	-0.00107394634008
33	-87	-20	-0.000558952087826	-2.22547908001e-05	-0.00108427223497
35	-87	-20	-0.000561983853933	-3.75897498804e-05	-0.00109032848886
37	-87	-20	-0.000564561486795	-5.36160010808e-05	-0.00109301763861
39	-87	-20	-0.000566693518956	-7.07942877841e-05	-0.00109445332754
41	-87	-20	-0.000568346856766	-8.95063651053e-05	-0.00109726236882
43	-87	-20	-0.000569440223914	-0.000109939500467	-0.00110370056019
45	-87	-20	-0.000569843282962	-0.000132021248831	-0.00111486395012
47	-87	-20	-0.000569379746822	-0.000155432156259	-0.00113025069929
49	-87	-20	-0.000567833626794	-0.000179701394376	-0.00114782065097
51	-87	-20	-0.000564959137103	-0.000204363072943	-0.00116454384284
53	-87	-20	-0.000560495835542	-0.000229127658189	-0.00117727455712
55	-87	-20	-0.000554190520161	-0.000254011860725	-0.00118368317062
57	-87	-20	-0.000545825783801	-0.000279376808368	-0.00118295743307
59	-87	-20	-0.00053525212142	-0.00030584832729	-0.00117605490141
61	-87	-20	-0.000522416946604	-0.000334128888118	-0.00116542735799
63	-87	-20	-0.000507381198518	-0.000364747783577	-0.00115430242361
65	-87	-20	-0.000490313957253	-0.000397822288813	-0.00114574533502
67	-87	-20	-0.000471458780934	-0.000432908018521	-0.00114179136079
69	-87	-20	-0.000451072504521	-0.000468997292343	-0.00114291510639
71	-87	-20	-0.000429346810401	-0.000504683655027	-0.00114799455869
73	-87	-20	-0.000406332456568	-0.000538459728065	-0.00115476936959
75	-87	-20	-0.000381892260301	-0.000569069714261	-0.00116063467598
77	-87	-20	-0.000355708567949	-0.000595812363419	-0.00116350381763
79	-87	-20	-0.000327362137598	-0.000618695062363	-0.00116244995338
81	-87	-20	-0.000296482650253	-0.000638376056432	-0.00115790546604
83	-87	-20	-0.000262949779897	-0.000655890807175	-0.00115133786761
85	-87	-20	-0.000227103532575	-0.000672223507722	-0.0011444881449
87	-87	-20	-0.000189909922845	-0.000687836232922	-0.00113840015026
89	-87	-20	-0.000153028347153	-0.000702289661236	-0.00113254363661
91	-87	-20	-0.000118742433844	-0.000714072839229	-0.00112431628011
93	-87	-20	-8.97445032235e-05	-0.00072070845328	-0.00110910716824
95	-87	-20	-6.87985765872e-05	-0.00071912846894	-0.00108094732841
97	-87	-20	-5.83389513734e-05	-0.000706243122739	-0.00103360905723
99	-87	-20	-6.00815139491e-05	-0.000679574556735	-0.000961892811335
-99	-85	-20	-3.6452806516e-05	0.0003757743523	-0.000355913697022
-97	-85	-20	-2.28867032388e-05	0.000383187547793	-0.000402945042886
-95	-85	-20	-1.86777320738e-05	0.000388913377544	-0.000432996592052
-93	-85	-20	-2.21840933074e-05	0.000393371793225	-0.000449659337174
-91	-85	-20	-3.1281715671e-05	0.000397037497451	-0.000457281097386
-89	-85	-20	-4.37530163147e-05	0.000400332228757	-0.000460096437957
-87	-85	-20	-5.76474627456e-05	0.000403537763038	-0.000461477303325
-85	-85	-20	-7.15358437154e-05	0.000406751670587	-0.000463480538099
-83	-85	-20	-8.46105500111e-05	0.000409896430493	-0.000466785909108
-81	-85	-20	-9.66267114272e-05	0.000412777615672	-0.000471008234635
-79	-85	-20	-0.000107721369674	0.000415172858852	-0.000475262010933
-77	-85	-20	-0.00011817774404	0.000416924468299	-0.000478788290674
-75	-85	-20	-0.000128210733339	0.000418007724707	-0.00048144274646
-73	-85	-20	-0.000137836197935	0.000418554497944	-0.000483894497248
-71	-85	-20	-0.000146855285577	0.000418825683234	-0.000487481901684
-69	-85	-20	-0.000154946305724	0.000419141862397	-0.000493784047869
-67	-85	-20	-0.000161822530302	0.00041979460574	-0.000504059706118
-65	-85	-20	-0.000167395038595	0.00042096682481	-0.000518749505698
-63	-85	-20	-0.000171880600844	0.000422687597064	-0.000537217780421
-61	-85	-20	-0.000175814469122	0.000424835761378	-0.000557833643037
-59	-85	-20	-0.000179959853711	0.000427190777656	-0.000578380566548
-57	-85	-20	-0.000185139397813	0.000429513848021	-0.000596675204268
-55	-85	-20	-0.000192038617145	0.000431632083085	-0.00061120439358
-53	-85	-20	-0.000201039700843	0.00043349693028	-0.000621577980108
-51	-85	-20	-0.00021213424479	0.000435195824548	-0.000628648929684
-49	-85	-20	-0.000224939098368	0.000436910780877	-0.000634254983479
-47	-85	-20	-0.000238808574851	0.000438834857856	-0.000640655691729
-45	-85	-20	-0.000253008484486	0.000441071662566	-0.00064983693731
-43	-85	-20	-0.000266901064407	0.000443549773819	-0.000662900121853
-41	-85	-20	-0.000280089275722	0.000445980875394	-0.000679729642461
-39	-85	-20	-0.000292483458873	0.000447878298201	-0.000699046474709
-37	-85	-20	-0.000304277783828	0.00044863516955	-0.000718834000079
-35	-85	-20	-0.000315850425144	0.000447643750905	-0.000737003021135
-33	-85	-20	-0.000327621958075	0.00044442513868	-0.000752084406394
-31	-85	-20	-0.000339915473604	0.000438735006629	-0.000763725831136
-29	-85	-20	-0.000352857593522	0.000430617432456	-0.000772828597672
-27	-85	-20	-0.000366344297683	0.000420393037795	-0.000781273680954
-25	-85	-20	-0.00038007469443	0.000408585367357	-0.000791317612131
-23	-85	-20	-0.000393636182795	0.00039580545602	-0.000804846765128
-21	-85	-20	-0.00040661155404	0.000382624441502	-0.000822728032232
-19	-85	-20	-0.000418675583973	0.000369465472575	-0.000844467877747
-17	-85	-20	-0.000429655441714	0.000356539250333	-0.000868297308505
-15	-85	-20	-0.000439542751303	0.00034383487263	-0.000891666393659
-13	-85	-20	-0.00044846066187	0.000331163146211	-0.000912000731406
-11	-85	-20	-0.000456601985786	0.000318237183733	-0.000927485697879
-9	-85	-20	-0.000464160892128	0.000304767830846	-0.000937630856262
-7	-85	-20	-0.000471279592512	0.000290550432588	-0.000943432096368
-5	-85	-20	-0.000478024098278	0.000275524007443	-0.000947073427256
-3	-85	-20	-0.00048439239222	0.000259792108365	-0.00095125517242
-1	-85	-20	-0.000490347858689	0.000243604055991	-0.000958354810295
1	-85	-20	-0.000495863689388	0.000227303621056	-0.000969682465078
3	-85	-20	-0.000500961999186	0.000211258138157	-0.000985066467997
5	-85	-20	-0.000505734575313	0.000195783834832	-0.00100290285432
7	-85	-20	-0.00051033902069	0.000181082917214	-0.00102065748911
9	-85	-20	-0.000514972098071	0.000167205095594	-0.00103566634673
11	-85	-20	-0.000519828817213	0.000154041321087	-0.00104598381359
13	-85	-20	-0.000525059396453	0.000141351168058	-0.00105101162035
15	-85	-20	-0.000530735983117	0.000128818332068	-0.00105170838344
17	-85	-20	-0.000536837449993	0.000116122214254	-0.00105031111033
19	-85	-20	-0.000543255106984	0.000103008925981	-0.00104965418637
21	-85	-20	-0.000549816541377	8.93437301326e-05	-0.00105229947582
23	-85	-20	-0.000556320575381	7.51299889092e-05	-0.00105975226044
25	-85	-20	-0.000562574422002	6.0487208643e-05	-0.00107201183672
27	-85	-20	-0.000568424655621	4.5591514991e-05	-0.00108760027254
29	-85	-20	-0.000573776034351	3.05932814418e-05	-0.00110406103472
31	-85	-20	-0.00057859557016	1.55352921651e-05	-0.00111876897211
33	-85	-20	-0.000582902554205	2.97539003139e-07	-0.00112979241095
35	-85	-20	-0.000586747771347	-1.54103565444e-05	-0.00113652945014
37	-85	-20	-0.00059018653363	-3.20006836941e-05	-0.00113991060679
39	-85	-20	-0.000593250462799	-4.9911860486e-05	-0.00114209719242
41	-85	-20	-0.000595922447457	-6.94907762555e-05	-0.00114576601933
43	-85	-20	-0.0005981182694	-9.08894109755e-05	-0.00115320503158
45	-85	-20	-0.000599677353718	-0.000114012070888	-0.00116550822281
47	-85	-20	-0.000600364120429	-0.000138537613003	-0.00118213073147
49	-85	-20	-0.000599880511034	-0.000164019142439	-0.00120095414708
51	-85	-20	-0.000597889318096	-0.000190037782077	-0.00121885228402
53	-85	-20	-0.000594046798415	-0.000216365379961	-0.0012325892905
55	-85	-20	-0.000588041585192	-0.000243081349612	-0.00123977522708
57	-85	-20	-0.000579635160866	-0.00027059618631	-0.00123958338715
59	-85	-20	-0.000568697370096	-0.00029955847081	-0.00123300581886
61	-85	-20	-0.000555229170921	-0.00033065755922	-0.00122256642616
63	-85	-20	-0.000539364786692	-0.00036437036394	-0.00121157980203
65	-85	-20	-0.000521347407359	-0.00040072575042	-0.00120318530819
67	-85	-20	-0.000501477088358	-0.000439164397554	-0.00119945508502
69	-85	-20	-0.000480036344909	-0.000478551500271	-0.00120084962392
71	-85	-20	-0.000457207032277	-0.000517358153741	-0.0012061830259
73	-85	-20	-0.000432999360095	-0.000553975719708	-0.00121309726823
75	-85	-20	-0.00040721762671	-0.000587081473987	-0.00121888215982
77	-85	-20	-0.000379484953341	-0.000615948701586	-0.00122136667032
79	-85	-20	-0.00034933958165	-0.000640600209242	-0.0012195832072
81	-85	-20	-0.000316398862171	-0.00066174200383	-0.00121397708776
83	-85	-20	-0.000280567050421	-0.000680474567924	-0.00120607702622
85	-85	-20	-0.000242244637305	-0.000697845746323	-0.00119771425119
87	-85	-20	-0.000202486142263	-0.000714361740178	-0.00119002453196
89	-85	-20	-0.000163054977066	-0.000729594312105	-0.00118254364416
91	-85	-20	-0.000126340067855	-0.00074200496812	-0.00117268945034
93	-85	-20	-9.51271749414e-05	-0.000749054127647	-0.00115581856669
95	-85	-20	-7.22519643091e-05	-0.000747589472012	-0.00112588488208
97	-85	-20	-6.01929687754e-05	-0.000734433672631	-0.00107655928171
99	-85	-20	-6.06817293075e-05	-0.000707038562556	-0.00100254371909
-99	-83	-20	-3.43905013722e-05	0.000392204149129	-0.000356341878482
-97	-83	-20	-2.08632126372e-05	0.000400387269873	-0.0004037131432
-95	-83	-20	-1.67533511271e-05	0.000406713411241	-0.00043419341476
-93	-83	-20	-2.0411781568e-05	0.000411646779436	-0.000451371741512
-91	-83	-20	-2.97032199739e-05	0.000415712406433	-0.000459587381402
-89	-83	-20	-4.23965526184e-05	0.000419377558193	-0.00046306004971
-87	-83	-20	-5.65271713313e-05	0.000422955992963	-0.000465142049408
-85	-83	-20	-7.06529289808e-05	0.000426559325047	-0.000467868414051
-83	-83	-20	-8.39557567759e-05	0.000430107118541	-0.000471898337809
-81	-83	-20	-9.61836210529e-05	0.000433390908199	-0.00047683087358
-79	-83	-20	-0.000107469942696	0.000436171911876	-0.000481772476622
-77	-83	-20	-0.000118097586698	0.000438282483198	-0.000485965335524
-75	-83	-20	-0.000128283698987	0.000439700491082	-0.000489274847998
-73	-83	-20	-0.000138048115971	0.000440574283328	-0.000492385701457
-71	-83	-20	-0.000147196803582	0.000441191260845	-0.000496653227968
-69	-83	-20	-0.000155413001776	0.000441900689954	-0.000503669779306
-67	-83	-20	-0.000162414574879	0.000443015734519	-0.000514699242226
-65	-83	-20	-0.000168116739065	0.000444726233124	-0.000530176787875
-63	-83	-20	-0.000172740135064	0.000447050305009	-0.000549451202918
-61	-83	-20	-0.000176824009077	0.000449840402609	-0.000570869499389
-59	-83	-20	-0.000181136112643	0.000452841790634	-0.000592192314148
-57	-83	-20	-0.00018650444084	0.000455784192998	-0.000611219289317
-55	-83	-20	-0.000193620607714	0.000458476053916	-0.000626431459404
-53	-83	-20	-0.000202873171323	0.000460869255979	-0.000637446545495
-51	-83	-20	-0.00021425952628	0.000463070947551	-0.000645137634959
-49	-83	-20	-0.000227400739509	0.000465295764329	-0.000651369643956
-47	-83	-20	-0.000241652893771	0.00046777104921	-0.000658428728173
-45	-83	-20	-0.000256280753587	0.00047062358951	-0.000668318951337
-43	-83	-20	-0.000270643109474	0.000473783775063	-0.000682145821689
-41	-83	-20	-0.000284338356562	0.000476939414484	-0.000699782240842
-39	-83	-20	-0.000297273101193	0.000479557646226	-0.000719925420707
-37	-83	-20	-0.000309640739596	0.000480973544124	-0.000740530143668
-35	-83	-20	-0.000321823239768	0.000480524154469	-0.000759483178561
-33	-83	-20	-0.000334249901044	0.000477692854967	-0.000775304385577
-31	-83	-20	-0.000347256083328	0.000472225278348	-0.000787648175497
-29	-83	-20	-0.000360981020764	0.000464185632019	-0.000797439529029
-27	-83	-20	-0.000375329133721	0.000453938686336	-0.000806593614542
-25	-83	-20	-0.000389999007963	0.000442063005445	-0.000817401327697
-23	-83	-20	-0.000404564848509	0.000429219168209	-0.000831772413733
-21	-83	-20	-0.000418582272935	0.00041600765661	-0.000850577724785
-19	-83	-20	-0.000431686854406	0.000402852042741	-0.000873305510385
-17	-83	-20	-0.000443659798345	0.000389934418238	-0.000898150543858
-15	-83	-20	-0.000454447703446	0.000377194772709	-0.000922518819487
-13	-83	-20	-0.000464138065774	0.000364388946978	-0.000943797313286
-11	-83	-20	-0.000472904480506	0.000351185649136	-0.000960150546592
-9	-83	-20	-0.000480942094295	0.000337275284985	-0.000971092296622
-7	-83	-20	-0.000488413569041	0.000322463305542	-0.000977647361156
-5	-83	-20	-0.000495419627751	0.000306727445092	-0.000982044949834
-3	-83	-20	-0.000501998770767	0.000290229001291	-0.000987032662394
-1	-83	-20	-0.000508151212203	0.000273279939595	-0.000995021502855
1	-83	-20	-0.0005138753158	0.000256277205537	-0.00100732889576
3	-83	-20	-0.000519202436652	0.000239621386044	-0.00102375929074
5	-83	-20	-0.000524218215302	0.000223638247974	-0.00104265821769
7	-83	-20	-0.000529063799061	0.000208519237925	-0.00106142756762
9	-83	-20	-0.000533917166583	0.000194291893513	-0.00107734394469
11	-83	-20	-0.000538960606557	0.000180824567586	-0.00108842456267
13	-83	-20	-0.00054434389295	0.000167863026126	-0.00109406781874
15	-83	-20	-0.000550153162391	0.000155090267937	-0.0010952647068
17	-83	-20	-0.000556393237471	0.000142196150791	-0.0010943115343
19	-83	-20	-0.000562987153779	0.00012894091522	-0.00109411188348
21	-83	-20	-0.000569792222462	0.000115197242509	-0.00109728652697
23	-83	-20	-0.000576628245338	0.000100959533986	-0.00110537222656
25	-83	-20	-0.000583311228814	8.6316449485e-05	-0.00111836363284
27	-83	-20	-0.000589685338283	7.13922188913e-05	-0.00113474463752
29	-83	-20	-0.000595646694695	5.62716762938e-05	-0.00115200021993
31	-83	-20	-0.000601154502057	4.09305969402e-05	-0.00116744620481
33	-83	-20	-0.000606227426664	2.51941565039e-05	-0.00117911143506
35	-83	-20	-0.00061092572067	8.74072893225e-06	-0.00118638795542
37	-83	-20	-0.000615321992342	-8.84372330301e-06	-0.00119023670067
39	-83	-20	-0.000619465532035	-2.79710275663e-05	-0.00119287678818
41	-83	-20	-0.000623346474094	-4.89410989166e-05	-0.0011970516102
43	-83	-20	-0.000626866573036	-7.185121423e-05	-0.00120510206093
45	-83	-20	-0.000629822803941	-9.65573404687e-05	-0.00121814238993
47	-83	-20	-0.00063190829997	-0.00012270837264	-0.00123560584113
49	-83	-20	-0.000632732461458	-0.000149852901776	-0.00125531348962
51	-83	-20	-0.000631858786011	-0.000177593562495	-0.00127405586212
53	-83	-20	-0.00062885561739	-0.000205743856038	-0.00128851459729
55	-83	-20	-0.000623352177236	-0.000234434113489	-0.00129624209186
57	-83	-20	-0.00061509043062	-0.000264121601232	-0.00129639585899
59	-83	-20	-0.000603962888915	-0.000295484431217	-0.00128999853469
61	-83	-20	-0.000590027556096	-0.000329214132692	-0.00127964119675
63	-83	-20	-0.000573493943447	-0.000365757292914	-0.00126872086453
65	-83	-20	-0.000554678382768	-0.000405080845388	-0.00126044806592
67	-83	-20	-0.000533932569047	-0.000446538828021	-0.00125693124968
69	-83	-20	-0.000511555849787	-0.000488896893637	-0.00125861898648
71	-83	-20	-0.0004877082348	-0.000530528379748	-0.00126426632195
73	-83	-20	-0.000462345843115	-0.000569743536738	-0.0012714244184
75	-83	-20	-0.000435201580456	-0.00060516725676	-0.00127728557397
77	-83	-20	-0.000405829466802	-0.000636055801295	-0.00127960169328
79	-83	-20	-0.000373720367693	-0.000662449718795	-0.00127736948221
81	-83	-20	-0.000338480784295	-0.000685099338176	-0.00127104816455
83	-83	-20	-0.000300047765415	-0.000705161605038	-0.00126222291366
85	-83	-20	-0.000258896630964	-0.000723735205787	-0.00125280359956
87	-83	-20	-0.000216189424435	-0.000741354463994	-0.00124399911252
89	-83	-20	-0.000173815218157	-0.000757584260065	-0.00123538596139
91	-83	-20	-0.000134290205775	-0.000770840005915	-0.00122437224434
93	-83	-20	-0.000100513667994	-0.000778502170738	-0.00120625034123
95	-83	-20	-7.54092659196e-05	-0.000777318772249	-0.00117486694427
97	-83	-20	-6.15111169528e-05	-0.000764013106259	-0.00112376684549
99	-83	-20	-6.05721577442e-05	-0.000735959390924	-0.00104753738679
-99	-81	-20	-3.14148439396e-05	0.000408974944242	-0.000357944859603
-97	-81	-20	-1.78386166419e-05	0.000417987552667	-0.000405659573841
-95	-81	-20	-1.3737606579e-05	0.000424983240541	-0.000436545410513
-93	-81	-20	-1.74544700782e-05	0.000430471448323	-0.000454193587897
-91	-81	-20	-2.68430557392e-05	0.000435027972539	-0.000462940679432
-89	-81	-20	-3.96609627588e-05	0.000439165421436	-0.000466998377278
-87	-81	-20	-5.39340302704e-05	0.000443228838789	-0.00046970627212
-85	-81	-20	-6.82139053992e-05	0.000447342979925	-0.00047308389273
-83	-81	-20	-8.16804104244e-05	0.000451423833323	-0.000477775052321
-81	-81	-20	-9.40832723402e-05	0.000455248946931	-0.000483366896986
-79	-81	-20	-0.000105560446754	0.00045856420913	-0.000488960387194
-77	-81	-20	-0.00011640043571	0.000461194141064	-0.000493800253973
-75	-81	-20	-0.000126825271465	0.000463121923563	-0.000497762104744
-73	-81	-20	-0.000136857293587	0.000464514822215	-0.000501545931989
-71	-81	-20	-0.000146301499745	0.000465687689568	-0.000506523117215
-69	-81	-20	-0.00015483633523	0.000467016650844	-0.000514297706365
-67	-81	-20	-0.000162171456129	0.00046883086103	-0.000526136490824
-65	-81	-20	-0.000168211530013	0.000471317312456	-0.000542466400156
-63	-81	-20	-0.000173165827519	0.000474469679006	-0.000562617518623
-61	-81	-20	-0.000177563091361	0.000478098191239	-0.000584911572656
-59	-81	-20	-0.000182163003396	0.000481897844265	-0.000607083580828
-57	-81	-20	-0.000187789111469	0.000485553056752	-0.000626914206781
-55	-81	-20	-0.00019513283199	0.000488844402297	-0.000642877781757
-53	-81	-20	-0.000204586767222	0.000491721393487	-0.000654600035645
-51	-81	-20	-0.00021615601207	0.000494315301048	-0.000662974961652
-49	-81	-20	-0.000229472010877	0.00049688471664	-0.000669895382687
-47	-81	-20	-0.000243902807178	0.000499708249299	-0.000677673844794
-45	-81	-20	-0.000258725806089	0.000502956546218	-0.000688330553685
-43	-81	-20	-0.000273312646644	0.000506584002464	-0.000702970640704
-41	-81	-20	-0.00028727482719	0.000510276260022	-0.000721448426942
-39	-81	-20	-0.000300532749327	0.000513473954787	-0.000742428101871
-37	-81	-20	-0.000313294780209	0.000515470796459	-0.000763825426136
-35	-81	-20	-0.000325959079636	0.00051556175994	-0.000783493009601
-33	-81	-20	-0.000338971488351	0.000513201752547	-0.00079993155647
-31	-81	-20	-0.000352682183389	0.000508131309055	-0.00081279765769
-29	-81	-20	-0.000367240289412	0.000500434786313	-0.000823040280712
-27	-81	-20	-0.000382551381716	0.000490515415296	-0.000832614667714
-25	-81	-20	-0.000398302973882	0.000478994680452	-0.000843857549808
-23	-81	-20	-0.000414043928646	0.000466563962246	-0.000858718412278
-21	-81	-20	-0.000429290680378	0.000453828342423	-0.000878092007736
-19	-81	-20	-0.000443629242198	0.000441182842262	-0.000901470083415
-17	-81	-20	-0.000456787202124	0.000428750623997	-0.000927032604615
-15	-81	-20	-0.00046866163705	0.000416394539461	-0.000952160557344
-13	-81	-20	-0.000479302888083	0.000403793457865	-0.000974217167164
-11	-81	-20	-0.000488866136521	0.00039055872597	-0.000991355402046
-9	-81	-20	-0.000497549566834	0.000376357977291	-0.00100309624162
-7	-81	-20	-0.000505538408354	0.000361014729922	-0.00101049005176
-5	-81	-20	-0.00051296912753	0.000344561437833	-0.00101580228746
-3	-81	-20	-0.000519919786264	0.000327237486791	-0.00102181459765
-1	-81	-20	-0.000526423957421	0.000309437862	-0.00103095580337
1	-81	-20	-0.000532499116196	0.000291629187457	-0.00104453443087
3	-81	-20	-0.00053817760137	0.000274255336148	-0.00106231627865
5	-81	-20	-0.000543529270685	0.000257654423603	-0.0010825846118
7	-81	-20	-0.000548668938725	0.00024200384701	-0.00110266961544
9	-81	-20	-0.000553746999183	0.000227302117297	-0.00111978511766
11	-81	-20	-0.000558926621804	0.00021338768694	-0.00113191159606
13	-81	-20	-0.000564354304358	0.000199987518026	-0.00113844717525
15	-81	-20	-0.000570131751162	0.000186782832798	-0.00114041912748
17	-81	-20	-0.000576296130229	0.000173476834786	-0.00114018573027
19	-81	-20	-0.000582813316974	0.00015984931199	-0.00114071921023
21	-81	-20	-0.000589585561717	0.000145785874538	-0.0011446939568
23	-81	-20	-0.000596471869745	0.000131274899177	-0.00115366749414
25	-81	-20	-0.000603316801151	0.000116372479879	-0.00116761405672
27	-81	-20	-0.00060998169913	0.000101143716197	-0.0011849600146
29	-81	-20	-0.000616371690291	8.55958182273e-05	-0.00120311134423
31	-81	-20	-0.000622452235618	6.96227202749e-05	-0.00121930611778
33	-81	-20	-0.000628250561544	5.29803145992e-05	-0.0012315197544
35	-81	-20	-0.000633839889891	3.53051056124e-05	-0.00123913160008
37	-81	-20	-0.000639307754654	1.61776848791e-05	-0.00124313521862
39	-81	-20	-0.000644713331722	-4.78157996756e-06	-0.00124581893214
41	-81	-20	-0.000650041869296	-2.78099004123e-05	-0.00125001234342
43	-81	-20	-0.000655166152347	-5.29245870324e-05	-0.00125813507974
45	-81	-20	-0.000659824771117	-7.99004722097e-05	-0.00127135071858
47	-81	-20	-0.000663624503746	-0.000108319297273	-0.00128909976862
49	-81	-20	-0.000666069656158	-0.000137687402164	-0.00130916896856
51	-81	-20	-0.000666615592948	-0.00016759471883	-0.00132828624889
53	-81	-20	-0.000664738183558	-0.000197869478892	-0.00134306433373
55	-81	-20	-0.000660006763265	-0.000228676298833	-0.00135100394063
57	-81	-20	-0.00065214644264	-0.000260514736961	-0.0013512458031
59	-81	-20	-0.000641076613577	-0.000294100623241	-0.0013448368074
61	-81	-20	-0.000626916116468	-0.000330147648163	-0.00133442591962
63	-81	-20	-0.00060995111216	-0.000369101777383	-0.00132348308483
65	-81	-20	-0.00059056837752	-0.0004109044344	-0.00131528288593
67	-81	-20	-0.000569163616892	-0.000454862653394	-0.00131196736914
69	-81	-20	-0.000546040587451	-0.000499681818372	-0.00131397591514
71	-81	-20	-0.000521321466415	-0.000543673151471	-0.00132001254435
73	-81	-20	-0.000494890890185	-0.00058509514771	-0.00132754960009
75	-81	-20	-0.000466394303481	-0.000622541529487	-0.00133369550775
77	-81	-20	-0.000435304678486	-0.000655263626584	-0.00133613744596
79	-81	-20	-0.000401060020239	-0.000683322575733	-0.00133384437845
81	-81	-20	-0.000363258401583	-0.000707507271823	-0.00132729029665
83	-81	-20	-0.000321880279163	-0.000729018033513	-0.00131810868808
85	-81	-20	-0.000277493712099	-0.000748985691837	-0.00130827015269
87	-81	-20	-0.000231391576629	-0.000767950393633	-0.00129902959317
89	-81	-20	-0.000185614762748	-0.00078544633911	-0.00128996985056
91	-81	-20	-0.000142832955549	-0.000799819581918	-0.00127845062665
93	-81	-20	-0.000106082643321	-0.000808349721302	-0.00125966106664
95	-81	-20	-7.83945366582e-05	-0.000807667997095	-0.00122730547376
97	-81	-20	-6.23713811437e-05	-0.000794386033729	-0.00117477505958
99	-81	-20	-5.97939647941e-05	-0.000765793460091	-0.00109652582013
-99	-79	-20	-2.77380814916e-05	0.000426034701411	-0.000359992675418
-97	-79	-20	-1.40157491392e-05	0.00043594451685	-0.000408018908273
-95	-79	-20	-9.81635995998e-06	0.000443690881023	-0.000439258952896
-93	-79	-20	-1.34745192568e-05	0.000449829316704	-0.000457308447985
-91	-79	-20	-2.28352142913e-05	0.000454986502902	-0.000466505099499
-89	-79	-20	-3.56491527837e-05	0.000459719772199	-0.000471057641511
-87	-79	-20	-4.99396017928e-05	0.000464404306269	-0.000474298810423
-85	-79	-20	-6.42612898718e-05	0.00046917673982	-0.000478238746546
-83	-79	-20	-7.78027317211e-05	0.000473948660216	-0.00048351170534
-81	-79	-20	-9.03264945619e-05	0.000478483776998	-0.000489697948397
-79	-79	-20	-0.000101984921505	0.000482514103462	-0.000495896751067
-77	-79	-20	-0.000113079248607	0.000485859024931	-0.000501357708104
-75	-79	-20	-0.000123839445013	0.000488510389526	-0.000505967354733
-73	-79	-20	-0.000134288527702	0.000490657291988	-0.000510440157414
-71	-79	-20	-0.000144223590597	0.000492643040922	-0.000516161379866
-69	-79	-20	-0.000153306628974	0.000494868203005	-0.000524743603828
-67	-79	-20	-0.000161223651832	0.00049767091791	-0.00053745281068
-65	-79	-20	-0.000167850887094	0.000501223310737	-0.000554703888628
-63	-79	-20	-0.000173367433355	0.000505478164972	-0.000575804781985
-61	-79	-20	-0.000178273390282	0.000510184286065	-0.00059904921862
-59	-79	-20	-0.000183304355777	0.000514966978244	-0.000622144831763
-57	-79	-20	-0.000189266798328	0.000519448693286	-0.000642852521334
-55	-79	-20	-0.000196843683021	0.000523371070173	-0.000659639937308
-53	-79	-20	-0.000206428486909	0.000526677907471	-0.000672141264221
-51	-79	-20	-0.000218036311122	0.000529529954395	-0.000681271713252
-49	-79	-20	-0.00023131680267	0.000532243485887	-0.000688951530847
-47	-79	-20	-0.000245662965157	0.00053516896721	-0.000697517711055
-45	-79	-20	-0.000260382242838	0.000538546049137	-0.000709002656799
-43	-79	-20	-0.000274879701519	0.000542380228964	-0.000724504877989
-41	-79	-20	-0.000288802073861	0.000546381630543	-0.000743851625875
-39	-79	-20	-0.000302105318588	0.000549988717516	-0.000765663806444
-37	-79	-20	-0.000315032141982	0.000552474609413	-0.000787807025811
-35	-79	-20	-0.000328011999764	0.000553108689571	-0.000808089000717
-33	-79	-20	-0.000341516676074	0.000551329064903	-0.000824982464068
-31	-79	-20	-0.000355914101958	0.00054687744817	-0.000838140885079
-29	-79	-20	-0.000371359824017	0.000539858412933	-0.000848536884536
-27	-79	-20	-0.000387751589751	0.000530706528348	-0.00085817149883
-25	-79	-20	-0.000404752924573	0.000520071046101	-0.000869439565731
-23	-79	-20	-0.000421872500505	0.000508650734496	-0.000884348868297
-21	-79	-20	-0.000438572866306	0.000497024460568	-0.000903841788879
-19	-79	-20	-0.000454377731177	0.000485522729	-0.000927440537281
-17	-79	-20	-0.000468951550417	0.00047417225426	-0.000953337886466
-15	-79	-20	-0.000482136159054	0.000462724176591	-0.000978915159973
-13	-79	-20	-0.000493942655602	0.000450753352096	-0.00100153207107
-11	-79	-20	-0.000504508558001	0.000437797949885	-0.00101934286641
-9	-79	-20	-0.00051403744133	0.000423500135858	-0.00103187979778
-7	-79	-20	-0.00052273961944	0.000407711470003	-0.0010402139513
-5	-79	-20	-0.000530788591007	0.000390538967023	-0.00104663435461
-3	-79	-20	-0.000538300914509	0.000372325233586	-0.00105393836493
-1	-79	-20	-0.000545339416234	0.000353573399969	-0.00106455144874
1	-79	-20	-0.000551933395864	0.000334840103422	-0.00107975224889
3	-79	-20	-0.000558106143677	0.000316624880386	-0.00109924979431
5	-79	-20	-0.000563899927251	0.000299281720322	-0.00112125174686
7	-79	-20	-0.000569391034045	0.000282970055069	-0.00114300890566
9	-79	-20	-0.000574691323395	0.000267651141258	-0.00116167006913
11	-79	-20	-0.00057993680683	0.000253124813451	-0.0011751809228
13	-79	-20	-0.000585267054859	0.00023909337539	-0.00118294349694
15	-79	-20	-0.000590801167407	0.000225235205584	-0.00118602541274
17	-79	-20	-0.000596616512754	0.000211270575295	-0.00118684855714
19	-79	-20	-0.000602735599657	0.000197005504318	-0.00118845108484
21	-79	-20	-0.000609124602979	0.000182345150498	-0.00119355272808
23	-79	-20	-0.000615704553039	0.000167275149665	-0.00120371768556
25	-79	-20	-0.000622373375163	0.000151816473807	-0.0012188806588
27	-79	-20	-0.000629034233679	0.000135965733696	-0.00123738812034
29	-79	-20	-0.000635623491577	0.000119637286427	-0.00125654395686
31	-79	-20	-0.000642130607154	0.000102624814504	-0.00127348767903
33	-79	-20	-0.00064860295731	8.45972210056e-05	-0.00128612575899
35	-79	-20	-0.000655131148474	6.51364111617e-05	-0.00129381718953
37	-79	-20	-0.000661814634897	4.38136441732e-05	-0.00129759013884
39	-79	-20	-0.00066871263665	2.02888778238e-05	-0.001299814387
41	-79	-20	-0.000675790191868	-5.59271939025e-06	-0.00130342767168
43	-79	-20	-0.000682872265603	-3.37374199994e-05	-0.00131095811232
45	-79	-20	-0.000689618994274	-6.37990043127e-05	-0.00132365333513
47	-79	-20	-0.000695531868267	-9.52471338319e-05	-0.00134099722894
49	-79	-20	-0.000699994382785	-0.000127500564345	-0.00136077590531
51	-79	-20	-0.000702342775074	-0.000160095564056	-0.00137968249868
53	-79	-20	-0.000701954859624	-0.000192842882564	-0.00139428004038
55	-79	-20	-0.000698339657356	-0.000225921423751	-0.00140202683231
57	-79	-20	-0.000691208931896	-0.000259867423914	-0.00140204632561
59	-79	-20	-0.000680514383372	-0.000295443853915	-0.00139540117968
61	-79	-20	-0.00066644054355	-0.000333410127179	-0.00138478491703
63	-79	-20	-0.000649351987021	-0.000374246990455	-0.001373726116
65	-79	-20	-0.00062970257979	-0.000417914210296	-0.00136555208278
67	-79	-20	-0.000607922492989	-0.000463720049887	-0.00136243324348
69	-79	-20	-0.000584304382911	-0.000510357943782	-0.00136480240246
71	-79	-20	-0.000558912697741	-0.000556121333672	-0.00137132289265
73	-79	-20	-0.000531539045538	-0.000599253845327	-0.00137940435355
75	-79	-20	-0.000501721635338	-0.000638344904942	-0.00138608980783
77	-79	-20	-0.000468837852838	-0.000672656294428	-0.00138901829143
79	-79	-20	-0.000432266382664	-0.000702273312002	-0.00138714146661
81	-79	-20	-0.000391600164258	-0.000728015969028	-0.0013809489032
83	-79	-20	-0.000346876317548	-0.00075111122416	-0.00137211147867
85	-79	-20	-0.00029877758553	-0.000772698476892	-0.0013626374902
87	-79	-20	-0.000248755835104	-0.000793296108339	-0.00135379412201
89	-79	-20	-0.000199034934482	-0.000812378924508	-0.0013451290922
91	-79	-20	-0.000152468829258	-0.000828196418938	-0.00133390863098
93	-79	-20	-0.000112258530268	-0.00083790377282	-0.00131517461919
95	-79	-20	-8.15633166934e-05	-0.000837997043534	-0.00128245058776
97	-79	-20	-6.30688824393e-05	-0.00082496370173	-0.00122894536246
99	-79	-20	-5.85905675392e-05	-0.000796002323298	-0.0011489671185
-99	-77	-20	-2.35290000366e-05	0.000443529999987	-0.00036182999992
-97	-77	-20	-9.5587608771e-06	0.000454419953195	-0.00041011026283
-95	-77	-20	-5.14390586573e-06	0.000463014322874	-0.000441635931193
-93	-77	-20	-8.61189827056e-06	0.000469915944946	-0.000460007562527
-91	-77	-20	-1.78020417751e-05	0.000475802795013	-0.000469565741875
-89	-77	-20	-3.04640288344e-05	0.000481276450051	-0.00047451937409
-87	-77	-20	-4.4627187904e-05	0.000486741036672	-0.000478198781665
-85	-77	-20	-5.88602990024e-05	0.00049234361427	-0.000482610157284
-83	-77	-20	-7.23729518995e-05	0.000497990295243	-0.000488384101729
-81	-77	-20	-8.49530017957e-05	0.000503430920145	-0.000495099660318
-79	-77	-20	-9.67780978095e-05	0.000508385088285	-0.000501859115944
-77	-77	-20	-0.000108170000023	0.000512669999986	-0.000507919999924
-75	-77	-20	-0.000119369929571	0.000516289997664	-0.000513180812977
-73	-77	-20	-0.000130399547102	0.000519459470041	-0.000518369403663
-71	-77	-20	-0.000141040397031	0.000522551598414	-0.000524881949187
-69	-77	-20	-0.000150925149425	0.000525988984369	-0.000534335273275
-67	-77	-20	-0.000159699025417	0.00053011113053	-0.000547989666911
-65	-77	-20	-0.000167189812979	0.000535061917562	-0.000566243285151
-63	-77	-20	-0.000173525249978	0.000540734746969	-0.000588378087929
-61	-77	-20	-0.000179156173081	0.000546795291364	-0.000612657227472
-59	-77	-20	-0.000184775733067	0.000552777162358	-0.000636759754777
-57	-77	-20	-0.000191158712337	0.000558221982639	-0.000658426789234
-55	-77	-20	-0.000198970000023	0.000562819999986	-0.000676119999913
-53	-77	-20	-0.000208600194482	0.000566505670535	-0.000689482806625
-51	-77	-20	-0.000220077020916	0.000569475503955	-0.000699451794751
-49	-77	-20	-0.00023307737954	0.000572119205608	-0.000707973498408
-47	-77	-20	-0.00024703429315	0.000574882502741	-0.000717406391704
-45	-77	-20	-0.000261305371808	0.000578102406365	-0.000729789934433
-43	-77	-20	-0.000275352848732	0.00058186582626	-0.00074620861595
-41	-77	-20	-0.000288884143306	0.000585936925491	-0.000766453166811
-39	-77	-20	-0.000301915726048	0.000589778769737	-0.000789090233991
-37	-77	-20	-0.00031474680381	0.000592666623012	-0.000811923626044
-35	-77	-20	-0.000327855396369	0.000593862304542	-0.000832705028098
-33	-77	-20	-0.000341750000011	0.00059279999998	-0.000849869999905
-31	-77	-20	-0.000356819713867	0.000589229742367	-0.000863063206669
-29	-77	-20	-0.000373222616312	0.000583276780126	-0.000873280320333
-27	-77	-20	-0.000390838398075	0.000575399560413	-0.000882573953817
-25	-77	-20	-0.000409291759681	0.000566258578514	-0.000893409995774
-23	-77	-20	-0.00042803395059	0.000556533932345	-0.000907874621716
-21	-77	-20	-0.000446456337876	0.00054674348735	-0.000926984099122
-19	-77	-20	-0.000464005045654	0.000537112189336	-0.000950321499469
-17	-77	-20	-0.000480269650773	0.000527527128621	-0.000976124045057
-15	-77	-20	-0.000495029305694	0.000517587674289	-0.00100180284486
-13	-77	-20	-0.000508252694068	0.000506733151997	-0.00102473789876
-11	-77	-20	-0.000520060000003	0.000494409999993	-0.00104309999989
-9	-77	-20	-0.00053066270447	0.000480231659077	-0.00105643764165
-7	-77	-20	-0.00054029928876	0.000464089338819	-0.00106583700954
-5	-77	-20	-0.000549182288767	0.000446187868652	-0.00107359576091
-3	-77	-20	-0.000557466279636	0.000427002645688	-0.00108250530075
-1	-77	-20	-0.00056523943452	0.000407174618639	-0.0010949628159
1	-77	-20	-0.000572535228879	0.000387374589354	-0.00111219253334
3	-77	-20	-0.000579356898945	0.000368172649941	-0.00113382577624
5	-77	-20	-0.000585705821066	0.000349943226388	-0.00115797948001
7	-77	-20	-0.000591605770832	0.000332823654769	-0.00118181666465
9	-77	-20	-0.000597117355648	0.000316728763357	-0.00120241900348
11	-77	-20	-0.000602340000002	0.000301410000003	-0.00121769999988
13	-77	-20	-0.000607402014732	0.000286538526109	-0.00122707051999
15	-77	-20	-0.000612441994996	0.000271788861736	-0.00123164306641
17	-77	-20	-0.000617586709196	0.000256902722427	-0.0012339046894
19	-77	-20	-0.000622931491312	0.000241719918859	-0.00123695601844
21	-77	-20	-0.00062852872572	0.000226172321798	-0.0012435525049
23	-77	-20	-0.000634388232689	0.000210245801677	-0.00125524911607
25	-77	-20	-0.000640490375232	0.000193922169776	-0.0012719198149
27	-77	-20	-0.000646809004406	0.000177117541063	-0.00129180664811
29	-77	-20	-0.000653337782176	0.000159634738205	-0.00131208629953
31	-77	-20	-0.000660111026321	0.000141145163178	-0.00132977717706
33	-77	-20	-0.000667209999994	0.000121210000008	-0.00134269999988
35	-77	-20	-0.000674748082518	9.93420881344e-05	-0.00135018507728
37	-77	-20	-0.000682833334957	7.50994052771e-05	-0.00135329725058
39	-77	-20	-0.000691513583831	4.81907868056e-05	-0.00135450102566
41	-77	-20	-0.000700715557669	1.85670152976e-05	-0.00135686623878
43	-77	-20	-0.000710193829497	-1.35313396844e-05	-0.00136306233144
45	-77	-20	-0.000719505697235	-4.75918243434e-05	-0.00137445966449
47	-77	-20	-0.000728023967517	-8.29219497197e-05	-0.00139062617713
49	-77	-20	-0.000734991489673	-0.000118803072189	-0.00140938575077
51	-77	-20	-0.000739611071226	-0.000154673376022	-0.00142742879563
53	-77	-20	-0.000741154750593	-0.000190291646066	-0.00144129118466
55	-77	-20	-0.000739069999992	-0.000225829999982	-0.00144839999987
57	-77	-20	-0.000733059193025	-0.000261855765752	-0.00144786126295
59	-77	-20	-0.00072311313789	-0.000299189483761	-0.00144074379758
61	-77	-20	-0.0007094886682	-0.000338661720037	-0.00142977010336
63	-77	-20	-0.000692632033084	-0.000380826039588	-0.00141851031788
65	-77	-20	-0.000673061465097	-0.000425707711142	-0.00141033048693
67	-77	-20	-0.000651231409155	-0.000472668306202	-0.00140742227207
69	-77	-20	-0.000627405853248	-0.000520441813489	-0.00141021370328
71	-77	-20	-0.000601568381314	-0.000567352460553	-0.00141733816509
73	-77	-20	-0.00057339214572	-0.000611669805123	-0.0014261601145
75	-77	-20	-0.000542284563809	-0.000652009060167	-0.0014336775958
77	-77	-20	-0.000507510000007	-0.000687659999947	-0.00143749999987
79	-77	-20	-0.000468380000306	-0.000718736526798	-0.00143657342184
81	-77	-20	-0.000424486223192	-0.000746081835105	-0.0014314040501
83	-77	-20	-0.0003759382084	-0.000770931075151	-0.00142368817423
85	-77	-20	-0.000323559455749	-0.000794405983296	-0.00141544645562
87	-77	-20	-0.000268994157531	-0.000816972395757	-0.00140792134665
89	-77	-20	-0.000214685836604	-0.000838013728116	-0.00140058014435
91	-77	-20	-0.000163708628694	-0.000855652738256	-0.00139054661541
93	-77	-20	-0.000119459632464	-0.000866894270814	-0.00137266781676
95	-77	-20	-8.52512174005e-05	-0.000868079183248	-0.00134024534451
97	-77	-20	-6.38680021689e-05	-0.000855557466253	-0.00128627502988
99	-77	-20	-5.71670000374e-05	-0.000826429999934	-0.00120489999987
-99	-75	-20	-1.87303954058e-05	0.000461805394653	-0.000363327743196
-97	-75	-20	-4.40886828461e-06	0.000473779185376	-0.000411806507233
-95	-75	-20	3.39189631607e-07	0.000483337444918	-0.000443554865654
-93	-75	-20	-2.80730440249e-06	0.000491132432412	-0.000462178391545
-91	-75	-20	-1.16849653157e-05	0.000497894740741	-0.00047202168897
-89	-75	-20	-2.40481704596e-05	0.000504270425381	-0.000477296254885
-87	-75	-20	-3.79408123241e-05	0.000510691727531	-0.000481333744547
-85	-75	-20	-5.19566323403e-05	0.000517314634842	-0.000486141268426
-83	-75	-20	-6.53386956478e-05	0.000524038334324	-0.000492351294468
-81	-75	-20	-7.7912675707e-05	0.000530598227992	-0.0004995471677
-79	-75	-20	-8.98925640805e-05	0.000536702484539	-0.00050683893698
-77	-75	-20	-0.000101628548934	0.000542168858693	-0.000513495373111
-75	-75	-20	-0.000113376487993	0.000547018188463	-0.000519428288772
-73	-75	-20	-0.000125154642755	0.000551494172168	-0.000525378108402
-71	-75	-20	-0.000136721253105	0.000556002066308	-0.00053274911784
-69	-75	-20	-0.000147666572761	0.000560984887234	-0.000543158055145
-67	-75	-20	-0.000157577579761	0.000566776409829	-0.000557854372548
-65	-75	-20	-0.000166213229181	0.000573478974648	-0.000577214311671
-63	-75	-20	-0.000173628267642	0.000580907677499	-0.000600489359514
-61	-75	-20	-0.000180203192427	0.000588622500535	-0.000625908822004
-59	-75	-20	-0.000186569911197	0.000596042329635	-0.000651121354861
-57	-75	-20	-0.000193456545449	0.000602608193377	-0.000673847860885
-55	-75	-20	-0.000201500024273	0.000607946007184	-0.000692544588755
-53	-75	-20	-0.000211084209139	0.000611977366177	-0.000706865135962
-51	-75	-20	-0.000222252163417	0.00061494152763	-0.000717768033612
-49	-75	-20	-0.000234717430102	0.000617318492126	-0.000727225525743
-47	-75	-20	-0.000247968722684	0.000619673868087	-0.000737615151638
-45	-75	-20	-0.000261434840211	0.000622471337775	-0.000750978688258
-43	-75	-20	-0.000274660087078	0.00062590994819	-0.000768379346666
-41	-75	-20	-0.00028743939916	0.000629837220093	-0.000789561733046
-39	-75	-20	-0.000299876215388	0.000633766799668	-0.000813026862134
-37	-75	-20	-0.000312349907306	0.000636997758656	-0.000836504582025
-35	-75	-20	-0.000325405681509	0.000638801411126	-0.00085767892921
-33	-75	-20	-0.000339600562883	0.000638620384946	-0.000874938810349
-31	-75	-20	-0.000355348823621	0.000636220309991	-0.000887914436598
-29	-75	-20	-0.000372807198046	0.000631748314174	-0.000897624301401
-27	-75	-20	-0.000391826459784	0.000625680338808	-0.000906179032377
-25	-75	-20	-0.000411976369192	0.000618672548659	-0.000916129328191
-23	-75	-20	-0.000432631672148	0.00061136063804	-0.000929660673761
-21	-75	-20	-0.000453092993558	0.000604166003702	-0.000947890175619
-19	-75	-20	-0.000472711134114	0.000597165175213	-0.000970492670161
-17	-75	-20	-0.000490986661213	0.000590059681141	-0.000995781788563
-15	-75	-20	-0.00050762656039	0.000582253835468	-0.00102122808118
-13	-75	-20	-0.000522552456727	0.000573016893344	-0.00104425583966
-11	-75	-20	-0.000535866778865	0.000561682864287	-0.00106306796441
-9	-75	-20	-0.000547791430942	0.000547832448763	-0.00107723455992
-7	-75	-20	-0.000558596805058	0.00053140894845	-0.00108785172295
-5	-75	-20	-0.000568537589702	0.000512740539616	-0.0010972111001
-3	-75	-20	-0.000577807174486	0.000492468242823	-0.00110807644705
-1	-75	-20	-0.000586516319764	0.000471404110944	-0.00112279118289
1	-75	-20	-0.000594695795007	0.000450360581336	-0.00114249940459
3	-75	-20	-0.000602318018626	0.000429995738377	-0.00116673205021
5	-75	-20	-0.000609329881412	0.000410710560363	-0.00119349812128
7	-75	-20	-0.000615687959863	0.00039261679005	-0.00121986238942
9	-75	-20	-0.000621388010774	0.000375573655567	-0.00124283563593
11	-75	-20	-0.000626482665165	0.0003592741991	-0.00126030086506
13	-75	-20	-0.000631084239722	0.000343351771542	-0.00127168271015
15	-75	-20	-0.000635353105274	0.000327476043499	-0.00127814398186
17	-75	-20	-0.000639475501569	0.000311414700801	-0.00128223997761
19	-75	-20	-0.000643637339657	0.000295048909376	-0.00128713209533
21	-75	-20	-0.000648001649146	0.000278343928713	-0.00129560337681
23	-75	-20	-0.000652696381883	0.000261287565888	-0.00130918450493
25	-75	-20	-0.000657816215092	0.000243816275546	-0.00132766750976
27	-75	-20	-0.000663437377822	0.000225750790358	-0.00134916470258
29	-75	-20	-0.000669639542211	0.000206760526008	-0.00137069916057
31	-75	-20	-0.000676525028938	0.000186369637151	-0.00138914428167
33	-75	-20	-0.000684224449537	0.000164008741722	-0.00140221724193
35	-75	-20	-0.000692880327416	0.000139106259488	-0.00140921107903
37	-75	-20	-0.000702606074896	0.000111203407339	-0.00141122997657
39	-75	-20	-0.000713425670322	8.00688115006e-05	-0.00141084777597
41	-75	-20	-0.000725207263934	4.57844017191e-05	-0.00141129213621
43	-75	-20	-0.00073760918525	8.77572660974e-06	-0.00141540840263
45	-75	-20	-0.000750057319102	-3.02316033265e-05	-0.0014247297036
47	-75	-20	-0.000761767661169	-7.03321787392e-05	-0.00143894939575
49	-75	-20	-0.000771817817724	-0.000110620641105	-0.00145596754966
51	-75	-20	-0.000779258650502	-0.000150394202741	-0.00147250346332
53	-75	-20	-0.000783245575681	-0.000189327327321	-0.00148508777676
55	-75	-20	-0.000783161627665	-0.000227566403738	-0.00149112713988
57	-75	-20	-0.000778703684323	-0.000265705812958	-0.00148971002792
59	-75	-20	-0.00076990980209	-0.000304634612788	-0.00148190231918
61	-75	-20	-0.000757117989785	-0.000345279237901	-0.00147044068115
63	-75	-20	-0.000740861939609	-0.000388302229955	-0.00145892040632
65	-75	-20	-0.0007217235558	-0.000433838781127	-0.00145073244252
67	-75	-20	-0.000700172310715	-0.000481352713984	-0.00144808183662
69	-75	-20	-0.000676425492906	-0.000529668045794	-0.00145139198232
71	-75	-20	-0.000650360840481	-0.000577185880004	-0.00145927461067
73	-75	-20	-0.000621504777879	-0.000622240887956	-0.00146906372849
75	-75	-20	-0.000589107184986	-0.000663503506621	-0.00147773027562
77	-75	-20	-0.000552299208291	-0.000700309296311	-0.00148287074817
79	-75	-20	-0.000510315820283	-0.00073280612214	-0.00148343684077
81	-75	-20	-0.000462751286298	-0.000761853662775	-0.00147995307696
83	-75	-20	-0.000409805206472	-0.000788677982865	-0.00147413081856
85	-75	-20	-0.000352471504495	-0.000814357682572	-0.00146797979347
87	-75	-20	-0.000292624910301	-0.000839275368124	-0.0014626824465
89	-75	-20	-0.000232970825406	-0.000862690389823	-0.00145758116256
91	-75	-20	-0.000176845047835	-0.000882567199548	-0.00144960773876
93	-75	-20	-0.000127877249373	-0.000895732488526	-0.00143336498039
95	-75	-20	-8.95612390911e-05	-0.000898349825004	-0.00140188850727
97	-75	-20	-6.47989985356e-05	-0.000886616533448	-0.00134792729403
99	-75	-20	-5.5497361623e-05	-0.000857527872852	-0.00126543933649
-99	-73	-20	-1.29913866947e-05	0.000481345130484	-0.000365072941489
-97	-73	-20	1.7819969672e-06	0.000494528560679	-0.000413731978605
-95	-73	-20	6.96915653833e-06	0.000505183414636	-0.000445674154518
-93	-73	-20	4.25596585335e-06	0.000514014685504	-0.000464511608129
-91	-73	-20	-4.19251293063e-06	0.000521808239238	-0.000474595548268
-89	-73	-20	-1.61386536116e-05	0.000529255976566	-0.000480143548768
-87	-73	-20	-2.96468871978e-05	0.000536818079572	-0.000484492761556
-85	-73	-20	-4.33444048304e-05	0.000544658008176	-0.000489655775502
-83	-73	-20	-5.65180245112e-05	0.000552666027209	-0.000496271559664
-81	-73	-20	-6.90420677451e-05	0.000560561588572	-0.000503932121686
-79	-73	-20	-8.11766857858e-05	0.000568041378242	-0.000511759021471
-77	-73	-20	-9.33076744773e-05	0.000574925649909	-0.000519035067244
-75	-73	-20	-0.000105708675257	0.000581255464903	-0.000525686946949
-73	-73	-20	-0.000118392748333	0.000587308254618	-0.000532467775599
-71	-73	-20	-0.000131087791033	0.000593524651328	-0.000540788511309
-69	-73	-20	-0.000143329741449	0.000600368124101	-0.000552262867579
-67	-73	-20	-0.000154631526267	0.000608161627289	-0.000568125246548
-65	-73	-20	-0.000164664915513	0.000616954760922	-0.000588724912438
-63	-73	-20	-0.000173392347866	0.000626467382796	-0.000613277544342
-61	-73	-20	-0.000181105307541	0.000636132993307	-0.000639973666853
-59	-73	-20	-0.000188357922467	0.000645234221246	-0.000666427650526
-57	-73	-20	-0.00019581854763	0.000653092982119	-0.000690337814901
-55	-73	-20	-0.000204087530425	0.000659258910494	-0.000710154317679
-53	-73	-20	-0.000213538651574	0.000663637903312	-0.000725541730666
-51	-73	-20	-0.000224232760157	0.00066651917554	-0.000737482145206
-49	-73	-20	-0.000235928471792	0.000668489427498	-0.000747974959479
-47	-73	-20	-0.000248184404069	0.000670257377957	-0.000759416905623
-45	-73	-20	-0.000260519877483	0.000672440190321	-0.000773849835332
-43	-73	-20	-0.000272584533867	0.000675376137751	-0.000792310375873
-41	-73	-20	-0.000284286323283	0.000679020847716	-0.000814488529484
-39	-73	-20	-0.000295841256082	0.00068295946148	-0.000838808612897
-37	-73	-20	-0.00030773222295	0.000686531588067	-0.000862914125975
-35	-73	-20	-0.000320590425034	0.000689030988162	-0.000884409523102
-33	-73	-20	-0.000335033761338	0.00068991843389	-0.000901627592873
-31	-73	-20	-0.000351506333891	0.000688981609586	-0.000914179019759
-29	-73	-20	-0.000370160180614	0.000686391824229	-0.000923105954167
-27	-73	-20	-0.000390806457375	0.000682638865794	-0.000930584639444
-25	-73	-20	-0.000412943488066	0.000678362802396	-0.000939265004212
-23	-73	-20	-0.00043584942828	0.000674133341496	-0.000951452302658
-21	-73	-20	-0.000458712999502	0.00067024371108	-0.000968389450343
-19	-73	-20	-0.000480769890296	0.000666581990652	-0.000989870418788
-17	-73	-20	-0.000501415270799	0.000662619804747	-0.0010143125619
-15	-73	-20	-0.000520272315328	0.000657523523614	-0.00103927059511
-13	-73	-20	-0.000537209195121	0.000650357286598	-0.00106223290341
-11	-73	-20	-0.000552309081412	0.000640321038415	-0.00108144750586
-9	-73	-20	-0.000565806573971	0.000626957856625	-0.00109651115342
-7	-73	-20	-0.000578008343619	0.000610275198006	-0.00110852655849
-5	-73	-20	-0.000589215738743	0.000590750472211	-0.00111976826518
-3	-73	-20	-0.000599663705448	0.000569224291842	-0.00113295487336
-1	-73	-20	-0.000609485045528	0.000546714890094	-0.00115035419668
1	-73	-20	-0.00061870313153	0.000524206019164	-0.00117300658138
3	-73	-20	-0.000627250720459	0.000502463546508	-0.00120031987971
5	-73	-20	-0.000635008110752	0.000481923374396	-0.00123017588112
7	-73	-20	-0.00064185098846	0.000462670131294	-0.00125952719073
9	-73	-20	-0.000647697202373	0.000444499855311	-0.00128530618671
11	-73	-20	-0.000652542577299	0.00042703827942	-0.0013053641975
13	-73	-20	-0.000656478688671	0.000409874865975	-0.00131914351794
15	-73	-20	-0.000659689885741	0.000392673443544	-0.00132786391291
17	-73	-20	-0.000662431924874	0.000375231529143	-0.00133415531094
19	-73	-20	-0.000664999153846	0.000357477830805	-0.00134124284427
21	-73	-20	-0.000667689974187	0.000339415602478	-0.00135193405365
23	-73	-20	-0.000670780310872	0.00032103366054	-0.00136772469423
25	-73	-20	-0.000674511750753	0.000302213986348	-0.00138830676407
27	-73	-20	-0.0006790955245	0.000282664213898	-0.00141163910617
29	-73	-20	-0.000684727139858	0.000261896167996	-0.0014345651354
31	-73	-20	-0.000691601283777	0.000239260362129	-0.00145378907843
33	-73	-20	-0.000699914564305	0.000214033642022	-0.0014669066175
35	-73	-20	-0.000709845960859	0.000185545267853	-0.00147316534249
37	-73	-20	-0.000721511406412	0.000153317392661	-0.00147371249022
39	-73	-20	-0.000734898195084	0.000117190405756	-0.00147124710547
41	-73	-20	-0.00074979419445	7.74030417489e-05	-0.00146918111048
43	-73	-20	-0.000765733018554	3.46023951311e-05	-0.00147056967905
45	-73	-20	-0.000781976812885	-1.02296030411e-05	-0.00147714612579
47	-73	-20	-0.000797552026566	-5.59298569788e-05	-0.00148876595405
49	-73	-20	-0.000811341444061	-0.000101364764084	-0.00150343774675
51	-73	-20	-0.000822220736192	-0.00014565629933	-0.00151793485385
53	-73	-20	-0.000829214027728	-0.000188370430259	-0.00152879917327
55	-73	-20	-0.000831634653291	-0.000229615241811	-0.0015334245138
57	-73	-20	-0.000829177274166	-0.000270011479867	-0.00153088141996
59	-73	-20	-0.000821936467409	-0.000310527204004	-0.00152222627554
61	-73	-20	-0.000810342830607	-0.000352204916839	-0.00151019956522
63	-73	-20	-0.00079502661441	-0.000395844087707	-0.00149841014776
65	-73	-20	-0.000776636121027	-0.000441723251488	-0.00149026347352
67	-73	-20	-0.000755649399409	-0.000489444899943	-0.00148797075697
69	-73	-20	-0.000732220664647	-0.000537959944644	-0.00149194803359
71	-73	-20	-0.000706097129071	-0.000585781146126	-0.0015007876134
73	-73	-20	-0.000676629278443	-0.000631338593023	-0.00151179974647
75	-73	-20	-0.000642880938552	-0.000673381666451	-0.00152193797515
77	-73	-20	-0.000603827835784	-0.000711307196305	-0.00152879632938
79	-73	-20	-0.000558617345081	-0.000745303217926	-0.00153134035171
81	-73	-20	-0.00050684962082	-0.000776242524297	-0.00153011582169
83	-73	-20	-0.00044883271722	-0.000805329644291	-0.00152684385091
85	-73	-20	-0.000385762883109	-0.000833579786227	-0.00152350752728
87	-73	-20	-0.000319787175306	-0.000861266211905	-0.00152120235787
89	-73	-20	-0.0002539196567	-0.000887494672786	-0.00151910852143
91	-73	-20	-0.000191804286936	-0.000910041061771	-0.00151392089894
93	-73	-20	-0.000137344712774	-0.000925525641143	-0.00149994982558
95	-73	-20	-9.42487805555e-05	-0.000929910818238	-0.00146991896077
97	-73	-20	-6.5557393422e-05	-0.000919223693384	-0.00141629246261
99	-73	-20	-5.32370413509e-05	-0.000890343857026	-0.00133281834239
-99	-71	-20	-5.73273529815e-06	0.000502668331066	-0.000368246200407
-97	-71	-20	9.58122816628e-06	0.000517204418197	-0.000417136251231
-95	-71	-20	1.52846968535e-05	0.000529098104806	-0.000449304017442
-93	-71	-20	1.30735060347e-05	0.000539111649542	-0.00046837269141
-91	-71	-20	5.1171094947e-06	0.000548090281615	-0.000478705699279
-89	-71	-20	-6.35353993751e-06	0.000556774370433	-0.000484532521346
-87	-71	-20	-1.94243030986e-05	0.000565652601304	-0.000489201064338
-85	-71	-20	-3.27592362752e-05	0.000574894453399	-0.000494733592703
-83	-71	-20	-4.56945264308e-05	0.000584378513846	-0.00050177860675
-81	-71	-20	-5.81600355726e-05	0.00059380541869	-0.000509938878879
-79	-71	-20	-7.04688993023e-05	0.000602858698218	-0.000518349088339
-77	-71	-20	-8.30477987241e-05	0.000611361586353	-0.000526307610524
-75	-71	-20	-9.61905904496e-05	0.000619378225951	-0.000533757650255
-73	-71	-20	-0.000109903866044	0.000627224296108	-0.000541466607428
-71	-71	-20	-0.000123879961673	0.00063538039348	-0.000550853158183
-69	-71	-20	-0.000137591690561	0.000644333035577	-0.000563527794247
-67	-71	-20	-0.0001504663855	0.000654392997665	-0.000580707791314
-65	-71	-20	-0.000162075509886	0.000665550610895	-0.00060271117819
-63	-71	-20	-0.000172275725278	0.000677418822855	-0.000628711621767
-61	-71	-20	-0.000181256815181	0.000689289285565	-0.000656853539355
-59	-71	-20	-0.000189484148301	0.000700291965321	-0.000684709841971
-57	-71	-20	-0.000197557752974	0.000709615497797	-0.000709950652776
-55	-71	-20	-0.000206035801382	0.000716724404771	-0.000731017129418
-53	-71	-20	-0.000215279822488	0.000721507506631	-0.000747585112838
-51	-71	-20	-0.000225370112605	0.00072431063873	-0.000760663384496
-49	-71	-20	-0.000236116200977	0.000725840820821	-0.000772283235379
-47	-71	-20	-0.000247156823424	0.000726968025359	-0.000784865122935
-45	-71	-20	-0.000258116305946	0.000728482472966	-0.000800453364063
-43	-71	-20	-0.000268767830828	0.000730879773331	-0.000820056737938
-41	-71	-20	-0.000279153184951	0.000734238342752	-0.000843305099048
-39	-71	-20	-0.000289622746953	0.000738225446623	-0.000868536753794
-37	-71	-20	-0.000300783639643	0.00074222845253	-0.000893297370204
-35	-71	-20	-0.000313370474094	0.000745568784148	-0.000915100507884
-33	-71	-20	-0.000328074108582	0.00074772994657	-0.000932214240317
-31	-71	-20	-0.000345373724019	0.000748526210428	-0.000944225996065
-29	-71	-20	-0.000365414372426	0.000748156811852	-0.000952203995475
-27	-71	-20	-0.000387958009267	0.000747126315424	-0.000958398799898
-25	-71	-20	-0.000412415819166	0.000746054012922	-0.000965573619154
-23	-71	-20	-0.000437949466388	0.000745430725242	-0.000976171145591
-21	-71	-20	-0.000463614042605	0.000745399035155	-0.000991579316042
-19	-71	-20	-0.000488509038618	0.000745627259578	-0.00101173003362
-17	-71	-20	-0.000511905987126	0.000745320115528	-0.0010351612483
-15	-71	-20	-0.00053333050194	0.00074336849231	-0.00105952586831
-13	-71	-20	-0.000552588924404	0.00073859946745	-0.00108238713819
-11	-71	-20	-0.000569742195525	0.000730058219455	-0.00110204556486
-9	-71	-20	-0.000585039250819	0.000717244492472	-0.00111812840096
-7	-71	-20	-0.000598827831062	0.0007002400073	-0.00113174503989
-5	-71	-20	-0.000611462002989	0.000679694972957	-0.00114514875731
-3	-71	-20	-0.000623223609428	0.00065668163023	-0.00116100417887
-1	-71	-20	-0.00063427037633	0.000632458546233	-0.00118148996183
1	-71	-20	-0.000644617530188	0.000608210936099	-0.00120752501688
3	-71	-20	-0.000654153407753	0.000584834174671	-0.00123837377758
5	-71	-20	-0.000662683461201	0.000562810610475	-0.0012717701685
7	-71	-20	-0.000669992080928	0.000542200083252	-0.00130453647754
9	-71	-20	-0.000675908609944	0.000522731700551	-0.00133351374023
11	-71	-20	-0.000680363526409	0.000503958106702	-0.001356515759
13	-71	-20	-0.000683423352432	0.000485420579044	-0.00137300415576
15	-71	-20	-0.000685298077495	0.000466776168571	-0.00138426349496
17	-71	-20	-0.000686321664979	0.000447854349506	-0.00139300940546
19	-71	-20	-0.000686912832843	0.000428634298137	-0.00140254108716
21	-71	-20	-0.000687527878256	0.000409157637583	-0.00141569617888
23	-71	-20	-0.00068861837259	0.000389408811011	-0.00143393340544
25	-71	-20	-0.000690603563489	0.00036920232984	-0.00145683386606
27	-71	-20	-0.000693861013825	0.000348112405275	-0.00148218456181
29	-71	-20	-0.000698731278804	0.000325468195557	-0.0015066267535
31	-71	-20	-0.00070552584171	0.000300421070806	-0.00152667364002
33	-71	-20	-0.00071452456167	0.000272073193821	-0.00153978315704
35	-71	-20	-0.000725951057224	0.000239642800225	-0.00154515076185
37	-71	-20	-0.000739921710412	0.000202632953523	-0.00154397163074
39	-71	-20	-0.00075637452161	0.000160968109617	-0.00153908607633
41	-71	-20	-0.000774994680925	0.000115066585646	-0.00153411492879
43	-71	-20	-0.000795160745744	6.58266018386e-05	-0.00153235234953
45	-71	-20	-0.000815935685079	1.45182143772e-05	-0.00153576103287
47	-71	-20	-0.000836119494398	-3.74082253009e-05	-0.00154438402177
49	-71	-20	-0.000854365748195	-8.856701522e-05	-0.00155635758636
51	-71	-20	-0.000869346841601	-0.000137888736505	-0.00156852138587
53	-71	-20	-0.000879936757652	-0.000184822805949	-0.00157743472752
55	-71	-20	-0.000885370984983	-0.000229438157753	-0.00158048035688
57	-71	-20	-0.000885344119157	-0.00027238658921	-0.00157671019732
59	-71	-20	-0.000880017341152	-0.000314723498413	-0.00156716940825
61	-71	-20	-0.000869927868689	-0.000357617821259	-0.00155460012566
63	-71	-20	-0.000855815629258	-0.00040201725645	-0.00154262198716
65	-71	-20	-0.000838402811994	-0.000448355397141	-0.00153465093203
67	-71	-20	-0.000818174408247	-0.000496385433345	-0.00153289861395
69	-71	-20	-0.000795209403661	-0.000545197580239	-0.00153776637204
71	-71	-20	-0.000769102938782	-0.000593429009075	-0.00154781906098
73	-71	-20	-0.000739002155324	-0.000639617978408	-0.00156033600672
75	-71	-20	-0.000703756805103	-0.000682604814676	-0.0015722487564
77	-71	-20	-0.000662164439495	-0.000721857741517	-0.00158114797992
79	-71	-20	-0.000613272644021	-0.0007576118533	-0.00158601578409
81	-71	-20	-0.000556689483189	-0.000790755342596	-0.00158742385223
83	-71	-20	-0.000492849017959	-0.000822467769169	-0.00158710648821
85	-71	-20	-0.000423181717495	-0.000853691194266	-0.00158701843199
87	-71	-20	-0.000350149828143	-0.00088457357678	-0.00158815768257
89	-71	-20	-0.000277125039697	-0.000914045867231	-0.00158952046242
91	-71	-20	-0.000208109070965	-0.000939670746431	-0.0015875318267
93	-71	-20	-0.000147324569454	-0.000957836413273	-0.00157616835047
95	-71	-20	-9.87296447303e-05	-0.000964280345334	-0.00154779733023
97	-71	-20	-6.55287500266e-05	-0.000954840332376	-0.00149455740832
99	-71	-20	-4.97598748114e-05	-0.000926268232592	-0.00140995658483
-99	-69	-20	3.68208467021e-06	0.000526205980441	-0.000374239179791
-97	-69	-20	1.95975379379e-05	0.000542243456688	-0.000423498490963
-95	-69	-20	2.58441773316e-05	0.000555514841007	-0.000456003044264
-93	-69	-20	2.4133904847e-05	0.000566845078227	-0.000475394896444
-91	-69	-20	1.66482710382e-05	0.000577143990907	-0.000486058559063
-89	-69	-20	5.61934393529e-06	0.000587204061218	-0.000492243527641
-87	-69	-20	-7.05366877016e-06	0.000597543586587	-0.000497314378037
-85	-69	-20	-2.00674035972e-05	0.000608336424602	-0.000503306084318
-83	-69	-20	-3.28056326042e-05	0.000619445705824	-0.000510877050026
-81	-69	-20	-4.5254112583e-05	0.000630548621318	-0.000519639529694
-79	-69	-20	-5.77805968456e-05	0.000641311665048	-0.000528739820542
-77	-69	-20	-7.08544828905e-05	0.000651559345984	-0.000537491506125
-75	-69	-20	-8.4790878763e-05	0.00066138015631	-0.000545855887371
-73	-69	-20	-9.95895026706e-05	0.00067113214537	-0.000554618079441
-71	-69	-20	-0.000114905119252	0.000681341804488	-0.000565208756662
-69	-69	-20	-0.000130144100142	0.000692524744408	-0.000579238685538
-67	-69	-20	-0.000144644173233	0.000704983887397	-0.000597908985218
-65	-69	-20	-0.000157872488891	0.000718651511412	-0.00062150364533
-63	-69	-20	-0.000169576493755	0.00073303128319	-0.000649147486828
-61	-69	-20	-0.000179841686363	0.000747267696572	-0.000678928903445
-59	-69	-20	-0.00018904292932	0.000760331434272	-0.000708368339736
-57	-69	-20	-0.000197710798982	0.000771272061595	-0.000735098154594
-55	-69	-20	-0.000206360557287	0.000779466024659	-0.000757544727709
-53	-69	-20	-0.000215341086919	0.000784786136489	-0.000775394641557
-51	-69	-20	-0.000224752342757	0.000787639939625	-0.000789688177151
-49	-69	-20	-0.000234456178476	0.000788862590864	-0.000802497288036
-47	-69	-20	-0.000244174853885	0.000789493662726	-0.000816276397405
-45	-69	-20	-0.00025364385949	0.000790502863926	-0.000833081097501
-43	-69	-20	-0.000262769265077	0.000792545754925	-0.000853897235705
-41	-69	-20	-0.000271739093146	0.000795821625336	-0.000878294254001
-39	-69	-20	-0.000281052704006	0.000800074177035	-0.000904519289745
-37	-69	-20	-0.000291456779913	0.00080473110916	-0.00093001191441
-35	-69	-20	-0.000303803426871	0.000809135010417	-0.000952186180385
-33	-69	-20	-0.000318867228351	0.000812788953435	-0.000969239384632
-31	-69	-20	-0.000337168078846	0.000815535220114	-0.000980734354103
-29	-69	-20	-0.000358843347237	0.000817606534307	-0.000987769532644
-27	-69	-20	-0.000383598403125	0.000819529723663	-0.000992678638691
-25	-69	-20	-0.000410743781681	0.000821909289205	-0.000998349560264
-23	-69	-20	-0.000439306416451	0.000825157995835	-0.00100737363404
-21	-69	-20	-0.000468186805836	0.000829260735559	-0.00102129234297
-19	-69	-20	-0.000496326862807	0.000833650331152	-0.00104017991395
-17	-69	-20	-0.000522854959493	0.000837241756586	-0.00106269516556
-15	-69	-20	-0.000547183408276	0.000838624260948	-0.00108658675485
-13	-69	-20	-0.000569046086384	0.000836363510975	-0.00110948986215
-11	-69	-20	-0.000588476738723	0.000829332596682	-0.00112975628996
-9	-69	-20	-0.000605739084791	0.000816981592923	-0.00114704564066
-7	-69	-20	-0.000621226791968	0.000799472818306	-0.00116247869241
-5	-69	-20	-0.00063535433096	0.000777647285544	-0.00117829324773
-3	-69	-20	-0.000648459073173	0.000752835176082	-0.00119710398202
-1	-69	-20	-0.000660731385007	0.000726565224028	-0.00122099960896
1	-69	-20	-0.000672183631479	0.000700252516683	-0.00125076987056
3	-69	-20	-0.00068266167766	0.000674945039062	-0.00128552076131
5	-69	-20	-0.000691894606757	0.000651187378682	-0.00132281787077
7	-69	-20	-0.000699571171806	0.000629023143972	-0.00135933097746
9	-69	-20	-0.00070542636863	0.000608117550672	-0.00139179056005
11	-69	-20	-0.000709319742283	0.000587950141088	-0.00141796102875
13	-69	-20	-0.000711289325667	0.000568013125732	-0.00143732155596
15	-69	-20	-0.000711571197213	0.000547956102591	-0.00145123004326
17	-69	-20	-0.000710583170569	0.000527639648429	-0.00146250419862
19	-69	-20	-0.000708879866814	0.000507090756334	-0.00147453695752
21	-69	-20	-0.000707092876472	0.00048638284076	-0.00149021364065
23	-69	-20	-0.000705871913385	0.000465483785262	-0.00151096678312
25	-69	-20	-0.000705840024606	0.000444122467409	-0.00153626808946
27	-69	-20	-0.000707568855084	0.000421716943927	-0.00156372511087
29	-69	-20	-0.000711570926969	0.000397389479903	-0.00158976318963
31	-69	-20	-0.000718297965624	0.000370070625551	-0.0016106893563
33	-69	-20	-0.000728130452924	0.000338672677517	-0.00162381243538
35	-69	-20	-0.000741345658167	0.000302296864073	-0.00162827213027
37	-69	-20	-0.000758059375579	0.000260431003144	-0.00162531728441
39	-69	-20	-0.000778148406872	0.00021309554841	-0.00161794336041
41	-69	-20	-0.00080117276682	0.0001609046904	-0.001609998572
43	-69	-20	-0.000826324369473	0.000105023655425	-0.00160503436976
45	-69	-20	-0.000852429055737	4.70215297807e-05	-0.00160525649592
47	-69	-20	-0.00087801979396	-1.13613107632e-05	-0.00161090179944
49	-69	-20	-0.000901482099305	-6.84933734648e-05	-0.00162023283549
51	-69	-20	-0.000921252301839	-0.000123127734175	-0.0016301487146
53	-69	-20	-0.000936031108168	-0.000174615210932	-0.00163721768955
55	-69	-20	-0.000944964820555	-0.000223002985054	-0.00163880547259
57	-69	-20	-0.000947748581604	-0.000268986181995	-0.00163394476233
59	-69	-20	-0.000944620744106	-0.000313711254519	-0.00162367483108
61	-69	-20	-0.000936241789123	-0.000358467155787	-0.00161074871856
63	-69	-20	-0.00092347900024	-0.000404333817249	-0.00159880597425
65	-69	-20	-0.000907142014525	-0.000451876747358	-0.00159127731154
67	-69	-20	-0.000887728078471	-0.000500973236202	-0.00159037046479
69	-69	-20	-0.00086523586812	-0.000550826869788	-0.00159645762034
71	-69	-20	-0.00083909335884	-0.000600177681719	-0.00160805322577
73	-69	-20	-0.000808222118928	-0.000647657582795	-0.00162237864735
75	-69	-20	-0.000771233244194	-0.000692191521928	-0.00163631835748
77	-69	-20	-0.000726724854162	-0.00073332055901	-0.00164744243269
79	-69	-20	-0.000673632200713	-0.000771334202048	-0.00165474405637
81	-69	-20	-0.000611571442455	-0.000807146432824	-0.00165882765684
83	-69	-20	-0.00054111745622	-0.000841921923571	-0.00166145679148
85	-69	-20	-0.000463963862405	-0.00087653618336	-0.00166457705901
87	-69	-20	-0.000382928437064	-0.00091101256876	-0.0016691039097
89	-69	-20	-0.000301787891766	-0.000944100880447	-0.00167385371229
91	-69	-20	-0.000224950940371	-0.00097313754848	-0.00167497106456
93	-69	-20	-0.000157005062346	-0.000994260832187	-0.00166607349826
95	-69	-20	-0.000102196507521	-0.00100296358777	-0.00163913620976
97	-69	-20	-6.39198855226e-05	-0.000994876405837	-0.00158593349143
99	-69	-20	-4.42982411841e-05	-0.000966610829761	-0.00149970013067
-99	-67	-20	1.57339224686e-05	0.000552198444625	-0.000384150052693
-97	-67	-20	3.22608341466e-05	0.000569875373454	-0.000434005366276
-95	-67	-20	3.90013988942e-05	0.000584643171277	-0.000467045527362
-93	-67	-20	3.76928947723e-05	0.000597395151422	-0.000486941543219
-91	-67	-20	3.05422400282e-05	0.00060911146222	-0.000498109605391
-89	-67	-20	1.97980434729e-05	0.000620640801911	-0.000504827808487
-87	-67	-20	7.36027883882e-06	0.000632532290163	-0.000510482110525
-85	-67	-20	-5.4859093614e-06	0.000644961982842	-0.000517120351829
-83	-67	-20	-1.81599460825e-05	0.000657772416058	-0.00052540712415
-81	-67	-20	-3.06944790915e-05	0.000670610520536	-0.000534958427257
-79	-67	-20	-4.350579703e-05	0.000683119077143	-0.000544926864833
-77	-67	-20	-5.71025451694e-05	0.000695119224826	-0.00055463861202
-75	-67	-20	-7.18198635108e-05	0.000706722684974	-0.000564074484476
-73	-67	-20	-8.76513998495e-05	0.000718333016624	-0.000574042687977
-71	-67	-20	-0.000104217163752	0.000730529840969	-0.000585993672839
-69	-67	-20	-0.000120862065091	0.000743868243566	-0.000601546048186
-67	-67	-20	-0.000136841506302	0.000758655407411	-0.000621889250104
-65	-67	-20	-0.000151527807618	0.00077477794289	-0.000647272376543
-63	-67	-20	-0.000164570380165	0.000791641764385	-0.000676764422314
-61	-67	-20	-0.000175962335948	0.00080825429298	-0.00070838565331
-59	-67	-20	-0.000185999302289	0.000823435506337	-0.000739589463588
-57	-67	-20	-0.000195151584421	0.000836103189475	-0.000767956990118
-55	-67	-20	-0.000203897390651	0.000845551849101	-0.000791891068653
-53	-67	-20	-0.000212574820604	0.000851642975881	-0.000811087445915
-51	-67	-20	-0.00022130147974	0.000854848141966	-0.000826624207997
-49	-67	-20	-0.00022998661818	0.000856129162068	-0.000840626842961
-47	-67	-20	-0.000238429774543	0.000856688330896	-0.000855600244918
-45	-67	-20	-0.000246471938709	0.000857661379882	-0.000873627749961
-43	-67	-20	-0.000254148725707	0.000859843581314	-0.000895685394396
-41	-67	-20	-0.000261794537246	0.000863529319463	-0.000921289993761
-39	-67	-20	-0.000270061635013	0.000868510132818	-0.00094859983122
-37	-67	-20	-0.000279843285704	0.00087422646282	-0.000974946853089
-35	-67	-20	-0.000292117721283	0.000880019669251	-0.000997642949247
-33	-67	-20	-0.000307751473592	0.000885398758194	-0.00101481361681
-31	-67	-20	-0.000327310851537	0.000890231170589	-0.0010259994173
-29	-67	-20	-0.000350926921918	0.000894790928213	-0.00103233467735
-27	-67	-20	-0.000378244384923	0.000899643256668	-0.00103624332838
-25	-67	-20	-0.000408463282925	0.00090539827053	-0.00104074312768
-23	-67	-20	-0.000440460808972	0.000912410546505	-0.00104857387232
-21	-67	-20	-0.000472964067403	0.000920522240737	-0.00106142255328
-19	-67	-20	-0.000504736741034	0.0009289378501	-0.00107948943155
-17	-67	-20	-0.000534743754528	0.000936281288069	-0.00110153178473
-15	-67	-20	-0.000562266380018	0.000940831929475	-0.00112536979595
-13	-67	-20	-0.000586952691042	0.000940882220898	-0.00114868992286
-11	-67	-20	-0.000608801569269	0.000935121964494	-0.00116988306558
-9	-67	-20	-0.000628090054188	0.000922944918557	-0.00118864032011
-7	-67	-20	-0.000645262208894	0.000904594660048	-0.00120610417854
-5	-67	-20	-0.000660802299066	0.000881111986764	-0.00122451513479
-3	-67	-20	-0.000675115956465	0.000854101537512	-0.00124645818495
-1	-67	-20	-0.000688440366401	0.000825384086161	-0.00127394795205
1	-67	-20	-0.00070079875037	0.00079662894402	-0.00130765102659
3	-67	-20	-0.000712006131101	0.000769060712461	-0.00134650848475
5	-67	-20	-0.000721723651536	0.000743307683756	-0.00138789958673
7	-67	-20	-0.000729549207015	0.000719414855016	-0.00142831654518
9	-67	-20	-0.000735124834071	0.000696996823495	-0.00146435388759
11	-67	-20	-0.000738238042731	0.000675468923276	-0.00149370801173
13	-67	-20	-0.000738896182929	0.000654278833086	-0.00151586928691
15	-67	-20	-0.000737359817488	0.000633068646726	-0.00153227721008
17	-67	-20	-0.000734131307222	0.000611724881727	-0.00154587304563
19	-67	-20	-0.000729905654212	0.000590311498287	-0.00156017354374
21	-67	-20	-0.000725498999568	0.000568916991219	-0.00157814398938
23	-67	-20	-0.000721773549445	0.00054747083486	-0.00160121894479
25	-67	-20	-0.000719575090835	0.00052559121114	-0.00162878050911
27	-67	-20	-0.000719691533163	0.000502514816152	-0.00165826678272
29	-67	-20	-0.000722830676486	0.000477135368383	-0.0016858891171
31	-67	-20	-0.000729606247201	0.000448147932504	-0.0017077461072
33	-67	-20	-0.000740516606695	0.000414269384095	-0.00172099543486
35	-67	-20	-0.000755902578728	0.000374487417253	-0.00172472250842
37	-67	-20	-0.00077587957007	0.000328284401062	-0.00172023559556
39	-67	-20	-0.000800252218604	0.00027578785902	-0.00171069336016
41	-67	-20	-0.000828432982055	0.000217813813735	-0.0017001776085
43	-67	-20	-0.000859394496665	0.00015578915269	-0.00169249669807
45	-67	-20	-0.000891685195741	9.15610521729e-05	-0.00169008894191
47	-67	-20	-0.000923526955616	2.71223852069e-05	-0.00169336372545
49	-67	-20	-0.000952994058958	-3.57006805972e-05	-0.00170068063034
51	-67	-20	-0.000978249330697	-9.55416914296e-05	-0.00170896679855
53	-67	-20	-0.000997792709764	-0.00015170843397	-0.00171477312017
55	-67	-20	-0.00101066657428	-0.000204269543285	-0.00171543355844
57	-67	-20	-0.00101656541745	-0.000253985747461	-0.00170996195134
59	-67	-20	-0.00101581562244	-0.000302090482911	-0.00169940618408
61	-67	-20	-0.00100922028519	-0.000349961126656	-0.00168655331757
63	-67	-20	-0.000997796911523	-0.000398753953968	-0.0016750857515
65	-67	-20	-0.000982463576618	-0.000449093115511	-0.00166846208681
67	-67	-20	-0.000963744225934	-0.000500898564425	-0.0016688818066
69	-67	-20	-0.000941562169765	-0.000553407502912	-0.00167666302888
71	-67	-20	-0.000915173047261	-0.000605393601086	-0.00169022690091
73	-67	-20	-0.00088325939137	-0.000655530292475	-0.00170668393461
75	-67	-20	-0.00084417571645	-0.00070279564108	-0.0017228200148
77	-67	-20	-0.00079630329926	-0.000746792939685	-0.00173614626241
79	-67	-20	-0.000738453233907	-0.000787873755086	-0.00174565066454
81	-67	-20	-0.000670247686242	-0.000826998863962	-0.00175197984564
83	-67	-20	-0.000592412463	-0.000865346262874	-0.00175695910957
85	-67	-20	-0.000506927040406	-0.000903753984998	-0.00176257218759
87	-67	-20	-0.000416998354053	-0.000942145235234	-0.00176970245386
89	-67	-20	-0.000326849337715	-0.00097910469898	-0.00177702830549
91	-67	-20	-0.000241340026464	-0.0010117486053	-0.00178043824975
93	-67	-20	-0.00016546535174	-0.00103596209599	-0.00177319375159
95	-67	-20	-0.000103796088967	-0.00104698374742	-0.00174686140789
97	-67	-20	-5.99435176208e-05	-0.00104022484025	-0.00169282206993
99	-67	-20	-3.61300580999e-05	-0.00101214641697	-0.0016040054309
-99	-65	-20	3.05726480244e-05	0.000580651145613	-0.000398335335838
-97	-65	-20	4.7642145723e-05	0.000600077454373	-0.000449087196114
-95	-65	-20	5.47235677455e-05	0.00061642311077	-0.000482948100313
-93	-65	-20	5.35916830424e-05	0.000630654975656	-0.000503628057318
-91	-65	-20	4.64975512724e-05	0.00064382894113	-0.000515584188075
-89	-65	-20	3.57299051003e-05	0.000656853731726	-0.000523128924836
-87	-65	-20	2.32156389099e-05	0.000670309980738	-0.000529670038466
-85	-65	-20	1.02481164476e-05	0.000684372732973	-0.000537263035083
-83	-65	-20	-2.60308449706e-06	0.000698857003728	-0.00054656918603
-81	-65	-20	-1.53963177503e-05	0.000713369986584	-0.00055719708412
-79	-65	-20	-2.85799703619e-05	0.000727520665691	-0.000568296119744
-77	-65	-20	-4.2691170343e-05	0.000741118465296	-0.000579200094549
-75	-65	-20	-5.80806557452e-05	0.000754294029179	-0.0005899105768
-73	-65	-20	-7.47383519578e-05	0.000767497992071	-0.000601266091025
-71	-65	-20	-9.22588639323e-05	0.000781371616945	-0.000614747958576
-69	-65	-20	-0.000109941873032	0.000796525100123	-0.000631994096717
-67	-65	-20	-0.000126982945539	0.000813291956843	-0.000654190218306
-65	-65	-20	-0.000142687024729	0.000831540227862	-0.0006815518958
-63	-65	-20	-0.000156635876231	0.000850608269109	-0.000713085762859
-61	-65	-20	-0.000168760878424	0.000869397458778	-0.00074673049899
-59	-65	-20	-0.000179306293675	0.00088660649322	-0.000779855172976
-57	-65	-20	-0.000188704263925	0.00090104667045	-0.000809973055953
-55	-65	-20	-0.000197409891416	0.000911949195345	-0.000835452012599
-53	-65	-20	-0.000205754939518	0.000919173802391	-0.000855994211931
-51	-65	-20	-0.000213869634688	0.000923254467669	-0.000872722906357
-49	-65	-20	-0.000221697552956	0.000925265303844	-0.00088783362352
-47	-65	-20	-0.000229097001633	0.000926543629504	-0.00090390441398
-45	-65	-20	-0.000235993796156	0.000928350865795	-0.000923071203956
-43	-65	-20	-0.000242533581859	0.000931571312088	-0.000946323361887
-41	-65	-20	-0.00024918153211	0.000936537326573	-0.000973143890912
-39	-65	-20	-0.000256732807523	0.000943030017101	-0.00100161591421
-37	-65	-20	-0.000266223270681	0.000950449216275	-0.00102897329009
-35	-65	-20	-0.000278758456256	0.000958092576565	-0.00105243311229
-33	-65	-20	-0.000295301348742	0.000965448281203	-0.00107005615999
-31	-65	-20	-0.000316470101701	0.000972400733213	-0.00108136819762
-29	-65	-20	-0.000342393353616	0.000979275855881	-0.00108754605727
-27	-65	-20	-0.000372655337237	0.000986704222627	-0.00109110656273
-25	-65	-20	-0.000406340728983	0.000995340143217	-0.00109519194241
-23	-65	-20	-0.000442166546442	0.00100552413009	-0.00110267322055
-21	-65	-20	-0.000478670988122	0.00101699894214	-0.00111535201694
-19	-65	-20	-0.000514420289857	0.00102877786873	-0.00113351143232
-17	-65	-20	-0.000548195062535	0.00103922099938	-0.00115595652925
-15	-65	-20	-0.000579125470413	0.00104631376368	-0.00118052849862
-13	-65	-20	-0.000606757012672	0.00104808081123	-0.00120492347426
-11	-65	-20	-0.000631042432308	0.00104302618198	-0.00122754642682
-9	-65	-20	-0.000652267896706	0.00103048067003	-0.00124811589515
-7	-65	-20	-0.000670931508149	0.00101076234293	-0.00126781274627
-5	-65	-20	-0.000687598614872	0.000985108552371	-0.00128891241474
-3	-65	-20	-0.000702760930386	0.000955401406986	-0.00131400923316
-1	-65	-20	-0.000716724936211	0.000923764402732	-0.00134507924157
1	-65	-20	-0.000729549451001	0.000892139462509	-0.00138268886758
3	-65	-20	-0.000741043070711	0.000861952619974	-0.00142561940831
5	-65	-20	-0.000750820647817	0.000833944749015	-0.0014710508504
7	-65	-20	-0.000758406139926	0.000808192037845	-0.00151527167711
9	-65	-20	-0.000763359602565	0.000784285678791	-0.00155470963921
11	-65	-20	-0.000765401273408	0.000761597957367	-0.00158696749598
13	-65	-20	-0.000764507092834	0.000739544154103	-0.0016115348875
15	-65	-20	-0.000760957532781	0.000717759916922	-0.00162993965167
17	-65	-20	-0.000755333390072	0.000696146938863	-0.00164527239981
19	-65	-20	-0.00074846500719	0.000674784383309	-0.0016612145831
21	-65	-20	-0.000741351541146	0.000653745558856	-0.00168086061523
23	-65	-20	-0.000735071452648	0.000632886777169	-0.00170569695392
25	-65	-20	-0.000730703082111	0.000611681357104	-0.00173506040987
27	-65	-20	-0.000729265956182	0.000589156391549	-0.00176625485656
29	-65	-20	-0.000731682252081	0.000563959280275	-0.00179530328117
31	-65	-20	-0.000738747681483	0.000534544887568	-0.00181811363635
33	-65	-20	-0.00075109583013	0.000499442623316	-0.00183170494306
35	-65	-20	-0.000769142128858	0.000457543355136	-0.00183511710465
37	-65	-20	-0.000793003156038	0.000408342191785	-0.00182972246511
39	-65	-20	-0.000822401242937	0.000352083827277	-0.00181884069161
41	-65	-20	-0.000856578658485	0.000289778127631	-0.00180677405955
43	-65	-20	-0.00089425452756	0.0002230794806	-0.00179756008604
45	-65	-20	-0.000933656632068	0.000154048968322	-0.00179382595336
47	-65	-20	-0.000972647575042	8.48398006106e-05	-0.0017960964695
49	-65	-20	-0.00100894236101	1.73611256981e-05	-0.00180276450667
51	-65	-20	-0.00104038777125	-4.70183987414e-05	-0.00181072485171
53	-65	-20	-0.00106525078031	-0.000107669396723	-0.00181646478287
55	-65	-20	-0.001082451455	-0.00016475924435	-0.00181726295417
57	-65	-20	-0.00109168050733	-0.000219149135064	-0.00181211695482
59	-65	-20	-0.00109336357801	-0.000272144078246	-0.00180210881213
61	-65	-20	-0.00108846884627	-0.000325143831959	-0.0017900982207
63	-65	-20	-0.00107819298124	-0.000379271454822	-0.00177984784695
65	-65	-20	-0.00106359241017	-0.000435069805448	-0.00177486532368
67	-65	-20	-0.00104524350715	-0.00049234790633	-0.00177733507806
69	-65	-20	-0.00102301193731	-0.000550226729965	-0.00178748166612
71	-65	-20	-0.000995988907418	-0.000607382894576	-0.00180356475129
73	-65	-20	-0.000962616450816	-0.000662431202313	-0.00182249931273
75	-65	-20	-0.000920984136625	-0.000714339426423	-0.00184088904113
77	-65	-20	-0.000869244996815	-0.000762747292074	-0.00185612213882
79	-65	-20	-0.000806075927777	-0.000808076336254	-0.00186715194686
81	-65	-20	-0.000731100479797	-0.00085136829163	-0.00187467977395
83	-65	-20	-0.000645199152722	-0.000893865365335	-0.00188064531806
85	-65	-20	-0.000550650830474	-0.000936425733358	-0.00188715292776
87	-65	-20	-0.00045107461265	-0.00097892781051	-0.00189515017249
89	-65	-20	-0.000351170157818	-0.00101983745281	-0.00190326986984
91	-65	-20	-0.000256283606837	-0.00105608397365	-0.00190721791121
93	-65	-20	-0.000171852448907	-0.00108331884299	-0.00189994508471
95	-65	-20	-0.00010280330294	-0.00109653386612	-0.00187262488025
97	-65	-20	-5.29879862819e-05	-0.00109092043908	-0.00181623535562
99	-65	-20	-2.47420157748e-05	-0.00106278518711	-0.00172337671265
-99	-63	-20	4.79482513142e-05	0.000611371698587	-0.000416178836896
-97	-63	-20	6.53848152502e-05	0.000632615774887	-0.000468178390822
-95	-63	-20	7.25242207367e-05	0.000650570710539	-0.000503224749955
-93	-63	-20	7.119299219e-05	0.000666280912312	-0.000525074001219
-91	-63	-20	6.37101705525e-05	0.000680882360228	-0.000538228271834
-89	-63	-20	5.24364297129e-05	0.000695346578315	-0.000547033181791
-87	-63	-20	3.93629905753e-05	0.000710285219447	-0.000554910829972
-85	-63	-20	2.58315125414e-05	0.00072586749747	-0.000563911051978
-83	-63	-20	1.24401486033e-05	0.000741871652424	-0.000574674754356
-81	-63	-20	-8.59276712501e-07	0.000757852433953	-0.000586785762061
-79	-63	-20	-1.45180381555e-05	0.000773370886027	-0.000599376387568
-77	-63	-20	-2.90818215678e-05	0.000788211944387	-0.000611780885548
-75	-63	-20	-4.49084025952e-05	0.000802516983752	-0.000624022712154
-73	-63	-20	-6.19881711343e-05	0.000816783259178	-0.000636979613148
-71	-63	-20	-7.99077776725e-05	0.000831723567516	-0.000652177753634
-69	-63	-20	-9.79518696497e-05	0.000848025080859	-0.000671289184167
-67	-63	-20	-0.000115297433739	0.000866081770913	-0.00069550695347
-65	-63	-20	-0.000131231470843	0.000885788221055	-0.000725016684734
-63	-63	-20	-0.000145321739129	0.000906468454307	-0.000758757037427
-61	-63	-20	-0.000157490961182	0.000926974818679	-0.000794571186944
-59	-63	-20	-0.000167979496711	0.000945940106873	-0.000829724995375
-57	-63	-20	-0.000177218469881	0.000962116889018	-0.000861644994307
-55	-63	-20	-0.000185663050558	0.000974707323277	-0.000888650528936
-53	-63	-20	-0.000193645859188	0.000983585056077	-0.000910446262623
-51	-63	-20	-0.00020130096178	0.000989339927955	-0.000928208525846
-49	-63	-20	-0.000208583556955	0.000993127976303	-0.000944222342847
-47	-63	-20	-0.000215377864758	0.000996368043358	-0.0009611673985
-45	-63	-20	-0.000221656364827	0.00100037375424	-0.000981265836754
-43	-63	-20	-0.000227636375361	0.0010060303819	-0.00100555508994
-41	-63	-20	-0.000233879834198	0.00101361290639	-0.00103351702739
-39	-63	-20	-0.000241298454982	0.00102279779804	-0.00106318856682
-37	-63	-20	-0.000251053682879	0.00103285995139	-0.00109173046506
-35	-63	-20	-0.000264370615993	0.00104298687111	-0.00111628654311
-33	-63	-20	-0.000282308639649	0.00105260364744	-0.00113487114368
-31	-63	-20	-0.000305542693767	0.00106159724881	-0.0011470092366
-29	-63	-20	-0.000334205665673	0.00107035956653	-0.00115392709448
-27	-63	-20	-0.000367826480991	0.00107962642064	-0.00115823003882
-25	-63	-20	-0.000405375364949	0.00109015655574	-0.00116316439577
-23	-63	-20	-0.000445404031541	0.00110234942388	-0.0011716926755
-21	-63	-20	-0.000486249995408	0.00111592555609	-0.00118567159992
-19	-63	-20	-0.000526264288159	0.0011297799247	-0.00120539153861
-17	-63	-20	-0.000564021326758	0.00114207022842	-0.00122962177834
-15	-63	-20	-0.000598476945483	0.00115053291337	-0.00125614422124
-13	-63	-20	-0.00062905281303	0.00115295105197	-0.00128259985631
-11	-63	-20	-0.000655639597664	0.00114765107499	-0.00130736869974
-9	-63	-20	-0.000678524883566	0.00113389432202	-0.00133018924798
-7	-63	-20	-0.000698263343944	0.00111205780501	-0.00135230424113
-5	-63	-20	-0.000715514996585	0.00108355766113	-0.00137607149435
-3	-63	-20	-0.000730881729088	0.0010505404068	-0.00140415404326
-1	-63	-20	-0.000744772027766	0.00101542970444	-0.00143854652105
1	-63	-20	-0.000757318605786	0.000980451618318	-0.00147975744305
3	-63	-20	-0.000768363711683	0.000947259842893	-0.00152642744589
5	-63	-20	-0.000777513667051	0.000916746189634	-0.00157553149518
7	-63	-20	-0.000784250095647	0.000889063156256	-0.00162312869078
9	-63	-20	-0.000788073519734	0.000863823211567	-0.00166544457606
11	-63	-20	-0.000788648523777	0.000840392159316	-0.00169995557326
13	-63	-20	-0.000785920404271	0.000818174667967	-0.00172613227673
15	-63	-20	-0.000780181138551	0.00079680261929	-0.00174559494363
17	-63	-20	-0.000772075534377	0.000776175380181	-0.00176161278325
19	-63	-20	-0.000762552900605	0.000756352133045	-0.00177808382452
21	-63	-20	-0.000752781332175	0.000737343883245	-0.00179829952001
23	-63	-20	-0.00074404735759	0.00071888280574	-0.00182387364707
25	-63	-20	-0.000737661797062	0.000700251526483	-0.00185417244568
27	-63	-20	-0.000734884213379	0.00068023508322	-0.00188643329683
29	-63	-20	-0.000736866494494	0.000657221195766	-0.00191654787283
31	-63	-20	-0.000744605310745	0.000629431912576	-0.00194027829128
33	-63	-20	-0.000758887689715	0.000595233896339	-0.00195453689856
35	-63	-20	-0.000780216386596	0.000553454588989	-0.00195833633516
37	-63	-20	-0.000808712099007	0.000503630928099	-0.00195311539711
39	-63	-20	-0.0008440049723	0.000446134249227	-0.00194233800582
41	-63	-20	-0.00088514307961	0.00038214346109	-0.00193048771977
43	-63	-20	-0.000930554639616	0.000313470788313	-0.00192176802956
45	-63	-20	-0.000978098772834	0.00024227329117	-0.00191890987274
47	-63	-20	-0.00102522468791	0.000170704144554	-0.00192245334091
49	-63	-20	-0.00106923354551	0.000100567972499	-0.00193072101689
51	-63	-20	-0.00110760712376	3.30439980008e-05	-0.00194048279641
53	-63	-20	-0.00113834162416	-3.14699962549e-05	-0.00194809507164
55	-63	-20	-0.00116021231549	-9.33597995811e-05	-0.00195074932875
57	-63	-20	-0.00117290107106	-0.00015363720786	-0.00194743322889
59	-63	-20	-0.00117694484005	-0.000213648615925	-0.00193930107371
61	-63	-20	-0.00117350334946	-0.000274706528862	-0.00192934024505
63	-63	-20	-0.00116398872618	-0.000337723954201	-0.00192144532431
65	-63	-20	-0.00114963622999	-0.000402939606178	-0.0019192003957
67	-63	-20	-0.00113111362997	-0.000469808924928	-0.00192476224303
69	-63	-20	-0.00110826161149	-0.000537101020388	-0.00193820314201
71	-63	-20	-0.00108003018117	-0.000603190223426	-0.00195752226081
73	-63	-20	-0.00104463357321	-0.000666474864533	-0.00197931677655
75	-63	-20	-0.000999899491023	-0.000725811101887	-0.0019998871443
77	-63	-20	-0.000943748719815	-0.000780831466539	-0.00201640498948
79	-63	-20	-0.000874716419047	-0.000832035878365	-0.00202774428027
81	-63	-20	-0.000792420270868	-0.00088059683241	-0.00203467706175
83	-63	-20	-0.000697891912833	-0.000927898505316	-0.00203933381155
85	-63	-20	-0.000593712218044	-0.000974910863449	-0.00204406397519
87	-63	-20	-0.0004839222791	-0.00102156026737	-0.00205003116215
89	-63	-20	-0.000373715206391	-0.00106627744757	-0.0020559776833
91	-63	-20	-0.000268945158872	-0.00110587287086	-0.00205756299717
93	-63	-20	-0.000175516507925	-0.00113581390474	-0.00204752879293
95	-63	-20	-9.87350847453e-05	-0.0011508771683	-0.00201671548258
97	-63	-20	-4.27122579028e-05	-0.00114605085041	-0.00195571867126
99	-63	-20	-9.90843827194e-06	-0.00111749347542	-0.00185679841503
-99	-61	-20	6.72826768865e-05	0.000644087035726	-0.00043616795441
-97	-61	-20	8.47829802611e-05	0.000667171646341	-0.000489794805274
-95	-61	-20	9.15484696022e-05	0.000686713770208	-0.00052646374054
-93	-61	-20	8.947324803e-05	0.000703837813776	-0.000549978357374
-91	-61	-20	8.09727780029e-05	0.000719762649602	-0.000564881238946
-89	-61	-20	6.85196252447e-05	0.000735523802104	-0.00057553953735
-87	-61	-20	5.42184298043e-05	0.000751761683475	-0.000585371075526
-85	-61	-20	3.95138862812e-05	0.000768632631088	-0.000596396161689
-83	-61	-20	2.50887351611e-05	0.000785865879248	-0.000609209349984
-81	-61	-20	1.09573582184e-05	0.000802947119145	-0.000623345602471
-79	-61	-20	-3.29067368579e-06	0.000819370566077	-0.000637902012935
-77	-61	-20	-1.81791606504e-05	0.000834878831274	-0.000652204197871
-75	-61	-20	-3.40595565022e-05	0.000849611471584	-0.000666298711831
-73	-61	-20	-5.09289422976e-05	0.000864109727783	-0.000681112964041
-71	-61	-20	-6.83926791199e-05	0.000879169540691	-0.000698234348187
-69	-61	-20	-8.57664581383e-05	0.000895584156028	-0.000719386581773
-67	-61	-20	-0.000102271209351	0.000913855961399	-0.000745783609238
-65	-61	-20	-0.000117250182924	0.000933971779127	-0.000777586576897
-63	-61	-20	-0.000130336752593	0.000955320785686	-0.000813661583411
-61	-61	-20	-0.000141522908529	0.000976792911544	-0.000851742427696
-59	-61	-20	-0.000151114062604	0.000997039991554	-0.00088897201462
-57	-61	-20	-0.000159593771301	0.00101482924776	-0.000922669747163
-55	-61	-20	-0.000167450279459	0.0010293859106	-0.000951091224109
-53	-61	-20	-0.000175026998906	0.00104062028144	-0.000973938519673
-51	-61	-20	-0.000182448779598	0.00104916609524	-0.000992449160037
-49	-61	-20	-0.000189649191679	0.00105621289035	-0.00100901958256
-47	-61	-20	-0.000196489992779	0.00106317833214	-0.00102646510066
-45	-61	-20	-0.000202933378346	0.00107131717318	-0.00104713682076
-43	-61	-20	-0.000209209836753	0.0010813851923	-0.00107216780489
-41	-61	-20	-0.000215924466199	0.0010934612359	-0.001101087576
-39	-61	-20	-0.00022406184162	0.00110698215885	-0.00113193412571
-37	-61	-20	-0.000234878208691	0.00112097852343	-0.00116183899884
-35	-61	-20	-0.000249701117607	0.00113443424626	-0.00118791166946
-33	-61	-20	-0.000269681566452	0.00114665173983	-0.00120815193712
-31	-61	-20	-0.000295555773062	0.0011574994435	-0.00122210558899
-29	-61	-20	-0.00032747051133	0.00116745350079	-0.00123105506142
-27	-61	-20	-0.000364909664688	0.00117740968217	-0.00123768061797
-25	-61	-20	-0.000406735706768	0.00118831578594	-0.00124529400451
-23	-61	-20	-0.000451334954026	0.00120073537602	-0.00125688291199
-21	-61	-20	-0.000496835576653	0.00121448127651	-0.00127426679634
-19	-61	-20	-0.000541356137899	0.00122844221613	-0.00129763154472
-17	-61	-20	-0.000583240720906	0.00124067211841	-0.00132559117785
-15	-61	-20	-0.000621243070455	0.00124873474835	-0.00135575611657
-13	-61	-20	-0.000654633956289	0.00125022009317	-0.00138562294457
-11	-61	-20	-0.000683220315725	0.00124329636855	-0.00141349321792
-9	-61	-20	-0.000707279319673	0.00122714898733	-0.00143911451129
-7	-61	-20	-0.000727423629878	0.00120218892843	-0.00146382214348
-5	-61	-20	-0.00074442447325	0.00116997797692	-0.00149011951403
-3	-61	-20	-0.000759025548853	0.0011328972839	-0.00152081879804
-1	-61	-20	-0.000771782058241	0.00109365478564	-0.00155801291676
1	-61	-20	-0.000782954532583	0.001054766036	-0.001602214947
3	-61	-20	-0.000792476742333	0.00101814155999	-0.00165195896699
5	-61	-20	-0.000800002280084	0.000984874211807	-0.00170401728803
7	-61	-20	-0.000805018242787	0.000955255958287	-0.00175419514397
9	-61	-20	-0.000807000491138	0.000928985462218	-0.00179847608877
11	-61	-20	-0.000805576767059	0.000905476371667	-0.00183417022192
13	-61	-20	-0.00080066375318	0.000884155703141	-0.00186070379593
15	-61	-20	-0.000792552072292	0.00086465627966	-0.00187979021002
17	-61	-20	-0.000781927020065	0.000846850103584	-0.0018949096232
19	-61	-20	-0.000769828503335	0.000830725894709	-0.00191023996893
21	-61	-20	-0.000757566654326	0.000816165772188	-0.00192935809866
23	-61	-20	-0.00074661621652	0.000802707721484	-0.00195410926068
25	-61	-20	-0.000738511433172	0.000789383649502	-0.00198399879696
27	-61	-20	-0.000734754829661	0.000774698196646	-0.00201630335087
29	-61	-20	-0.000736741334601	0.000756769997198	-0.00204687750004
31	-61	-20	-0.000745688311261	0.000733608647106	-0.00207141445818
33	-61	-20	-0.000762556754384	0.000703461528521	-0.00208677501159
35	-61	-20	-0.000787951909709	0.000665145258858	-0.00209197373915
37	-61	-20	-0.000822002840967	0.000618280744417	-0.00208851511356
39	-61	-20	-0.000864236838676	0.000563375561796	-0.00207997291516
41	-61	-20	-0.000913480438016	0.000501734432601	-0.002070941976
43	-61	-20	-0.000967827720422	0.000435217568005	-0.0020656875295
45	-61	-20	-0.00102471327127	0.000365898398808	-0.00206691219929
47	-61	-20	-0.00108110966876	0.000295690752651	-0.00207502352324
49	-61	-20	-0.00113384023638	0.000226018999247	-0.00208812711661
51	-61	-20	-0.00117996402495	0.000157594487367	-0.00210274167117
53	-61	-20	-0.00121716147214	9.03410400333e-05	-0.00211500424943
55	-61	-20	-0.00124403576212	2.34851519353e-05	-0.00212197992105
57	-61	-20	-0.00126025309449	-4.4203516699e-05	-0.00212265780207
59	-61	-20	-0.00126647546665	-0.000114065087358	-0.00211831634616
61	-61	-20	-0.00126408598288	-0.000187163989098	-0.00211214246488
63	-61	-20	-0.00125475749228	-0.000263947639633	-0.00210822767059
65	-61	-20	-0.00123995674617	-0.000344031160588	-0.00211026392088
67	-61	-20	-0.00122049651272	-0.000426170545777	-0.00212035834897
69	-61	-20	-0.0011962411708	-0.000508448613878	-0.00213834827742
71	-61	-20	-0.00116603877693	-0.000588646971628	-0.00216183717803
73	-61	-20	-0.00112790299587	-0.000664724311694	-0.00218693916701
75	-61	-20	-0.00107941433215	-0.000735281423362	-0.00220948821579
77	-61	-20	-0.00101826476687	-0.000799880497025	-0.00222631253428
79	-61	-20	-0.000942842727103	-0.000859109319396	-0.00223614510035
81	-61	-20	-0.000852750230487	-0.00091433882777	-0.00223984900901
83	-61	-20	-0.000749159287563	-0.000967203168624	-0.00223984888473
85	-61	-20	-0.000634944431303	-0.00101891391908	-0.00223891151851
87	-61	-20	-0.000514565312817	-0.00106958018943	-0.00223863199075
89	-61	-20	-0.00039371112515	-0.00111772379733	-0.00223808954373
91	-61	-20	-0.000278752494955	-0.00116014453799	-0.00223310664724
93	-61	-20	-0.000176073390992	-0.00119221067789	-0.00221638410974
95	-61	-20	-9.13733146625e-05	-0.00120854425968	-0.00217854315904
97	-61	-20	-2.90364041924e-05	-0.00120396836828	-0.00210985423963
99	-61	-20	8.34290693599e-06	-0.00117451296487	-0.00200224480444
-99	-59	-20	8.78695174221e-05	0.000678610563609	-0.000456266406273
-97	-59	-20	0.000104994936445	0.000703522053883	-0.000511915504456
-95	-59	-20	0.000110799057036	0.000724585485076	-0.000550712180899
-93	-59	-20	0.000107260678322	0.000743006271703	-0.000576501815381
-91	-59	-20	9.69244791642e-05	0.000760087422265	-0.000593852321038
-89	-59	-20	8.24228658013e-05	0.000776927888469	-0.000607128208667
-87	-59	-20	6.60347207291e-05	0.000794192405545	-0.000619711567427
-85	-59	-20	4.93774255753e-05	0.000812014561597	-0.000633557581134
-83	-59	-20	3.32911892061e-05	0.000830058649402	-0.00064917890522
-81	-59	-20	1.79223585301e-05	0.000847720026815	-0.000666030732276
-79	-59	-20	2.96014030913e-06	0.00086440179659	-0.000683152794722
-77	-59	-20	-1.20559964516e-05	0.000879780921065	-0.000699851444052
-75	-59	-20	-2.7452810962e-05	0.000893978124133	-0.000716197880266
-73	-59	-20	-4.32423857861e-05	0.000907574072473	-0.000733181146261
-71	-59	-20	-5.90849732353e-05	0.000921461787017	-0.000752468333296
-69	-59	-20	-7.43897727185e-05	0.000936577822334	-0.000775854487435
-67	-59	-20	-8.85060619339e-05	0.0009535958874	-0.000804589812568
-65	-59	-20	-0.000100932906939	0.000972682540017	-0.000838817690286
-63	-59	-20	-0.00011147542513	0.000993399086205	-0.000877327606958
-61	-59	-20	-0.000120297993272	0.00101479042103	-0.000917729888228
-59	-59	-20	-0.000127861672576	0.00103564299461	-0.000957023793272
-57	-59	-20	-0.000134772171658	0.00105483859084	-0.000992399746069
-55	-59	-20	-0.000141593487852	0.00107169621283	-0.0010220327743
-53	-59	-20	-0.000148692291978	0.00108619310305	-0.00104561616254
-51	-59	-20	-0.000156166733085	0.00109898963251	-0.00106445694446
-49	-59	-20	-0.000163884943775	0.00111124209778	-0.00108108734854
-47	-59	-20	-0.000171622531931	0.00112425433769	-0.00109849796142
-45	-59	-20	-0.000179256138335	0.00113907231317	-0.00111922111283
-43	-59	-20	-0.000186951497904	0.00115614772641	-0.00114454665407
-41	-59	-20	-0.000195284611265	0.00117517912806	-0.00117411779349
-39	-59	-20	-0.000205252958898	0.00119518593378	-0.00120604062312
-37	-59	-20	-0.000218164144715	0.00121479804868	-0.00123748179146
-35	-59	-20	-0.000235422690421	0.00123267397867	-0.00126557413467
-33	-59	-20	-0.00025826244193	0.00124791585963	-0.00128834940773
-31	-59	-20	-0.000287485325944	0.00126034586354	-0.00130540385992
-29	-59	-20	-0.000323264522677	0.00127054760456	-0.00131808238275
-27	-59	-20	-0.000365053641157	0.00127964744843	-0.0013291166588
-25	-59	-20	-0.00041161876224	0.00128889245738	-0.00134182565057
-23	-59	-20	-0.000461184155746	0.00129914857233	-0.00135912797297
-21	-59	-20	-0.000511661171074	0.00131047312936	-0.00138267931009
-19	-59	-20	-0.000560917025736	0.00132189949903	-0.0014124121422
-17	-59	-20	-0.000607036993693	0.00133151259152	-0.00144662923315
-15	-59	-20	-0.00064853859947	0.0013368096684	-0.0014826252928
-13	-59	-20	-0.000684507429469	0.00133525686376	-0.00151763899453
-11	-59	-20	-0.000714638475302	0.00132489361545	-0.0015498258178
-9	-59	-20	-0.000739182329237	0.00130482243165	-0.00157892850377
-7	-59	-20	-0.000758810317015	0.00127545420097	-0.00160641305605
-5	-59	-20	-0.000774425205831	0.00123844909809	-0.00163500734502
-3	-59	-20	-0.000786952806028	0.00119637842055	-0.00166777379949
-1	-59	-20	-0.000797152919878	0.00115220762167	-0.00170700516709
1	-59	-20	-0.000805484459521	0.00110874354421	-0.0017533008986
3	-59	-20	-0.000812049061342	0.0010681881591	-0.00180513660354
5	-59	-20	-0.000816621698054	0.00103189939042	-0.00185909141315
7	-59	-20	-0.000818758798563	0.00100039161673	-0.00191069245622
9	-59	-20	-0.000817958387141	0.000973536148119	-0.00195563639317
11	-59	-20	-0.000813836751046	0.000950867456357	-0.0019910191816
13	-59	-20	-0.000806284720058	0.000931879564285	-0.00201619019988
15	-59	-20	-0.000795574032081	0.000916213127056	-0.00203295345441
17	-59	-20	-0.000782398168177	0.000903679955733	-0.00204503601687
19	-59	-20	-0.000767848274388	0.000894131815847	-0.00205697146427
21	-59	-20	-0.000753338549617	0.000887234698507	-0.0020727322703
23	-59	-20	-0.000740502889868	0.000882241661388	-0.00209452983924
25	-59	-20	-0.000731083923605	0.000877857832722	-0.00212215531635
27	-59	-20	-0.000726827860295	0.000872261447033	-0.00215307053337
29	-59	-20	-0.000729387233265	0.000863295230376	-0.00218322636141
31	-59	-20	-0.000740223411912	0.000848788995317	-0.00220835777596
33	-59	-20	-0.000760496234221	0.000826933225573	-0.00222535328062
35	-59	-20	-0.000790932028816	0.000796606418196	-0.00223326990971
37	-59	-20	-0.000831673501783	0.000757569894408	-0.00223367357784
39	-59	-20	-0.000882132072112	0.000710478195158	-0.00223019504321
41	-59	-20	-0.000940879325284	0.000656700215484	-0.00222743843859
43	-59	-20	-0.00100562248577	0.000597992524083	-0.00222958430877
45	-59	-20	-0.00107330367293	0.000536100070124	-0.00223912704504
47	-59	-20	-0.00114034220029	0.000472373602693	-0.0022561456774
49	-59	-20	-0.00120300622624	0.000407486423278	-0.00227833923758
51	-59	-20	-0.00125786246982	0.000341309469688	-0.00230181583054
53	-59	-20	-0.00130222140478	0.000272970068839	-0.00232238466438
55	-59	-20	-0.00133448123369	0.000201083400424	-0.00233693894977
57	-59	-20	-0.00135428420233	0.000124112947423	-0.0023444866718
59	-59	-20	-0.0013624339921	4.07912936529e-05	-0.00234649645906
61	-59	-20	-0.00136057593931	-4.94815604579e-05	-0.00234644292496
63	-59	-20	-0.00135069946865	-0.000146346487828	-0.00234869139216
65	-59	-20	-0.00133456876996	-0.000248370919748	-0.00235707452599
67	-59	-20	-0.00131321011369	-0.000353154091731	-0.00237361483016
69	-59	-20	-0.00128657553486	-0.000457651939725	-0.00239780382056
71	-59	-20	-0.00125346481915	-0.000558671964087	-0.00242667340299
73	-59	-20	-0.00121173069148	-0.000653440964769	-0.00245564215599
75	-59	-20	-0.00115873051863	-0.000740116364672	-0.00247986864685
77	-59	-20	-0.00109193662503	-0.0008181071481	-0.0024956753919
79	-59	-20	-0.00100958740748	-0.000888100445962	-0.00250157512125
81	-59	-20	-0.000911257195618	-0.000951752724791	-0.00249854742884
83	-59	-20	-0.000798241923731	-0.00101108807602	-0.00248944383843
85	-59	-20	-0.000673693099283	-0.00106772935915	-0.00247767215323
87	-59	-20	-0.00054247546718	-0.00112214683248	-0.0024655424128
89	-59	-20	-0.000410766307637	-0.00117312351335	-0.00245277539224
91	-59	-20	-0.000285450969144	-0.00121759812783	-0.0024356439107
93	-59	-20	-0.000173396832022	-0.00125096158106	-0.00240704680003
95	-59	-20	-8.07045419798e-05	-0.00126777226512	-0.00235755701416
97	-59	-20	-1.20395041717e-05	-0.00126274890582	-0.00227721616966
99	-59	-20	2.98630842246e-05	-0.00123182669379	-0.00215764585289
-99	-57	-20	0.000109144125627	0.000715006488271	-0.000474472948686
-97	-57	-20	0.000125333085108	0.000741718797798	-0.000532553258635
-95	-57	-20	0.000129445185835	0.00076421888247	-0.000574048427976
-93	-57	-20	0.00012356247378	0.000783793300637	-0.000602832958105
-91	-57	-20	0.000110395966808	0.000801829292899	-0.000623474747124
-89	-57	-20	9.27935559417e-05	0.000819487005744	-0.000640299445842
-87	-57	-20	7.32802752441e-05	0.000837448634487	-0.000656609664041
-85	-57	-20	5.37297702868e-05	0.000855811739855	-0.000674248755438
-83	-57	-20	3.52282166954e-05	0.000874155268797	-0.000693603034671
-81	-57	-20	1.81389998234e-05	0.000891757576039	-0.000714010861349
-79	-57	-20	2.32353592676e-06	0.000907900491843	-0.00073442906087
-77	-57	-20	-1.25640784233e-05	0.00092216645419	-0.000754133045353
-75	-57	-20	-2.68029800221e-05	0.000934636267793	-0.00077322085992
-73	-57	-20	-4.04304579723e-05	0.000945924276594	-0.000792756761957
-71	-57	-20	-5.32064540552e-05	0.000957037661676	-0.000814507890987
-69	-57	-20	-6.47109468583e-05	0.000969102215294	-0.000840361895018
-67	-57	-20	-7.45256930714e-05	0.000983040782116	-0.000871621583153
-65	-57	-20	-8.24279605539e-05	0.00099930810339	-0.000908419451182
-63	-57	-20	-8.8524500768e-05	0.00101777039697	-0.000949463635512
-61	-57	-20	-9.32776932684e-05	0.00103777336006	-0.000992225439032
-59	-57	-20	-9.74140616836e-05	0.00105838171585	-0.00103353777171
-57	-57	-20	-0.000101745509685	0.00107871599156	-0.00107043798467
-55	-57	-20	-0.000106962844457	0.00109827677025	-0.00110100172105
-53	-57	-20	-0.000113470498888	0.00111714573722	-0.00112490617903
-51	-57	-20	-0.000121318389517	0.00113598830923	-0.00114353677081
-49	-57	-20	-0.000130256138234	0.00115584460064	-0.00115958891649
-47	-57	-20	-0.000139896373993	0.00117776497785	-0.00117627432781
-45	-57	-20	-0.00014993952841	0.00120240118188	-0.0011963686788
-43	-57	-20	-0.000160392758165	0.00122968540883	-0.00122139332985
-41	-57	-20	-0.0001717158975	0.00125870921585	-0.00125118795978
-39	-57	-20	-0.000184846963567	0.00128785623053	-0.00128401261792
-37	-57	-20	-0.000201092330995	0.0013151642356	-0.00131715259907
-35	-57	-20	-0.000221902488443	0.00133881750788	-0.00134783934048
-33	-57	-20	-0.000248583282989	0.00135762340544	-0.00137419662075
-31	-57	-20	-0.000282007479492	0.00137132431073	-0.00139590827077
-29	-57	-20	-0.000322389627599	0.00138063992526	-0.00141438761803
-27	-57	-20	-0.000369170772307	0.00138701355677	-0.0014323851819
-25	-57	-20	-0.000421034143772	0.00139212600153	-0.00145315110853
-23	-57	-20	-0.000476045677686	0.00139731418	-0.00147941510729
-21	-57	-20	-0.000531890288568	0.00140306555506	-0.00151251132404
-19	-57	-20	-0.000586160174567	0.00140874219054	-0.00155193586982
-17	-57	-20	-0.000636646280777	0.00141262446395	-0.00159549088992
-15	-57	-20	-0.000681587421575	0.0014122728297	-0.0016399819773
-13	-57	-20	-0.000719841357198	0.00140511423115	-0.00168225449643
-11	-57	-20	-0.000750956047398	0.00138909542098	-0.00172023775819
-9	-57	-20	-0.000775135368077	0.00136322761217	-0.00175365348784
-7	-57	-20	-0.00079311001204	0.0013278801274	-0.00178414367112
-5	-57	-20	-0.000805939245699	0.00128475396631	-0.00181475401355
-3	-57	-20	-0.000814780502961	0.00123655650929	-0.00184891685306
-1	-57	-20	-0.000820669213138	0.00118647853462	-0.00188924523927
1	-57	-20	-0.000824349071737	0.0011376211495	-0.00193652273315
3	-57	-20	-0.000826182812751	0.00109252113814	-0.00198922497408
5	-57	-20	-0.000826156986702	0.00105288104426	-0.00204375114332
7	-57	-20	-0.000823974727835	0.00101954044688	-0.00209532352722
9	-57	-20	-0.000819212568412	0.00099265034391	-0.00213930003584
11	-57	-20	-0.00081150543202	0.000971956396256	-0.00217250606842
13	-57	-20	-0.000800720887171	0.000957075043408	-0.00219417462139
15	-57	-20	-0.00078708995893	0.000947663622586	-0.00220619554902
17	-57	-20	-0.00077127501501	0.000943433699022	-0.00221258378922
19	-57	-20	-0.000754371241144	0.000944018666851	-0.00221831791766
21	-57	-20	-0.000737852163531	0.000948761624505	-0.00222789864321
23	-57	-20	-0.000723477659743	0.000956519954072	-0.00224406822972
25	-57	-20	-0.000713183185627	0.000965579752702	-0.00226708567072
27	-57	-20	-0.000708962496816	0.00097373806505	-0.00229478138437
29	-57	-20	-0.00071274629836	0.000978555594958	-0.00232337179945
31	-57	-20	-0.000726270645993	0.000977725136718	-0.00234877477622
33	-57	-20	-0.00075092594137	0.000969459575226	-0.00236800738389
35	-57	-20	-0.000787582615045	0.000952790817936	-0.00238021963257
37	-57	-20	-0.000836402761795	0.00092769113193	-0.00238703155125
39	-57	-20	-0.000896664519383	0.000894974778952	-0.00239206168571
41	-57	-20	-0.000966641725738	0.00085599663258	-0.00239979336686
43	-57	-20	-0.00104358829649	0.00081221862972	-0.00241413891526
45	-57	-20	-0.00112386917523	0.000764749661457	-0.00243716252878
47	-57	-20	-0.00120325568918	0.000713971448745	-0.0024683765643
49	-57	-20	-0.001277366025	0.000659341923497	-0.00250484634755
51	-57	-20	-0.00134218992653	0.000599425866734	-0.00254208143593
53	-57	-20	-0.00139460261204	0.000532151646246	-0.0025754378148
55	-57	-20	-0.00143275826218	0.000455245001349	-0.00260158702761
57	-57	-20	-0.00145626607888	0.000366755404471	-0.00261957978507
59	-57	-20	-0.00146609233375	0.000265572708488	-0.00263115417009
61	-57	-20	-0.00146419197771	0.000151832499516	-0.00264017502387
63	-57	-20	-0.00145293840203	2.71259522694e-05	-0.00265136744382
65	-57	-20	-0.00143447226033	-0.000105539055952	-0.0026687358017
67	-57	-20	-0.00141011497741	-0.000242037755048	-0.00269416666369
69	-57	-20	-0.00137998215638	-0.000377654400453	-0.00272666359669
71	-57	-20	-0.00134288881735	-0.000507752405859	-0.00276246786654
73	-57	-20	-0.00129657357056	-0.000628467889718	-0.00279604109791
75	-57	-20	-0.0012381991715	-0.000737285134194	-0.00282161106937
77	-57	-20	-0.00116502940498	-0.000833359354571	-0.00283479697175
79	-57	-20	-0.00107514926942	-0.000917491721182	-0.00283379511709
81	-57	-20	-0.000968091829396	-0.000991730874272	-0.00281973314775
83	-57	-20	-0.000845258008491	-0.00105866172853	-0.00279605231471
85	-57	-20	-0.000710056661723	-0.00112052566636	-0.00276707640874
87	-57	-20	-0.000567741128415	-0.00117837276711	-0.00273618064307
89	-57	-20	-0.000424965901364	-0.00123145721535	-0.00270410633471
91	-57	-20	-0.000289126733771	-0.00127704333737	-0.00266793779707
93	-57	-20	-0.000167576051204	-0.00131069892831	-0.00262107646457
95	-57	-20	-6.68213670862e-05	-0.00132703631501	-0.00255426968005
97	-57	-20	8.18345746777e-06	-0.00132075052649	-0.00245746090191
99	-57	-20	5.45565918456e-05	-0.00128772848751	-0.00232200843412
-99	-55	-20	0.000130939999955	0.000753689999971	-0.000489389999909
-97	-55	-20	0.000145544356886	0.000782202210273	-0.000550330368001
-95	-55	-20	0.000147127490902	0.000806075745753	-0.000595153701631
-93	-55	-20	0.000137895050211	0.000826678460652	-0.000627746101359
-91	-55	-20	0.000120765707134	0.000845481425437	-0.000652642776314
-89	-55	-20	9.88652325508e-05	0.000863702326393	-0.00067408555151
-87	-55	-20	7.50458729653e-05	0.000882031297617	-0.000695244815971
-85	-55	-20	5.15321302199e-05	0.000900512581694	-0.000717797226239
-83	-55	-20	2.97566144338e-05	0.000918614156041	-0.000741951810902
-81	-55	-20	1.03965435032e-05	0.000935464724095	-0.000766888644662
-79	-55	-20	-6.43176083076e-06	0.000950188681252	-0.000791453886292
-77	-55	-20	-2.09010000396e-05	0.00096223999996	-0.000814879999915
-75	-55	-20	-3.32165192494e-05	0.000971635432775	-0.000837295067104
-73	-55	-20	-4.34524100553e-05	0.000979017290872	-0.000859853768071
-71	-55	-20	-5.15192628815e-05	0.00098552801302	-0.000884445204093
-69	-55	-20	-5.72556225065e-05	0.000992537115452	-0.000913071795592
-67	-55	-20	-6.05938074757e-05	0.00100130757702	-0.000947105115387
-65	-55	-20	-6.17277515568e-05	0.0010127080934	-0.00098667219525
-63	-55	-20	-6.12123998656e-05	0.00102706294051	-0.00103039242239
-61	-55	-20	-5.99494341658e-05	0.00104418620042	-0.0010755789655
-59	-55	-20	-5.90539181897e-05	0.00106358557113	-0.00111887172335
-57	-55	-20	-5.96377167048e-05	0.00108476256194	-0.00115712716994
-55	-55	-20	-6.25750000163e-05	0.00110749999993	-0.00118829999989
-53	-55	-20	-6.83235601245e-05	0.00113202731769	-0.00121204293792
-51	-55	-20	-7.68605862995e-05	0.00115899090202	-0.00122982982553
-49	-55	-20	-8.77578989419e-05	0.00118922054654	-0.00124455057288
-47	-55	-20	-0.000100379981212	0.00122335406813	-0.00125969071026
-45	-55	-20	-0.000114151235672	0.0012614372674	-0.00127834111873
-43	-55	-20	-0.000128817679443	0.00130263639954	-0.00130234168579
-41	-55	-20	-0.000144628642394	0.00134517632803	-0.00133182554712
-39	-55	-20	-0.000162385187191	0.0013865545451	-0.00136530771948
-37	-55	-20	-0.000183337137838	0.00142399720865	-0.0014002905844
-35	-55	-20	-0.000208949395042	0.00145504403995	-0.00143419267231
-33	-55	-20	-0.000240590000027	0.00147809999995	-0.00146529999987
-31	-55	-20	-0.000279209444466	0.00149279034409	-0.0014934267473
-29	-55	-20	-0.000325080089773	0.00150000480631	-0.00152006066069
-27	-55	-20	-0.000377648360071	0.00150160325195	-0.0015479321504
-25	-55	-20	-0.000435526389627	0.0014998538235	-0.00158013367216
-23	-55	-20	-0.000496621239955	0.00149675541611	-0.00161906751035
-21	-55	-20	-0.000558375035025	0.00149343408367	-0.00166556538949
-19	-55	-20	-0.000618072480856	0.00148978537313	-0.00171847868903
-17	-55	-20	-0.000673164666973	0.00148446623926	-0.00177489453902
-15	-55	-20	-0.000721559151813	0.00147524136044	-0.00183093413388
-13	-55	-20	-0.000761834421395	0.00145958893392	-0.00188289789824
-11	-55	-20	-0.000793349999992	0.00143539999991	-0.00192839999988
-9	-55	-20	-0.000816240052076	0.00140158347759	-0.00196712398748
-7	-55	-20	-0.000831296486308	0.00135842148709	-0.00200093928143
-5	-55	-20	-0.000839765192645	0.00130759471211	-0.00203331407634
-3	-55	-20	-0.000843093403721	0.00125189155142	-0.00206818384284
-1	-55	-20	-0.000842674374222	0.00119469899225	-0.00210861512411
1	-55	-20	-0.000839635355857	0.00113942326894	-0.00215568245041
3	-55	-20	-0.00083470553983	0.00108899184585	-0.00220792375526
5	-55	-20	-0.000828183778955	0.0010455474035	-0.00226156949476
7	-55	-20	-0.000820005141118	0.00101037501426	-0.00231150360018
9	-55	-20	-0.000809885582313	0.000984029039488	-0.00235268400057
11	-55	-20	-0.000797509999975	0.000966569999938	-0.00238159999984
13	-55	-20	-0.00078272377282	0.00095780007523	-0.00239732276615
15	-55	-20	-0.000765692186159	0.000957403396396	-0.0024018229134
17	-55	-20	-0.000747003763964	0.000964945664891	-0.00239945097904
19	-55	-20	-0.000727708416165	0.000979749114512	-0.00239573414075
21	-55	-20	-0.000709294804131	0.00100071211536	-0.00239585490832
23	-55	-20	-0.000693619680613	0.00102616975506	-0.00240327707566
25	-55	-20	-0.000682803494136	0.00105388338354	-0.00241893819664
27	-55	-20	-0.000679102127726	0.00108120591966	-0.00244124943639
29	-55	-20	-0.000684757340604	0.00110540902857	-0.00246688830981
31	-55	-20	-0.000701822548344	0.00112409796166	-0.00249211811047
33	-55	-20	-0.000731959999994	0.00113559999996	-0.00251419999981
35	-55	-20	-0.000776212456429	0.00113920696946	-0.00253243407383
37	-55	-20	-0.00083476660557	0.00113518445604	-0.00254848498323
39	-55	-20	-0.00090674297853	0.00112452161647	-0.00256587905647
41	-55	-20	-0.000990061843563	0.00110846818661	-0.00258883020741
43	-55	-20	-0.0010814393437	0.00108796811604	-0.00262077460617
45	-55	-20	-0.00117655735178	0.00106313386056	-0.00266309664137
47	-55	-20	-0.00127042237606	0.00103290187731	-0.00271447610044
49	-55	-20	-0.00135788715217	0.000994969590215	-0.00277109304309
51	-55	-20	-0.00143426272034	0.000946048552192	-0.00282765238101
53	-55	-20	-0.00149591188593	0.000882395424737	-0.00287892168989
55	-55	-20	-0.00154069999995	0.00080052000005	-0.00292129999984
57	-55	-20	-0.00156819446206	0.000697931493554	-0.0029539109019
59	-55	-20	-0.0015795506018	0.000573776803825	-0.0029788515193
61	-55	-20	-0.00157708957644	0.000429245641264	-0.00300048903438
63	-55	-20	-0.00156364698352	0.00026766006736	-0.00302399793659
65	-55	-20	-0.00154182939011	9.42205025927e-05	-0.00305357850367
67	-55	-20	-0.00151334329067	-8.456236777e-05	-0.00309091017486
69	-55	-20	-0.00147854877444	-0.000261667383001	-0.00313433360314
71	-55	-20	-0.00143634106904	-0.000430469288732	-0.00317903779757
73	-55	-20	-0.00138438995485	-0.000585599880312	-0.00321821964949
75	-55	-20	-0.00131968871986	-0.000723607357785	-0.00324487809186
77	-55	-20	-0.00123929999995	-0.000843279999947	-0.00325369999985
79	-55	-20	-0.00114114943762	-0.000945552356928	-0.00324245520719
81	-55	-20	-0.0010247149482	-0.00103298932255	-0.00321245794551
83	-55	-20	-0.000891486082761	-0.00110893308834	-0.00316792989765
85	-55	-20	-0.000745114845168	-0.00117648037031	-0.00311443125257
87	-55	-20	-0.000591234373812	-0.00123751003982	-0.00305680971044
89	-55	-20	-0.000436974513209	-0.0012919861329	-0.00299726765946
91	-55	-20	-0.00029024629625	-0.00133771090821	-0.00293412076828
93	-55	-20	-0.000158897118659	-0.00137060506504	-0.00286162754833
95	-55	-20	-4.98536185944e-05	-0.00138546988363	-0.00277096945206
97	-55	-20	3.16304552831e-05	-0.00137707030546	-0.00265214494988
99	-55	-20	8.25189999467e-05	-0.0013412999999	-0.00249629999979
-99	-53	-20	0.000153648388362	0.000795413444152	-0.00050061616059
-97	-53	-20	0.000165995427589	0.000825797312875	-0.000564866895824
-95	-53	-20	0.000164172075922	0.000851056157379	-0.000613685519038
-93	-53	-20	0.000150529946165	0.000872640199349	-0.000650950844205
-91	-53	-20	0.000128240023218	0.000892103951972	-0.000681130408914
-89	-53	-20	0.000100772766413	0.000910717566393	-0.00070833434986
-87	-53	-20	7.13938059363e-05	0.000929166452882	-0.000735545051413
-85	-53	-20	4.27784627897e-05	0.000947419458781	-0.000764214873207
-83	-53	-20	1.68114289194e-05	0.000964802017111	-0.000794322581501
-81	-53	-20	-5.41488493822e-06	0.000980254244498	-0.000824847441313
-79	-53	-20	-2.3442961589e-05	0.000992701347783	-0.000854497136752
-77	-53	-20	-3.72113736922e-05	0.00100143103153	-0.00088244999885
-75	-53	-20	-4.68245562431e-05	0.00100637055968	-0.000908868668033
-73	-53	-20	-5.24054959781e-05	0.00100818621356	-0.000935014765027
-71	-53	-20	-5.40682515114e-05	0.00100818153062	-0.000962921946676
-69	-53	-20	-5.20007386173e-05	0.00100803160594	-0.000994729059212
-67	-53	-20	-4.66077753333e-05	0.00100943983182	-0.00103189048203
-65	-53	-20	-3.86427049598e-05	0.00101382496175	-0.00107452936886
-63	-53	-20	-2.92594642513e-05	0.00102213300959	-0.00112116362871
-61	-53	-20	-1.99440694411e-05	0.00103482403047	-0.00116892293509
-59	-53	-20	-1.23260351655e-05	0.0010520223053	-0.00121422119062
-57	-53	-20	-7.91263652767e-06	0.00107375992627	-0.00125370076685
-55	-53	-20	-7.81845146503e-06	0.00110020805112	-0.00128517025134
-53	-53	-20	-1.25697304065e-05	0.00113179022945	-0.00130824843646
-51	-53	-20	-2.20453951148e-05	0.00116910998587	-0.0013245094333
-49	-53	-20	-3.55792003459e-05	0.00121268962104	-0.00133707351865
-47	-53	-20	-5.22021040016e-05	0.00126258870359	-0.00134975965343
-45	-53	-20	-7.09638223947e-05	0.00131802517968	-0.00136605433327
-43	-53	-20	-9.12496025057e-05	0.00137713967577	-0.0013882123313
-41	-53	-20	-0.000113008683872	0.00143701544193	-0.00141676656272
-39	-53	-20	-0.000136833912935	0.00149399791766	-0.00145059668981
-37	-53	-20	-0.000163870228379	0.0015442681295	-0.00148752813453
-35	-53	-20	-0.000195572134768	0.00158454033642	-0.00152526103907
-33	-53	-20	-0.000233365452636	0.00161270370969	-0.00156231817148
-31	-53	-20	-0.000278288282483	0.00162822861747	-0.00159868918381
-29	-53	-20	-0.000330687040003	0.00163221320367	-0.0016359424075
-27	-53	-20	-0.000390027672869	0.00162704130369	-0.00167674700127
-25	-53	-20	-0.000454855635685	0.00161573099254	-0.00172394417061
-23	-53	-20	-0.00052290822609	0.00160114189968	-0.00177946319946
-21	-53	-20	-0.000591355996743	0.00158525167532	-0.00184344353927
-19	-53	-20	-0.000657130411273	0.00156869431245	-0.00191387344158
-17	-53	-20	-0.00071728439787	0.00155068027006	-0.00198690070307
-15	-53	-20	-0.000769330730446	0.00152931210691	-0.00205775835706
-13	-53	-20	-0.000811509050896	0.00150220117687	-0.002122044417
-11	-53	-20	-0.000842944459707	0.00146721245533	-0.00217696649205
-9	-53	-20	-0.00086367754982	0.00142313763506	-0.00222215381412
-7	-53	-20	-0.000874565804652	0.00137012692887	-0.00225975842522
-5	-53	-20	-0.00087707692701	0.00130978584983	-0.00229378064395
-3	-53	-20	-0.000873012581094	0.00124493986461	-0.00232879663623
-1	-53	-20	-0.000864212588933	0.00117915766452	-0.00236846146533
1	-53	-20	-0.000852291936866	0.00111617781487	-0.00241424547336
3	-53	-20	-0.000838454975085	0.00105939060082	-0.00246480484796
5	-53	-20	-0.000823414400964	0.00101148906971	-0.00251620261269
7	-53	-20	-0.000807420828046	0.000974336226734	-0.00256293894088
9	-53	-20	-0.000790387138813	0.000949022554522	-0.00259949902921
11	-53	-20	-0.000772075424932	0.000936033019295	-0.00262196185772
13	-53	-20	-0.00075230650972	0.000935421737947	-0.0026291874819
15	-53	-20	-0.00073115361931	0.000946909795687	-0.00262322433703
17	-53	-20	-0.000709090867807	0.000969868892186	-0.00260881444535
19	-53	-20	-0.000687080128822	0.00100321257504	-0.00259215028429
21	-53	-20	-0.00066659231805	0.00104526626876	-0.00257926592849
23	-53	-20	-0.000649567696066	0.00109370903164	-0.00257455450391
25	-53	-20	-0.000638322979422	0.00114566516732	-0.00257985887124
27	-53	-20	-0.000635411531054	0.00119797595458	-0.00259439652215
29	-53	-20	-0.000643439304473	0.00124761576445	-0.00261551157419
31	-53	-20	-0.000664837134824	0.00129215460403	-0.00263998173657
33	-53	-20	-0.000701592712946	0.00133013266133	-0.00266543106583
35	-53	-20	-0.000754954879031	0.0013612166204	-0.00269136763781
37	-53	-20	-0.000825137900374	0.00138605493397	-0.00271949022395
39	-53	-20	-0.000911070402996	0.00140582861683	-0.00275315071914
41	-53	-20	-0.00101024648181	0.00142158330555	-0.0027961420454
43	-53	-20	-0.00111873824996	0.00143350085335	-0.00285121298566
45	-53	-20	-0.00123141422087	0.00144030201865	-0.00291881529905
47	-53	-20	-0.00134237496035	0.00143895432432	-0.00299652780138
49	-53	-20	-0.00144557070901	0.00142479411799	-0.00307939261328
51	-53	-20	-0.00153551540766	0.00139207620792	-0.00316110480818
53	-53	-20	-0.00160797191386	0.001334863545	-0.00323571156715
55	-53	-20	-0.00166046823817	0.00124808922163	-0.00329929368503
57	-53	-20	-0.00169252347952	0.00112858253423	-0.00335108359918
59	-53	-20	-0.00170551500154	0.00097585719616	-0.00339363146306
61	-53	-20	-0.00170219507876	0.000792507777967	-0.00343191923714
63	-53	-20	-0.00168594716752	0.00058413577281	-0.00347165396592
65	-53	-20	-0.00165993724183	0.000358811425769	-0.00351724079706
67	-53	-20	-0.00162634576901	0.000126155475734	-0.00357005623457
69	-53	-20	-0.00158585165046	-0.000103814944183	-0.00362757033144
71	-53	-20	-0.00153748391771	-0.000321895663291	-0.00368362064207
73	-53	-20	-0.00147887463303	-0.000520769160978	-0.00372979389604
75	-53	-20	-0.00140685857909	-0.000695768045463	-0.00375752989651
77	-53	-20	-0.00131829346024	-0.000845196918477	-0.00376033248177
79	-53	-20	-0.00121093406656	-0.000970149223788	-0.00373542727229
81	-53	-20	-0.00108419108672	-0.00107384230479	-0.00368436125308
83	-53	-20	-0.000939635972266	-0.0011605865813	-0.0036123487994
85	-53	-20	-0.000781166345314	-0.00123458502275	-0.00352653872822
87	-53	-20	-0.000614808183489	-0.00129880624906	-0.00343369546605
89	-53	-20	-0.000448189278407	-0.00135417197037	-0.00333795950332
91	-53	-20	-0.000289765137579	-0.00139924107872	-0.00323932901822
93	-53	-20	-0.00014790971411	-0.00143046737189	-0.00313329697846
95	-53	-20	-2.99980876393e-05	-0.00144297888515	-0.00301175201854
97	-53	-20	5.83933922297e-05	-0.00143170623414	-0.00286490535384
99	-53	-20	0.000114061570018	-0.00139260696007	-0.00268373949981
-99	-51	-20	0.000178227977014	0.000841119349775	-0.000508826786919
-97	-51	-20	0.000187706795335	0.000873572443352	-0.000576841552852
-95	-51	-20	0.000181655371062	0.000900368041282	-0.000630311388079
-93	-51	-20	0.000162595170336	0.00092304126861	-0.000673091679705
-91	-51	-20	0.000133995204636	0.000943229628189	-0.000709551247694
-89	-51	-20	9.97372886994e-05	0.000962248555981	-0.000743625395971
-87	-51	-20	6.35847443601e-05	0.000980761833861	-0.000778057786137
-85	-51	-20	2.87599272432e-05	0.000998634882562	-0.000814023911637
-83	-51	-20	-2.30008915525e-06	0.00101501227343	-0.00085122400582
-81	-51	-20	-2.79925727502e-05	0.00102860032058	-0.00088839818349
-79	-51	-20	-4.74386022984e-05	0.0010380787497	-0.000924091364759
-77	-51	-20	-6.02864591099e-05	0.00104252935475	-0.000957419263562
-75	-51	-20	-6.65149136147e-05	0.00104176566375	-0.000988585271836
-73	-51	-20	-6.63070993684e-05	0.00103647769467	-0.00101897481584
-71	-51	-20	-6.00289248912e-05	0.00102816107196	-0.00105078739092
-69	-51	-20	-4.83005200746e-05	0.00101886319956	-0.00108631666412
-67	-51	-20	-3.21101632395e-05	0.00101083107513	-0.00112710853738
-65	-51	-20	-1.29002128425e-05	0.00100616931685	-0.00117327664303
-63	-51	-20	7.4398258949e-06	0.00100660543578	-0.00122321607501
-61	-51	-20	2.67086947178e-05	0.00101341609668	-0.00127383853347
-59	-51	-20	4.2649366814e-05	0.00102750729241	-0.00132129041442
-57	-51	-20	5.32741788596e-05	0.00104958334908	-0.00136195996234
-55	-51	-20	5.71782190065e-05	0.00108030451092	-0.00139348035081
-53	-51	-20	5.37546402644e-05	0.00112033369002	-0.00141542597541
-51	-51	-20	4.32465481605e-05	0.00117021148892	-0.00142948511124
-49	-51	-20	2.66116933011e-05	0.00123006386651	-0.00143904872405
-47	-51	-20	5.22621003946e-06	0.001299218092	-0.00144833453118
-45	-51	-20	-1.95025857562e-05	0.00137585559911	-0.0014613107005
-43	-51	-20	-4.65193788692e-05	0.00145684485911	-0.00148074759911
-41	-51	-20	-7.54056505392e-05	0.00153786440859	-0.00150768643469
-39	-51	-20	-0.000106496927998	0.0016138516456	-0.00154148093353
-37	-51	-20	-0.000140805272974	0.00167971710296	-0.00158038313491
-35	-51	-20	-0.000179766486439	0.00173117548801	-0.00162246568398
-33	-51	-20	-0.000224870699656	0.00176549262927	-0.00166655893196
-31	-51	-20	-0.000277257766327	0.00178195090954	-0.00171287065412
-29	-51	-20	-0.000337361625438	0.00178189775514	-0.00176305575347
-27	-51	-20	-0.000404672585085	0.00176834700949	-0.00181968380943
-25	-51	-20	-0.000477659288042	0.00174522203274	-0.00188525726243
-23	-51	-20	-0.000553860482572	0.0017164272476	-0.00196109585955
-21	-51	-20	-0.000630127335465	0.00168498223424	-0.00204646832994
-19	-51	-20	-0.000702974345507	0.00165243488699	-0.00213829425683
-17	-51	-20	-0.000768982939447	0.00161869266515	-0.00223157102527
-15	-51	-20	-0.000825196778812	0.00158229664042	-0.00232045224097
-13	-51	-20	-0.000869451079434	0.00154104553913	-0.00239968667363
-11	-51	-20	-0.000900589053439	0.00149279001258	-0.00246599169701
-9	-51	-20	-0.000918535921223	0.00143618435718	-0.00251893000566
-7	-51	-20	-0.000924223108715	0.0013712101977	-0.00256099082782
-5	-51	-20	-0.000919379366555	0.00129936240558	-0.00259681065029
-3	-51	-20	-0.000906227588671	0.00122348633797	-0.00263173332682
-1	-51	-20	-0.000887141615041	0.00114734695161	-0.00267012243669
1	-51	-20	-0.000864322672705	0.00107506868775	-0.00271393059845
3	-51	-20	-0.000839548865521	0.00101059660578	-0.00276196816761
5	-51	-20	-0.000814034629271	0.000957295811424	-0.00281011240222
7	-51	-20	-0.000788414296345	0.000917743154466	-0.00285241731908
9	-51	-20	-0.000762840310059	0.000893695648151	-0.00288281021069
11	-51	-20	-0.000737167485767	0.0008861672833	-0.00289687893362
13	-51	-20	-0.000711183652519	0.000895525816181	-0.00289322270206
15	-51	-20	-0.000684845085979	0.0009215377741	-0.00287396964982
17	-51	-20	-0.000658480879554	0.00096333481038	-0.00284431733157
19	-51	-20	-0.000632940588548	0.00101932965285	-0.00281124912628
21	-51	-20	-0.000609670443271	0.00108715376195	-0.00278182732925
23	-51	-20	-0.000590712242137	0.00116370356609	-0.00276158479507
25	-51	-20	-0.000578624371964	0.00124535951874	-0.00275349346008
27	-51	-20	-0.000576326748075	0.00132838680609	-0.00275779423832
29	-51	-20	-0.000586872786592	0.00140945500984	-0.00277269082266
31	-51	-20	-0.000613154480622	0.00148615049954	-0.00279563027628
33	-51	-20	-0.000657553603496	0.00155732383493	-0.00282470598385
35	-51	-20	-0.000721564006523	0.00162313089884	-0.00285968437223
37	-51	-20	-0.000805425726542	0.0016846924935	-0.0029022877334
39	-51	-20	-0.000907827434131	0.00174339815839	-0.00295562016533
41	-51	-20	-0.00102574377159	0.00179998853359	-0.0030229200686
43	-51	-20	-0.00115447173955	0.00185363412898	-0.00310606378293
45	-51	-20	-0.00128791037315	0.00190125930052	-0.00320434976776
47	-51	-20	-0.00141908942673	0.00193732510949	-0.00331402263364
49	-51	-20	-0.00154090054694	0.00195418913465	-0.00342876873475
51	-51	-20	-0.00164692955983	0.00194302781625	-0.00354109930408
53	-51	-20	-0.001732246263	0.00189517223412	-0.00364423372035
55	-51	-20	-0.00179399361665	0.00180360667237	-0.0037339045019
57	-51	-20	-0.00183164121494	0.0016643362888	-0.00380949429321
59	-51	-20	-0.00184682836923	0.00147735419284	-0.00387409500815
61	-51	-20	-0.00184280860246	0.00124701967206	-0.00393340059218
63	-51	-20	-0.0018235991221	0.000981775160768	-0.00399371027512
65	-51	-20	-0.00179301156606	0.000693251556382	-0.00405961369225
67	-51	-20	-0.00175377343291	0.000394914675596	-0.0041320565022
69	-51	-20	-0.00170693292894	0.000100473984552	-0.0042073989142
71	-51	-20	-0.00165167709298	-0.00017769748356	-0.00427779997488
73	-51	-20	-0.00158560034518	-0.000429893733408	-0.00433286928175
75	-51	-20	-0.00150536199239	-0.000649961662124	-0.00436214367783
77	-51	-20	-0.00140759089662	-0.000835615548421	-0.00435768815451
79	-51	-20	-0.00128985093849	-0.000988141008792	-0.00431606886157
81	-51	-20	-0.0011514786181	-0.00111154693526	-0.00423911959127
83	-51	-20	-0.000994139424602	-0.00121131944685	-0.00413326989457
85	-51	-20	-0.000822009743677	-0.00129300855579	-0.0040076185566
87	-51	-20	-0.00064156037777	-0.00136091775688	-0.00387129584567
89	-51	-20	-0.000460982394318	-0.00141715462323	-0.00373085590685
91	-51	-20	-0.000289346836704	-0.00146123237686	-0.00358842213306
93	-51	-20	-0.000135622675978	-0.0014902982599	-0.00344108499068
95	-51	-20	-7.69155031431e-06	-0.00149992839758	-0.00328169573701
97	-51	-20	8.85059120903e-05	-0.00148530339444	-0.00310081870213
99	-51	-20	0.000149578013745	-0.00144249625443	-0.00288930852834
-99	-49	-20	0.000206061536284	0.000891683899902	-0.000515502231429
-97	-49	-20	0.000212230002647	0.000926584908904	-0.000587685822827
-95	-49	-20	0.000201310874277	0.000955281923926	-0.000646365566746
-93	-49	-20	0.000176019269413	0.000979398824876	-0.000695363785294
-91	-49	-20	0.000140164687943	0.00100065448535	-0.000738929807407
-89	-49	-20	9.80994422954e-05	0.00102039852683	-0.00078079399049
-87	-49	-20	5.41565481831e-05	0.00103924984472	-0.000823425084421
-85	-49	-20	1.2184878943e-05	0.00105693458254	-0.000867683854334
-83	-49	-20	-2.47456470451e-05	0.00107237034017	-0.000912957395986
-81	-49	-20	-5.44475917972e-05	0.00108397834492	-0.000957719950792
-79	-49	-20	-7.55592918e-05	0.00109014364513	-0.00100033821023
-77	-49	-20	-8.73966349531e-05	0.00108970343524	-0.00103986233979
-75	-49	-20	-8.97946127116e-05	0.00108233763875	-0.0010765447152
-73	-49	-20	-8.3005124748e-05	0.00106876590223	-0.00111190992825
-71	-49	-20	-6.76816148638e-05	0.0010507121002	-0.00114833971018
-69	-49	-20	-4.49369027899e-05	0.00103066374919	-0.00118829304571
-67	-49	-20	-1.64231697202e-05	0.00101150881446	-0.00123340575658
-65	-49	-20	1.5634831389e-05	0.00099615923538	-0.00128376439854
-63	-49	-20	4.85143176597e-05	0.000987261115243	-0.00133760744716
-61	-49	-20	7.92060345347e-05	0.000987049659129	-0.00139158229879
-59	-49	-20	0.000104746501478	0.000997347026206	-0.00144151624934
-57	-49	-20	0.000122609779979	0.00101964392251	-0.00148349602698
-55	-49	-20	0.00013106832521	0.00105517126566	-0.00151494597907
-53	-49	-20	0.000129429027717	0.00110486985881	-0.00153538476429
-51	-49	-20	0.000118075281487	0.00116920528583	-0.00154663040258
-49	-49	-20	9.82924531661e-05	0.00124784090831	-0.00155238787392
-47	-49	-20	7.19092998641e-05	0.00133925268107	-0.00155734167588
-45	-49	-20	4.08358399199e-05	0.00144042062034	-0.00156602840998
-43	-49	-20	6.60532777543e-06	0.00154674257194	-0.00158183206066
-41	-49	-20	-2.99729185757e-05	0.00165227736472	-0.00160640380485
-39	-49	-20	-6.89709881655e-05	0.00175034302736	-0.00163966997583
-37	-49	-20	-0.000111277618583	0.0018343929324	-0.00168039896938
-35	-49	-20	-0.000158330404966	0.00189899915904	-0.00172711198819
-33	-49	-20	-0.000211708014693	0.00194071863402	-0.00177900457195
-31	-49	-20	-0.000272671683928	0.00195862423456	-0.00183653654601
-29	-49	-20	-0.000341749980895	0.00195435301438	-0.00190145388852
-27	-49	-20	-0.000418445988382	0.00193164039679	-0.00197619617254
-25	-49	-20	-0.000501117877053	0.0018954405447	-0.00206285798327
-23	-49	-20	-0.000587050090376	0.00185084131747	-0.00216204178361
-21	-49	-20	-0.000672699985122	0.00180203538154	-0.00227200467888
-19	-49	-20	-0.000754078480002	0.00175159138409	-0.00238843535058
-17	-49	-20	-0.000827205399113	0.00170018599003	-0.0025050146447
-15	-49	-20	-0.000888571477099	0.00164683374991	-0.00261466732593
-13	-49	-20	-0.000935539457144	0.00158952336225	-0.00271118012926
-11	-49	-20	-0.000966626197447	0.00152607210766	-0.00279071877126
-9	-49	-20	-0.000981625622465	0.00145497027164	-0.00285277506619
-7	-49	-20	-0.000981557039949	0.00137601136419	-0.00290022273087
-5	-49	-20	-0.000968451486564	0.00129057985891	-0.00293841727296
-3	-49	-20	-0.000945015533426	0.0012015697798	-0.00297356510034
-1	-49	-20	-0.000914231989724	0.00111300334073	-0.00301081953109
1	-49	-20	-0.000878965772369	0.00102948232553	-0.00305266139296
3	-49	-20	-0.000841638895168	0.000955621738067	-0.00309805355726
5	-49	-20	-0.000804022314546	0.000895586813072	-0.00314263844377
7	-49	-20	-0.000767168388358	0.000852795844202	-0.00317994006513
9	-49	-20	-0.000731481705761	0.000829785338486	-0.00320323125026
11	-49	-20	-0.000696903628529	0.000828183606509	-0.00320752564154
13	-49	-20	-0.000663170946449	0.00084871966758	-0.00319111618963
15	-49	-20	-0.000630102972095	0.000891210132067	-0.00315621988846
17	-49	-20	-0.000597873156773	0.000954508864312	-0.00310855997122
19	-49	-20	-0.000567228319821	0.00103645470592	-0.00305603719621
21	-49	-20	-0.000539627885302	0.00113388995132	-0.00300691116924
23	-49	-20	-0.000517284795241	0.00124282898209	-0.00296804706868
25	-49	-20	-0.000503097923959	0.00135882487019	-0.00294374169978
27	-49	-20	-0.000500473046258	0.0014775177213	-0.00293544042893
29	-49	-20	-0.000513036841506	0.00159527077089	-0.00294235930206
31	-49	-20	-0.000544257521682	0.00170973541699	-0.00296273073828
33	-49	-20	-0.000596997587194	0.00182016087885	-0.00299519231591
35	-49	-20	-0.0006730390206	0.00192729504822	-0.00303980095987
37	-49	-20	-0.000772637323097	0.00203281088813	-0.0030982919468
39	-49	-20	-0.000894174552155	0.00213831901358	-0.00317346967176
41	-49	-20	-0.00103398753223	0.00224415815701	-0.00326792798068
43	-49	-20	-0.00118643967555	0.00234825137237	-0.00338254909981
45	-49	-20	-0.00134427882955	0.00244534366566	-0.003515335867
47	-49	-20	-0.00149927873696	0.00252688054669	-0.00366105148184
49	-49	-20	-0.00164310358112	0.00258165519822	-0.00381189360038
51	-49	-20	-0.00176827564967	0.00259717599732	-0.00395909021475
53	-49	-20	-0.00186908168128	0.0025615317374	-0.00409498167258
55	-49	-20	-0.00194224011399	0.00246540545009	-0.00421495419839
57	-49	-20	-0.00198717955841	0.00230384217486	-0.00431858760173
59	-49	-20	-0.00200584804784	0.00207742138556	-0.00440958515093
61	-49	-20	-0.00200207010858	0.00179260626465	-0.00449441154087
63	-49	-20	-0.00198057137317	0.0014612061752	-0.00457996825251
65	-49	-20	-0.00194587126184	0.00109905490013	-0.00467095772574
67	-49	-20	-0.00190128035149	0.000724139980882	-0.00476772260773
69	-49	-20	-0.00184821921519	0.000354496028038	-0.00486524332287
71	-49	-20	-0.00178600397036	6.19170471287e-06	-0.00495365931708
73	-49	-20	-0.00171213901814	-0.000308296262209	-0.00502023798587
75	-49	-20	-0.00162304649696	-0.00058110399067	-0.00505228308633
77	-49	-20	-0.00151507204435	-0.000809277478233	-0.00504018395953
79	-49	-20	-0.00138555717216	-0.000994337303834	-0.00497974890172
81	-49	-20	-0.00123376713435	-0.00114121264458	-0.00487316043284
83	-49	-20	-0.00106150406819	-0.00125674408393	-0.00472827955508
85	-49	-20	-0.000873303767321	-0.00134802594161	-0.00455649364366
87	-49	-20	-0.000676192697475	-0.0014208883571	-0.00436970919325
89	-49	-20	-0.000479053948289	-0.00147879549526	-0.00417731805761
91	-49	-20	-0.000291706349188	-0.00152235673555	-0.00398395268784
93	-49	-20	-0.000123835495567	-0.00154952380044	-0.00378860456271
95	-49	-20	1.60713445252e-05	-0.00155640322157	-0.00358528978936
97	-49	-20	0.00012164099231	-0.00153848339847	-0.00336502553458
99	-49	-20	0.000189259715058	-0.0014919910477	-0.00311855068628
-99	-47	-20	0.000238710213049	0.000947616413644	-0.000522374601584
-97	-47	-20	0.000241416464293	0.000985581679426	-0.00059898856342
-95	-47	-20	0.000225322211523	0.00101684047859	-0.000663212652678
-93	-47	-20	0.00019335697698	0.00104310958521	-0.000718835577903
-91	-47	-20	0.000149703443933	0.00106618408562	-0.000769982068338
-89	-47	-20	9.92257370117e-05	0.00108742952537	-0.000820168403965
-87	-47	-20	4.68724067754e-05	0.00110738685686	-0.000871576676519
-85	-47	-20	-2.8350327819e-06	0.00112559638733	-0.000924740724852
-83	-47	-20	-4.61512709507e-05	0.00114069321388	-0.000978724428265
-81	-47	-20	-8.02682934299e-05	0.00115075623632	-0.00103173060011
-79	-47	-20	-0.000103314675913	0.0011538256665	-0.00108194821215
-77	-47	-20	-0.000114256991775	0.0011484596996	-0.00112836846662
-75	-47	-20	-0.000112780042112	0.00113419289427	-0.00117130345616
-73	-47	-20	-9.92082867604e-05	0.00111178917991	-0.00121242797224
-71	-47	-20	-7.44957618254e-05	0.0010832418042	-0.00125431211777
-69	-47	-20	-4.02687389444e-05	0.00105154251776	-0.00129957595379
-67	-47	-20	1.13040808637e-06	0.00102030127226	-0.00134992622936
-65	-47	-20	4.66654755426e-05	0.000993327803614	-0.0014053867744
-63	-47	-20	9.27517706389e-05	0.000974279253895	-0.00146398866581
-61	-47	-20	0.000135547122827	0.000966437199763	-0.00152205427895
-59	-47	-20	0.000171363263215	0.000972617882774	-0.00157502937662
-57	-47	-20	0.000197126056846	0.000995162213652	-0.0016186448283
-55	-47	-20	0.000210784001224	0.00103591796221	-0.00165007936892
-53	-47	-20	0.000211563146375	0.00109612891929	-0.00166878387493
-51	-47	-20	0.000199995463136	0.00117618618988	-0.00167672225138
-49	-47	-20	0.000177699680348	0.00127526342441	-0.00167795691673
-47	-47	-20	0.00014695443046	0.00139092876939	-0.00167770498633
-45	-47	-20	0.000110156010612	0.0015188759145	-0.00168115212549
-43	-47	-20	6.92824573635e-05	0.00165292360295	-0.00169238266971
-41	-47	-20	2.54841327605e-05	0.00178538816847	-0.0017137425046
-39	-47	-20	-2.11101605992e-05	0.00190784427587	-0.00174580699948
-37	-47	-20	-7.13339778927e-05	0.00201217806757	-0.001787924948
-35	-47	-20	-0.00012669089122	0.00209173717563	-0.00183911563662
-33	-47	-20	-0.000188898000712	0.00214232634058	-0.00189897383116
-31	-47	-20	-0.000259364241987	0.0021628076501	-0.00196822923302
-29	-47	-20	-0.000338708944376	0.00215514370594	-0.00204871944952
-27	-47	-20	-0.000426411174373	0.0021238520602	-0.00214273595627
-25	-47	-20	-0.000520650555103	0.00207498500351	-0.00225192775752
-23	-47	-20	-0.000618363672124	0.00201486884191	-0.00237612321545
-21	-47	-20	-0.00071550418151	0.0019488962875	-0.00251249514189
-19	-47	-20	-0.000807464379962	0.00188064721455	-0.00265541936346
-17	-47	-20	-0.000889593997755	0.00181152256612	-0.00279717852506
-15	-47	-20	-0.000957739552198	0.00174094050297	-0.00292939829446
-13	-47	-20	-0.00100872540538	0.00166700224497	-0.00304485477308
-11	-47	-20	-0.00104070615234	0.00158742677889	-0.0031391416965
-9	-47	-20	-0.00105333894014	0.00150050614449	-0.00321168860787
-7	-47	-20	-0.0010477521055	0.00140585437876	-0.00326578488033
-5	-47	-20	-0.00102631931546	0.00130480092742	-0.00330754608912
-3	-47	-20	-0.000992280480664	0.00120038585532	-0.00334407572377
-1	-47	-20	-0.00094927565013	0.00109701644853	-0.00338132867357
1	-47	-20	-0.000900870568965	0.000999914732383	-0.00342229147839
3	-47	-20	-0.000850150078094	0.000914507894383	-0.00346601911452
5	-47	-20	-0.000799439195124	0.000845889604132	-0.0035078269545
7	-47	-20	-0.000750185915062	0.000798424854472	-0.00354060002608
9	-47	-20	-0.000703010662719	0.000775507231611	-0.00355685174857
11	-47	-20	-0.000657900931837	0.000779428420492	-0.00355094251987
13	-47	-20	-0.000614510229091	0.000811300865805	-0.00352082381852
15	-47	-20	-0.000572509765595	0.000870989522549	-0.00346881997893
17	-47	-20	-0.000531938873667	0.000957048607989	-0.00340125187377
19	-47	-20	-0.000493503956048	0.00106670582969	-0.00332705323834
21	-47	-20	-0.000458783689381	0.00119596799215	-0.00325582341146
23	-47	-20	-0.00043030851297	0.00133992048492	-0.00319590941584
25	-47	-20	-0.000411494271404	0.00149325184814	-0.00315307118847
27	-47	-20	-0.000406423059361	0.00165096070696	-0.00313007197895
29	-47	-20	-0.000419478963693	0.00180911703617	-0.00312722178521
31	-47	-20	-0.000454862570769	0.00196548271724	-0.00314358769359
33	-47	-20	-0.00051602548793	0.00211977698581	-0.00317837307164
35	-47	-20	-0.000605083716019	0.00227341913508	-0.00323192652917
37	-47	-20	-0.00072228445959	0.00242869309639	-0.00330598489937
39	-47	-20	-0.000865611470105	0.00258743343936	-0.00340303556917
41	-47	-20	-0.00103061459399	0.00274948906364	-0.00352500979635
43	-47	-20	-0.00121053472513	0.00291133147701	-0.00367178084984
45	-47	-20	-0.00139676213955	0.00306519895768	-0.00384004775909
47	-47	-20	-0.00157961440572	0.00319908778628	-0.00402309437653
49	-47	-20	-0.00174935593405	0.00329772875521	-0.00421164552375
51	-47	-20	-0.00189731753128	0.00334446173777	-0.00439567797078
53	-47	-20	-0.00201692834592	0.00332370158838	-0.00456670044753
55	-47	-20	-0.00210446143397	0.00322353405293	-0.00471980976204
57	-47	-20	-0.00215932866836	0.00303793230533	-0.00485483684422
59	-47	-20	-0.00218384011556	0.00276815490435	-0.00497612886757
61	-47	-20	-0.00218245285658	0.00242305356016	-0.00509091036457
63	-47	-20	-0.00216064886205	0.00201823867144	-0.00520660962667
65	-47	-20	-0.00212367088249	0.0015742672896	-0.00532788762121
67	-47	-20	-0.00207538407081	0.00111418434177	-0.00545424883653
69	-47	-20	-0.00201750689423	0.00066083524545	-0.00557899171279
71	-47	-20	-0.00194937280489	0.000234371337863	-0.00568989673535
73	-47	-20	-0.00186826514679	-0.000149697298839	-0.00577155476177
75	-47	-20	-0.00177024245801	-0.000481660130298	-0.005808754287
77	-47	-20	-0.00165127047236	-0.000757868745288	-0.00579002170073
79	-47	-20	-0.00150842283648	-0.000980133129381	-0.00571034417205
81	-47	-20	-0.00134091281832	-0.00115440445076	-0.00557232274841
83	-47	-20	-0.00115076650399	-0.00128899624257	-0.00538543952925
85	-47	-20	-0.00094302713324	-0.00139265938181	-0.00516364731286
87	-47	-20	-0.000725469452978	-0.00147284302571	-0.00492194788551
89	-47	-20	-0.000507883963096	-0.00153443565847	-0.00467288442835
91	-47	-20	-0.000301051828521	-0.00157918789145	-0.00442386578545
93	-47	-20	-0.000115567244566	-0.00160588431384	-0.00417597874623
95	-47	-20	3.93245004598e-05	-0.00161118083786	-0.0039245162401
97	-47	-20	0.000156715473671	-0.00159088978908	-0.00366098520171
99	-47	-20	0.000232721604362	-0.00154140957453	-0.00337599009344
-99	-45	-20	0.000277654933656	0.00100880711387	-0.000530755851187
-97	-45	-20	0.000277165411901	0.00105075017197	-0.000611784573342
-95	-45	-20	0.000256085442651	0.00108561924546	-0.000681501353269
-93	-45	-20	0.000217572538293	0.00111522656945	-0.000743670814039
-91	-45	-20	0.000166197176892	0.00114143112772	-0.000802307423994
-89	-45	-20	0.000107346203791	0.00116558425955	-0.000860732019398
-87	-45	-20	4.65869849319e-05	0.00118810120378	-0.000920862242131
-85	-45	-20	-1.08927900166e-05	0.00120827499017	-0.000982929915146
-83	-45	-20	-6.06883258895e-05	0.00122439067284	-0.00104570225335
-81	-45	-20	-9.93935975212e-05	0.00123412117268	-0.00110713745973
-79	-45	-20	-0.000124651874747	0.00123511249715	-0.00116527200097
-77	-45	-20	-0.000135100938455	0.00122561717532	-0.00121905922459
-75	-45	-20	-0.000130286233026	0.00120502474568	-0.00126888480547
-73	-45	-20	-0.000110601283395	0.00117416973444	-0.00131657682157
-71	-45	-20	-7.72801262443e-05	0.00113536072173	-0.00136488263621
-69	-45	-20	-3.24242511788e-05	0.00109214915828	-0.00141655552324
-67	-45	-20	2.09880258904e-05	0.00104892052854	-0.00147332769994
-65	-45	-20	7.91758670382e-05	0.00101042419006	-0.00153509881018
-63	-45	-20	0.000137767260809	0.000981352721409	-0.00159961946524
-61	-45	-20	0.000192163825798	0.000966040733537	-0.00166280934418
-59	-45	-20	0.000238025160199	0.000968292309118	-0.00171965916304
-57	-45	-20	0.0002717911232	0.000991287641019	-0.00176548374753
-55	-45	-20	0.000291131517455	0.00103748466634	-0.00179717727368
-53	-45	-20	0.000295213648116	0.00110843453053	-0.0018141102226
-51	-45	-20	0.00028471142772	0.00120447196818	-0.00181840731251
-49	-45	-20	0.000261537385439	0.00132431073903	-0.00181452789331
-47	-45	-20	0.000228345605695	0.00146464698065	-0.00180827917201
-45	-45	-20	0.000187910648343	0.00161992267	-0.00180556246208
-43	-45	-20	0.000142518939763	0.00178240502054	-0.00181122873554
-41	-45	-20	9.35065434559e-05	0.00194268607772	-0.00182837638323
-39	-45	-20	4.10420401173e-05	0.00209060803895	-0.00185827351847
-37	-45	-20	-1.58041645174e-05	0.00221649889518	-0.00190087666082
-35	-45	-20	-7.87267810424e-05	0.00231249547189	-0.00195571512875
-33	-45	-20	-0.000149666146372	0.00237367242236	-0.00202278313037
-31	-45	-20	-0.000230213228328	0.0023987099951	-0.00210307398984
-29	-45	-20	-0.000321057809764	0.00238992355381	-0.00219850996272
-27	-45	-20	-0.000421582587337	0.00235262356595	-0.00231123194813
-25	-45	-20	-0.000529673287185	0.0022939373555	-0.00244244941054
-23	-45	-20	-0.000641774426867	0.00222135757797	-0.00259123360756
-21	-45	-20	-0.000753179957893	0.00214134855783	-0.00275370174952
-19	-45	-20	-0.000858513226279	0.00205832121366	-0.0029229562816
-17	-45	-20	-0.000952324608418	0.00197418667732	-0.00308992941289
-15	-45	-20	-0.00102971946612	0.00188854760663	-0.00324499977146
-13	-45	-20	-0.00108692487632	0.00179942802162	-0.00337998373592
-11	-45	-20	-0.00112171187363	0.00170432071436	-0.00348994611862
-9	-45	-20	-0.00113361082216	0.00160127627228	-0.00357428182379
-7	-45	-20	-0.00112388924527	0.00148977853535	-0.00363670039789
-5	-45	-20	-0.00109529961378	0.001371234459	-0.00368405220929
-3	-45	-20	-0.0010516425205	0.00124902196541	-0.00372427851325
-1	-45	-20	-0.000997220767309	0.00112815156429	-0.00376404203058
1	-45	-20	-0.000936275850514	0.00101467583372	-0.00380671142859
3	-45	-20	-0.000872497071044	0.00091500874727	-0.00385129023328
5	-45	-20	-0.000808676108102	0.000835295103827	-0.0038926176721
7	-45	-20	-0.000746551143164	0.00078091477932	-0.00392280222109
9	-45	-20	-0.000686851272626	0.000756141399036	-0.00393348872482
11	-45	-20	-0.000629520646711	0.000763924443908	-0.00391831699354
13	-45	-20	-0.000574077317282	0.000805744062477	-0.00387487858422
15	-45	-20	-0.000520046381087	0.000881502683732	-0.00380563455399
17	-45	-20	-0.000467400615121	0.000989457338774	-0.00371757130894
19	-45	-20	-0.000416943089726	0.00112624189407	-0.00362074608053
21	-45	-20	-0.000370573662887	0.0012870562169	-0.00352619182661
23	-45	-20	-0.000331393656545	0.00146609111532	-0.00344381602278
25	-45	-20	-0.000303619673568	0.00165720679252	-0.00338089090193
27	-45	-20	-0.000292297769894	0.00185479739831	-0.00334151049711
29	-45	-20	-0.000302832032901	0.00205467923374	-0.00332705720452
31	-45	-20	-0.000340365494556	0.00225476896339	-0.00333738671772
33	-45	-20	-0.000409074270324	0.00245530384075	-0.00337221367511
35	-45	-20	-0.000511455654856	0.0026584189457	-0.00343213448835
37	-45	-20	-0.000647705139079	0.00286703500625	-0.00351887302612
39	-45	-20	-0.000815282931772	0.00308319681885	-0.00363462970718
41	-45	-20	-0.00100876389158	0.00330618768285	-0.00378075701613
43	-45	-20	-0.00122004193695	0.00353087243559	-0.00395625857533
45	-45	-20	-0.00143891845068	0.00374674290883	-0.00415671815766
47	-45	-20	-0.00165404501715	0.00393803365682	-0.00437416432875
49	-45	-20	-0.00185412095424	0.0040850578045	-0.00459808880429
51	-45	-20	-0.00202917902316	0.00416663317636	-0.00481744866738
53	-45	-20	-0.00217174651656	0.00416319984255	-0.00502311909626
55	-45	-20	-0.00227766151613	0.00406004486706	-0.00521004826763
57	-45	-20	-0.00234636664178	0.00384999955276	-0.00537838224634
59	-45	-20	-0.00238059376837	0.00353507241431	-0.005533086716
61	-45	-20	-0.00238547673864	0.0031266999157	-0.00568202736461
63	-45	-20	-0.00236725654446	0.00264457787676	-0.00583295326269
65	-45	-20	-0.00233184147508	0.00211430867009	-0.00599020629441
67	-45	-20	-0.00228352534595	0.00156430174596	-0.00615212807075
69	-45	-20	-0.002224136669	0.00102246199185	-0.00630999407461
71	-45	-20	-0.0021527964739	0.000513187319798	-0.00644890241216
73	-45	-20	-0.00206632645692	5.50948386481e-05	-0.00655049403234
75	-45	-20	-0.00196020700779	-0.00034026107214	-0.00659684540756
77	-45	-20	-0.00182987142438	-0.000668589724777	-0.00657451623832
79	-45	-20	-0.0016720632942	-0.000932059509315	-0.00647766516623
81	-45	-20	-0.00148598740953	-0.0011376997872	-0.00630939005265
83	-45	-20	-0.00127404271359	-0.00129531974009	-0.00608093513759
85	-45	-20	-0.00104201860038	-0.00141530729567	-0.00580899140038
87	-45	-20	-0.000798738941003	-0.0015066719936	-0.00551182716689
89	-45	-20	-0.000555230063764	-0.00157564090045	-0.00520527772663
91	-45	-20	-0.000323555881146	-0.00162500975375	-0.0048996194332
93	-45	-20	-0.000115500327004	-0.00165430658971	-0.00459806963452
95	-45	-20	5.87145038366e-05	-0.00166066784118	-0.0042971844731
97	-45	-20	0.00019150241225	-0.00164019008806	-0.00398891565307
99	-45	-20	0.000278643418519	-0.0015894357841	-0.0036636798041
-99	-43	-20	0.00032412288967	0.00107441519171	-0.000540953218289
-97	-43	-20	0.000321247024387	0.00112161254747	-0.00062594557803
-95	-43	-20	0.000296031965275	0.00116163154158	-0.000700537980402
-93	-43	-20	0.000251864949091	0.00119637847337	-0.000768490020175
-91	-43	-20	0.000193691699161	0.00122775225565	-0.000833741696433
-89	-43	-20	0.000127388868452	0.00125704217054	-0.000899469964036
-87	-43	-20	5.90861570829e-05	0.00128446903868	-0.000967392566958
-85	-43	-20	-5.44153250063e-06	0.00130899677129	-0.001037512332
-83	-43	-20	-6.12253416765e-05	0.00132847697948	-0.00110837532723
-81	-43	-20	-0.000104362509451	0.00134010501326	-0.00117776625048
-79	-43	-20	-0.000132104294348	0.00134108504881	-0.00124362859354
-77	-43	-20	-0.000142830021034	0.00132934798252	-0.00130491918456
-75	-43	-20	-0.000135979426748	0.00130415465644	-0.00136211514393
-73	-43	-20	-0.00011200179791	0.00126645129153	-0.00141718898706
-71	-43	-20	-7.23457335779e-05	0.00121891301679	-0.00147302906023
-69	-43	-20	-1.94710693843e-05	0.00116569362881	-0.001532460166
-67	-43	-20	4.31697204185e-05	0.00111197009002	-0.00159715756705
-65	-43	-20	0.000111246295411	0.00106340799325	-0.00166680047877
-63	-43	-20	0.000179812459939	0.0010256694298	-0.00173875748704
-61	-43	-20	0.000243727127843	0.00100404153089	-0.0018084478886
-59	-43	-20	0.000298193261271	0.00100319911943	-0.00187032237366
-57	-43	-20	0.00033932453388	0.00102705228562	-0.00191921483172
-55	-43	-20	0.000364620591623	0.00107859259524	-0.00195169499278
-53	-43	-20	0.000373234938049	0.00115965509546	-0.00196703976117
-51	-43	-20	0.00036595687307	0.00127055872507	-0.00196754632319
-49	-43	-20	0.000344892157767	0.00140966166985	-0.00195810217693
-47	-43	-20	0.000312899372635	0.00157294556639	-0.0019451474312
-45	-43	-20	0.000272900164071	0.00175379394892	-0.00193534397637
-43	-43	-20	0.000227214509519	0.00194313184558	-0.0019343469925
-41	-43	-20	0.000177067728515	0.00213003481227	-0.00194602971406
-39	-43	-20	0.000122375918103	0.00230280594436	-0.0019723552921
-37	-43	-20	6.18522765486e-05	0.00245038611489	-0.00201386957924
-35	-43	-20	-6.59432209038e-06	0.00256384510526	-0.00207057694346
-33	-43	-20	-8.52575359367e-05	0.00263763865061	-0.00214282819629
-31	-43	-20	-0.000175954377812	0.00267033489315	-0.00223184210383
-29	-43	-20	-0.000279402402173	0.00266461652129	-0.00233960672419
-27	-43	-20	-0.000394768470811	0.00262652913003	-0.00246812742466
-25	-43	-20	-0.000519467176805	0.0025641286849	-0.00261823479118
-23	-43	-20	-0.000649241141097	0.00248583018388	-0.0027883554312
-21	-43	-20	-0.00077850963383	0.00239883254514	-0.00297371363286
-19	-43	-20	-0.000900932481366	0.00230797008466	-0.00316634095205
-17	-43	-20	-0.00101010651837	0.00221522604451	-0.00335604265674
-15	-43	-20	-0.00110029386131	0.00211997209094	-0.00353216977946
-13	-43	-20	-0.00116707644377	0.00201981856683	-0.00368576671103
-11	-43	-20	-0.0012078407735	0.00191182261583	-0.00381149959802
-9	-43	-20	-0.00122202099214	0.00179373938852	-0.00390878206463
-7	-43	-20	-0.00121106507447	0.00166502554041	-0.0039817106904
-5	-43	-20	-0.00117813335979	0.00152739891064	-0.00403775296144
-3	-43	-20	-0.00112758279445	0.00138488975291	-0.00408549888868
-1	-43	-20	-0.00106432546122	0.00124344657114	-0.00413208084551
1	-43	-20	-0.000993168805502	0.00111024900216	-0.00418098973551
3	-43	-20	-0.000918243790838	0.000992912580879	-0.00423092447094
5	-43	-20	-0.000842607180055	0.000898746479598	-0.00427602697276
7	-43	-20	-0.000768070637179	0.000834163248617	-0.00430745876125
9	-43	-20	-0.0006952700886	0.000804266469974	-0.00431588652902
11	-43	-20	-0.000623951376182	0.00081258519026	-0.00429418129942
13	-43	-20	-0.000553418249009	0.000860901317389	-0.00423957938492
15	-43	-20	-0.000483068920019	0.000949131969481	-0.00415472017506
17	-43	-20	-0.000412938094003	0.00107527222219	-0.00404731330053
19	-43	-20	-0.000344161598149	0.00123545284494	-0.00392859068201
21	-43	-20	-0.000279289364491	0.00142419665186	-0.0038110427598
23	-43	-20	-0.000222388686552	0.00163494531509	-0.00370611828493
25	-43	-20	-0.000178902661627	0.00186086839	-0.00362253180822
27	-43	-20	-0.000155257279475	0.00209586837079	-0.00356558944923
29	-43	-20	-0.00015824245818	0.00233558778953	-0.00353759114749
31	-43	-20	-0.000194224189689	0.00257814548348	-0.00353901244832
33	-43	-20	-0.000268273110318	0.00282431710682	-0.0035699263376
35	-43	-20	-0.000383315761136	0.00307695305378	-0.00363107361462
37	-43	-20	-0.000539425679781	0.00333959254064	-0.00372414432343
39	-43	-20	-0.000733369889963	0.00361445268494	-0.00385114081727
41	-43	-20	-0.000958510055119	0.00390018820757	-0.00401305161112
43	-43	-20	-0.00120512439162	0.0041899633827	-0.00420835198801
45	-43	-20	-0.00146116539794	0.00447039690796	-0.00443196058703
47	-43	-20	-0.001713401753	0.00472180780088	-0.00467517352287
49	-43	-20	-0.00194881800318	0.00491992510627	-0.00492679357964
51	-43	-20	-0.00215607688589	0.00503888710738	-0.0051752634778
53	-43	-20	-0.00232680490882	0.00505503424927	-0.0054112313423
55	-43	-20	-0.00245646042909	0.00495078217109	-0.00562975467969
57	-43	-20	-0.00254459618089	0.0047178085729	-0.0058313736771
59	-43	-20	-0.00259443288423	0.00435891564548	-0.00602156726468
61	-43	-20	-0.00261179905521	0.00388820361852	-0.00620857390089
63	-43	-20	-0.0026036329	0.00332953738144	-0.00640007561712
65	-43	-20	-0.00257634845164	0.00271361924322	-0.00659964604518
67	-43	-20	-0.00253440908067	0.00207422098761	-0.00680401521585
69	-43	-20	-0.00247941260457	0.00144423397636	-0.00700204218849
71	-43	-20	-0.00240988067492	0.000852163235118	-0.00717584353974
73	-43	-20	-0.0023217885276	0.000319549560268	-0.0073039239436
75	-43	-20	-0.00220970932142	-0.000140400014735	-0.00736557150817
77	-43	-20	-0.00206832010876	-0.000522910352525	-0.00734539220078
79	-43	-20	-0.00189395243962	-0.000830595788717	-0.00723678567399
81	-43	-20	-0.00168587938671	-0.00107155676076	-0.0070434352301
83	-43	-20	-0.00144710255755	-0.00125698951464	-0.00677841972045
85	-43	-20	-0.00118451347339	-0.00139872048717	-0.00646119738266
87	-43	-20	-0.000908424424603	-0.00150705759881	-0.00611327336363
89	-43	-20	-0.000631569146718	-0.00158927630708	-0.00575368459721
91	-43	-20	-0.000367747408503	-0.00164893581894	-0.00539543466371
93	-43	-20	-0.000130324483861	-0.00168606605046	-0.00504370263454
95	-43	-20	6.92008488087e-05	-0.00169810427363	-0.00469613801702
97	-43	-20	0.000222371155277	-0.00168132362379	-0.00434499525551
99	-43	-20	0.000324545159255	-0.00163241386227	-0.00398041396451
-99	-41	-20	0.00037906927602	0.00114295758294	-0.000551957953976
-97	-41	-20	0.000375268875757	0.00119712224615	-0.000639870508728
-95	-41	-20	0.000347575917096	0.00124443265551	-0.000717986161194
-93	-41	-20	0.000299592907844	0.00128688139852	-0.00079008648693
-91	-41	-20	0.000236592814655	0.00132636701197	-0.000860094760728
-89	-41	-20	0.000164853190259	0.00136404486332	-0.00093113196248
-87	-41	-20	9.09342869159e-05	0.00139984476015	-0.00100482947886
-85	-41	-20	2.10288286764e-05	0.00143229269405	-0.00108109174943
-83	-41	-20	-3.95241222865e-05	0.00145870242988	-0.00115837936678
-81	-41	-20	-8.65232557864e-05	0.00147570926316	-0.00123443012606
-79	-41	-20	-0.000117005542475	0.00148002923175	-0.00130719771512
-77	-41	-20	-0.000129223113659	0.00146926819589	-0.00137570975256
-75	-41	-20	-0.000122571473575	0.00144259386687	-0.00144055776957
-73	-41	-20	-9.75302769401e-05	0.00140112325901	-0.00150383422793
-71	-41	-20	-5.56422545921e-05	0.00134795589915	-0.00156849928477
-69	-41	-20	4.87782018319e-07	0.00128787548935	-0.00163734356633
-67	-41	-20	6.72271680355e-05	0.00122682151163	-0.00171185524519
-65	-41	-20	0.00014004928006	0.00117127426208	-0.001791352605
-63	-41	-20	0.000213818006246	0.00112769101608	-0.00187268522232
-61	-41	-20	0.000283232517301	0.00110208214137	-0.00195065039676
-59	-41	-20	0.000343387249498	0.00109974277349	-0.00201906106415
-57	-41	-20	0.000390351193428	0.00112508495528	-0.00207220090407
-55	-41	-20	0.000421641576002	0.00118147307771	-0.00210627500562
-53	-41	-20	0.000436471995457	0.00127096891347	-0.00212045271096
-51	-41	-20	0.000435696197668	0.00139394309883	-0.00211721022525
-49	-41	-20	0.000421436851506	0.00154859245409	-0.0021018825703
-47	-41	-20	0.000396465837894	0.00173048894256	-0.00208156597821
-45	-41	-20	0.000363467103588	0.00193234353107	-0.00206370054291
-43	-41	-20	0.00032434656426	0.00214416975528	-0.00205474872423
-41	-41	-20	0.000279746242283	0.00235396610554	-0.00205933982636
-39	-41	-20	0.000228873844319	0.0025489136142	-0.00208008726515
-37	-41	-20	0.000169687077743	0.00271693625761	-0.00211805607188
-35	-41	-20	9.93933106117e-05	0.0028483410767	-0.00217363700458
-33	-41	-20	1.51591884957e-05	0.00293718628053	-0.00224744430631
-31	-41	-20	-8.51142025413e-05	0.00298204831586	-0.00234084527158
-29	-41	-20	-0.00020210135242	0.00298597632507	-0.00245585865442
-27	-41	-20	-0.000334574809964	0.00295560854314	-0.00259438749575
-25	-41	-20	-0.000479223345436	0.0028996307492	-0.00275700717987
-23	-41	-20	-0.000630795711178	0.00282692378455	-0.00294172574535
-21	-41	-20	-0.000782547600294	0.00274482648673	-0.00314319965368
-19	-41	-20	-0.000926925119459	0.00265790818135	-0.00335279216885
-17	-41	-20	-0.00105638573687	0.00256750992671	-0.0035596228074
-15	-41	-20	-0.00116423918853	0.00247211493502	-0.00375244322001
-13	-41	-20	-0.00124538753578	0.00236840268003	-0.00392188503791
-11	-41	-20	-0.00129685654325	0.00225268483296	-0.00406245566344
-9	-41	-20	-0.00131803985435	0.00212235388421	-0.00417367320691
-7	-41	-20	-0.00131062072233	0.00197700849884	-0.00425994059513
-5	-41	-20	-0.00127818751235	0.00181903501472	-0.00432910814488
-3	-41	-20	-0.0012256099198	0.00165358180965	-0.00439006216675
-1	-41	-20	-0.00115828272674	0.00148801440105	-0.00444998498621
1	-41	-20	-0.00108136445844	0.00133104324999	-0.00451205934478
3	-41	-20	-0.000999135315858	0.00119175129649	-0.00457429029658
5	-41	-20	-0.000914573646146	0.00107871565098	-0.00462981301129
7	-41	-20	-0.000829209345101	0.000999339354847	-0.00466863272598
9	-41	-20	-0.000743265095599	0.000959417824425	-0.0046803296231
11	-41	-20	-0.000656051285452	0.000962893431965	-0.00465698238319
13	-41	-20	-0.000566544504629	0.00101172288899	-0.00459550506023
15	-41	-20	-0.000474056070407	0.00110580075783	-0.00449877056924
17	-41	-20	-0.000378886613892	0.0012429355229	-0.00437525461792
19	-41	-20	-0.000282864412718	0.00141893575893	-0.00423736443149
21	-41	-20	-0.000189677660477	0.00162790198797	-0.00409898459025
23	-41	-20	-0.000104933293122	0.00186280985604	-0.00397296652396
25	-41	-20	-3.59063160263e-05	0.00211640304337	-0.00386925363267
27	-41	-20	9.0182038565e-06	0.00238230194575	-0.00379408838184
29	-41	-20	2.11668037242e-05	0.00265610934977	-0.00375037498332
31	-41	-20	-7.42045337331e-06	0.00293620252581	-0.00373889406405
33	-41	-20	-8.29235469677e-05	0.00322388678504	-0.00375980598212
35	-41	-20	-0.000208747450217	0.00352267585563	-0.00381381960273
37	-41	-20	-0.000384739161809	0.00383665633604	-0.00390256017947
39	-41	-20	-0.0006067455618	0.00416814845823	-0.00402798926687
41	-41	-20	-0.000866611786588	0.00451512593316	-0.00419110309851
43	-41	-20	-0.00115267387145	0.00486902498981	-0.00439043569734
45	-41	-20	-0.00145073765483	0.00521359139265	-0.00462101272062
47	-41	-20	-0.00174546197855	0.00552525570454	-0.00487429210604
49	-41	-20	-0.00202198632759	0.00577521391421	-0.00513931359157
51	-41	-20	-0.00226757535249	0.00593299482402	-0.0054048568302
53	-41	-20	-0.00247301372667	0.00597092038748	-0.00566201494538
55	-41	-20	-0.00263349269656	0.00586861430377	-0.00590636386354
57	-41	-20	-0.00274879532972	0.00561665982264	-0.00613893837526
59	-41	-20	-0.00282270768765	0.00521866743878	-0.00636552540901
61	-41	-20	-0.00286173764859	0.00469134441484	-0.00659427726118
63	-41	-20	-0.00287337720104	0.00406257239861	-0.00683218755878
65	-41	-20	-0.00286425739292	0.00336789087476	-0.00708138977498
67	-41	-20	-0.00283858403723	0.00264606172781	-0.00733638958915
69	-41	-20	-0.00279719114863	0.00193450216786	-0.00758316179081
71	-41	-20	-0.00273741680781	0.00126531676652	-0.00780056501157
73	-41	-20	-0.00265382460579	0.000662472774226	-0.00796388406035
75	-41	-20	-0.00253960873792	0.000140407159386	-0.00804968863213
77	-41	-20	-0.00238837805293	-0.000295909158244	-0.00804078726191
79	-41	-20	-0.00219594643632	-0.000649647720161	-0.00792998549326
81	-41	-20	-0.00196177442041	-0.000929895448819	-0.00772165463506
83	-41	-20	-0.00168979751878	-0.00114896543387	-0.00743069812383
85	-41	-20	-0.00138851142782	-0.00131970355401	-0.00707919682761
87	-41	-20	-0.00107032776136	-0.00145320420133	-0.00669162073556
89	-41	-20	-0.00075033581756	-0.00155725103917	-0.00628984093792
91	-41	-20	-0.000444687112145	-0.00163566002839	-0.00588917331146
93	-41	-20	-0.000168854488023	-0.0016885390719	-0.0054963507436
95	-41	-20	6.39887149501e-05	-0.00171331619868	-0.00510976674401
97	-41	-20	0.000244261836446	-0.00170625577025	-0.00472172876093
99	-41	-20	0.000366793962524	-0.00166410736408	-0.0043219749974
-99	-39	-20	0.000443326506456	0.00121260153849	-0.000561515197182
-97	-39	-20	0.000440795812852	0.00127595999478	-0.000650589249811
-95	-39	-20	0.000413193228538	0.00133341295812	-0.000730012468628
-93	-39	-20	0.000364302942964	0.00138702330611	-0.000803621502104
-91	-39	-20	0.000299635964127	0.00143862860913	-0.000875402089005
-89	-39	-20	0.000225717290099	0.00148914880923	-0.000948545157131
-87	-39	-20	0.00014931960273	0.00153809155699	-0.0010247625392
-85	-39	-20	7.67807631024e-05	0.00158340237612	-0.00110405519722
-83	-39	-20	1.35040384782e-05	0.00162172581418	-0.00118500242956
-81	-39	-20	-3.63190904524e-05	0.0016490394402	-0.00126548592687
-79	-39	-20	-6.97849150657e-05	0.00166152409032	-0.00134362387981
-77	-39	-20	-8.52187845521e-05	0.00165646998883	-0.00141861283737
-75	-39	-20	-8.20650030152e-05	0.00163300862739	-0.00149118804197
-73	-39	-20	-6.0794419306e-05	0.00159250788955	-0.00156351909342
-71	-39	-20	-2.28608667752e-05	0.00153855865388	-0.00163852978759
-69	-39	-20	2.93092038455e-05	0.00147658747195	-0.00171881843029
-67	-39	-20	9.23477801577e-05	0.00141321967878	-0.00180549899391
-65	-39	-20	0.000162065967352	0.00135556380955	-0.00189733541378
-63	-39	-20	0.00023371814674	0.00131057893699	-0.0019904789022
-61	-39	-20	0.000302421397744	0.00128462712063	-0.002078954494
-59	-39	-20	0.000363685556149	0.00128322555546	-0.00215582428409
-57	-39	-20	0.000413957063095	0.00131092855977	-0.00221474699506
-55	-39	-20	0.000451050418124	0.00137121884715	-0.00225152216405
-53	-39	-20	0.000474347285482	0.00146629036192	-0.00226519628218
-51	-39	-20	0.000484687264337	0.00159666327697	-0.00225842494596
-49	-39	-20	0.000483946241157	0.00176066801169	-0.00223699649186
-47	-39	-20	0.000474378861599	0.00195393670596	-0.00220866472869
-45	-39	-20	0.000457867990617	0.00216910939331	-0.00218163603967
-43	-39	-20	0.000435256424631	0.00239596686486	-0.00216314672485
-41	-39	-20	0.000405924451223	0.00262212974844	-0.00215852049988
-39	-39	-20	0.000367723640868	0.00283432525007	-0.00217092736456
-37	-39	-20	0.000317296707432	0.00302005484352	-0.00220182719721
-35	-39	-20	0.000250726633887	0.00316934840362	-0.00225185139477
-33	-39	-20	0.000164387183738	0.00327621314059	-0.00232172970722
-31	-39	-20	5.58272187962e-05	0.00333941254712	-0.00241285757619
-29	-39	-20	-7.54809217668e-05	0.00336234502907	-0.00252722950559
-27	-39	-20	-0.000227667172315	0.00335200389192	-0.00266669722681
-25	-39	-20	-0.000396347507138	0.00331723322766	-0.00283177271331
-23	-39	-20	-0.000574886205486	0.00326668120295	-0.00302039741884
-21	-39	-20	-0.000754996759608	0.00320693718454	-0.0032271675384
-19	-39	-20	-0.000927592561462	0.00314129481797	-0.003443407569
-17	-39	-20	-0.00108376504169	0.00306942051863	-0.00365824106443
-15	-39	-20	-0.0012157506048	0.0029879719464	-0.00386048822265
-13	-39	-20	-0.00131774913358	0.00289197089631	-0.00404092498111
-11	-39	-20	-0.00138647640182	0.00277655662261	-0.00419426706318
-9	-39	-20	-0.00142136988635	0.0026386754522	-0.00432026093966
-7	-39	-20	-0.00142441919499	0.00247831339286	-0.00442348070552
-5	-39	-20	-0.00139965195202	0.00229902716933	-0.00451179040805
-3	-39	-20	-0.00135236340837	0.00210772592688	-0.00459383064477
-1	-39	-20	-0.00128822178938	0.00191384123954	-0.00467620296521
1	-39	-20	-0.00121240183565	0.0017281466331	-0.00476115280088
3	-39	-20	-0.00112889146957	0.00156152270023	-0.00484544284409
5	-39	-20	-0.00104008293159	0.00142391264026	-0.00492078788624
7	-39	-20	-0.000946707916073	0.00132360408464	-0.00497578036182
9	-39	-20	-0.000848117401064	0.00126684925609	-0.00499880484296
11	-39	-20	-0.00074285217013	0.0012577394919	-0.00498115066815
13	-39	-20	-0.000629407741703	0.00129821084406	-0.00491947391233
15	-39	-20	-0.00050707167456	0.00138808166638	-0.00481695137018
17	-39	-20	-0.000376702485776	0.00152509436008	-0.00468285132892
19	-39	-20	-0.000241326142587	0.00170501805398	-0.00453070103027
21	-39	-20	-0.000106446316697	0.00192192726362	-0.00437561960479
23	-39	-20	2.00033001853e-05	0.00216877138652	-0.00423159100517
25	-39	-20	0.000128094041305	0.00243827863187	-0.00410941609284
27	-39	-20	0.000206704567512	0.00272410927696	-0.00401582497978
29	-39	-20	0.000244618562916	0.00302202574798	-0.0039538378652
31	-39	-20	0.000231798891603	0.00333073509088	-0.00392406339888
33	-39	-20	0.000160684416479	0.00365203591193	-0.00392634583294
35	-39	-20	2.73391492899e-05	0.0039899995983	-0.00396110244737
37	-39	-20	-0.000167711558943	0.00434913172328	-0.00402984912434
39	-39	-20	-0.000419096452329	0.00473174976134	-0.00413473884165
41	-39	-20	-0.000716758200433	0.00513509961981	-0.00427732359741
43	-39	-20	-0.00104668859053	0.00554892500606	-0.00445706283412
45	-39	-20	-0.00139219621492	0.00595422466199	-0.00467023090814
47	-39	-20	-0.00173558327924	0.00632375009491	-0.00490977112418
49	-39	-20	-0.00206002977325	0.00662443673666	-0.00516633002858
51	-39	-20	-0.00235142067949	0.00682150777859	-0.00543028046717
53	-39	-20	-0.00259982279827	0.00688356141098	-0.00569414580331
55	-39	-20	-0.00280033938294	0.0067876687467	-0.00595461006736
57	-39	-20	-0.00295315293314	0.0065234544909	-0.00621333195719
59	-39	-20	-0.00306270457371	0.00609532498886	-0.00647608626166
61	-39	-20	-0.0031361298707	0.0055223981278	-0.00675025641404
63	-39	-20	-0.00318123781838	0.00483617249819	-0.0070412483179
65	-39	-20	-0.00320443814734	0.00407642466449	-0.00734881380855
67	-39	-20	-0.00320905545972	0.00328613642731	-0.00766441652623
69	-39	-20	-0.00319440056431	0.00250636866582	-0.0079705761438
71	-39	-20	-0.00315581080505	0.00177191320646	-0.00824262609788
73	-39	-20	-0.0030856592155	0.00110831760457	-0.00845265106255
75	-39	-20	-0.00297511983186	0.000530565651982	-0.00857472911304
77	-39	-20	-0.0028163163826	4.33858229241e-05	-0.0085901855822
79	-39	-20	-0.00260441117439	-0.000357091571544	-0.00849150455178
81	-39	-20	-0.00233922183294	-0.000680770389414	-0.00828386720586
83	-39	-20	-0.00202606991122	-0.000940629173256	-0.0079839047567
85	-39	-20	-0.00167573154199	-0.0011498652682	-0.00761598848612
87	-39	-20	-0.00130353326967	-0.00131956483275	-0.00720701784433
89	-39	-20	-0.000927778692729	-0.00145719677483	-0.00678102893723
91	-39	-20	-0.000567780973296	-0.00156607337162	-0.00635493638801
93	-39	-20	-0.000241807023259	-0.00164575249687	-0.00593636014849
95	-39	-20	3.47809332176e-05	-0.00169319867934	-0.00552389556812
97	-39	-20	0.000250957137741	-0.00170439841292	-0.00510953963555
99	-39	-20	0.000400885810751	-0.00167606279734	-0.00468247019299
-99	-37	-20	0.000517862668847	0.00128159616078	-0.000566570239398
-97	-37	-20	0.000519563312036	0.00135695473692	-0.000654274741548
-95	-37	-20	0.000495571578666	0.00142819443306	-0.000731872468322
-93	-37	-20	0.000449799942617	0.00149742346712	-0.000803292838297
-91	-37	-20	0.000387865425833	0.00156633536216	-0.000872683582622
-89	-37	-20	0.000316319750456	0.00163547980636	-0.000943469348436
-87	-37	-20	0.000241839742348	0.0017037717277	-0.00101766362621
-85	-37	-20	0.000170527662306	0.00176839429476	-0.00109562564575
-83	-37	-20	0.000107427501476	0.00182515886486	-0.00117632974906
-81	-37	-20	5.62969317896e-05	0.00186926750243	-0.00125806068134
-79	-37	-20	1.96060138743e-05	0.00189631451486	-0.00133931047448
-77	-37	-20	-1.31695398894e-06	0.00190329507139	-0.0014195763969
-75	-37	-20	-6.09134396655e-06	0.00188938308981	-0.00149977413738
-73	-37	-20	4.87448746599e-06	0.00185630050309	-0.00158208835332
-71	-37	-20	3.04646773076e-05	0.00180820882778	-0.0016692563387
-69	-37	-20	6.88706472451e-05	0.0017511792545	-0.00176346890227
-67	-37	-20	0.000117593498726	0.00169240139759	-0.0018652161439
-65	-37	-20	0.000173507639059	0.00163934207838	-0.00197245545775
-63	-37	-20	0.000233046533963	0.00159904948623	-0.0020804124787
-61	-37	-20	0.000292529871927	0.0015777217945	-0.00218215641185
-59	-37	-20	0.000348594228283	0.0015805494465	-0.00226986649874
-57	-37	-20	0.000398635989757	0.00161173479626	-0.00233649381558
-55	-37	-20	0.000441145392323	0.00167452868022	-0.00237738923459
-53	-37	-20	0.000475817247539	0.00177112488194	-0.00239145914159
-51	-37	-20	0.000503369416105	0.00190232291675	-0.00238153275304
-49	-37	-20	0.000525073971673	0.00206698617659	-0.00235384459275
-47	-37	-20	0.000542088021039	0.00226144717557	-0.00231678700921
-45	-37	-20	0.00055473710265	0.00247909882085	-0.00227929306667
-43	-37	-20	0.000561933326513	0.00271042284107	-0.00224930523548
-41	-37	-20	0.000560892457748	0.0029436278264	-0.00223273953884
-39	-37	-20	0.000547252113347	0.00316591310308	-0.00223318216202
-37	-37	-20	0.000515602991811	0.00336518226931	-0.00225231081065
-35	-37	-20	0.000460350216744	0.00353186040932	-0.0022907951057
-33	-37	-20	0.000376746573834	0.00366038018306	-0.00234927688862
-31	-37	-20	0.00026190120871	0.00374993273726	-0.00242901427096
-29	-37	-20	0.000115572734345	0.00380423366909	-0.00253190089751
-27	-37	-20	-5.94004334678e-05	0.00383029695418	-0.00265980502755
-25	-37	-20	-0.000257110905232	0.00383647481425	-0.00281343611993
-23	-37	-20	-0.000469035785453	0.00383023123299	-0.00299115088259
-21	-37	-20	-0.000684864096759	0.0038162060935	-0.00318818268068
-19	-37	-20	-0.000893575961904	0.00379506452157	-0.00339668435843
-17	-37	-20	-0.00108461892618	0.00376342585465	-0.0036067348102
-15	-37	-20	-0.00124901619063	0.00371488440721	-0.00380814392549
-13	-37	-20	-0.00138025190624	0.00364185052484	-0.0039925988874
-11	-37	-20	-0.0014748089674	0.00353773594719	-0.00415552650479
-9	-37	-20	-0.00153228318797	0.00339893796761	-0.00429706710433
-7	-37	-20	-0.00155506034301	0.00322615653997	-0.00442177397321
-5	-37	-20	-0.0015476116189	0.0030247771021	-0.00453701302871
-3	-37	-20	-0.00151552718831	0.002804305875	-0.00465043505686
-1	-37	-20	-0.00146445404031	0.00257707797612	-0.00476720367647
1	-37	-20	-0.00139912207336	0.00235660772417	-0.00488778283785
3	-37	-20	-0.00132262676682	0.00215598128896	-0.00500696985336
5	-37	-20	-0.00123609022666	0.00198660902601	-0.00511452856368
7	-37	-20	-0.00113875498761	0.00185749698785	-0.00519732548247
9	-37	-20	-0.00102849077169	0.00177502197822	-0.00524243390154
11	-37	-20	-0.000902627577152	0.00174305956777	-0.00524038080315
13	-37	-20	-0.000758979470532	0.00176325885867	-0.00518765984828
15	-37	-20	-0.000596897292445	0.00183529105535	-0.00508783891445
17	-37	-20	-0.000418185203873	0.00195699951183	-0.0049509915213
19	-37	-20	-0.000227732678442	0.00212450223127	-0.00479165624943
21	-37	-20	-3.37465726001e-05	0.00233239108643	-0.00462593279668
23	-37	-20	0.000152485827847	0.00257419224854	-0.00446853657697
25	-37	-20	0.000317315299644	0.00284318130324	-0.00433059565797
27	-37	-20	0.000445880408541	0.00313349930714	-0.00421870337405
29	-37	-20	0.000523575587508	0.00344133898386	-0.0041353280813
31	-37	-20	0.00053767114882	0.00376582880866	-0.00408026124578
33	-37	-20	0.000478883767081	0.00410920109666	-0.00405248876999
35	-37	-20	0.00034268683364	0.00447592864822	-0.00405178813907
37	-37	-20	0.000130169937928	0.00487075132349	-0.00407950532114
39	-37	-20	-0.000151696401901	0.00529583906106	-0.0041382944316
41	-37	-20	-0.000490466639562	0.00574766209467	-0.00423099681232
43	-37	-20	-0.0008692910711	0.00621435810521	-0.00435916045496
45	-37	-20	-0.00126855850862	0.00667441303014	-0.00452184403804
47	-37	-20	-0.00166793167496	0.00709726931723	-0.00471525950758
49	-37	-20	-0.00204852105171	0.00744607196595	-0.00493350764915
51	-37	-20	-0.00239489097205	0.00768225329509	-0.00517024854301
53	-37	-20	-0.00269657873938	0.00777117733396	-0.00542076190677
55	-37	-20	-0.00294884865801	0.00768775017628	-0.0056836287534
57	-37	-20	-0.00315250603263	0.00742084772733	-0.00596129655663
59	-37	-20	-0.00331275488519	0.00697563851626	-0.00625908678755
61	-37	-20	-0.00343727231609	0.0063733279467	-0.00658268943196
63	-37	-20	-0.00353385102009	0.00564840128021	-0.00693471801564
65	-37	-20	-0.00360808198874	0.00484395215783	-0.00731129895484
67	-37	-20	-0.00366157252456	0.00400602848882	-0.00769979754269
69	-37	-20	-0.00369110337023	0.00317803986544	-0.00807857383616
71	-37	-20	-0.00368893685495	0.00239615067703	-0.00841915342276
73	-37	-20	-0.00364423881365	0.00168629035268	-0.00869052706164
75	-37	-20	-0.00354533202996	0.0010630390658	-0.00886465597748
77	-37	-20	-0.00338231950209	0.000530287380693	-0.00892185257428
79	-37	-20	-0.00314954498599	8.32912028039e-05	-0.00885466319557
81	-37	-20	-0.00284740845933	-0.000288417315792	-0.00866922646297
83	-37	-20	-0.00248320516677	-0.000597846248127	-0.00838372523242
85	-37	-20	-0.00207086441139	-0.000857619659402	-0.00802430832521
87	-37	-20	-0.00162967506662	-0.00107772706641	-0.00761951124933
89	-37	-20	-0.00118225301367	-0.00126420495643	-0.00719456774072
91	-37	-20	-0.000752104056933	-0.00141883685488	-0.00676698053027
93	-37	-20	-0.00036115889237	-0.00153979016416	-0.0063443311553
95	-37	-20	-2.76165134305e-05	-0.00162296262225	-0.00592468120447
97	-37	-20	0.000235649876072	-0.00166370861449	-0.00549923931429
99	-37	-20	0.000421973235283	-0.00165857312394	-0.00505642928869
-99	-35	-20	0.000604032378681	0.0013487205862	-0.000563973716262
-97	-35	-20	0.000613667099385	0.00143949560057	-0.000647038468782
-95	-35	-20	0.000597716322214	0.00152898481093	-0.000718805303916
-93	-35	-20	0.000560149695669	0.0016193085951	-0.000783337980951
-91	-35	-20	0.000506518908667	0.001711911319	-0.000845064468966
-89	-35	-20	0.000443119083149	0.0018068040414	-0.000907842358394
-87	-35	-20	0.000376138192584	0.00190209773029	-0.000974259487273
-85	-35	-20	0.000310959904171	0.00199398957092	-0.00104535880808
-83	-35	-20	0.0002517336373	0.00207725772846	-0.00112085527264
-81	-35	-20	0.000201248754197	0.00214618682115	-0.00119976185473
-79	-35	-20	0.00016107069675	0.00219572496769	-0.00128120733466
-77	-35	-20	0.000131838284461	0.0022226007156	-0.00136515470373
-75	-35	-20	0.000113598719563	0.00222612897442	-0.00145274480202
-73	-35	-20	0.000106073771097	0.00220851238349	-0.00154609722758
-71	-35	-20	0.000108798392386	0.00217457774661	-0.00164757215872
-69	-35	-20	0.000121133740577	0.00213103741085	-0.00175868193196
-67	-35	-20	0.000142209032911	0.00208548740122	-0.00187898102917
-65	-35	-20	0.000170873219452	0.00204541028169	-0.00200530875604
-63	-35	-20	0.00020572945583	0.00201742383031	-0.0021316883856
-61	-35	-20	0.000245285946915	0.00200691573954	-0.00225001380745
-59	-35	-20	0.000288199825975	0.00201806277218	-0.0023514274201
-57	-35	-20	0.00033353672317	0.00205409716072	-0.0024280791845
-55	-35	-20	0.000380937946779	0.0021175996309	-0.00247482403115
-53	-35	-20	0.000430593432185	0.00221059733957	-0.00249040846915
-51	-35	-20	0.000482963932239	0.00233432977395	-0.00247782457564
-49	-35	-20	0.000538269501578	0.00248869075856	-0.00244373589206
-47	-35	-20	0.000595842091953	0.00267151230581	-0.00239713812324
-45	-35	-20	0.000653502868644	0.00287797026374	-0.00234762909443
-43	-35	-20	0.000707148265416	0.00310041665199	-0.00230376146954
-41	-35	-20	0.000750702152204	0.00332885946759	-0.00227190703759
-39	-35	-20	0.000776518707748	0.00355213300769	-0.00225588679177
-37	-35	-20	0.000776219403184	0.00375957929059	-0.00225737177987
-35	-35	-20	0.000741844248323	0.00394286334637	-0.00227681528664
-33	-35	-20	0.000667119077501	0.00409744077809	-0.0023145159414
-31	-35	-20	0.000548606675179	0.00422323030963	-0.00237138633563
-29	-35	-20	0.000386526715665	0.00432422149249	-0.0024491217317
-27	-35	-20	0.000185090888685	0.00440702685331	-0.00254969021445
-25	-35	-20	-4.77118963025e-05	0.00447869083939	-0.00267432485895
-23	-35	-20	-0.000300850712114	0.00454430361138	-0.00282240278041
-21	-35	-20	-0.000561396555293	0.0046050596657	-0.00299067286415
-19	-35	-20	-0.00081590565991	0.00465731346108	-0.0031732103634
-17	-35	-20	-0.00105184416129	0.00469293455907	-0.0033622512161
-15	-35	-20	-0.00125885566652	0.00470092146092	-0.00354975926279
-13	-35	-20	-0.00142969790111	0.00466989479195	-0.00372930213172
-11	-35	-20	-0.00156072075084	0.00459085516134	-0.00389765215541
-9	-35	-20	-0.00165182202458	0.00445952655017	-0.00405555061911
-7	-35	-20	-0.00170589372004	0.00427772835113	-0.00420728480211
-5	-35	-20	-0.00172785158963	0.00405348805533	-0.00435907379097
-3	-35	-20	-0.0017234117329	0.00379993951711	-0.00451663884934
-1	-35	-20	-0.00169782548058	0.0035333505762	-0.00468262717851
1	-35	-20	-0.00165479604277	0.0032708056418	-0.0048546641872
3	-35	-20	-0.00159577200281	0.00302809063968	-0.00502468263094
5	-35	-20	-0.00151974775163	0.00281819733982	-0.0051798426366
7	-35	-20	-0.00142361218448	0.00265063460101	-0.00530490738674
9	-35	-20	-0.00130299251152	0.00253148441784	-0.00538550836882
11	-35	-20	-0.00115345801857	0.00246394940559	-0.00541145441992
13	-35	-20	-0.000971892462915	0.00244905928179	-0.00537920027557
15	-35	-20	-0.000757819588771	0.00248625061994	-0.00529281019333
17	-35	-20	-0.000514473125781	0.00257367795659	-0.00516316789098
19	-35	-20	-0.000249435358104	0.00270829513728	-0.00500567170722
21	-35	-20	2.52794983904e-05	0.00288589244021	-0.00483706705348
23	-35	-20	0.000293754891571	0.00310132884144	-0.00467228375695
25	-35	-20	0.000537297245276	0.00334913342041	-0.00452210266526
27	-35	-20	0.000736061185157	0.00362448155623	-0.00439219334955
29	-35	-20	0.000871004824039	0.00392433619471	-0.00428363572889
31	-35	-20	0.000925946390413	0.00424836194317	-0.00419459873578
33	-35	-20	0.000889461223521	0.0045991487604	-0.00412253406768
35	-35	-20	0.000756361153074	0.00498137272057	-0.00406614502645
37	-35	-20	0.000528539147709	0.00539977435866	-0.00402653085427
39	-35	-20	0.00021503614964	0.00585619448967	-0.00400723107148
41	-35	-20	-0.000168716372356	0.00634627172319	-0.00401328999863
43	-35	-20	-0.000602418559768	0.00685665626145	-0.00404979602619
45	-35	-20	-0.00106302630123	0.00736363202424	-0.00412051237345
47	-35	-20	-0.00152722484819	0.00783382001828	-0.0042271527348
49	-35	-20	-0.00197393207834	0.00822719250993	-0.00436958811031
51	-35	-20	-0.00238647716484	0.00850206565965	-0.00454689097873
53	-35	-20	-0.00275411123405	0.00862120935286	-0.00475876130677
55	-35	-20	-0.00307257438117	0.00855786938135	-0.00500666607401
57	-35	-20	-0.00334357315453	0.00830044404382	-0.00529404621506
59	-35	-20	-0.00357320523564	0.00785481798866	-0.00562521340443
61	-35	-20	-0.00376957586165	0.00724386364706	-0.00600300213537
63	-35	-20	-0.00394003931879	0.00650423828752	-0.0064257234908
65	-35	-20	-0.00408861768389	0.00568116949579	-0.0068843250529
67	-35	-20	-0.0042141559238	0.00482229423508	-0.00736076274076
69	-35	-20	-0.00430965030067	0.00397172012218	-0.00782837433535
71	-35	-20	-0.00436295318606	0.00316531508717	-0.00825454902802
73	-35	-20	-0.00435876279608	0.00242787516579	-0.00860534409818
75	-35	-20	-0.0042815226917	0.00177238053468	-0.00885109777487
77	-35	-20	-0.00411865476238	0.00120113908299	-0.00897171539858
79	-35	-20	-0.00386348071641	0.000708317324117	-0.00896029217992
81	-35	-20	-0.00351726413606	0.000283207986357	-0.00882410321522
83	-35	-20	-0.00309000186356	-8.64229912502e-05	-0.00858264655022
85	-35	-20	-0.00259985443972	-0.000411463953242	-0.00826318420384
87	-35	-20	-0.00207136432716	-0.000699444514053	-0.00789487109943
89	-35	-20	-0.00153281081175	-0.000953573327021	-0.00750290820759
91	-35	-20	-0.0010131585649	-0.00117282957984	-0.00710410970158
93	-35	-20	-0.000539067846307	-0.00135294827108	-0.00670485811964
95	-35	-20	-0.000132366192647	-0.00148801591111	-0.00630176696356
97	-35	-20	0.0001917359396	-0.00157232065024	-0.00588467032115
99	-35	-20	0.000425539388953	-0.0016020875728	-0.00544100880156
-99	-33	-20	0.000703679999916	0.00141359999993	-0.000551249999912
-97	-33	-20	0.00072559125578	0.00152377632395	-0.000625800154995
-95	-33	-20	0.000722880771214	0.00163672176188	-0.000687014957608
-93	-33	-20	0.000699491333116	0.0017545296521	-0.000739137835186
-91	-33	-20	0.000660707417964	0.00187827186216	-0.00078701141916
-89	-33	-20	0.000612234164302	0.00200722345025	-0.000835155578026
-87	-33	-20	0.00055930862578	0.00213844383834	-0.000887048602715
-85	-33	-20	0.000506028303334	0.00226688199623	-0.000944796188676
-83	-33	-20	0.000455019253488	0.00238604807533	-0.00100925763082
-81	-33	-20	0.000407474842048	0.00248914207879	-0.00108055486001
-79	-33	-20	0.000363502915834	0.002570394796	-0.00115876160291
-77	-33	-20	0.000322650000029	0.00262629999992	-0.00124449999983
-75	-33	-20	0.000284444006957	0.00265642771361	-0.00133918812635
-73	-33	-20	0.000248816309094	0.00266360891817	-0.00144478591438
-71	-33	-20	0.000216320100996	0.00265344703087	-0.00156305217596
-69	-33	-20	0.000188134444678	0.00263329366967	-0.00169450268377
-67	-33	-20	0.000165908245466	0.00261097066689	-0.00183739131552
-65	-33	-20	0.000151535585154	0.00259358161529	-0.00198707582927
-63	-33	-20	0.000146953382644	0.00258671375473	-0.00213605580961
-61	-33	-20	0.000154017182723	0.00259419649865	-0.00227479674841
-59	-33	-20	0.000174455536591	0.00261839797448	-0.00239322830832
-57	-33	-20	0.000209849258024	0.00266086470292	-0.00248259392482
-55	-33	-20	0.000261549999875	0.00272300000005	-0.00253719999978
-53	-33	-20	0.000330457199109	0.00280647192228	-0.00255561087736
-51	-33	-20	0.000416615615553	0.00291314644667	-0.00254096762185
-49	-33	-20	0.00051866628262	0.00304452461201	-0.00250033952044
-47	-33	-20	0.000633260061538	0.00320086417375	-0.00244328002607
-45	-33	-20	0.000754599338659	0.00338031762942	-0.00237997443261
-43	-33	-20	0.000874287820039	0.00357846225052	-0.00231946889469
-41	-33	-20	0.000981630231663	0.00378850910306	-0.00226842783509
-39	-33	-20	0.00106443792479	0.00400227488628	-0.00223069271675
-37	-33	-20	0.00111028280128	0.00421174108301	-0.00220766424581
-35	-33	-20	0.00110803003909	0.00441079214226	-0.00219928116514
-33	-33	-20	0.00104939999998	0.00459659999975	-0.00220519999982
-31	-33	-20	0.000930283190043	0.00477015976419	-0.00222574391113
-29	-33	-20	0.000751566108115	0.00493568594936	-0.00226229519678
-27	-33	-20	0.000519310879254	0.00509890090175	-0.00231701893465
-25	-33	-20	0.000244246007575	0.00526459497234	-0.00239205388152
-23	-33	-20	-5.93571559703e-05	0.00543410336203	-0.00248850750583
-21	-33	-20	-0.000375250914772	0.0056034372476	-0.0026056756604
-19	-33	-20	-0.000686987868425	0.00576268500161	-0.00274084171578
-17	-33	-20	-0.000979653167836	0.0058969861659	-0.00288981167658
-15	-33	-20	-0.00124131288455	0.00598896042673	-0.00304807294988
-13	-33	-20	-0.00146398405259	0.00602206724376	-0.00321221416309
-11	-33	-20	-0.00164399999991	0.00598409999998	-0.00338109999953
-9	-33	-20	-0.00178172918558	0.00586996425882	-0.00355631661429
-7	-33	-20	-0.00188069958992	0.00568307065124	-0.00374159675301
-5	-33	-20	-0.00194627348242	0.00543503575798	-0.00394124915074
-3	-33	-20	-0.0019840951018	0.00514382158876	-0.00415795955259
-1	-33	-20	-0.00199858064393	0.00483082829413	-0.00439058961814
1	-33	-20	-0.00199172284998	0.0045176778959	-0.00463268264579
3	-33	-20	-0.00196243606988	0.00422343396158	-0.00487224943699
5	-33	-20	-0.00190657770763	0.00396280557119	-0.00509307923365
7	-33	-20	-0.00181766503467	0.00374555631922	-0.00527738873833
9	-33	-20	-0.00168818576999	0.00357698789362	-0.00540921470683
11	-33	-20	-0.00151130000005	0.0034591000001	-0.00547769999956
13	-33	-20	-0.00128266717962	0.00339191757694	-0.00547940533864
15	-33	-20	-0.00100211248768	0.00337454151127	-0.00541901456508
17	-33	-20	-0.000674869378543	0.003405682181	-0.00530822692705
19	-33	-20	-0.000312191089923	0.0034836953348	-0.00516312247617
21	-33	-20	6.87974181566e-05	0.00360636116624	-0.00500070008488
23	-33	-20	0.000446043368323	0.00377075020489	-0.00483549920515
25	-33	-20	0.00079424379575	0.00397346615901	-0.00467716536479
27	-33	-20	0.00108709759596	0.00421136328801	-0.00452952526872
29	-33	-20	0.00129988633505	0.00448257207291	-0.00439129352181
31	-33	-20	0.00141207526945	0.00478742988673	-0.00425807590089
33	-33	-20	0.00140959999995	0.00512879999979	-0.00412499999975
35	-33	-20	0.00128652487536	0.00551133549988	-0.00398918659456
37	-33	-20	0.00104582844835	0.00593950881959	-0.00385139754486
39	-33	-20	0.000699180678563	0.00641462054926	-0.00371650664429
41	-33	-20	0.000265709533846	0.00693140836537	-0.00359283053063
43	-33	-20	-0.000230109096071	0.00747516328085	-0.00349069922438
45	-33	-20	-0.00076118325519	0.00802031355352	-0.00342083265239
47	-33	-20	-0.0013008115984	0.0085312061847	-0.00339306761067
49	-33	-20	-0.00182556398891	0.00896533688672	-0.00341576613624
51	-33	-20	-0.00231762635423	0.00927866847703	-0.00349591187027
53	-33	-20	-0.00276624393204	0.00943210267909	-0.00363958346154
55	-33	-20	-0.00316799999979	0.00939779999932	-0.00385229999935
57	-33	-20	-0.00352583007831	0.00916399287111	-0.00413873998989
59	-33	-20	-0.00384688210288	0.00873723368939	-0.00450155329255
61	-33	-20	-0.00413956062423	0.00814158597571	-0.00493935246139
63	-33	-20	-0.0044102903754	0.00741495027465	-0.00544436711182
65	-33	-20	-0.00466064730532	0.0066033334483	-0.00600053212446
67	-33	-20	-0.0048854890168	0.00575426444487	-0.00658284142705
69	-33	-20	-0.00507255450487	0.00491064670528	-0.00715858213588
71	-33	-20	-0.00520371709212	0.00410612335495	-0.00769060510273
73	-33	-20	-0.0052577246199	0.00336260223892	-0.0081422073936
75	-33	-20	-0.00521393129641	0.00269007495121	-0.00848267180598
77	-33	-20	-0.00505629999991	0.00208840000019	-0.00869219999914
79	-33	-20	-0.0047768903277	0.00155040212124	-0.00876500472777
81	-33	-20	-0.00437816040906	0.00106550922884	-0.0087097108435
83	-33	-20	-0.00387366593291	0.000623193219364	-0.00854686249208
85	-33	-20	-0.00328706857292	0.000215651281384	-0.00830406799481
87	-33	-20	-0.00264968544882	-0.000160602769351	-0.00800992437308
89	-33	-20	-0.00199705068791	-0.000504329209443	-0.00768817310768
91	-33	-20	-0.00136507895682	-0.000810222561311	-0.00735345860036
93	-33	-20	-0.000786414724054	-0.00107037786309	-0.00700961771621
95	-33	-20	-0.000287445640962	-0.00127620962176	-0.00665075529814
97	-33	-20	0.000113704850285	-0.00142044004555	-0.00626465168071
99	-33	-20	0.000408069999891	-0.00149879999986	-0.00583749999967
-99	-31	-20	0.000818981874184	0.00147675837924	-0.000527213058267
-97	-31	-20	0.000857967619245	0.00161073757727	-0.000588999026472
-95	-31	-20	0.000874224152252	0.00175287132302	-0.000634488941909
-93	-31	-20	0.000871577243122	0.0019051841212	-0.000668154881036
-91	-31	-20	0.00085482499049	0.00206824117786	-0.00069540050889
-89	-31	-20	0.000828718749473	0.00224036549616	-0.000721658253517
-87	-31	-20	0.000797038772465	0.00241729261548	-0.000751642276432
-85	-31	-20	0.000761973551969	0.0025924334091	-0.0007889355413
-83	-31	-20	0.000723934568488	0.00275776877336	-0.000835983517575
-81	-31	-20	0.000681828302258	0.00290522604923	-0.000894433947255
-79	-31	-20	0.000633695762728	0.00302823570673	-0.000965643072721
-77	-31	-20	0.000577547056267	0.00312308740774	-0.00105110412352
-75	-31	-20	0.000512185746392	0.00318972893506	-0.00115256955759
-73	-31	-20	0.000437840422677	0.003231781734	-0.00127173611284
-71	-31	-20	0.000356487881316	0.00325575160579	-0.00140951573166
-69	-31	-20	0.000271840297073	0.00326963491973	-0.00156507942953
-67	-31	-20	0.000189050108679	0.00328129263797	-0.00173498110899
-65	-31	-20	0.000114237950701	0.0032970312371	-0.0019126995493
-63	-31	-20	5.39591357648e-05	0.0033207663923	-0.00208885966945
-61	-31	-20	1.46954967491e-05	0.00335396730159	-0.00225222261246
-59	-31	-20	2.40700593471e-06	0.00339633919352	-0.00239131407222
-57	-31	-20	2.21237758978e-05	0.00344697323733	-0.00249635692149
-55	-31	-20	7.75257693602e-05	0.00350554993251	-0.00256105262321
-53	-31	-20	0.000170459277567	0.00357317232368	-0.00258375965773
-51	-31	-20	0.000300378120194	0.00365253566156	-0.0025677528943
-49	-31	-20	0.000463762225827	0.00374737144033	-0.00252048102007
-47	-31	-20	0.000653634836448	0.00386136221354	-0.00245200347165
-45	-31	-20	0.000859345901821	0.00399692294643	-0.00237300561341
-43	-31	-20	0.00106679117359	0.00415431390748	-0.00229289573605
-41	-31	-20	0.00125918371519	0.00433145778254	-0.00221844815084
-39	-31	-20	0.00141839312392	0.00452460072771	-0.00215328577279
-37	-31	-20	0.00152674007389	0.00472965331633	-0.00209824613072
-35	-31	-20	0.0015690127913	0.00494377190042	-0.00205242345386
-33	-31	-20	0.00153439167825	0.0051665915036	-0.00201450254273
-31	-31	-20	0.00141795279727	0.00540056175245	-0.00198394919909
-29	-31	-20	0.0012214772253	0.00565007342751	-0.00196170821358
-27	-31	-20	0.000953408851055	0.00591943619605	-0.00195025091251
-25	-31	-20	0.000627950457495	0.00621016846695	-0.00195304489375
-23	-31	-20	0.00026343337041	0.00651835962719	-0.00197371195463
-21	-31	-20	-0.000119789840559	0.00683295632976	-0.00201523240337
-19	-31	-20	-0.000501615158889	0.00713565935096	-0.00207951462406
-17	-31	-20	-0.000864293727814	0.00740272549394	-0.00216749136879
-15	-31	-20	-0.00119408586776	0.00760845385306	-0.00227968240412
-13	-31	-20	-0.00148224549578	0.00772964646273	-0.00241695416523
-11	-31	-20	-0.00172521463177	0.00775001880982	-0.00258108737844
-9	-31	-20	-0.00192401848263	0.00766349711337	-0.00277478331336
-7	-31	-20	-0.00208296675854	0.00747559639763	-0.00300090402738
-5	-31	-20	-0.00220787448133	0.00720255615316	-0.00326100786391
-3	-31	-20	-0.00230410012634	0.00686847970711	-0.00355352618495
-1	-31	-20	-0.00237474317651	0.00650121450431	-0.00387213416975
1	-31	-20	-0.00241933274363	0.00612798439668	-0.00420491741342
3	-31	-20	-0.00243326856325	0.00577177138284	-0.00453479161474
5	-31	-20	-0.00240815346753	0.00544916116094	-0.00484131989029
7	-31	-20	-0.00233300379687	0.00516991219969	-0.0051036737672
9	-31	-20	-0.0021961709815	0.00493802576229	-0.005304117594
11	-31	-20	-0.00198768380421	0.00475372792977	-0.00543117946666
13	-31	-20	-0.00170164869163	0.00461562304217	-0.00548168362674
15	-31	-20	-0.00133833366281	0.00452236737287	-0.00546107175124
17	-31	-20	-0.000905605901944	0.0044734918849	-0.00538187131342
19	-31	-20	-0.000419479949539	0.00446936638017	-0.00526065798043
21	-31	-20	9.63529653933e-05	0.00451061663664	-0.00511426370481
23	-31	-20	0.000612018098678	0.00459747448837	-0.00495618311626
25	-31	-20	0.00109384924873	0.00472950585572	-0.00479406874024
27	-31	-20	0.00150743691313	0.00490594142969	-0.00462890026706
29	-31	-20	0.00182099007763	0.00512651126108	-0.00445595678778
31	-31	-20	0.00200860356	0.00539237811263	-0.00426724851907
33	-31	-20	0.00205300679637	0.0057065945309	-0.00405471101823
35	-31	-20	0.00194741448352	0.00607355396134	-0.00381332384761
37	-31	-20	0.00169620513174	0.00649717620009	-0.00354341251662
39	-31	-20	0.00131430749465	0.00697799381264	-0.00325168035628
41	-31	-20	0.000825352817454	0.00750975951654	-0.00295089509366
43	-31	-20	0.000258823750999	0.00807652220084	-0.00265850330146
45	-31	-20	-0.000353427609212	0.00865119369739	-0.00239466367637
47	-31	-20	-0.000980827649482	0.00919639172919	-0.00218022548797
49	-31	-20	-0.00159739559547	0.00966783368004	-0.00203504192919
51	-31	-20	-0.00218425059228	0.0100198989082	-0.00197676500365
53	-31	-20	-0.00273092467203	0.0102123586828	-0.00202001588717
55	-31	-20	-0.00323524238647	0.0102168778559	-0.00217565817387
57	-31	-20	-0.00370173136951	0.010021848442	-0.0024498844772
59	-31	-20	-0.00413877108078	0.00963444907859	-0.00284296962555
61	-31	-20	-0.00455493577316	0.00907945109564	-0.00334779839312
63	-31	-20	-0.00495519182964	0.0083950406669	-0.00394854998079
65	-31	-20	-0.00533771156754	0.00762659342992	-0.00462010646636
67	-31	-20	-0.00569201870115	0.00681974917401	-0.0053287583204
69	-31	-20	-0.00599896861337	0.0060141967527	-0.00603456859857
71	-31	-20	-0.00623271689283	0.0052393036229	-0.00669536113584
73	-31	-20	-0.00636441334949	0.00451221226743	-0.007271818195
75	-31	-20	-0.0063669746645	0.00383843157966	-0.00773275388788
77	-31	-20	-0.00622003542869	0.0032144310683	-0.00805941547815
79	-31	-20	-0.0059141222841	0.00263141266021	-0.00824775113248
81	-31	-20	-0.00545325416281	0.00207933476737	-0.00830798002351
83	-31	-20	-0.0048555003912	0.00155037467396	-0.0082614218883
85	-31	-20	-0.00415144104542	0.00104126954841	-0.00813522415188
87	-31	-20	-0.00338086765025	0.000554287265959	-0.00795617200302
89	-31	-20	-0.00258834930688	9.6869247259e-05	-0.00774501751716
91	-31	-20	-0.00181842002678	-0.000319791369829	-0.00751263855316
93	-31	-20	-0.00111111420219	-0.00068284175966	-0.00725886737121
95	-31	-20	-0.000498424152805	-0.000980092731989	-0.00697414499175
97	-31	-20	-2.03238292399e-06	-0.00120216106101	-0.00664345285714
99	-31	-20	0.000367562297868	-0.00134409750649	-0.00625144147008
-99	-29	-20	0.00095198972104	0.00153933925754	-0.000492257999262
-97	-29	-20	0.00101303949717	0.00170164538026	-0.0005369576527
-95	-29	-20	0.0010541849218	0.00187882935557	-0.000561447423436
-93	-29	-20	0.001079046161	0.00207280656466	-0.000570479707309
-91	-29	-20	0.00109171448656	0.00228350138101	-0.000570170729089
-89	-29	-20	0.00109561793398	0.0025080664248	-0.000567123048451
-87	-29	-20	0.00109256294838	0.00274063613248	-0.000567640932138
-85	-29	-20	0.00108218975075	0.00297278613574	-0.000577208646882
-83	-29	-20	0.0010619836042	0.00319469803177	-0.000600308906881
-81	-29	-20	0.0010278511788	0.00339682944493	-0.000640540120217
-79	-29	-20	0.000975136936807	0.00357171988919	-0.000700884549748
-77	-29	-20	0.000899854973931	0.00371548075019	-0.000783921772765
-75	-29	-20	0.000799872081288	0.00382855922321	-0.000891796303978
-73	-29	-20	0.000675804661217	0.00391553252739	-0.00102583614358
-71	-29	-20	0.000531472819807	0.00398394159511	-0.00118585693494
-69	-29	-20	0.000373862413733	0.00404244278656	-0.00136933181505
-67	-29	-20	0.000212647984213	0.00409876070409	-0.0015707104223
-65	-29	-20	5.93995223432e-05	0.00415799781751	-0.00178119113819
-63	-29	-20	-7.33800042498e-05	0.00422176746468	-0.00198917082991
-61	-29	-20	-0.000173259395562	0.00428838535251	-0.00218142976218
-59	-29	-20	-0.000228847369722	0.00435404650045	-0.00234489948804
-57	-29	-20	-0.000230698221184	0.00441462253536	-0.00246867038301
-55	-29	-20	-0.000172164191232	0.00446752993387	-0.00254578480978
-53	-29	-20	-5.02061780634e-05	0.00451310381585	-0.00257437303751
-51	-29	-20	0.00013385803365	0.00455507296111	-0.00255782798167
-49	-29	-20	0.000373744752916	0.00460002182875	-0.00250394800717
-47	-29	-20	0.000657868683185	0.00465605307154	-0.00242323999476
-45	-29	-20	0.000969447326624	0.00473112254754	-0.0023267915591
-43	-29	-20	0.00128719817877	0.00483162019094	-0.00222422785505
-41	-29	-20	0.0015867106701	0.00496167488363	-0.0021222335037
-39	-29	-20	0.00184245501418	0.00512339406482	-0.0020239551239
-37	-29	-20	0.00203024643827	0.00531789279484	-0.00192935506064
-35	-29	-20	0.00212985268844	0.00554664094539	-0.00183633530712
-33	-29	-20	0.00212735338738	0.0058124777302	-0.0017422651734
-31	-29	-20	0.002016858956	0.00611968576211	-0.00164547698592
-29	-29	-20	0.00180128120223	0.00647278908365	-0.0015463535412
-27	-29	-20	0.00149200091292	0.00687417122813	-0.00144779184925
-25	-29	-20	0.0011074651575	0.00732107027593	-0.00135503291272
-23	-29	-20	0.000670926485355	0.00780284567855	-0.00127502940203
-21	-29	-20	0.000207671007387	0.00829949986517	-0.00121562580176
-19	-29	-20	-0.00025784954297	0.00878221963389	-0.00118482127309
-17	-29	-20	-0.000704569501484	0.00921621566392	-0.00119028311622
-15	-29	-20	-0.00111669603196	0.00956551044309	-0.00123912035788
-13	-29	-20	-0.00148468916481	0.00979873784026	-0.00133777371407
-11	-29	-20	-0.00180522568435	0.00989465364713	-0.00149179011219
-9	-29	-20	-0.00208018034018	0.00984603898451	-0.00170526617265
-7	-29	-20	-0.00231479853494	0.00966102948248	-0.00197986941842
-5	-29	-20	-0.00251535929823	0.00936153217472	-0.00231354348022
-3	-29	-20	-0.00268671897482	0.00897912171628	-0.00269920882781
-1	-29	-20	-0.00283016569884	0.00854942792799	-0.0031239070297
1	-29	-20	-0.00294198683833	0.00810636096648	-0.00356884125907
3	-29	-20	-0.00301305116871	0.00767747983543	-0.00401061243347
5	-29	-20	-0.00302954551903	0.00728141984938	-0.00442366300789
7	-29	-20	-0.0029748093291	0.00692768367485	-0.00478359172119
9	-29	-20	-0.00283201782076	0.00661845734268	-0.00507069561913
11	-29	-20	-0.00258731354868	0.00635162526009	-0.00527293317484
13	-29	-20	-0.00223290484694	0.00612395665988	-0.0053875525621
15	-29	-20	-0.00176964879379	0.00593355513179	-0.00542089995145
17	-29	-20	-0.00120870870997	0.00578103768995	-0.00538635358046
19	-29	-20	-0.000572002542722	0.00566940075179	-0.00530080581461
21	-29	-20	0.000108684572371	0.00560297111391	-0.00518050234171
23	-29	-20	0.00079388322239	0.00558609069895	-0.00503723112751
25	-29	-20	0.00143971578541	0.00562217399582	-0.00487577751196
27	-29	-20	0.00200191861369	0.00571352525523	-0.00469324555859
29	-29	-20	0.00244014906482	0.0058619078562	-0.00448037913571
31	-29	-20	0.00272204903441	0.00606946746768	-0.00422453033518
33	-29	-20	0.00282653439657	0.00633936992542	-0.00391354928508
35	-29	-20	0.00274585445524	0.00667552197142	-0.00353970050835
37	-29	-20	0.00248611606929	0.00708101401181	-0.00310277450112
39	-29	-20	0.0020661751387	0.0075553840603	-0.00261181898194
41	-29	-20	0.00151503027115	0.00809130558365	-0.00208527227398
43	-29	-20	0.00086806984409	0.00867167661043	-0.00154963368414
45	-29	-20	0.000162688879829	0.00926818888579	-0.00103706116431
47	-29	-20	-0.000566116640906	0.00984221748054	-0.000582395418222
49	-29	-20	-0.00128956114061	0.0103483319662	-0.000220073540995
51	-29	-20	-0.00198773916115	0.0107400294304	1.874058937e-05
53	-29	-20	-0.00265074651605	0.0109766288262	0.000108648804847
55	-29	-20	-0.0032780481149	0.0110298480758	3.21037447654e-05
57	-29	-20	-0.00387613967214	0.0108885488636	-0.000218895445572
59	-29	-20	-0.00445483104739	0.0105605074401	-0.000641521602195
61	-29	-20	-0.00502275086557	0.0100707586322	-0.00122138251987
63	-29	-20	-0.00558288162137	0.00945687519972	-0.00193257036646
65	-29	-20	-0.00612902095396	0.0087622599476	-0.00273879040824
67	-29	-20	-0.0066439792668	0.00802895133902	-0.00359579770836
69	-29	-20	-0.00710005119761	0.00729147328869	-0.00445517066378
71	-29	-20	-0.00746187276564	0.00657291167722	-0.00526914221821
73	-29	-20	-0.00769128137634	0.00588379374491	-0.00599586852615
75	-29	-20	-0.00775334825745	0.00522366217253	-0.00660424701372
77	-29	-20	-0.00762246793914	0.00458465545155	-0.00707730724756
79	-29	-20	-0.00728734608512	0.00395606136315	-0.00741335728935
81	-29	-20	-0.00675394110737	0.0033287510777	-0.00762447550732
83	-29	-20	-0.00604583250931	0.00269859504854	-0.00773251363544
85	-29	-20	-0.00520200244527	0.00206831712928	-0.00776337708746
87	-29	-20	-0.00427249958956	0.00144764680769	-0.00774080406815
89	-29	-20	-0.00331279784173	0.000851981430174	-0.00768103445918
91	-29	-20	-0.0023778063204	0.000300008118537	-0.00758957684124
93	-29	-20	-0.0015164296824	-0.000189160623318	-0.0074607825688
95	-29	-20	-0.000767366338231	-0.000598797328682	-0.00728024929103
97	-29	-20	-0.000156540073962	-0.000916873052722	-0.00702938911655
99	-29	-20	0.000303738424076	-0.0011375742854	-0.00669099499557
-99	-27	-20	0.00110394327513	0.00160251893365	-0.000448250456878
-97	-27	-20	0.00119191287426	0.00179734937523	-0.000471806075005
-95	-27	-20	0.00126367022167	0.00201499415342	-0.000470313865395
-93	-27	-20	0.00132255006214	0.00225722484697	-0.000448858260401
-91	-27	-20	0.00137173155482	0.00252320430686	-0.000414414847117
-89	-27	-20	0.00141297074981	0.00280871611996	-0.00037500303924
-87	-27	-20	0.00144560858618	0.00310603946075	-0.000338854038592
-85	-27	-20	0.00146612573208	0.00340464040678	-0.000313754307187
-83	-27	-20	0.00146839811391	0.0036926499889	-0.000306648129619
-81	-27	-20	0.00144464636336	0.00395887052133	-0.000323482314903
-79	-27	-20	0.00138691111319	0.00419486223224	-0.00036918496798
-77	-27	-20	0.00128876666369	0.00439657754407	-0.000447620746104
-75	-27	-20	0.00114693772295	0.00456507225794	-0.000561377455693
-73	-27	-20	0.000962515925802	0.00470603160281	-0.000711314051625
-71	-27	-20	0.000741570024522	0.00482815768155	-0.000895917332243
-69	-27	-20	0.000495074536751	0.00494078901565	-0.00111063637172
-67	-27	-20	0.000238208886526	0.00505136477421	-0.00134744643599
-65	-27	-20	-1.08286259402e-05	0.00516342515656	-0.00159490202503
-63	-27	-20	-0.000232306825704	0.00527571960163	-0.00183885667438
-61	-27	-20	-0.000406571564215	0.00538270047821	-0.00206386833417
-59	-27	-20	-0.000515646081346	0.005476292471	-0.0022551138527
-57	-27	-20	-0.000544740164421	0.00554846146558	-0.0024004616459
-55	-27	-20	-0.000483623825131	0.00559387431828	-0.00249225526386
-53	-27	-20	-0.000327829051317	0.00561191747479	-0.00252838058057
-51	-27	-20	-7.9619226885e-05	0.00560753923859	-0.00251233090954
-49	-27	-20	0.000251378593599	0.00559073907478	-0.00245221530146
-47	-27	-20	0.000648026378956	0.00557493585966	-0.00235891404004
-45	-27	-20	0.00108617623986	0.00557477481668	-0.00224379914573
-43	-27	-20	0.00153594990823	0.00560407238886	-0.00211654513495
-41	-27	-20	0.00196383466903	0.00567450076767	-0.00198352575197
-39	-27	-20	0.00233549292517	0.00579530756418	-0.00184713561783
-37	-27	-20	0.00261902096206	0.00597395048023	-0.00170613828481
-35	-27	-20	0.00278825168383	0.00621714276494	-0.00155689221608
-33	-27	-20	0.00282561909781	0.00653159102163	-0.00139511192657
-31	-27	-20	0.00272411954849	0.00692375226327	-0.00121773055599
-29	-27	-20	0.00248802276053	0.00739824998299	-0.00102445662024
-27	-27	-20	0.00213218361895	0.00795508672796	-0.000818740646683
-25	-27	-20	0.00168004019648	0.00858631973272	-0.000608040292078
-23	-27	-20	0.00116060278419	0.00927324685694	-0.000403439859471
-21	-27	-20	0.000604897175124	0.0099852335412	-0.000218795304139
-19	-27	-20	4.23964406991e-05	0.0106810319386	-6.96146676402e-05
-17	-27	-20	-0.000502044923031	0.0113128475834	2.81501007195e-05
-15	-27	-20	-0.00101033731466	0.0118326512644	5.93033135678e-05
-13	-27	-20	-0.0014721140143	0.0121995349198	1.05851123013e-05
-11	-27	-20	-0.00188440688617	0.0123864908794	-0.000128133115379
-9	-27	-20	-0.00225012658456	0.0123850023473	-0.000362612178178
-7	-27	-20	-0.00257560432109	0.0122062940801	-0.000693015231761
-5	-27	-20	-0.00286759614275	0.0118788916263	-0.00111284372579
-3	-27	-20	-0.00313024951273	0.0114430534214	-0.00160830376233
-1	-27	-20	-0.00336256514934	0.0109434101984	-0.00215841622655
1	-27	-20	-0.00355683773171	0.0104215497789	-0.00273613469672
3	-27	-20	-0.00369842262981	0.00991021223787	-0.00331057283391
5	-27	-20	-0.00376696664805	0.00943024456275	-0.00385019015639
7	-27	-20	-0.00373899310066	0.00899066983465	-0.00432650156888
9	-27	-20	-0.00359149262996	0.00859139443421	-0.00471764553235
11	-27	-20	-0.00330598880237	0.00822744799127	-0.005011051806
13	-27	-20	-0.00287245641375	0.00789339090552	-0.00520454680196
15	-27	-20	-0.00229248329801	0.00758667853153	-0.00530552526956
17	-27	-20	-0.00158117291603	0.00730925709361	-0.00532824356441
19	-27	-20	-0.000767458552772	0.00706730692988	-0.00528974595384
21	-27	-20	0.000107291400639	0.00686963225567	-0.00520529612522
23	-27	-20	0.000992281910183	0.00672554486128	-0.00508434562274
25	-27	-20	0.00183161599925	0.00664311021882	-0.00492797734233
27	-27	-20	0.00256946434863	0.00662833734352	-0.00472843494241
29	-27	-20	0.00315547842667	0.00668541713217	-0.00447087379777
31	-27	-20	0.00354977833346	0.00681762479253	-0.00413697124925
33	-27	-20	0.00372686166052	0.00702817744773	-0.00370963959896
35	-27	-20	0.00367789058105	0.00732029792921	-0.00317788447767
37	-27	-20	0.00341101799976	0.00769600382582	-0.00254087422427
39	-27	-20	0.00294968499143	0.0081536353571	-0.001810501147
41	-27	-20	0.00232911691855	0.00868469348671	-0.00101204664644
43	-27	-20	0.00159151221494	0.00927098679238	-0.000182916972202
45	-27	-20	0.000780609654483	0.0098832191748	0.000630284155039
47	-27	-20	-6.35915101411e-05	0.0104819142534	0.00137588220097
49	-27	-20	-0.000909205848764	0.0110210067231	0.00200190728265
51	-27	-20	-0.00173529972711	0.0114536872497	0.00246097236895
53	-27	-20	-0.00253276605135	0.0117393851804	0.00271476954661
55	-27	-20	-0.00330307510275	0.0118503331017	0.00273778502012
57	-27	-20	-0.00405504900599	0.0117761299605	0.00251992049679
59	-27	-20	-0.00480013063733	0.0115251349148	0.0020677890434
61	-27	-20	-0.00554691500952	0.0111222776994	0.00140453162844
63	-27	-20	-0.00629592526586	0.0106037541439	0.000568088734439
65	-27	-20	-0.00703568225857	0.0100098386118	-0.000392025511794
67	-27	-20	-0.00774098514063	0.00937747685197	-0.00141925069598
69	-27	-20	-0.00837397678244	0.00873431276204	-0.0024554303959
71	-27	-20	-0.00888805404791	0.00809537199327	-0.0034466108475
73	-27	-20	-0.00923409795106	0.00746291386168	-0.00434844658071
75	-27	-20	-0.00936797832431	0.00682917964527	-0.00513039229672
77	-27	-20	-0.00925796714776	0.00618112107	-0.00577792671867
79	-27	-20	-0.00889066608804	0.00550583885859	-0.00629230076747
81	-27	-20	-0.00827433369364	0.00479545208672	-0.00668771719339
83	-27	-20	-0.00743901894278	0.00405040940999	-0.00698636232943
85	-27	-20	-0.00643353898295	0.00328072550093	-0.00721220481559
87	-27	-20	-0.00531992479614	0.00250513573868	-0.00738481374627
89	-27	-20	-0.00416636716759	0.00174858306879	-0.00751451611484
91	-27	-20	-0.00303985393131	0.00103870597631	-0.0075999620845
93	-27	-20	-0.00199959789768	0.000402067369327	-0.00762863696288
95	-27	-20	-0.00109207442137	-0.000139219125192	-0.00758017613123
97	-27	-20	-0.000348112391641	-0.000569989958305	-0.00743168043636
99	-27	-20	0.000217893295043	-0.000883403003025	-0.00716377060772
-99	-25	-20	0.0012745242534	0.00166673499191	-0.000398050933378
-97	-25	-20	0.00139378450153	0.00189737433618	-0.000396994171321
-95	-25	-20	0.00150126876186	0.00215969997576	-0.000365222614696
-93	-25	-20	0.00159996073225	0.00245531408402	-0.000308199765767
-91	-25	-20	0.00169195170333	0.00278252572229	-0.000233889922332
-89	-25	-20	0.0017770227243	0.00313559635153	-0.000151943703521
-87	-25	-20	0.0018516181781	0.00350475306233	-7.28087650384e-05
-85	-25	-20	0.00190852022154	0.00387713910393	-6.91504826215e-06
-83	-25	-20	0.00193739079496	0.00423863879332	3.59738183201e-05
-81	-25	-20	0.00192615550386	0.00457625345857	4.72308725137e-05
-79	-25	-20	0.00186301134879	0.00488049376835	1.9719173231e-05
-77	-25	-20	0.00173869803874	0.0051471668395	-5.18703110823e-05
-75	-25	-20	0.00154861553694	0.00537802131349	-0.000170604298819
-73	-25	-20	0.00129440851491	0.00557996919131	-0.000336784083255
-71	-25	-20	0.000984754692764	0.00576297342282	-0.000547374007005
-69	-25	-20	0.000635252048751	0.00593707494227	-0.000795535544647
-67	-25	-20	0.000267456161542	0.0061093158199	-0.00107047952578
-65	-25	-20	-9.27629408061e-05	0.00628140066316	-0.00135784252953
-63	-25	-20	-0.000417314603985	0.00644878429073	-0.00164070988601
-61	-25	-20	-0.000678198747555	0.00660150999433	-0.00190125940159
-59	-25	-20	-0.000849837408857	0.00672664712305	-0.00212282319007
-57	-25	-20	-0.000911280034153	0.00681172762347	-0.00229201134964
-55	-25	-20	-0.000848176114948	0.0068482952534	-0.00240046223602
-53	-25	-20	-0.000654423192279	0.00683464944227	-0.00244581424654
-51	-25	-20	-0.000333384561898	0.00677710227818	-0.00243163754639
-49	-25	-20	0.00010145957341	0.00668950173056	-0.00236629069876
-47	-25	-20	0.000626589704366	0.00659127258894	-0.00226091894366
-45	-25	-20	0.00120941127889	0.00650463167145	-0.00212701947485
-43	-25	-20	0.00181020769416	0.00645181619536	-0.00197410643575
-41	-25	-20	0.00238506836005	0.00645306476802	-0.00180798492586
-39	-25	-20	0.00288961373711	0.00652574189311	-0.0016299969105
-37	-25	-20	0.00328315796819	0.00668451583759	-0.00143737448557
-35	-25	-20	0.00353279811952	0.00694205174235	-0.00122458942003
-33	-25	-20	0.00361684541751	0.00730942915729	-0.000985384650857
-31	-25	-20	0.00352705220234	0.00779554069387	-0.000715058000116
-29	-25	-20	0.00326924494954	0.00840508544765	-0.000412556702703
-27	-25	-20	0.00286222237102	0.00913534058542	-8.20199417225e-05
-25	-25	-20	0.00233506568083	0.00997249776809	0.000266458695015
-23	-25	-20	0.00172327220355	0.010888778177	0.000616927380649
-21	-25	-20	0.00106430839856	0.0118416174462	0.000948480021313
-19	-25	-20	0.000393252000882	0.012775864006	0.00123682808175
-17	-25	-20	-0.000260848017178	0.0136292181472	0.00145635437029
-15	-25	-20	-0.000877399997192	0.0143402387132	0.00158244980387
-13	-25	-20	-0.00144518900633	0.0148574227568	0.00159393730333
-11	-25	-20	-0.00196171283291	0.0151473835269	0.00147539071239
-9	-25	-20	-0.00243108390561	0.0152001904403	0.00121915202459
-7	-25	-20	-0.00286084989129	0.015030518304	0.000826837908971
-5	-25	-20	-0.00325825070666	0.0146742415508	0.000310117183211
-3	-25	-20	-0.00362653583258	0.01418123154	-0.000309447193255
-1	-25	-20	-0.00396199077363	0.013606050778	-0.00100164394602
1	-25	-20	-0.00425224713843	0.0129987177178	-0.00172998750068
3	-25	-20	-0.00447627309783	0.0123976058916	-0.00245508930973
5	-25	-20	-0.00460617821812	0.0118258848945	-0.00313868556129
7	-25	-20	-0.00461066090122	0.0112919127267	-0.00374777560762
9	-25	-20	-0.00445963577332	0.0107929479494	-0.00425818657679
11	-25	-20	-0.00412936088702	0.0103207640687	-0.00465686690053
13	-25	-20	-0.00360728300247	0.00986742396391	-0.00494236293055
15	-25	-20	-0.00289584842326	0.00942966569028	-0.0051232446363
17	-25	-20	-0.00201467273886	0.00901096096931	-0.00521466457642
19	-25	-20	-0.00100069051714	0.00862111514241	-0.00523366318046
21	-25	-20	9.38263882049e-05	0.00827402055465	-0.00519416033353
23	-25	-20	0.00120522244578	0.00798463288484	-0.0051027030725
25	-25	-20	0.00226397683786	0.0077662963179	-0.00495592531858
27	-25	-20	0.00320117348464	0.00762921799525	-0.00474033713021
29	-25	-20	0.003955162606	0.00758032500391	-0.00443457857837
31	-25	-20	0.00447758685604	0.00762413876623	-0.00401376478175
33	-25	-20	0.00473798063105	0.00776388315364	-0.00345513309171
35	-25	-20	0.00472630349753	0.00800194823353	-0.00274396739794
37	-25	-20	0.00445303237924	0.00833909375096	-0.00187875114077
39	-25	-20	0.00394677993023	0.00877230634881	-0.00087466827613
41	-25	-20	0.00324977241325	0.00929184015817	0.000235129961638
43	-25	-20	0.00241184307634	0.0098784544022	0.00140071872775
45	-25	-20	0.0014838182373	0.0105020314136	0.0025589309407
47	-25	-20	0.00051125818034	0.0111225271751	0.0036388043747
49	-25	-20	-0.000470542302242	0.0116936160508	0.00456829448279
51	-25	-20	-0.00143957041175	0.012168605223	0.00528145546507
53	-25	-20	-0.00238768135693	0.0125074506267	0.00572523152331
55	-25	-20	-0.00331864484696	0.0126832442593	0.00586503385029
57	-25	-20	-0.00424391434987	0.0126865259369	0.00568841082202
59	-25	-20	-0.00517675216354	0.0125262322551	0.00520634212957
61	-25	-20	-0.00612566822445	0.0122269163642	0.00445197845747
63	-25	-20	-0.00708834883722	0.011822824747	0.00347696772032
65	-25	-20	-0.00804729543492	0.0113502282215	0.00234581125489
67	-25	-20	-0.00896820962329	0.0108398418094	0.001128938413
69	-25	-20	-0.00980173720654	0.0103111124903	-0.000104651134849
71	-25	-20	-0.010488571274	0.00976963275764	-0.00129426402049
73	-25	-20	-0.0109672283115	0.00920811249107	-0.00239303230662
75	-25	-20	-0.0111832097322	0.00861045189247	-0.00337133920455
77	-25	-20	-0.0110979014679	0.00795774636065	-0.00421766170056
79	-25	-20	-0.0106955527698	0.00723469294194	-0.00493668689058
81	-25	-20	-0.00998702963548	0.00643491640432	-0.0055449794179
83	-25	-20	-0.00900967640267	0.00556413139798	-0.00606491491798
85	-25	-20	-0.00782338246384	0.00464065926022	-0.00651796173521
87	-25	-20	-0.0065036529461	0.00369344491434	-0.00691859109796
89	-25	-20	-0.00513296383848	0.00275821546843	-0.00727004392668
91	-25	-20	-0.00379185665423	0.00187269477557	-0.00756285243664
93	-25	-20	-0.00255109716151	0.0010718203997	-0.00777645300756
95	-25	-20	-0.00146586411528	0.000383747454312	-0.00788355284859
97	-25	-20	-0.000572464814728	-0.000172851258415	-0.00785629147121
99	-25	-20	0.000112387905987	-0.000589982934893	-0.00767283172524
-99	-23	-20	0.00146128881287	0.00173092693449	-0.000344812545826
-97	-23	-20	0.00161539957819	0.00199907833542	-0.000316528529731
-95	-23	-20	0.00176275399778	0.00230828739175	-0.000251193791817
-93	-23	-20	0.0019059359983	0.00265997268038	-0.00015468669572
-91	-23	-20	0.00204581276445	0.0030515403953	-3.60578104328e-05
-89	-23	-20	0.00217995209434	0.00347564947501	9.32515754854e-05
-87	-23	-20	0.00230156030216	0.00392037261477	0.000220365238371
-85	-23	-20	0.00239929205085	0.00437042057356	0.000331963987389
-83	-23	-20	0.00245811268389	0.00480933154581	0.000415212451307
-81	-23	-20	0.00246116599456	0.00522223389273	0.00045857569181
-79	-23	-20	0.00239237369915	0.00559855663723	0.000452534569657
-77	-23	-20	0.00223932541904	0.00593397303105	0.000390239297446
-75	-23	-20	0.00199595074092	0.0062309715536	0.000268134865801
-73	-23	-20	0.00166450978536	0.00649775367187	8.65500199417e-05
-71	-23	-20	0.00125657637443	0.00674559266166	-0.000149822939789
-69	-23	-20	0.000792876113934	0.00698523600051	-0.000431692472747
-67	-23	-20	0.000302030302127	0.00722325984979	-0.000745342804361
-65	-23	-20	-0.000181596622682	0.00745937631667	-0.00107336423601
-63	-23	-20	-0.0006206662242	0.00768550377542	-0.00139599910821
-61	-23	-20	-0.000977954563526	0.00788697332588	-0.00169302863904
-59	-23	-20	-0.00121949217211	0.00804567600532	-0.00194597141618
-57	-23	-20	-0.0013175368143	0.00814441915516	-0.00214023520329
-55	-23	-20	-0.00125320395645	0.00817141806454	-0.00226680478354
-53	-23	-20	-0.00101860192641	0.00812380848138	-0.00232308979981
-51	-23	-20	-0.00061831679506	0.00800934385103	-0.00231270103596
-49	-23	-20	-7.00770518085e-05	0.00784595586901	-0.0022441432747
-47	-23	-20	0.000595578692591	0.00765944999349	-0.00212865468542
-45	-23	-20	0.00133678137537	0.00748009413947	-0.00197762357825
-43	-23	-20	0.00210302860342	0.00733908648715	-0.00180011940814
-41	-23	-20	0.00283902767928	0.00726578727406	-0.0016010579594
-39	-23	-20	0.00348942325669	0.00728620674254	-0.00138038638057
-37	-23	-20	0.00400394615566	0.00742269188996	-0.00113345868468
-35	-23	-20	0.00434235708008	0.00769423970532	-0.000852531138043
-33	-23	-20	0.00447848958641	0.00811657137078	-0.000529095138452
-31	-23	-20	0.0044027584556	0.00870115140096	-0.000156623608318
-29	-23	-20	0.00412269860084	0.00945273844477	0.000266746665162
-27	-23	-20	0.00366140380302	0.010365699201	0.000736044944384
-25	-23	-20	0.00305408090493	0.011419997435	0.00123816486053
-23	-23	-20	0.00234324784882	0.0125782453617	0.0017516578303
-21	-23	-20	0.00157331720949	0.0137852756369	0.00224770340672
-19	-23	-20	0.000785382808365	0.0149712727133	0.00269219349944
-17	-23	-20	1.29628298628e-05	0.0160586599495	0.00304873263338
-15	-23	-20	-0.000720724637767	0.0169718890795	0.003282240581
-13	-23	-20	-0.00140362622137	0.0176483288244	0.00336275701646
-11	-23	-20	-0.00203380719385	0.01804790658	0.00326900159447
-9	-23	-20	-0.00261671416006	0.018159227199	0.00299124624785
-7	-23	-20	-0.00316120505408	0.0180006056564	0.00253311285105
-5	-23	-20	-0.00367499225204	0.017615637763	0.00191201445532
-3	-23	-20	-0.0041602578717	0.0170642722064	0.00115810171383
-1	-23	-20	-0.00461021552251	0.0164114568159	0.000311744886986
1	-23	-20	-0.00500729051545	0.0157159913834	-0.000580237084031
3	-23	-20	-0.00532336751744	0.0150220701263	-0.0014692091973
5	-23	-20	-0.00552223344247	0.0143551923865	-0.00230966312551
7	-23	-20	-0.00556397453029	0.0137229070983	-0.00306380385924
9	-23	-20	-0.00541073945131	0.0131195946834	-0.00370507917388
11	-23	-20	-0.00503302510234	0.0125335383945	-0.00422002956332
13	-23	-20	-0.00441552933845	0.0119541445657	-0.00460804785763
15	-23	-20	-0.00356166253894	0.0113774064368	-0.00487897131586
17	-23	-20	-0.00249599928066	0.0108084473054	-0.00504883503964
19	-23	-20	-0.00126423850879	0.0102609626173	-0.00513451069548
21	-23	-20	6.94273295644e-05	0.00975429250011	-0.00514824108053
23	-23	-20	0.00142730298582	0.0093094295126	-0.00509317606592
25	-23	-20	0.00272501314046	0.00894536043474	-0.00496087878556
27	-23	-20	0.00387938898734	0.00867677541393	-0.00473142134259
29	-23	-20	0.00481648596689	0.00851351531254	-0.00437620132971
31	-23	-20	0.00547873448432	0.00846141435022	-0.00386309284595
33	-23	-20	0.00583028381964	0.00852367692886	-0.00316310920992
35	-23	-20	0.00585979707132	0.00870177479071	-0.00225748147782
37	-23	-20	0.00558028385966	0.00899510524785	-0.00114398308213
39	-23	-20	0.00502597748782	0.00939921686104	0.000158554059024
41	-23	-20	0.00424670544585	0.00990308412516	0.00160832472111
43	-23	-20	0.00330058516295	0.0104864560214	0.00314167366102
45	-23	-20	0.00224612957861	0.0111185115111	0.00467729164457
47	-23	-20	0.00113492771288	0.0117588304208	0.00612310876506
49	-23	-20	5.9694029851e-06	0.0123610739224	0.00738512676727
51	-23	-20	-0.00111756280358	0.0128789407805	0.00837711791951
53	-23	-20	-0.00222856528342	0.01327318078	0.00902992344082
55	-23	-20	-0.00333329588107	0.0135179636738	0.00929906127388
57	-23	-20	-0.00444605424046	0.0136048965082	0.00916953434693
59	-23	-20	-0.00558206879406	0.0135434872018	0.0086571107892
61	-23	-20	-0.00674975386283	0.0133577414467	0.00780587229831
63	-23	-20	-0.007943722868	0.0130796029668	0.00668240032212
65	-23	-20	-0.00913996260533	0.0127408057542	0.00536747984841
67	-23	-20	-0.0102943329639	0.0123651482113	0.00394655102155
69	-23	-20	-0.0113450464006	0.0119630944924	0.00250027476556
71	-23	-20	-0.0122190619814	0.0115299921101	0.00109649635945
73	-23	-20	-0.0128415334358	0.0110482506309	-0.000215371359957
75	-23	-20	-0.0131467614496	0.0104928261831	-0.0014069065241
77	-23	-20	-0.0130886983858	0.00983857529085	-0.00246998390689
79	-23	-20	-0.0126490608438	0.00906767432251	-0.00341308870042
81	-23	-20	-0.0118415403739	0.00817541122538	-0.00425532470386
83	-23	-20	-0.0107113673668	0.00717316944189	-0.00501915492901
85	-23	-20	-0.00933038971453	0.00608816321965	-0.00572313822817
87	-23	-20	-0.00778865516695	0.00496023385415	-0.00637596808859
89	-23	-20	-0.00618404673864	0.00383659136281	-0.00697293561503
91	-23	-20	-0.00461171213287	0.00276567638039	-0.00749552266865
93	-23	-20	-0.00315485500661	0.00179130726376	-0.00791423580511
95	-23	-20	-0.00187801231741	0.000948031184618	-0.00819412955109
97	-23	-20	-0.000823370913605	0.000258222707655	-0.00830188935155
99	-23	-20	-1.01205723234e-05	-0.00026892010741	-0.00821299803923
-99	-21	-20	0.00165951188747	0.0017920101823	-0.000291248883467
-97	-21	-20	0.00185098102492	0.0020971332944	-0.000234136233166
-95	-21	-20	0.00204112502365	0.00245260525819	-0.000133180698584
-93	-21	-20	0.00223209583247	0.00285965924031	5.30733568635e-06
-91	-21	-20	0.00242344376182	0.00331480540185	0.000171138971019
-89	-21	-20	0.00261036003598	0.00380911733454	0.000350997700828
-87	-21	-20	0.0027825783138	0.0043285407182	0.000529469689302
-85	-21	-20	0.00292433108829	0.00485538904476	0.000690226146044
-83	-21	-20	0.00301555600951	0.00537089299961	0.000817244979727
-81	-21	-20	0.00303428187545	0.00585834415531	0.000895990865321
-79	-21	-20	0.00295986068849	0.00630611764021	0.0009145065322
-77	-21	-20	0.00277651785304	0.00670976742769	0.000864388807561
-75	-21	-20	0.00247661466731	0.00707252103142	0.000741622050831
-73	-21	-20	0.00206306964279	0.00740385419184	0.000547219417775
-71	-21	-20	0.0015505459204	0.00771632507303	0.000287588709657
-69	-21	-20	0.000965232806765	0.00802135836836	-2.54885617332e-05
-67	-21	-20	0.00034327275439	0.00832503810697	-0.000375379277779
-65	-21	-20	-0.000271937379169	0.00862506660481	-0.000741698652361
-63	-21	-20	-0.000833236691169	0.00890982056356	-0.00110198117964
-61	-21	-20	-0.00129361614362	0.00915992534088	-0.00143379675771
-59	-21	-20	-0.00161021630029	0.00935210803385	-0.00171705772664
-57	-21	-20	-0.00174811144901	0.00946446761248	-0.00193616148677
-55	-21	-20	-0.00168363235619	0.00948190230289	-0.0020815768053
-53	-21	-20	-0.00140701053164	0.00940038520813	-0.00215053469599
-51	-21	-20	-0.000924137783354	0.00922909875965	-0.00214662869603
-49	-21	-20	-0.000257236763498	0.00899003260025	-0.0020783391838
-47	-21	-20	0.000555748208499	0.00871533630519	-0.00195672460711
-45	-21	-20	0.00146318102462	0.00844328567622	-0.00179271249394
-43	-21	-20	0.00240321936715	0.00821399411579	-0.00159452603589
-41	-21	-20	0.00330862243605	0.00806589814207	-0.0013657715167
-39	-21	-20	0.00411253148607	0.00803360999423	-0.00110459128063
-37	-21	-20	0.00475465030424	0.00814711323212	-0.000804086701626
-35	-21	-20	0.00518707887202	0.00843169610354	-0.000453982093905
-33	-21	-20	0.0053789890595	0.00890768412429	-4.32813928465e-05
-31	-21	-20	0.00531941802182	0.00958908450258	0.000436498666932
-29	-21	-20	0.00501769857318	0.0104807026228	0.000988032675294
-27	-21	-20	0.00450140818636	0.0115740091165	0.00160536471523
-25	-21	-20	0.00381212552594	0.0128427924312	0.00227205095128
-23	-21	-20	0.00299964684604	0.0142401543294	0.00296064932786
-21	-21	-20	0.00211555708218	0.015698470124	0.00363377802698
-19	-21	-20	0.00120712816242	0.0171334452833	0.00424676020207
-17	-21	-20	0.000312427875507	0.0184524334263	0.00475164314509
-15	-21	-20	-0.000542700084779	0.0195659839401	0.00510215476226
-13	-21	-20	-0.00134542835138	0.0204005115404	0.00525897802372
-11	-21	-20	-0.00209448639355	0.0209093756776	0.00519462504128
-9	-21	-20	-0.00279674433153	0.0210797595695	0.00489720525407
-7	-21	-20	-0.00346241100745	0.0209335791763	0.00437251297419
-5	-21	-20	-0.00409962692848	0.0205220362366	0.00364408791213
-3	-21	-20	-0.00470935237326	0.0199149825645	0.00275118699153
-1	-21	-20	-0.00528145496975	0.0191875437506	0.00174489722346
1	-21	-20	-0.00579276891893	0.0184070880015	0.000682873613434
3	-21	-20	-0.00620762728357	0.017623437159	-0.000376626830706
5	-21	-20	-0.0064809864895	0.0168642653715	-0.00138063921719
7	-21	-20	-0.00656382772688	0.0161362048201	-0.00228652167387
9	-21	-20	-0.00641011459123	0.015430697497	-0.00306541028747
11	-21	-20	-0.00598429237867	0.014732516674	-0.00370356298634
13	-21	-20	-0.00526819141567	0.014028422238	-0.00420133269235
15	-21	-20	-0.00426626440512	0.0133136910345	-0.00456986480039
17	-21	-20	-0.00300832319138	0.0125951348097	-0.00482600377536
19	-21	-20	-0.00154928998563	0.0118903773823	-0.00498624897142
21	-21	-20	3.41223129319e-05	0.0112242420783	-0.00506083980206
23	-21	-20	0.00164949285588	0.0106237886196	-0.00504910612398
25	-21	-20	0.00319688354981	0.0101136701538	-0.00493705835592
27	-21	-20	0.00457820710975	0.00971307588402	-0.00469783172905
29	-21	-20	0.00570665979703	0.0094347676885	-0.00429510779545
31	-21	-20	0.00651504294354	0.00928589073558	-0.00368911235627
33	-21	-20	0.00696188002178	0.00926962064239	-0.00284433338551
35	-21	-20	0.00703448100678	0.00938649855186	-0.00173779249597
37	-21	-20	0.00674850236864	0.00963455180202	-0.000366577607894
39	-21	-20	0.00614405091186	0.0100078981593	0.00124659598804
41	-21	-20	0.00527890071219	0.0104942651763	0.00305080664668
43	-21	-20	0.00421983771613	0.0110724580308	0.00496798535916
45	-21	-20	0.00303343164545	0.011711055764	0.00689781191556
47	-21	-20	0.00177761096202	0.0123693985995	0.00872612215703
49	-21	-20	0.000495280552442	0.0130012924455	0.0103359556513
51	-21	-20	-0.000789091243512	0.0135609886373	0.0116198844456
53	-21	-20	-0.0020694238837	0.0140101729413	0.012491928572
55	-21	-20	-0.00335451943986	0.0143241947545	0.0128972810954
57	-21	-20	-0.00466161647339	0.0144957734599	0.0128182985736
59	-21	-20	-0.00600799375468	0.0145349683746	0.0122757577191
61	-21	-20	-0.00740200029315	0.014465154559	0.011325148927
63	-21	-20	-0.00883511548475	0.0143158380187	0.0100486170647
65	-21	-20	-0.0102766365304	0.0141140480218	0.00854388762018
67	-21	-20	-0.0116722910722	0.0138764881187	0.00691197675852
69	-21	-20	-0.0129474732174	0.0136044733371	0.00524559299993
71	-21	-20	-0.0140149706446	0.0132829700897	0.00361990177118
73	-21	-20	-0.014786141599	0.0128839933238	0.00208682471529
75	-21	-20	-0.0151837202369	0.0123735064402	0.000673407701637
77	-21	-20	-0.0151539827281	0.0117201203875	-0.000615860162349
79	-21	-20	-0.0146760331142	0.0109035163015	-0.00179346364521
81	-21	-20	-0.0137664865317	0.00992068922285	-0.00288113106024
83	-21	-20	-0.0124787235492	0.00878873882168	-0.00390133316128
85	-21	-20	-0.0108969445758	0.00754380958492	-0.00486946335946
87	-21	-20	-0.00912621080617	0.00623665631114	-0.00578802974043
89	-21	-20	-0.00728030023994	0.00492596386309	-0.00664386613135
91	-21	-20	-0.00546941631413	0.00367085716669	-0.007408863416
93	-21	-20	-0.00378956897317	0.00252398465156	-0.00804409265696
95	-21	-20	-0.00231491582048	0.00152622690583	-0.00850654331828
97	-21	-20	-0.00109367376866	0.000703606030235	-0.00875716858793
99	-21	-20	-0.000147558240343	6.64874354461e-05	-0.00876864719381
-99	-19	-20	0.00186259296124	0.00184476792396	-0.00023906848545
-97	-19	-20	0.00209277636357	0.00218353515326	-0.000152565666425
-95	-19	-20	0.00232732315662	0.00258117643075	-1.52127872958e-05
-93	-19	-20	0.00256793438878	0.00303874969441	0.000166255879858
-91	-19	-20	0.00281279141567	0.00355194061196	0.000380516837689
-89	-19	-20	0.00305461961763	0.00411037086452	0.000612382290124
-87	-19	-20	0.00327955449997	0.00469804365494	0.000843911104073
-85	-19	-20	0.00346725170413	0.00529508843286	0.00105578826751
-83	-19	-20	0.00359245047616	0.00588063896221	0.0012288468564
-81	-19	-20	0.00362789590801	0.00643632353452	0.00134561361725
-79	-19	-20	0.00354822408802	0.00694957022741	0.00139177266592
-77	-19	-20	0.00333419236443	0.00741583756198	0.00135745332159
-75	-19	-20	0.00297654819077	0.00783903618223	0.00123825330857
-73	-19	-20	0.00247889047477	0.00822980558981	0.00103590802802
-71	-19	-20	0.0018590622651	0.00860186723032	0.000758515735757
-69	-19	-20	0.0011488682861	0.0089672431838	0.00042023622157
-67	-19	-20	0.000392170194773	0.00933153663052	4.04070590833e-05
-65	-19	-20	-0.000358378284874	0.00969057465018	-0.000357925601238
-63	-19	-20	-0.00104556522555	0.0100294544128	-0.000749984183779
-61	-19	-20	-0.0016123855596	0.010324457254	-0.00111156791384
-59	-19	-20	-0.0020069151811	0.0105475507153	-0.00142141695095
-57	-19	-20	-0.00218691989449	0.0106724974588	-0.00166328789915
-55	-19	-20	-0.00212387754351	0.0106811410003	-0.00182738415081
-53	-19	-20	-0.00180613166582	0.0105683810856	-0.00191084879375
-51	-19	-20	-0.00124091958769	0.0103447089662	-0.00191716883951
-49	-19	-20	-0.000455037420852	0.0100358393481	-0.00185453534821
-47	-19	-20	0.00050606095786	0.00967974836228	-0.00173341383244
-45	-19	-20	0.00158086036208	0.00932206815986	-0.00156375418602
-43	-19	-20	0.00269607384144	0.00901110287009	-0.00135236653302
-41	-19	-20	0.00377242768162	0.00879362716694	-0.00110098482494
-39	-19	-20	0.00473150283629	0.00871215313422	-0.000805434666714
-37	-19	-20	0.00550294956701	0.00880367255542	-0.000456139323154
-35	-19	-20	0.00603120784926	0.00909924023212	-3.99752281775e-05
-33	-19	-20	0.0062808074767	0.00962339383547	0.000456735506263
-31	-19	-20	0.0062394343337	0.0103924582082	0.00104450143828
-29	-19	-20	0.00591823809994	0.0114112700661	0.0017267544991
-27	-19	-20	0.00534927761382	0.01266864397	0.00249638309957
-25	-19	-20	0.00458046843512	0.0141327255289	0.00333333069436
-23	-19	-20	0.00366881106399	0.0157479430753	0.00420380019015
-21	-19	-20	0.00267294946606	0.0174353273192	0.00506142746283
-19	-19	-20	0.00164618811571	0.0190974140516	0.005850522545
-17	-19	-20	0.000630980395888	0.0206278655079	0.00651115053903
-15	-19	-20	-0.000344367987729	0.0219246157937	0.00698548654478
-13	-19	-20	-0.00126639761917	0.0229041555743	0.00722459870558
-11	-19	-20	-0.00213460220295	0.023513911291	0.00719466088557
-9	-19	-20	-0.0029573175654	0.0237398054776	0.00688162026946
-7	-19	-20	-0.00374607885772	0.0236070420208	0.00629355423004
-5	-19	-20	-0.00450936289934	0.0231737230998	0.00546030792379
-3	-19	-20	-0.00524675725143	0.0225186524887	0.00443043565183
-1	-19	-20	-0.00594458907446	0.0217261166032	0.00326588730014
1	-19	-20	-0.00657388375698	0.0208711428808	0.00203520974652
3	-19	-20	-0.00709120424261	0.020008509602	0.000806225334429
5	-19	-20	-0.00744247856432	0.0191676946989	-0.000360806750604
7	-19	-20	-0.00756942338126	0.0183543299708	-0.00141863095492
9	-19	-20	-0.0074177083993	0.017557046863	-0.00233632142647
11	-19	-20	-0.00694567472894	0.0167573351587	-0.00310005885841
13	-19	-20	-0.00613228750768	0.0159395158369	-0.0037112639757
15	-19	-20	-0.00498309157459	0.015098245296	-0.00418236711575
17	-19	-20	-0.00353322125627	0.014241959746	-0.00453086146789
19	-19	-20	-0.0018469280743	0.0133919887597	-0.00477259632228
21	-19	-20	-1.35575570085e-05	0.0125783003064	-0.00491545394575
23	-19	-20	0.00185963813935	0.0118336332413	-0.00495456601108
25	-19	-20	0.00365706778254	0.0111879389721	-0.00487003827767
27	-19	-20	0.00526565502129	0.0106646120912	-0.00462778326867
29	-19	-20	0.00658568646559	0.0102791455124	-0.00418356990965
31	-19	-20	0.00754030153072	0.0100399116165	-0.00348987336157
33	-19	-20	0.00808237918365	0.00995006186334	-0.0025046376771
35	-19	-20	0.00819786908901	0.0100092719909	-0.0012007195916
37	-19	-20	0.00790507842754	0.0102142980801	0.000425395383032
39	-19	-20	0.0072500045118	0.0105579403869	0.00234701015126
41	-19	-20	0.00629840214056	0.0110267986874	0.00450399114412
43	-19	-20	0.00512578134797	0.0115988582457	0.00680377488028
45	-19	-20	0.00380684823969	0.0122422274615	0.00912697007301
47	-19	-20	0.00240597334781	0.0129161383594	0.0113372799361
49	-19	-20	0.000970096434865	0.0135746648607	0.0132947632402
51	-19	-20	-0.000474902165308	0.0141727100488	0.0148707891004
53	-19	-20	-0.00192384724985	0.014672954582	0.0159625644111
55	-19	-20	-0.0033879927325	0.0150519377648	0.0165049697553
57	-19	-20	-0.00488746550067	0.0153034598235	0.0164777242747
59	-19	-20	-0.00644159923746	0.0154380842194	0.0159066098019
61	-19	-20	-0.00805874545935	0.0154785354044	0.0148585002425
63	-19	-20	-0.00972738185836	0.0154519405937	0.0134310489236
65	-19	-20	-0.0114103066661	0.0153808091502	0.0117388323765
67	-19	-20	-0.0130433508387	0.0152750881931	0.00989831944255
69	-19	-20	-0.0145393512444	0.0151274322745	0.00801411621589
71	-19	-20	-0.0157971873316	0.0149130259288	0.00616854532201
73	-19	-20	-0.0167146619097	0.0145941269033	0.00441587996979
75	-19	-20	-0.0172031355172	0.0141282884906	0.00278165892181
77	-19	-20	-0.0172013337977	0.0134783082197	0.0012666484928
79	-19	-20	-0.0166857928917	0.0126215748473	-0.000145665528615
81	-19	-20	-0.0156760094648	0.0115567182532	-0.00147960530197
83	-19	-20	-0.0142333885857	0.0103062033135	-0.00275756394539
85	-19	-20	-0.0124542854248	0.00891451356594	-0.00399164353661
87	-19	-20	-0.0104585234128	0.00744255846821	-0.00517801994695
89	-19	-20	-0.0083754944225	0.00595966336662	-0.00629492298074
91	-19	-20	-0.00633017244755	0.00453482283932	-0.00730452421595
93	-19	-20	-0.00443110981886	0.00322880375752	-0.00815836191533
95	-19	-20	-0.00276186437744	0.00208827201961	-0.0088052995177
97	-19	-20	-0.00137652305178	0.00114254518975	-0.00920053158504
99	-19	-20	-0.00029923713424	0.000403004681759	-0.00931393381652
-99	-17	-20	0.00206302321112	0.00188225339516	-0.000188716611019
-97	-17	-20	0.0023322030654	0.00224823907641	-7.3185568563e-05
-95	-17	-20	0.00261158083089	0.00268012401675	0.000100181478362
-93	-17	-20	0.00290239574215	0.00317881161109	0.000324263983819
-91	-17	-20	0.00320143976709	0.00373930251062	0.000586667515091
-89	-17	-20	0.00349894501777	0.00435002497997	0.000870428949726
-87	-17	-20	0.00377741799618	0.0049933956066	0.00115521229354
-85	-17	-20	0.00401190730408	0.00564776912247	0.00141888560707
-83	-17	-20	0.00417192818992	0.00629058441206	0.00163933809642
-81	-17	-20	0.00422492406059	0.00690213496448	0.00179637888748
-79	-17	-20	0.00414080609274	0.00746910037895	0.00187355275074
-77	-17	-20	0.00389686268927	0.00798688213288	0.00185971146778
-75	-17	-20	0.00348223128105	0.00845996034071	0.00175019244243
-73	-17	-20	0.00290119393597	0.00889992300564	0.00154747919099
-71	-17	-20	0.00217476784341	0.00932142389091	0.0012612521581
-69	-17	-20	0.00134035083804	0.00973693931774	0.000907783256353
-67	-17	-20	0.000449477925336	0.0101516321817	0.000508683666096
-65	-17	-20	-0.00043601404277	0.0105597402373	8.90810997194e-05
-63	-17	-20	-0.00124896388015	0.010943619025	-0.000324622829852
-61	-17	-20	-0.00192249517855	0.0112759388297	-0.000707189300487
-59	-17	-20	-0.00239575605514	0.0115247220792	-0.00103688402905
-57	-17	-20	-0.00261933705425	0.0116601422046	-0.0012974016721
-55	-17	-20	-0.00255997293845	0.0116615145135	-0.0014790652745
-53	-17	-20	-0.00220418427165	0.011522846119	-0.00157906837807
-51	-17	-20	-0.00156055354144	0.0112557002938	-0.00160066202607
-49	-17	-20	-0.000660368105154	0.0108888563593	-0.00155136499518
-47	-17	-20	0.000443582077311	0.0104650888614	-0.00144046038919
-45	-17	-20	0.00168016709841	0.0100360915293	-0.0012761956094
-43	-17	-20	0.00296499868932	0.00965691966084	-0.00106319035953
-41	-17	-20	0.00420716867471	0.00938122058542	-0.000800557808471
-39	-17	-20	0.00531711705002	0.00925801452066	-0.000481155733631
-37	-17	-20	0.00621483946933	0.00933005972831	-9.22234071606e-05
-35	-17	-20	0.00683745099589	0.00963314525601	0.000382547202851
-33	-17	-20	0.00714507102678	0.0101952543287	0.000959681695352
-31	-17	-20	0.00712413248079	0.0110345943771	0.00165172633232
-29	-17	-20	0.00678755118522	0.0121560098889	0.00246275956985
-27	-17	-20	0.00617166894468	0.0135461324965	0.00338431760827
-25	-17	-20	0.00533041066367	0.0151685028473	0.00439248865028
-23	-17	-20	0.00432755782556	0.0169604982752	0.00544686998191
-21	-17	-20	0.00322833846064	0.0188339534148	0.00649188976238
-19	-17	-20	0.00209161179721	0.0206807545415	0.00746067075521
-17	-17	-20	0.000963783651531	0.0223835179902	0.00828118984973
-15	-17	-20	-0.000124726833732	0.0238300254175	0.00888403711588
-13	-17	-20	-0.0011600649099	0.0249288067339	0.00921070034215
-11	-17	-20	-0.00214260240055	0.0256225574933	0.00922109578582
-9	-17	-20	-0.00308213869668	0.0258962334968	0.00889910232021
-7	-17	-20	-0.00399144061266	0.0257777178523	0.00825514591576
-5	-17	-20	-0.00487917063178	0.025330664126	0.00732536992146
-3	-17	-20	-0.00574338036739	0.0246410250892	0.00616750724663
-1	-17	-20	-0.00656672349587	0.0238003390745	0.00485411644265
1	-17	-20	-0.00731434821937	0.0228896104731	0.00346424536243
3	-17	-20	-0.00793506322353	0.0219673642231	0.00207477983561
5	-17	-20	-0.0083658691139	0.021064256461	0.000752712133098
7	-17	-20	-0.0085393857418	0.0201848425689	-0.000450638898313
9	-17	-20	-0.00839318885538	0.019315260261	-0.0015027488203
11	-17	-20	-0.0078797026797	0.0184341988507	-0.0023900305163
13	-17	-20	-0.00697515437751	0.0175239570781	-0.00311508508849
15	-17	-20	-0.00568620606378	0.0165787409568	-0.00369153482356
17	-17	-20	-0.00405320827854	0.015608444393	-0.00413725163495
19	-17	-20	-0.00214949277256	0.0146376086993	-0.00446704843628
21	-17	-20	-7.66550235295e-05	0.0137006174427	-0.00468602823618
23	-17	-20	0.00204370820569	0.0128350635734	-0.00478475026472
25	-17	-20	0.00408089659361	0.0120754195123	-0.00473715875609
27	-17	-20	0.00590738841079	0.0114486683178	-0.00450184540147
29	-17	-20	0.00741104346207	0.0109726374697	-0.00402673213835
31	-17	-20	0.00850570743937	0.0106567551331	-0.00325674065054
33	-17	-20	0.0091388303458	0.0105041635941	-0.00214353625701
35	-17	-20	0.00929504935617	0.0105138138704	-0.000656060698684
37	-17	-20	0.00899521377895	0.0106813962018	0.00120965678655
39	-17	-20	0.00829098287671	0.010998617859	0.00342297281936
41	-17	-20	0.00725579902303	0.0114511698962	0.00591481210156
43	-17	-20	0.0059736028702	0.0120164237478	0.00857863865171
45	-17	-20	0.004527004172	0.0126622098944	0.0112767391136
47	-17	-20	0.00298668964107	0.0133478276902	0.0138515940531
49	-17	-20	0.00140363698255	0.0140277642207	0.0161412526623
51	-17	-20	-0.000194736058818	0.0146576683653	0.0179967944994
53	-17	-20	-0.00180394680805	0.0152012398165	0.0192993495472
55	-17	-20	-0.00343745890155	0.0156361589288	0.0199739461287
57	-17	-20	-0.00511808825824	0.0159572101533	0.0199977898685
59	-17	-20	-0.00686714165471	0.0161753759371	0.0194014449898
61	-17	-20	-0.00869307355552	0.0163127441891	0.0182626412489
63	-17	-20	-0.0105816859376	0.016394275659	0.0166937933452
65	-17	-20	-0.0124898420846	0.0164384548261	0.0148254749677
67	-17	-20	-0.0143442545325	0.016449292077	0.0127887653249
69	-17	-20	-0.0160461350135	0.0164119036987	0.0106994402212
71	-17	-20	-0.0174814492131	0.0162930225198	0.00864643685175
73	-17	-20	-0.018535390118	0.0160465294937	0.00668605251543
75	-17	-20	-0.0191087262245	0.0156228034501	0.00484219558684
77	-17	-20	-0.0191331487767	0.0149797242246	0.00311194634502
79	-17	-20	-0.018582805469	0.0140927880738	0.00147489331232
81	-17	-20	-0.0174798880307	0.0129620790859	-9.57224489089e-05
83	-17	-20	-0.0158932910527	0.0116146697583	-0.00162209752088
85	-17	-20	-0.013930701712	0.0101021382069	-0.00311300743899
87	-17	-20	-0.0117256887431	0.00849397471028	-0.00455836664062
89	-17	-20	-0.00942215807122	0.00686843601093	-0.00592797555568
91	-17	-20	-0.0071587838535	0.00530273789793	-0.00717454118619
93	-17	-20	-0.00505571820217	0.00386434461231	-0.00824036413889
95	-17	-20	-0.00320517781283	0.00260462989135	-0.00906646955696
97	-17	-20	-0.00166662216744	0.00155552951857	-0.00960252617297
99	-17	-20	-0.000466396139554	0.000729163398733	-0.00981574529404
-99	-15	-20	0.00225373739499	0.00189667118149	-0.000139472757581
-97	-15	-20	0.00256138149041	0.00228036704496	4.04394651014e-06
-95	-15	-20	0.00288515255805	0.0027347788522	0.000212166892
-93	-15	-20	0.00322581900764	0.00326068440074	0.000477456624221
-91	-15	-20	0.0035787810234	0.00385260331238	0.000786567536031
-89	-15	-20	0.00393179021698	0.00449815012411	0.0011209406733
-87	-15	-20	0.00426375864595	0.00517867850653	0.00145808683052
-85	-15	-20	0.00454518697621	0.00587137151509	0.00177335626176
-83	-15	-20	0.00474044761238	0.0065525658601	0.0020420371569
-81	-15	-20	0.00481177724387	0.00720170461927	0.00224158350024
-79	-15	-20	0.00472445744751	0.00780501161745	0.00235374812804
-77	-15	-20	0.00445238605711	0.00835788746249	0.00236639371015
-75	-15	-20	0.00398313293754	0.00886521326187	0.00227477698615
-73	-15	-20	0.00332165164564	0.00933920697366	0.00208215037649
-71	-15	-20	0.00249205282889	0.00979511308731	0.0017995955725
-69	-15	-20	0.00153716853351	0.0102456506554	0.00144508706102
-67	-15	-20	0.000515968418589	0.0106956026966	0.00104186911427
-65	-15	-20	-0.000500838623542	0.0111380410971	0.000616308029375
-63	-15	-20	-0.0014365086357	0.0115533760035	0.000195445482298
-61	-15	-20	-0.00221468947016	0.0119117513165	-0.000195475952689
-59	-15	-20	-0.00276599190395	0.0121784492595	-0.000535222367765
-57	-15	-20	-0.00303417657462	0.0123211589295	-0.000808228264113
-55	-15	-20	-0.00298149320804	0.0123174457301	-0.0010054658509
-53	-15	-20	-0.00259276975272	0.0121606908949	-0.00112436844335
-51	-15	-20	-0.00187790270051	0.0118631792555	-0.0011677759225
-49	-15	-20	-0.00087245556123	0.0114557786379	-0.00114201891594
-47	-15	-20	0.000363851159326	0.0109845437054	-0.00105440937599
-45	-15	-20	0.00175085592213	0.0105053193642	-0.000910530334719
-43	-15	-20	0.00319379578817	0.0100777901224	-0.000711790727547
-41	-15	-20	0.00459094407294	0.00976031813992	-0.00045371537633
-39	-15	-20	0.00584243447153	0.00960638498208	-0.0001253713103
-37	-15	-20	0.00685938150453	0.00966269119788	0.000289802983152
-35	-15	-20	0.00757220798727	0.00996824492498	0.000811684326586
-33	-15	-20	0.00793704614592	0.0105533502954	0.00145980550171
-31	-15	-20	0.00793924216667	0.0114374588452	0.00224872079922
-29	-15	-20	0.00759336828918	0.0126253872613	0.00318299142465
-27	-15	-20	0.00693967659524	0.0141022766329	0.00425256798788
-25	-15	-20	0.00603750929259	0.0158285832989	0.00542944476729
-23	-15	-20	0.00495668566389	0.0177370122867	0.00666642518113
-21	-15	-20	0.00376820681926	0.0197333536798	0.00789863236466
-19	-15	-20	0.00253569504011	0.0217025421154	0.00904801627716
-17	-15	-20	0.0013088153978	0.0235200304906	0.010030590801
-15	-15	-20	0.000119566947945	0.0250670624102	0.010765574219
-13	-15	-20	-0.00101813879023	0.0262470875289	0.0111851334184
-11	-15	-20	-0.00210569015415	0.026999832669	0.0112431765872
-9	-15	-20	-0.00315431345804	0.0273097151751	0.0109216903673
-7	-15	-20	-0.00417784687984	0.027206400911	0.0102334895791
-5	-15	-20	-0.00518492400624	0.0267571136076	0.00922086862757
-3	-15	-20	-0.00617186756419	0.0260523115618	0.007950373413
-1	-15	-20	-0.00711755552199	0.0251879918381	0.00650458464492
1	-15	-20	-0.00798129685086	0.0242486819136	0.0049722749783
3	-15	-20	-0.00870434395999	0.0232948991769	0.00343849264708
5	-15	-20	-0.00921511320724	0.0223575852826	0.001976028913
7	-15	-20	-0.00943756759765	0.0214401337482	0.00063940508645
9	-15	-20	-0.00930165085651	0.0205266762754	-0.000537940315265
11	-15	-20	-0.00875426506043	0.019593826058	-0.00154308005054
13	-15	-20	-0.00776913806347	0.0186224764916	-0.00237992542911
15	-15	-20	-0.00635405800573	0.017606627079	-0.00306313139434
17	-15	-20	-0.00455432408583	0.0165573688681	-0.00361055930407
19	-15	-20	-0.00245179386678	0.0155017067696	-0.00403546605695
21	-15	-20	-0.000159500052702	0.0144773434282	-0.00433964668936
23	-15	-20	0.00218762149376	0.0135254891136	-0.00450866919273
25	-15	-20	0.00444486455313	0.012683974625	-0.00451010006834
27	-15	-20	0.00647135017856	0.0119824501877	-0.00429524371378
29	-15	-20	0.00814346950026	0.0114404865972	-0.00380444935065
31	-15	-20	0.00936650215786	0.0110683124095	-0.00297553464244
33	-15	-20	0.0100828964416	0.0108690826938	-0.00175439840015
35	-15	-20	0.0102760764656	0.0108412319023	-0.000106500945147
37	-15	-20	0.00996922605731	0.010979687607	0.0019723770306
39	-15	-20	0.00921921818624	0.0112753943392	0.0044477916377
41	-15	-20	0.00810659500708	0.011713455454	0.00724230927427
43	-15	-20	0.00672311854801	0.0122709296807	0.0102364640716
45	-15	-20	0.00515878545734	0.0129156507455	0.0132756704974
47	-15	-20	0.00349026346845	0.0136072412558	0.0161829186831
49	-15	-20	0.00177246267505	0.0143008127506	0.0187760780592
51	-15	-20	3.44602195476e-05	0.014952895775	0.0208876473231
53	-15	-20	-0.00171965673639	0.0155282414828	0.0223840493068
55	-15	-20	-0.00350518446747	0.0160055956507	0.0231813120374
57	-15	-20	-0.00534729327465	0.0163805809826	0.0232543552489
59	-15	-20	-0.00726910130712	0.0166644710825	0.0226381155844
61	-15	-20	-0.00927929404562	0.0168787387629	0.0214202142417
63	-15	-20	-0.0113614979065	0.0170464969601	0.0197264719258
65	-15	-20	-0.0134675438325	0.017182947144	0.0177019249416
67	-15	-20	-0.0155162985075	0.017287390499	0.0154907685726
69	-15	-20	-0.0173988937928	0.0173390846692	0.0132186813174
71	-15	-20	-0.0189900462632	0.0172983006721	0.0109802991412
73	-15	-20	-0.0201639330909	0.0171126066246	0.00883342425718
75	-15	-20	-0.0208120549943	0.0167270532069	0.00680018056125
77	-15	-20	-0.0208599466452	0.0160959396077	0.00487408106206
79	-15	-20	-0.0202796737506	0.0151934648157	0.00303108134215
81	-15	-20	-0.0190958061956	0.0140208949417	0.0012422616997
83	-15	-20	-0.0173838172651	0.0126087770526	-0.000514205223159
85	-15	-20	-0.015261326419	0.0110139258278	-0.00224377692853
87	-15	-20	-0.0128739210658	0.00931206583868	-0.00393032760372
89	-15	-20	-0.0103781596189	0.00758784073054	-0.00553564690024
91	-15	-20	-0.00792461237138	0.005924237422	-0.00700353834415
93	-15	-20	-0.00564345145207	0.00439330974753	-0.00826768632933
95	-15	-20	-0.00363431908935	0.00304954550208	-0.00926186542612
97	-15	-20	-0.00196122869447	0.00192650111781	-0.00993068256213
99	-15	-20	-0.000652328916514	0.00103663054512	-0.0102389534958
-99	-13	-20	0.00242952430663	0.00188058350714	-8.98527118324e-05
-97	-13	-20	0.00277468508357	0.00226979012951	8.025337815e-05
-95	-13	-20	0.00314200920283	0.00273171786813	0.000321399112257
-93	-13	-20	0.00353178158938	0.00326705349974	0.000625918914213
-91	-13	-20	0.00393801086524	0.00387009369512	0.000979679775921
-89	-13	-20	0.00434599413017	0.00452812241393	0.00136276964398
-87	-13	-20	0.00473111024549	0.00522209871605	0.00175086919384
-85	-13	-20	0.00505941160458	0.00592880509107	0.00211720663241
-83	-13	-20	0.00529026071728	0.00662423529954	0.00243491854494
-81	-13	-20	0.00538083989274	0.007287603685	0.00267957503166
-79	-13	-20	0.0052919512894	0.00790505517432	0.00283158535193
-77	-13	-20	0.00499422353325	0.00847206347687	0.00287819261349
-75	-13	-20	0.00447372315596	0.0089936962362	0.0028148008008
-73	-13	-20	0.00373605622376	0.00948239333675	0.00264545470965
-71	-13	-20	0.00280830451551	0.00995355059542	0.00238240299049
-69	-13	-20	0.00173849760167	0.0104198549044	0.00204479775687
-67	-13	-20	0.000592689202423	0.0108857807048	0.00165669892429
-65	-13	-20	-0.000549990963721	0.0113437685054	0.00124463852875
-63	-13	-20	-0.00160374162945	0.0117732937034	0.00083504863557
-61	-13	-20	-0.00248329606484	0.0121433532663	0.000451864251395
-59	-13	-20	-0.00311127598844	0.0124180228819	0.000114584900996
-57	-13	-20	-0.00342509233779	0.012563914028	-0.000162977200736
-55	-13	-20	-0.00338286465714	0.0125578327516	-0.000373111553682
-53	-13	-20	-0.00296790393612	0.0123928728803	-0.000513729325313
-51	-13	-20	-0.00219137285241	0.0120815927669	-0.000587037912188
-49	-13	-20	-0.00109281136525	0.0116557040865	-0.000597530706125
-47	-13	-20	0.000261687809024	0.0111626075901	-0.000549558739476
-45	-13	-20	0.00178372911854	0.0106598680506	-0.000444837328569
-43	-13	-20	0.00336916435218	0.0102091011193	-0.00028029306607
-41	-13	-20	0.00490655515705	0.00987064264274	-4.66628454303e-05
-39	-13	-20	0.00628685745398	0.0096998375705	0.000271789882418
-37	-13	-20	0.00741334722815	0.00974501455461	0.000696178089906
-35	-13	-20	0.00821060511929	0.0100464787412	0.00125040576804
-33	-13	-20	0.00863134252871	0.010635427378	0.00195719230962
-31	-13	-20	0.00866003915089	0.0115317435038	0.00283304955047
-29	-13	-20	0.00831277410242	0.0127401673142	0.00388281422286
-27	-13	-20	0.00763320978185	0.0142452248812	0.00509457163695
-25	-13	-20	0.0066853154867	0.0160062175313	0.00643595256174
-23	-13	-20	0.00554396047039	0.0179542010568	0.00785277696593
-21	-13	-20	0.0042848455812	0.0199929311032	0.00927080190982
-19	-13	-20	0.00297531341273	0.0220051003678	0.0106008935612
-17	-13	-20	0.00166738072469	0.023863946743	0.0117473340316
-15	-13	-20	0.000393933550113	0.0254487852927	0.0126183070436
-13	-13	-20	-0.000831493771842	0.0266616608333	0.0131370414286
-11	-13	-20	-0.00201147706822	0.0274415810835	0.0132517885016
-9	-13	-20	-0.00315861376438	0.0277729725997	0.0129428778166
-7	-13	-20	-0.00428760125698	0.0276861405523	0.0122255521693
-5	-13	-20	-0.00540676918205	0.0272493501826	0.0111480370117
-3	-13	-20	-0.0065104742765	0.0265541907732	0.00978517771203
-1	-13	-20	-0.00757371027829	0.0256975522258	0.00822877400196
1	-13	-20	-0.00855003047138	0.0247643524681	0.00657627788373
3	-13	-20	-0.00937342993544	0.023814862191	0.0049197015356
5	-13	-20	-0.00996423196774	0.022879169514	0.00333640588812
7	-13	-20	-0.0102383583412	0.0219593975712	0.00188299258557
9	-13	-20	-0.0101187583065	0.0210382948504	0.000592930616265
11	-13	-20	-0.00954735043968	0.0200913225717	-0.000522057541844
13	-13	-20	-0.00849568360339	0.0190987548909	-0.00146735148472
15	-13	-20	-0.00697267561987	0.0180546940611	-0.00225842642323
17	-13	-20	-0.00502820061061	0.0169710934712	-0.00291263102047
19	-13	-20	-0.00275187863726	0.0158764649649	-0.00344100588737
21	-13	-20	-0.000267067183983	0.0148104300677	-0.00384137747061
23	-13	-20	0.00227933047912	0.0138162385982	-0.00409381448096
25	-13	-20	0.00473010398208	0.0129335978343	-0.00415926736712
27	-13	-20	0.00693249660916	0.0121936518067	-0.00398184156328
29	-13	-20	0.00875273296179	0.0116169619622	-0.00349471198515
31	-13	-20	0.0100885162546	0.0112142316556	-0.00262921079992
33	-13	-20	0.0108778758421	0.01098865499	-0.00132615869011
35	-13	-20	0.011103161277	0.0109384119178	0.000451894098507
37	-13	-20	0.010789612074	0.0110580501815	0.00270915412135
39	-13	-20	0.00999870671457	0.011338170675	0.00540759176847
41	-13	-20	0.0088172841702	0.0117637007084	0.0084622139091
43	-13	-20	0.0073440880286	0.0123117792027	0.0117420325821
45	-13	-20	0.00567577840373	0.012950618461	0.0150775352471
47	-13	-20	0.00389451814494	0.0136405150063	0.0182745366938
49	-13	-20	0.00205896864738	0.0143375038745	0.0211331661146
51	-13	-20	0.000199991363421	0.0149992016023	0.0234696157619
53	-13	-20	-0.00167835706874	0.0155914799342	0.0251374229833
55	-13	-20	-0.00359272346716	0.0160940734593	0.0260447486495
57	-13	-20	-0.00557019408063	0.0165032653262	0.0261645310693
59	-13	-20	-0.00763547659505	0.0168304525089	0.0255355380538
61	-13	-20	-0.00979763874429	0.0170965028477	0.0242540053941
63	-13	-20	-0.0120387676888	0.0173230609297	0.0224573634527
65	-13	-20	-0.0143068273744	0.0175229589987	0.0203030752801
67	-13	-20	-0.0165144938293	0.0176923215808	0.0179464672122
69	-13	-20	-0.0185448385771	0.017806660579	0.0155214343005
71	-13	-20	-0.0202635121976	0.017822300769	0.0131270891676
73	-13	-20	-0.0215357721449	0.0176831159396	0.0108220425207
75	-13	-20	-0.0222455966735	0.0173311778462	0.00862642294265
77	-13	-20	-0.0223135234749	0.0167189114742	0.00653033007512
79	-13	-20	-0.0217099432986	0.0158199832077	0.00450643707139
81	-13	-20	-0.0204613883724	0.0146365012288	0.00252403261843
83	-13	-20	-0.0186487098515	0.0132010486414	0.00056189230012
85	-13	-20	-0.0163976119774	0.0115733112674	-0.00138213068172
87	-13	-20	-0.0138634208085	0.00983225644294	-0.00328616289894
89	-13	-20	-0.0112128887993	0.00806566768561	-0.00510454288341
91	-13	-20	-0.0086061003339	0.00635917410903	-0.00677292532218
93	-13	-20	-0.00618116253699	0.00478672557661	-0.00821721828687
95	-13	-20	-0.00404351662261	0.00340388598	-0.00936474392153
97	-13	-20	-0.00226065172746	0.00224455606535	-0.0101556811306
99	-13	-20	-0.000862008533978	0.00132100607126	-0.0105528211368
-99	-11	-20	0.00258809999984	0.00182819999996	-3.81859998895e-05
-97	-11	-20	0.00296986798519	0.00220878541126	0.000157105898433
-95	-11	-20	0.00338000910786	0.00266086364339	0.000429503487553
-93	-11	-20	0.003818304827	0.00318506793691	0.000771224694579
-91	-11	-20	0.00427736130358	0.0037757673306	0.00116753817913
-89	-11	-20	0.00474003400859	0.00442047096034	0.00159745561153
-87	-11	-20	0.00517821677419	0.00510051402525	0.00203519353014
-85	-11	-20	0.00555360216118	0.00579316945834	0.00245230501638
-83	-11	-20	0.00582066769409	0.00647496686282	0.00282028246879
-81	-11	-20	0.0059316893675	0.00712561288026	0.00311334537227
-79	-11	-20	0.005843139332	0.00773161221402	0.00331106901897
-77	-11	-20	0.0055224999995	0.00828859999932	0.00340049999978
-75	-11	-20	0.00495440105236	0.00880158424825	0.00337745410066
-73	-11	-20	0.00414508271891	0.00928275499258	0.00324680137357
-71	-11	-20	0.00312447221282	0.00974714894815	0.00302169514924
-69	-11	-20	0.0019455503877	0.010207097968	0.00272186701127
-67	-11	-20	0.000681087075792	0.0106668427126	0.002371253517
-65	-11	-20	-0.000581844264112	0.0111188004463	0.00199531327234
-63	-11	-20	-0.00174894441826	0.0115426689453	0.00161841928324
-61	-11	-20	-0.00272663328839	0.0119078811474	0.00126167308094
-59	-11	-20	-0.00343013469029	0.0121790678295	0.000941400260514
-57	-11	-20	-0.00379103106589	0.012323379244	0.000668475364778
-55	-11	-20	-0.00376369999952	0.0123179999988	0.000448510000271
-53	-11	-20	-0.00333013060766	0.0121561242632	0.000282837103043
-51	-11	-20	-0.00250270328377	0.0118500669225	0.000170142777808
-49	-11	-20	-0.00132460890449	0.0114309506529	0.000108534407046
-47	-11	-20	0.000132300029792	0.0109452977169	9.77859023508e-05
-45	-11	-20	0.00177227409404	0.0104495981474	0.000141464962903
-43	-11	-20	0.00348287674151	0.0100042996436	0.000248623368606
-41	-11	-20	0.00514419013256	0.00966856520785	0.000434724665737
-39	-11	-20	0.00663925343699	0.00949662253006	0.000721503880177
-37	-11	-20	0.00786467330148	0.0095357738959	0.00113551482966
-35	-11	-20	0.00874014508812	0.00982541618682	0.00170523730447
-33	-11	-20	0.00921559999908	0.0103959999996	0.00245680000003
-31	-11	-20	0.00927490346461	0.0112669042484	0.0034086244007
-29	-11	-20	0.00893547647614	0.0124427328409	0.004565586602
-27	-11	-20	0.00824382919696	0.0139083989006	0.00591357663288
-25	-11	-20	0.00726766398161	0.0156242640065	0.00741553054656
-23	-11	-20	0.00608577790145	0.0175232115575	0.00901003138621
-21	-11	-20	0.00477734749845	0.0195115801548	0.0106133507927
-19	-11	-20	0.00341224152013	0.0214752483938	0.0121253139532
-17	-11	-20	0.00204378387229	0.0232909464008	0.0134386731106
-15	-11	-20	0.000704944782423	0.0248413805471	0.0144509046427
-13	-11	-20	-0.00059162669501	0.0260314354196	0.0150766908083
-11	-11	-20	-0.00184989999984	0.0268019999973	0.0152589999989
-9	-11	-20	-0.00308378637239	0.027138145693	0.0149767680552
-7	-11	-20	-0.00430859984917	0.0270694988323	0.0142477264682
-5	-11	-20	-0.00553204343883	0.0266624461352	0.0131258128184
-3	-11	-20	-0.0067462198554	0.0260058078667	0.0116936260713
-1	-11	-20	-0.00792208943414	0.0251932423171	0.0100513072789
1	-11	-20	-0.00900751376884	0.0243064305367	0.0083038238735
3	-11	-20	-0.00992953713051	0.0234027985751	0.00654879838453
5	-11	-20	-0.0106009156335	0.0225102522466	0.00486675634079
7	-11	-20	-0.0109302010914	0.0216295058221	0.00331508384435
9	-11	-20	-0.0108340511536	0.0207426323589	0.00192624999687
11	-11	-20	-0.010249999999	0.0198249999984	0.00071013000034
13	-11	-20	-0.00914777809264	0.0188571673358	-0.000340316378089
15	-11	-20	-0.00753744320116	0.0178336972066	-0.00124114035106
17	-11	-20	-0.00547303417475	0.0167670242701	-0.00200858737556
19	-11	-20	-0.00305108711413	0.0156860724	-0.0026506969003
21	-11	-20	-0.000404044991056	0.0146307780393	-0.00316053190537
23	-11	-20	0.00231075424374	0.0136446230095	-0.00351203699206
25	-11	-20	0.00492527803114	0.0127674937791	-0.00365923079678
27	-11	-20	0.00727655211461	0.0120306848137	-0.00353908209442
29	-11	-20	0.00922209841608	0.0114548867131	-0.00307801521237
31	-11	-20	0.0106531582556	0.0110509045272	-0.00220155999101
33	-11	-20	0.0115039999988	0.0108219999994	-0.000846229999469
35	-11	-20	0.0117560567102	0.0107663962669	0.00102768911436
37	-11	-20	0.0114363111339	0.0108786976066	0.0034240909106
39	-11	-20	0.0106101626706	0.0111496419096	0.00630159317654
41	-11	-20	0.009369841715	0.0115644581855	0.00956853117857
43	-11	-20	0.00782012526071	0.0121008300474	0.0130839650962
45	-11	-20	0.00606351910165	0.0127278023638	0.0166656267704
47	-11	-20	0.00418713096407	0.013406780326	0.0201047401772
49	-11	-20	0.00225316740866	0.0140951042727	0.0231864174397
51	-11	-20	0.000294414084756	0.0147517514366	0.0257130832774
53	-11	-20	-0.00168469099148	0.0153438294984	0.027527423869
55	-11	-20	-0.00370159999993	0.0158519999989	0.0285309999976
57	-11	-20	-0.00578481848295	0.0162730141134	0.0286951115961
59	-11	-20	-0.00796039149191	0.0166181946303	0.0280617560369
61	-11	-20	-0.0102379390013	0.0169077949155	0.0267343575468
63	-11	-20	-0.0125987286318	0.0171623925874	0.0248599432508
65	-11	-20	-0.0149881774019	0.0173934573375	0.0226061128653
67	-11	-20	-0.0173146474336	0.0175956518925	0.0201370792339
69	-11	-20	-0.0194554415691	0.0177431271165	0.0175930328428
71	-11	-20	-0.0212696234999	0.0177911166548	0.0150761533749
73	-11	-20	-0.0226159130745	0.0176827840973	0.012645036777
75	-11	-20	-0.0233727513654	0.0173599087243	0.010317541691
77	-11	-20	-0.023456999998	0.0167749999984	0.00808049999962
79	-11	-20	-0.0228378407711	0.0159020765961	0.00590368494529
81	-11	-20	-0.0215432982831	0.0147437093956	0.00375501541983
83	-11	-20	-0.0196582373545	0.0133328771565	0.00161415645556
85	-11	-20	-0.0173143447103	0.0117294294203	-0.000517700437793
87	-11	-20	-0.0146740874058	0.0100121449868	-0.0026132223567
89	-11	-20	-0.0119116076931	0.0082682166618	-0.00461988759189
91	-11	-20	-0.00919378351738	0.00658231525866	-0.00646602084133
93	-11	-20	-0.0066642723101	0.0050271821508	-0.00807068090405
95	-11	-20	-0.00443245080049	0.00365710408931	-0.00935563034981
97	-11	-20	-0.0025680458221	0.00250484870337	-0.0102573383121
99	-11	-20	-0.00110120000033	0.00158190000015	-0.010736999999
-99	-9	-20	0.00273049222538	0.00173648095107	1.67959447489e-05
-97	-9	-20	0.00314838735222	0.00209343596615	0.000236152037315
-95	-9	-20	0.00360113209955	0.0025172406081	0.000538368441408
-93	-9	-20	0.00408797640746	0.00300851232442	0.000915661588171
-91	-9	-20	0.00460009356098	0.00356200324548	0.00135289415564
-89	-9	-20	0.00511787836765	0.00416603479574	0.0018282797037
-87	-9	-20	0.0056097441287	0.00480313421954	0.00231493701647
-85	-9	-20	0.00603305914026	0.00545200951984	0.00278319220498
-83	-9	-20	0.00633748319415	0.0060906591031	0.00320340512859
-81	-9	-20	0.00647047748847	0.00670004863722	0.00354898700503
-79	-9	-20	0.00638428477712	0.00726751046026	0.00379920335914
-77	-9	-20	0.00604332963259	0.00778893732216	0.00394134604705
-75	-9	-20	0.0054308561638	0.0082690181843	0.00397192622039
-73	-9	-20	0.00455372780571	0.0087191929788	0.00389668508908
-71	-9	-20	0.00344462211881	0.00915359601357	0.00372941767614
-69	-9	-20	0.00216127674064	0.00958385737423	0.00348981481342
-67	-9	-20	0.000782878029213	0.0100140566771	0.00320070179109
-65	-9	-20	-0.000595955261569	0.0104372243535	0.00288514747363
-63	-9	-20	-0.00187290378592	0.010834497849	0.00256391501188
-61	-9	-20	-0.00294659834658	0.0111774143702	0.00225363068387
-59	-9	-20	-0.00372539048538	0.0114330180254	0.00196589045427
-57	-9	-20	-0.00413550663607	0.0115707034748	0.00170734686845
-55	-9	-20	-0.00412794217773	0.0115692344741	0.0014806630566
-53	-9	-20	-0.00368355241016	0.0114223137961	0.00128611392957
-51	-9	-20	-0.00281590027509	0.0111414655257	0.00112356574143
-49	-9	-20	-0.00157153249174	0.0107557089612	0.000994564214894
-47	-9	-20	-2.74917446482e-05	0.0103083380596	0.000904286680517
-45	-9	-20	0.0017139493572	0.00985181750157	0.000863141203378
-43	-9	-20	0.00353311275086	0.00944215631814	0.000887808519531
-41	-9	-20	0.00530278792664	0.00913402513428	0.0010015174625
-39	-9	-20	0.0068993219366	0.00897739065502	0.0012333342664
-37	-9	-20	0.008213796411	0.00901572916232	0.0016162575119
-35	-9	-20	0.0091619655643	0.00928520261845	0.00218397732168
-33	-9	-20	0.00969161899171	0.00981378345698	0.00296630897719
-31	-9	-20	0.00978626568914	0.0106193565193	0.00398355784398
-29	-9	-20	0.00946451241455	0.0117063232401	0.00524039238706
-27	-9	-20	0.0087751618228	0.0130610394964	0.00672013351756
-25	-9	-20	0.00778875630495	0.0146472666091	0.00838061540115
-23	-9	-20	0.0065868897884	0.0164033919264	0.0101528256046
-21	-9	-20	0.00525097010325	0.0182432236372	0.0119433030885
-19	-9	-20	0.00385216663913	0.020061574577	0.0136407342964
-17	-9	-20	0.00244402649616	0.0217447149461	0.0151264039775
-15	-9	-20	0.00105875881318	0.0231843828937	0.0162872854546
-13	-9	-20	-0.000292420085138	0.0242928059529	0.0170298142262
-11	-9	-20	-0.00161510903209	0.0250155157165	0.0172919998366
-9	-9	-20	-0.00292449005418	0.0253389065771	0.017051643326
-7	-9	-20	-0.00423624619255	0.0252905307615	0.016329061755
-5	-9	-20	-0.00555710526233	0.0249317994165	0.0151837499121
-3	-9	-20	-0.00687658236248	0.0243446232329	0.0137055880892
-1	-9	-20	-0.00816139369184	0.0236150454529	0.012002244512
1	-9	-20	-0.00935370124159	0.0228176493354	0.0101850752232
3	-9	-20	-0.0103738296199	0.0220042433748	0.00835596096795
5	-9	-20	-0.0111274220363	0.0211991222202	0.00659715292036
7	-9	-20	-0.0115162705238	0.0204014250902	0.00496546618193
9	-9	-20	-0.0114513988712	0.0195932836959	0.00349127080974
11	-9	-20	-0.0108665303802	0.0187510845731	0.00218189334752
13	-9	-20	-0.00972993305734	0.0178566242742	0.00102840874036
15	-9	-20	-0.0080528302559	0.0169053082344	1.44403173775e-05
17	-9	-20	-0.0058930478377	0.0159096578516	-0.000874516485359
19	-9	-20	-0.00335323657442	0.0148978632184	-0.00164263258467
21	-9	-20	-0.000573737985436	0.013908493663	-0.00227730679583
23	-9	-20	0.00227915388885	0.0129833661648	-0.00274562078395
25	-9	-20	0.00502821526409	0.0121607649622	-0.00299423817055
27	-9	-20	0.00750187057533	0.011470725153	-0.00295296388517
29	-9	-20	0.00955036846809	0.0109331625305	-0.00254183031767
31	-9	-20	0.0110595792295	0.0105585921673	-0.00168120898074
33	-9	-20	0.0119606553982	0.0103503727657	-0.0003040617351
35	-9	-20	0.0122342690208	0.0103070819987	0.00163094123493
37	-9	-20	0.0119088400099	0.0104238382965	0.00412706176414
39	-9	-20	0.0110530180882	0.0106920232786	0.00713976821759
41	-9	-20	0.00976353980541	0.0110976763682	0.0105715728321
43	-9	-20	0.00815029216338	0.011619527825	0.0142731066344
45	-9	-20	0.00632083665886	0.0122279542451	0.0180514630201
47	-9	-20	0.00436670479298	0.0128859561453	0.0216858015011
49	-9	-20	0.00235347070925	0.013552615467	0.0249488825975
51	-9	-20	0.00031601004116	0.0141885950946	0.027631850992
53	-9	-20	-0.00174042477755	0.0147623923042	0.0295685369051
55	-9	-20	-0.00383353169173	0.0152555541955	0.0306551459247
57	-9	-20	-0.00599273278221	0.0156651086432	0.0308616790272
59	-9	-20	-0.00824516152185	0.0160020928369	0.0302327741119
61	-9	-20	-0.0106011729497	0.0162861176245	0.0288776402199
63	-9	-20	-0.0130419567832	0.0165370858852	0.0269509119342
65	-9	-20	-0.0155117328697	0.0167661260373	0.0246280507379
67	-9	-20	-0.0179164616006	0.0169682027739	0.0220799106691
69	-9	-20	-0.0201300073714	0.0171185770196	0.0194510363245
71	-9	-20	-0.0220073648514	0.0171743642102	0.0168452269084
73	-9	-20	-0.0234031341813	0.0170811361028	0.0143201913707
75	-9	-20	-0.0241922342196	0.0167831953499	0.0118911939076
77	-9	-20	-0.0242891921558	0.0162351958709	0.00954190460806
79	-9	-20	-0.0236624562073	0.0154124463335	0.00723955929307
81	-9	-20	-0.0223410697261	0.0143175919365	0.00495113384516
83	-9	-20	-0.0204125296394	0.0129822923335	0.00265749941522
85	-9	-20	-0.0180123722508	0.0114637202526	0.000363263930347
87	-9	-20	-0.0153075658344	0.00983685812278	-0.00189900606322
89	-9	-20	-0.0124767875775	0.00818437838608	-0.00407045547265
91	-9	-20	-0.00969093351083	0.00658619413757	-0.00607284144897
93	-9	-20	-0.0070967723744	0.00511055581976	-0.00781925845934
95	-9	-20	-0.0048057045036	0.00380797911771	-0.00922677755281
97	-9	-20	-0.00288841867465	0.00270852764275	-0.0102288681557
99	-9	-20	-0.00137514611071	0.00182225372382	-0.0107855628049
-99	-7	-20	0.0028605436711	0.00160582144159	7.55122971043e-05
-97	-7	-20	0.0033147217967	0.00192448950152	0.000318251218586
-95	-7	-20	0.00381057449823	0.00230204230379	0.000649407951044
-93	-7	-20	0.00434678682435	0.00273911698024	0.0010613055796
-91	-7	-20	0.00491304931836	0.00323115022581	0.00153857549554
-89	-7	-20	0.0054872402566	0.00376784698758	0.00205888282541
-87	-7	-20	0.00603424177023	0.00433372152075	0.00259457722772
-85	-7	-20	0.00650706222805	0.00490983824069	0.00311516220781
-83	-7	-20	0.00685052923464	0.00547657519872	0.00359033152552
-81	-7	-20	0.00700729714935	0.00601690650106	0.0039931892373
-79	-7	-20	0.00692540510742	0.00651945037162	0.0043031832695
-77	-7	-20	0.00656625312963	0.00698045277747	0.00450827381214
-75	-7	-20	0.00591172545111	0.00740403173516	0.00460594764913
-73	-7	-20	0.00496930866546	0.0078003891869	0.0046028747567
-71	-7	-20	0.00377438606355	0.00818222572641	0.00451325267659
-69	-7	-20	0.00238934628535	0.00856012855328	0.00435614239541
-67	-7	-20	0.000899613993234	0.00893808277527	0.00415230280316
-65	-7	-20	-0.000592900434338	0.00931034709923	0.00392112581924
-63	-7	-20	-0.0019781790147	0.00966067952426	0.00367823552916
-61	-7	-20	-0.00314743314839	0.0099643420518	0.00343415358033
-59	-7	-20	-0.00400252837563	0.0101925982614	0.00319419452703
-57	-7	-20	-0.00446469592725	0.010318745475	0.00295950272587
-55	-7	-20	-0.00448183510823	0.0103242937873	0.00272893948067
-53	-7	-20	-0.00403382731103	0.0102038509847	0.00250141799617
-51	-7	-20	-0.00313540395597	0.00996761706754	0.0022782754798
-49	-7	-20	-0.00183624255266	0.00964103395335	0.00206534575396
-47	-7	-20	-0.000218120753441	0.00926188084494	0.00187450929834
-45	-7	-20	0.00161084623144	0.00887572669213	0.00172460212568
-43	-7	-20	0.00352461198933	0.00853096072232	0.0016416228797
-41	-7	-20	0.00538967773822	0.00827453308104	0.00165817573011
-39	-7	-20	0.00707674791366	0.00814909256532	0.00181204115667
-37	-7	-20	0.00847237126654	0.00819156689071	0.00214371938998
-35	-7	-20	0.0094891891793	0.00843261980252	0.00269279737425
-33	-7	-20	0.0100734182053	0.00889606016097	0.00349309976974
-31	-7	-20	0.0102084485256	0.00959731390353	0.00456682173789
-29	-7	-20	0.00991394412584	0.0105405137813	0.00591818608855
-27	-7	-20	0.00924051236031	0.0117144848283	0.00752754788794
-25	-7	-20	0.00826073752042	0.0130886660873	0.00934717004263
-23	-7	-20	0.00705798654475	0.0146105313189	0.0112999811449
-21	-7	-20	0.00571475808074	0.0162061228221	0.0132823951667
-19	-7	-20	0.00430238415617	0.0177847949422	0.0151716867894
-17	-7	-20	0.00287361310268	0.0192482597883	0.0168375469986
-15	-7	-20	0.00145908045074	0.0205027938472	0.0181564700441
-13	-7	-20	6.80278963477e-05	0.0214723660246	0.0190267956433
-11	-7	-20	-0.00130702307427	0.0221098498718	0.0193818014538
-9	-7	-20	-0.0026825057882	0.0224036285221	0.0191983805015
-7	-7	-20	-0.00407424420372	0.0223778204299	0.0184995685835
-5	-7	-20	-0.0054876450006	0.0220858373146	0.0173503602393
-3	-7	-20	-0.00690927709359	0.0215986336698	0.0158475869508
-1	-7	-20	-0.00830134271621	0.0209903491947	0.0141057944025
1	-7	-20	-0.00960020218345	0.0203246862613	0.0122417634158
3	-7	-20	-0.0107195676413	0.0196451110872	0.0103604217817
5	-7	-20	-0.0115582811915	0.0189708925362	0.00854441241319
7	-7	-20	-0.0120118402318	0.0182994131587	0.00684868768407
9	-7	-20	-0.0119861634783	0.0176135634989	0.00530044486522
11	-7	-20	-0.0114116426636	0.0168918223336	0.00390375722209
13	-7	-20	-0.0102553957366	0.0161181507144	0.00264757238701
15	-7	-20	-0.0085298551976	0.0152891728348	0.00151541993397
17	-7	-20	-0.00629633951493	0.0144171219225	0.000495167418239
19	-7	-20	-0.00366295781429	0.0135283514241	-0.000412604715161
21	-7	-20	-0.000776959051577	0.0126584403657	-0.00118868772376
23	-7	-20	0.00218765567652	0.0118457085056	-0.0017924906205
25	-7	-20	0.00504586020413	0.0111251161811	-0.00216280282316
27	-7	-20	0.00761886201171	0.0105240763367	-0.0022221238871
29	-7	-20	0.00975086595452	0.0100608560278	-0.001884330241
31	-7	-20	0.0113233121599	0.00974530147994	-0.0010651610588
33	-7	-20	0.0122647943587	0.00958089628757	0.000305315945945
35	-7	-20	0.0125553570332	0.00956687337047	0.0022694574997
37	-7	-20	0.0122245913787	0.00969930837886	0.00482958124518
39	-7	-20	0.0113438176606	0.00997071948814	0.00793814668361
41	-7	-20	0.0100135173861	0.0103684551394	0.0114925510751
43	-7	-20	0.00834790095753	0.0108727895408	0.0153363002595
45	-7	-20	0.00645892463344	0.0114559315078	0.0192676801546
47	-7	-20	0.0044421266131	0.0120829706856	0.0230559810545
49	-7	-20	0.00236633861646	0.0127151793354	0.0264639341094
51	-7	-20	0.000268719200331	0.0133152477028	0.0292735748909
53	-7	-20	-0.00184424105675	0.0138532357616	0.0313116215522
55	-7	-20	-0.00398996087853	0.0143115540916	0.0324700145568
57	-7	-20	-0.00619831947502	0.0146873307977	0.0327177545412
59	-7	-20	-0.00849732257732	0.0149911107181	0.0321016039134
61	-7	-20	-0.0108982464926	0.0152418221385	0.0307353214093
63	-7	-20	-0.0133829036302	0.0154590508717	0.0287793907678
65	-7	-20	-0.0158955727818	0.0156545445619	0.0264151129019
67	-7	-20	-0.0183415793863	0.0158252467894	0.0238179712613
69	-7	-20	-0.0205934931422	0.0159498917538	0.0211351054506
71	-7	-20	-0.0225045495795	0.0159903306209	0.018470599342
73	-7	-20	-0.0239274433626	0.0158975453317	0.0158804439141
75	-7	-20	-0.0247354146638	0.015621079342	0.0133769672942
77	-7	-20	-0.0248418838032	0.0151197245559	0.010940731751
79	-7	-20	-0.0242150019173	0.0143709928011	0.00853673912575
81	-7	-20	-0.0228844010173	0.0133772364139	0.00613140881499
83	-7	-20	-0.0209389498076	0.0121671449227	0.00370713213702
85	-7	-20	-0.0185160846772	0.0107924705166	0.00127205554316
87	-7	-20	-0.0157848576258	0.00932090745001	-0.00113615743213
89	-7	-20	-0.0129258602843	0.00782679793489	-0.00345272117473
91	-7	-20	-0.0101114520439	0.00638160723399	-0.00559344536211
93	-7	-20	-0.00748926029329	0.00504590053392	-0.00746620342169
95	-7	-20	-0.00517093554916	0.00386398958663	-0.00898412042146
97	-7	-20	-0.00322693807826	0.00286169621092	-0.0100782877559
99	-7	-20	-0.00168700851623	0.00204700408332	-0.0107079640637
-99	-5	-20	0.00298357942473	0.00144017526092	0.000137323835568
-97	-5	-20	0.00347475735275	0.00170750321396	0.00040317817813
-95	-5	-20	0.0040148085505	0.00202280022848	0.000762935055539
-93	-5	-20	0.00460182075125	0.00238675391241	0.00120911485524
-91	-5	-20	0.00522394277686	0.00279575287912	0.00172625921912
-89	-5	-20	0.00585645694937	0.00324139311983	0.00229168536438
-87	-5	-20	0.006460623219	0.00371088285436	0.00287723867096
-85	-5	-20	0.00698499782929	0.0041884628046	0.00345192927816
-83	-5	-20	0.00736949321859	0.00465770171995	0.00398517003641
-81	-5	-20	0.0075518918439	0.00510424994528	0.00445017849582
-79	-5	-20	0.00747598738878	0.00551842048106	0.00482700564314
-77	-5	-20	0.00710013729765	0.00589689859936	0.00510464913649
-75	-5	-20	0.00640486681104	0.00624300785049	0.00528182351351
-73	-5	-20	0.00539829521404	0.00656527802895	0.00536618954123
-71	-5	-20	0.00411851529604	0.00687450242723	0.00537214938814
-69	-5	-20	0.00263254831747	0.00717992016391	0.00531762417461
-67	-5	-20	0.00103200134591	0.00748547861004	0.00522046501689
-65	-5	-20	-0.000574028046939	0.00778720904631	0.00509524075913
-63	-5	-20	-0.00206797974452	0.00807253739944	0.00495106427667
-61	-5	-20	-0.00333384804034	0.00832188896597	0.00479088195921
-59	-5	-20	-0.00426724336891	0.00851235068974	0.00461231991043
-57	-5	-20	-0.00478463361152	0.00862259538592	0.00440984381694
-55	-5	-20	-0.00483101883476	0.00863791616082	0.00417773436657
-53	-5	-20	-0.00438542774266	0.00855417765309	0.00391326553666
-51	-5	-20	-0.00346376566453	0.00837978153285	0.00361951296365
-49	-5	-20	-0.00211869677124	0.00813528225825	0.00330738089766
-47	-5	-20	-0.000436418880275	0.00785091246066	0.0029966522271
-45	-5	-20	0.00146959846895	0.00756279496786	0.00271605995428
-43	-5	-20	0.00346758273437	0.00730887301793	0.00250248942903
-41	-5	-20	0.00541849994961	0.00712550861515	0.00239942375954
-39	-5	-20	0.00718821160462	0.00704531714765	0.00245465978444
-37	-5	-20	0.00865950056282	0.00709625914797	0.00271720743699
-35	-5	-20	0.00974254501943	0.00730148915269	0.00323322065157
-33	-5	-20	0.0103824422705	0.00767915438848	0.0040408667765
-31	-5	-20	0.0105626608459	0.00824136370443	0.00516426320794
-29	-5	-20	0.0103038290241	0.00899192150593	0.00660697736518
-27	-5	-20	0.00965797534949	0.00992303391303	0.00834601647179
-25	-5	-20	0.00869908537136	0.0110118432591	0.0103275902194
-23	-5	-20	0.00751146467454	0.0122180966455	0.0124660552559
-21	-5	-20	0.00617775993864	0.0134843103812	0.0146472186395
-19	-5	-20	0.00476851088635	0.0147393715947	0.0167365447941
-17	-5	-20	0.00333479489766	0.0159056891833	0.018591855148
-15	-5	-20	0.00190496586367	0.0169089822904	0.0200790332283
-13	-5	-20	0.00048580420753	0.0176888799777	0.0210883336534
-11	-5	-20	-0.00093228816341	0.0182080042633	0.021548425728
-9	-5	-20	-0.00236699910603	0.0184573225869	0.0214354727383
-7	-5	-20	-0.0038341040267	0.018456310525	0.0207753802979
-5	-5	-20	-0.00533737719726	0.0182476872689	0.0196386725851
-3	-5	-20	-0.00686009429381	0.0178878443325	0.0181289528574
-1	-5	-20	-0.00835964694304	0.0174351923003	0.0163671944018
1	-5	-20	-0.00976641838391	0.0169391737895	0.0144748676235
3	-5	-20	-0.010987496445	0.0164324736748	0.0125589700191
5	-5	-20	-0.0119150794637	0.015928061208	0.0107014177951
7	-5	-20	-0.0124386643271	0.0154213867342	0.00895418561877
9	-5	-20	-0.0124594306362	0.014896711485	0.00734034790071
11	-5	-20	-0.011904790205	0.0143355548977	0.00586008419996
13	-5	-20	-0.0107409558593	0.0137248647158	0.00449997959505
15	-5	-20	-0.00898162461632	0.0130628212872	0.00324366308683
17	-5	-20	-0.00669141426828	0.0123610430808	0.00208193948087
19	-5	-20	-0.00398342557112	0.0116430756681	0.00102095214894
21	-5	-20	-0.00101108982277	0.0109400750484	8.74072757475e-05
23	-5	-20	0.00204481351299	0.0102852446738	-0.000669638098349
25	-5	-20	0.00499249971074	0.00970869867137	-0.00118054686502
27	-5	-20	0.00764700759238	0.00923402206437	-0.00136028676911
29	-5	-20	0.00984743398548	0.00887705913473	-0.00111668649279
31	-5	-20	0.0114715069572	0.00864665069209	-0.000361228030839
33	-5	-20	0.0124456863945	0.00854642840545	0.00097840283732
35	-5	-20	0.01274948922	0.00857654540303	0.0029451074001
37	-5	-20	0.0124134718314	0.00873442678248	0.00553997976753
39	-5	-20	0.0115111804462	0.00901416592143	0.00871254251166
41	-5	-20	0.010146263336	0.00940486751097	0.0123555977269
43	-5	-20	0.00843666577677	0.00988880006316	0.016306519808
45	-5	-20	0.00649825854854	0.0104404622803	0.0203562019818
47	-5	-20	0.00443030602734	0.0110274885764	0.024265772987
49	-5	-20	0.00230486325473	0.0116137596917	0.0277897477023
51	-5	-20	0.00016157574876	0.0121643168877	0.0307027513684
53	-5	-20	-0.00199144802413	0.0126509548297	0.0328257568474
55	-5	-20	-0.00417090016342	0.0130569417769	0.0340472948567
57	-5	-20	-0.00640673874604	0.0133793564726	0.0343355998193
59	-5	-20	-0.00872767649325	0.01362806668	0.03373915086
61	-5	-20	-0.0111460858253	0.0138212725915	0.0323752786852
63	-5	-20	-0.0136450043652	0.0139785422272	0.0304089192969
65	-5	-20	-0.0161698293135	0.0141130702165	0.0280255981564
67	-5	-20	-0.0186267269501	0.0142252385925	0.0254038102337
69	-5	-20	-0.0208887521965	0.0142993225049	0.022691861063
71	-5	-20	-0.0228092915773	0.014304414246	0.0199930178342
73	-5	-20	-0.0242409603872	0.0141995478235	0.0173608486648
75	-5	-20	-0.0250568380343	0.0139419040148	0.0148044328948
77	-5	-20	-0.0251702482475	0.0134961750364	0.0123012373767
79	-5	-20	-0.0245494053262	0.012842887467	0.00981425730977
81	-5	-20	-0.0232241784538	0.0119837827074	0.0073096686926
83	-5	-20	-0.0212837738504	0.010943126899	0.0047716576952
85	-5	-20	-0.0188659249715	0.00976482988641	0.00221204670473
87	-5	-20	-0.0161397752852	0.0085062103002	-0.000326463085663
89	-5	-20	-0.0132856654449	0.00722990633611	-0.00277342488395
91	-5	-20	-0.0104753000656	0.00599566261958	-0.00503914811018
93	-5	-20	-0.00785528981161	0.00485352107258	-0.00702684052507
95	-5	-20	-0.00553605131874	0.00383942342408	-0.00864625107117
97	-5	-20	-0.00358681293434	0.0029735763805	-0.00982657712066
99	-5	-20	-0.00203632955994	0.00226132209172	-0.0105266127595
-99	-3	-20	0.00310453485277	0.00124659769552	0.000200585856235
-97	-3	-20	0.00363359429994	0.0014522487115	0.00048947374972
-95	-3	-20	0.00421902528531	0.00169262186129	0.000877751779358
-93	-3	-20	0.00485829592421	0.00196847899619	0.00135820368406
-91	-3	-20	0.00553796569729	0.00227737149067	0.00191538289243
-89	-3	-20	0.00623065022986	0.00261318733531	0.00252640295933
-87	-3	-20	0.00689389886805	0.00296638771081	0.00316279749236
-85	-3	-20	0.00747171796092	0.00332503834378	0.00379332577615
-83	-3	-20	0.00789900793957	0.00367654073359	0.00438740743846
-81	-3	-20	0.00810859414115	0.0040097504354	0.00491869194193
-79	-3	-20	0.00803996042246	0.00431699945	0.00536815585184
-77	-3	-20	0.00764838391845	0.00459548107848	0.0057261210011
-75	-3	-20	0.00691302060997	0.00484754787067	0.00599272890432
-73	-3	-20	0.00584263479264	0.00507971383034	0.00617668442367
-71	-3	-20	0.00447805345065	0.00530048956363	0.00629244523282
-69	-3	-20	0.00289095359345	0.00551752339214	0.00635639803755
-67	-3	-20	0.00117913115656	0.00573476811321	0.00638282920188
-65	-3	-20	-0.00054115240806	0.0059504560758	0.00638058458196
-63	-3	-20	-0.00214485595004	0.00615650740998	0.00635118429582
-61	-3	-20	-0.00350885596849	0.00633964636134	0.00628883692744
-59	-3	-20	-0.00452263677299	0.00648404985734	0.00618236529772
-57	-3	-20	-0.00509804403047	0.0065749294389	0.0060186272806
-55	-3	-20	-0.00517730683605	0.00660217989887	0.0057867037395
-53	-3	-20	-0.00473868688421	0.00656320032746	0.0054820084405
-51	-3	-20	-0.00379927599665	0.00646421906841	0.00510956869377
-49	-3	-20	-0.00241463782808	0.0063198680279	0.00468598381685
-47	-3	-20	-0.000675185434047	0.00615122849085	0.0042398981923
-45	-3	-20	0.00130058492632	0.00598296347802	0.00381111894348
-43	-3	-20	0.00337561360149	0.00584033959739	0.00344867834612
-41	-3	-20	0.00540585325859	0.00574686818993	0.0032081504039
-39	-3	-20	0.00725288258063	0.00572298953566	0.00314840294396
-37	-3	-20	0.00879626094786	0.00578578996986	0.00332777801513
-35	-3	-20	0.00994416714342	0.00594932939707	0.00379954995146
-33	-3	-20	0.0106409068638	0.00622491221493	0.00460651140745
-31	-3	-20	0.0108701728437	0.00662065310524	0.00577473931734
-29	-3	-20	0.0106534948974	0.00713998036014	0.00730698099372
-27	-3	-20	0.0100440479521	0.00777919961676	0.0091765815508
-25	-3	-20	0.00911675308918	0.00852475377311	0.0113232889121
-23	-3	-20	0.00795624135644	0.00935117767373	0.0136524391031
-21	-3	-20	0.00664460736098	0.0102208081539	0.0160387942753
-19	-3	-20	0.00525088161149	0.0110860059848	0.0183356267816
-17	-3	-20	0.00382380774341	0.0118940269949	0.0203886001108
-15	-3	-20	0.0023889120118	0.0125939072302	0.022052816692
-13	-3	-20	0.000950130551847	0.0131440323971	0.0232104001483
-11	-3	-20	-0.000504451029458	0.0135186751901	0.0237854735401
-9	-3	-20	-0.00199378854404	0.0137118588807	0.0237535990662
-7	-3	-20	-0.00353346791876	0.0137374615512	0.0231436838071
-5	-3	-20	-0.00512538607746	0.0136253821514	0.0220318396168
-3	-3	-20	-0.00674923986203	0.0134145988357	0.0205283508825
-1	-3	-20	-0.00835734941089	0.0131447690454	0.018760323328
1	-3	-20	-0.00987394039912	0.0128484038939	0.0168533972904
3	-3	-20	-0.0111994120845	0.0125454772668	0.0149159225419
5	-3	-20	-0.0122193804655	0.0122416496579	0.0130282477649
7	-3	-20	-0.0128175104067	0.0119302979534	0.0112385171881
9	-3	-20	-0.0128904747641	0.0115975353218	0.00956494535753
11	-3	-20	-0.0123629417868	0.0112286696012	0.00800331378628
13	-3	-20	-0.0112003935288	0.0108142838954	0.00653765315809
15	-3	-20	-0.00941784327494	0.010354380976	0.00515183614438
17	-3	-20	-0.00708309254178	0.00985970670595	0.00384004572958
19	-3	-20	-0.0043139298414	0.00935023183881	0.00261463110702
21	-3	-20	-0.00126948400482	0.00885155765041	0.00151051104486
23	-3	-20	0.00186331693634	0.00839049180523	0.000585859303317
25	-3	-20	0.00488664390171	0.00799109825429	-8.07890526515e-05
27	-3	-20	0.00761008847179	0.007672178996	-0.000396647221332
29	-3	-20	0.00986828560237	0.00744654024861	-0.000263533291251
31	-3	-20	0.0115357476253	0.00732174673839	0.000411078564168
33	-3	-20	0.0125370933644	0.00730159146006	0.00170151866035
35	-3	-20	0.0128513788115	0.00738735282909	0.00365087506225
37	-3	-20	0.0125099797402	0.00757811326421	0.00625879848308
39	-3	-20	0.0115883586227	0.00786988969244	0.00947190427272
41	-3	-20	0.0101929321215	0.0082539033408	0.0131787519996
43	-3	-20	0.00844498131744	0.008714785741	0.0172112813288
45	-3	-20	0.006463975763	0.00922970587455	0.021353996527
47	-3	-20	0.00435273730089	0.00976922649479	0.0253610832106
49	-3	-20	0.00218655334972	0.0103001933841	0.0289801375023
51	-3	-20	7.73423504388e-06	0.0107902803463	0.0319795917814
53	-3	-20	-0.00217369539386	0.0112131747341	0.0341756534251
55	-3	-20	-0.00437336289383	0.0115530131938	0.0354540556655
57	-3	-20	-0.00662102767568	0.0118067130785	0.0357824317942
59	-3	-20	-0.00894599673145	0.0119833150912	0.0352106802876
61	-3	-20	-0.0113618814989	0.0121002414992	0.0338589955452
63	-3	-20	-0.0138534044484	0.012177257059	0.0318957549646
65	-3	-20	-0.0163678758194	0.0122296302032	0.0295095398064
67	-3	-20	-0.0188133999306	0.0122623055054	0.0268806846983
69	-3	-20	-0.0210648328173	0.012266705031	0.0241576244033
71	-3	-20	-0.0229771187354	0.0122211182238	0.0214420082856
73	-3	-20	-0.0244041349422	0.01209470116	0.0187844660876
75	-3	-20	-0.0252199132441	0.0118541550777	0.0161905961299
77	-3	-20	-0.02533842125	0.0114714613827	0.0136347734285
79	-3	-20	-0.0247282010493	0.0109308048466	0.0110781473433
81	-3	-20	-0.0234191028633	0.0102330708939	0.00848687605612
83	-3	-20	-0.0214999140292	0.00939696242801	0.00584714184579
85	-3	-20	-0.0191074904396	0.00845664203448	0.00317454871848
87	-3	-20	-0.0164096039313	0.00745662047773	0.000516802382316
89	-3	-20	-0.0135847495341	0.0064451710137	-0.00205017150277
91	-3	-20	-0.0108024119889	0.00546773365963	-0.00443149149132
93	-3	-20	-0.0082067937847	0.00456158406794	-0.00652608717345
95	-3	-20	-0.00590597086338	0.00375258005744	-0.00824073075651
97	-3	-20	-0.00396718597391	0.00305422506497	-0.00950306573434
99	-3	-20	-0.0024178312419	0.00246876454889	-0.010271639397
-99	-1	-20	0.0032260271166	0.00103430403108	0.000262915066486
-97	-1	-20	0.00379333577661	0.00117149449586	0.000574537676583
-95	-1	-20	0.00442460913464	0.00132863966712	0.000991012900696
-93	-1	-20	0.0051166943979	0.00150659016111	0.00150542685632
-91	-1	-20	0.00585455364719	0.00170419695087	0.00210240930325
-89	-1	-20	0.00660812133819	0.00191790148137	0.00275896578273
-87	-1	-20	0.00733121690103	0.00214178323671	0.00344644860084
-85	-1	-20	0.00796327535249	0.00236815759231	0.00413353176297
-83	-1	-20	0.00843416497981	0.00258867966735	0.00478983748745
-81	-1	-20	0.00867173854698	0.00279575748808	0.00538966159877
-79	-1	-20	0.0086111616681	0.00298395541626	0.00591511994373
-77	-1	-20	0.00820463012209	0.00315102067379	0.00635804432486
-75	-1	-20	0.00742993453949	0.00329821960102	0.00672012774525
-73	-1	-20	0.00629648775028	0.00342982499476	0.00701114629198
-71	-1	-20	0.00484784634546	0.00355181761184	0.00724550948887
-69	-1	-20	0.00316032156205	0.00367009366364	0.00743781129181
-67	-1	-20	0.00133785169488	0.00378863628332	0.00759835297632
-65	-1	-20	-0.000496214610331	0.00390815528546	0.00772969002472
-63	-1	-20	-0.00220946246906	0.00402560125781	0.0078250751472
-61	-1	-20	-0.003671782917	0.00413473590239	0.00786925985174
-59	-1	-20	-0.00476667957896	0.00422765042101	0.00784157828016
-57	-1	-20	-0.0054015169453	0.00429685214679	0.00772071200802
-55	-1	-20	-0.00551586843961	0.00433737003589	0.00749016448283
-53	-1	-20	-0.00508729571367	0.00434831749613	0.00714335445773
-51	-1	-20	-0.00413407491117	0.0043335045015	0.00668738920899
-49	-1	-20	-0.00271458202777	0.00430096624676	0.00614493949644
-47	-1	-20	-0.000923265302518	0.00426158915621	0.00555408824342
-45	-1	-20	0.0011166230073	0.00422726910589	0.00496642339139
-43	-1	-20	0.00326308384727	0.00420915041407	0.00444387836288
-41	-1	-20	0.00536745622887	0.0042164302243	0.00405483991382
-39	-1	-20	0.00728745323467	0.00425599097717	0.0038698700998
-37	-1	-20	0.00889980484519	0.00433281562724	0.00395712257258
-35	-1	-20	0.0101110194252	0.00445084858196	0.00437730657616
-33	-1	-20	0.010864837141	0.00461379076675	0.00517799081484
-31	-1	-20	0.0111452697038	0.0048253256954	0.00638721789077
-29	-1	-20	0.010974697291	0.00508847268479	0.00800680769449
-27	-1	-20	0.0104072456126	0.00540409705947	0.0100062597137
-25	-1	-20	0.00951844913602	0.00576896939869	0.0123186386842
-23	-1	-20	0.00839284786366	0.00617403252248	0.0148400362862
-21	-1	-20	0.00711151597578	0.00660360345653	0.0174339739987
-19	-1	-20	0.00574150210861	0.00703606272085	0.0199413872621
-17	-1	-20	0.00432878580077	0.00744619663254	0.022195701701
-15	-1	-20	0.00289571738982	0.00780886470067	0.0240412270539
-13	-1	-20	0.00144315024768	0.00810321317915	0.0253520041838
-11	-1	-20	-4.3263058532e-05	0.0083163962333	0.0260476970294
-9	-1	-20	-0.00158374691144	0.00844579715959	0.0261033604118
-7	-1	-20	-0.00319360460689	0.0084990772481	0.025550962882
-5	-1	-20	-0.00487270439472	0.00849193706513	0.0244721879018
-3	-1	-20	-0.00659699768343	0.00844409728623	0.0229838724267
-1	-1	-20	-0.00831359395674	0.00837450882285	0.0212189918599
1	-1	-20	-0.00994048432401	0.00829702990954	0.019306960061
3	-1	-20	-0.0113713848443	0.00821768635512	0.0173569758288
5	-1	-20	-0.012485418636	0.00813419141775	0.0154472620234
7	-1	-20	-0.0131605747434	0.008037772476	0.0136215885631
9	-1	-20	-0.0132892087834	0.00791671949232	0.0118928554281
11	-1	-20	-0.012793424585	0.00776062138698	0.0102521454616
13	-1	-20	-0.0116380959384	0.0075641185431	0.00868082918211
15	-1	-20	-0.00983957735982	0.00732920308605	0.00716311879377
17	-1	-20	-0.00746875300418	0.00706556894099	0.00569684302675
19	-1	-20	-0.00464786097783	0.00678909773557	0.00430093495292
21	-1	-20	-0.0015413613565	0.00651908237129	0.00301893444746
23	-1	-20	0.00165813514216	0.00627508442726	0.00191848882694
25	-1	-20	0.00474727571572	0.00607431706761	0.00108726904445
27	-1	-20	0.00753072482455	0.00593016160423	0.000625896900252
29	-1	-20	0.00983911738631	0.00585197073173	0.000638485554585
31	-1	-20	0.0115441021891	0.00584584301406	0.00122136378348
33	-1	-20	0.0125686632017	0.0059157290561	0.00245061190882
35	-1	-20	0.0128914410314	0.00606415655985	0.00436926002427
37	-1	-20	0.0125445259133	0.00629206120314	0.00697537808833
39	-1	-20	0.0116050750781	0.00659761354372	0.0102127185051
41	-1	-20	0.0101819873278	0.00697439970764	0.0139658730417
43	-1	-20	0.00839958893877	0.00740968037889	0.0180618651347
45	-1	-20	0.00638071099162	0.00788358079805	0.0222795452696
47	-1	-20	0.00423159304289	0.00836988993758	0.0263670415588
49	-1	-20	0.00203073469983	0.00883870392437	0.0300659700034
51	-1	-20	-0.000176793963773	0.00926056393109	0.033139447216
53	-1	-20	-0.00237887276161	0.00961119552566	0.0353996172749
55	-1	-20	-0.00458985283884	0.00987563812586	0.0367298505131
57	-1	-20	-0.00683911697596	0.0100505828519	0.0370972908989
59	-1	-20	-0.00915649039765	0.0101441337	0.0365530380381
61	-1	-20	-0.0115569093439	0.0101728732478	0.0352196438568
63	-1	-20	-0.0140270694427	0.0101568617377	0.0332682162417
65	-1	-20	-0.0165166977353	0.0101138043715	0.0308895847723
67	-1	-20	-0.0189365358112	0.0100538981948	0.0282651323337
69	-1	-20	-0.0211640821182	0.00997672493478	0.0255427445388
71	-1	-20	-0.0230567400037	0.00987102413332	0.0228219531854
73	-1	-20	-0.0244705095523	0.0097174135384	0.02015015474
75	-1	-20	-0.0252810903563	0.00949334273497	0.0175293635685
77	-1	-20	-0.0254035704047	0.00917899415824	0.0149309076093
79	-1	-20	-0.0248069902909	0.00876263843205	0.0123142196219
81	-1	-20	-0.0235210167408	0.00824415152194	0.00964558563531
83	-1	-20	-0.0216335311018	0.00763593212497	0.0069132860862
85	-1	-20	-0.0192797544132	0.00696115124126	0.00413672257914
87	-1	-20	-0.0166251426928	0.0062499201503	0.00136851565007
89	-1	-20	-0.0138453152626	0.00553440497134	-0.00131012136564
91	-1	-20	-0.0111065249433	0.00484404980344	-0.00379938384429
93	-1	-20	-0.00854966526314	0.00420189747111	-0.00599422732649
95	-1	-20	-0.00627975401582	0.00362260360051	-0.00779874033724
97	-1	-20	-0.0043615590044	0.00311226121472	-0.00913924779729
99	-1	-20	-0.00282086408311	0.00266972688963	-0.0099741896282
-99	1	-20	0.00334691324125	0.000813429006022	0.000321574407955
-97	1	-20	0.00395148097083	0.000879392404286	0.000654912496974
-95	1	-20	0.00462735583432	0.000949946109096	0.00109837277786
-93	1	-20	0.00537079482398	0.00102603280852	0.00164535801027
-91	1	-20	0.00616522551474	0.00110785516425	0.00228061349801
-89	1	-20	0.00697799806972	0.00119451064972	0.00298110398521
-87	1	-20	0.00775933071771	0.00128384243909	0.00371809499336
-85	1	-20	0.00844424095687	0.00137258621748	0.00446029177582
-83	1	-20	0.00895773243223	0.00145682130997	0.00517764777131
-81	1	-20	0.00922285107269	0.00153265027004	0.0058452322894
-79	1	-20	0.00917059007107	0.00159695841508	0.00644641054969
-77	1	-20	0.00875017080821	0.00164806766409	0.00697460229255
-75	1	-20	0.00793806914465	0.00168611280538	0.00743308564566
-73	1	-20	0.00674432681814	0.00171303372286	0.00783268993816
-71	1	-20	0.00521513203877	0.00173217837345	0.00818770579975
-69	1	-20	0.0034312529419	0.00174761977474	0.00851081612523
-67	1	-20	0.00150252054344	0.00176337267071	0.00880818194576
-65	1	-20	-0.000440936149102	0.00178272458677	0.0090758910356
-63	1	-20	-0.00225967011422	0.00180785970884	0.00929874578354
-61	1	-20	-0.00381693516848	0.00183986080061	0.00945186857621
-59	1	-20	-0.00499057775464	0.00187905149909	0.00950495812702
-57	1	-20	-0.00568374832712	0.00192552728241	0.00942840919849
-55	1	-20	-0.00583354692051	0.00197965597687	0.00920008000085
-53	1	-20	-0.005416910469	0.00204233259716	0.00881137062916
-51	1	-20	-0.00445325485825	0.00211485141652	0.008271485347
-49	1	-20	-0.00300360200316	0.00219838908537	0.00760921598208
-47	1	-20	-0.00116615685364	0.00229323628083	0.00687215449805
-45	1	-20	0.000931441866372	0.00239802486216	0.00612374693691
-43	1	-20	0.003142685824	0.00250923393992	0.00543889718441
-41	1	-20	0.00531475394397	0.002621203987	0.00489885271851
-39	1	-20	0.00730193053514	0.00272675384493	0.00458588665323
-37	1	-20	0.00897849724348	0.00281831861819	0.00457794590275
-35	1	-20	0.0102495838331	0.00288936058231	0.00494312462163
-33	1	-20	0.0110585435662	0.00293570363126	0.00573369788395
-31	1	-20	0.0113897612138	0.00295644009747	0.00697960462265
-29	1	-20	0.0112663996207	0.00295416251181	0.00868169423569
-27	1	-20	0.0107433622971	0.00293445421574	0.0108056316485
-25	1	-20	0.00989654667518	0.00290477812349	0.0132778880229
-23	1	-20	0.00881010901726	0.00287306936611	0.0159854938713
-21	1	-20	0.00756380551965	0.00284641262462	0.018781007156
-19	1	-20	0.006222434903	0.00283014404149	0.0214933803664
-17	1	-20	0.00482900074936	0.00282757248035	0.0239441976429
-15	1	-20	0.00340253734941	0.00284031086842	0.0259673674589
-13	1	-20	0.00194074958144	0.0028690103892	0.0274291816305
-11	1	-20	0.000426855486872	0.00291416263121	0.0282450723516
-9	1	-20	-0.00116059629	0.00297662026542	0.0283896729642
-7	1	-20	-0.00283657052547	0.00305759251354	0.0278979432254
-5	1	-20	-0.00459886844913	0.00315806566433	0.0268569204655
-3	1	-20	-0.00641970480502	0.00327781935096	0.0253896592368
-1	1	-20	-0.00824105629395	0.00341438338058	0.0236345981768
1	1	-20	-0.00997483632124	0.00356234692796	0.0217244992715
3	1	-20	-0.0115083085373	0.00371336350384	0.0197690158968
5	1	-20	-0.0127143874013	0.00385700586954	0.017843920832
7	1	-20	-0.0134656900392	0.00398236975066	0.0159883789985
9	1	-20	-0.0136505360577	0.00408008280915	0.014209844422
11	1	-20	-0.0131886788379	0.00414422453445	0.0124946586512
13	1	-20	-0.0120444908021	0.0041736562038	0.0108215551132
15	1	-20	-0.0102356388242	0.00417240622502	0.0091751436972
17	1	-20	-0.00783591218836	0.00414901446737	0.00755695913147
19	1	-20	-0.00497167774058	0.00411503137316	0.00599255008384
21	1	-20	-0.001812285797	0.00408310186737	0.00453405625718
23	1	-20	0.00144449294916	0.00406516433924	0.00325850885119
25	1	-20	0.00459033731759	0.00407122649155	0.00226255233149
27	1	-20	0.00742551891092	0.00410896196601	0.0016544164374
29	1	-20	0.00977713410719	0.00418407349736	0.00154387459312
31	1	-20	0.0115143138524	0.00430108824559	0.00203077649179
33	1	-20	0.0125586085048	0.00446408546935	0.00319270236637
35	1	-20	0.012888289754	0.00467686884855	0.00507245547728
37	1	-20	0.0125360634652	0.00494229243476	0.00766648719806
39	1	-20	0.0115805652746	0.00526077545496	0.0109158228322
41	1	-20	0.0101328839159	0.00562839413762	0.0147014226374
43	1	-20	0.00832007166974	0.0060351979615	0.0188459331609
45	1	-20	0.00626802318716	0.00646446368611	0.0231232660695
47	1	-20	0.00408615894132	0.006893429086	0.027276323824
49	1	-20	0.00185604060791	0.00729567007669	0.031041605867
51	1	-20	-0.000374557950723	0.00764480150515	0.0341777080299
53	1	-20	-0.00259139402683	0.00791873847844	0.036493338531
55	1	-20	-0.00480746029647	0.00810349641686	0.0378698854917
57	1	-20	-0.00705166479675	0.00819553095571	0.038274094324
59	1	-20	-0.009354281703	0.00820193771126	0.0377580693729
61	1	-20	-0.0117315741514	0.0081383688318	0.0364462857873
63	1	-20	-0.0141723173755	0.00802512818903	0.0345119959332
65	1	-20	-0.0166288829966	0.00788240283441	0.0321476454927
67	1	-20	-0.0190149955587	0.00772582589037	0.029535090291
69	1	-20	-0.0212112342816	0.0075634720579	0.0268212285952
71	1	-20	-0.0230779478437	0.00739498769447	0.0241032164739
73	1	-20	-0.0244737348452	0.00721297080186	0.0214251393138
75	1	-20	-0.0252763646482	0.00700611443279	0.0187854923398
77	1	-20	-0.0254023164161	0.00676318251898	0.0161527004209
79	1	-20	-0.0248212268924	0.00647672011774	0.0134846304055
81	1	-20	-0.0235624846685	0.00614554386057	0.0107477884366
83	1	-20	-0.0217127850312	0.00577545350233	0.00793254197912
85	1	-20	-0.0194052799723	0.00537812296948	0.0050619575772
87	1	-20	-0.0168025713675	0.00496861413666	0.00219332537374
89	1	-20	-0.0140768204905	0.00456227590474	-0.000587180427298
91	1	-20	-0.0113904826439	0.00417187206188	-0.003175195822
93	1	-20	-0.0088806464632	0.00380562673556	-0.00546205429248
95	1	-20	-0.00664888429823	0.00346655586387	-0.00734945638129
97	1	-20	-0.00475723226023	0.00315307573567	-0.00876261404696
99	1	-20	-0.00322974445819	0.00286055616028	-0.00965995593942
-99	3	-20	0.00346178134052	0.000593715459775	0.000373866000332
-97	3	-20	0.00410042980484	0.000589749435884	0.000726681746154
-95	3	-20	0.00481700663371	0.000575359194306	0.0011943833872
-93	3	-20	0.00560725046207	0.000551570100754	0.00177068570507
-91	3	-20	0.00645321679775	0.000519900936323	0.00244048040882
-89	3	-20	0.00731993140778	0.000482044969047	0.00318075747015
-87	3	-20	0.00815436341479	0.000439530133017	0.00396278910492
-85	3	-20	0.00888753751663	0.00039342497297	0.00475541769559
-83	3	-20	0.00944005617103	0.000344150070016	0.00552902598458
-81	3	-20	0.00973061506417	0.000291437466758	0.00625952605028
-79	3	-20	0.009686432425	0.000234456948159	0.00693155696106
-77	3	-20	0.00925404136632	0.000172101881289	0.00754010092053
-75	3	-20	0.00840873299042	0.000103401945714	0.00808995565674
-73	3	-20	0.00716112105253	2.80079184423e-05	0.00859292392133
-71	3	-20	0.00555976960193	-5.33232791119e-05	0.00906312137398
-69	3	-20	0.00368945809466	-0.000138324668209	0.00951133002587
-67	3	-20	0.00166530465493	-0.000222977681555	0.00993968345934
-65	3	-20	-0.000376499423386	-0.000301502281953	0.0103380364887
-63	3	-20	-0.00229024493784	-0.000366623532809	0.0106830920147
-61	3	-20	-0.00393330285344	-0.00041012429736	0.0109407762678
-59	3	-20	-0.00517853366671	-0.000423652612679	0.0110716093208
-57	3	-20	-0.00592540115587	-0.000399711855407	0.0110381069725
-55	3	-20	-0.0061088677907	-0.000332729128003	0.0108127677745
-53	3	-20	-0.00570536053487	-0.000220077739512	0.0103850770384
-51	3	-20	-0.00473532043139	-6.29256418888e-05	0.0097662241063
-49	3	-20	-0.00326208529691	0.000133207455558	0.00899079114499
-47	3	-20	-0.00138710580518	0.000358278474657	0.0081153564568
-45	3	-20	0.000758233636491	0.000597996734887	0.00721455910205
-43	3	-20	0.00302362375172	0.000834569766986	0.00637552767629
-41	3	-20	0.00525279270963	0.00104789735201	0.0056916069282
-39	3	-20	0.00729724266735	0.00121714414331	0.00525605602355
-37	3	-20	0.00902933685314	0.00132257360017	0.00515597432011
-35	3	-20	0.0103532012401	0.00134748403612	0.00546632058371
-33	3	-20	0.0112120033244	0.00128005795847	0.00624370729925
-31	3	-20	0.0115905316497	0.00111492437595	0.00751978151633
-29	3	-20	0.0115126162671	0.000854243684676	0.00929444412005
-27	3	-20	0.0110337183258	0.000508156290366	0.0115297840754
-25	3	-20	0.0102298255799	9.44871519178e-05	0.0141461898453
-23	3	-20	0.00918444006272	-0.000362334071911	0.017022388198
-21	3	-20	0.00797577985852	-0.000833096789481	0.0200009405201
-19	3	-20	0.00666625797547	-0.00128624683702	0.0228999193551
-17	3	-20	0.00529586494749	-0.00169071590511	0.0255301997437
-15	3	-20	0.00388037343887	-0.00201884194662	0.0277163236476
-13	3	-20	0.00241445867056	-0.00224902946652	0.0293176447867
-11	3	-20	0.000879045272504	-0.0023677967377	0.030245850486
-9	3	-20	-0.000748431761097	-0.00237091570118	0.0304752637011
-7	3	-20	-0.00248256298833	-0.00226346886908	0.0300435813806
-5	3	-20	-0.004319166094	-0.00205880873146	0.0290426490276
-3	3	-20	-0.00622694815865	-0.00177657780557	0.0276010233194
-1	3	-20	-0.00814313379488	-0.00144009469701	0.0258618652388
1	3	-20	-0.00997407463016	-0.00107350178261	0.0239606539295
3	3	-20	-0.0116011944777	-0.000699086389045	0.0220070736244
5	3	-20	-0.0128918512692	-0.000335131243538	0.0200742706916
7	3	-20	-0.0137139128547	5.46079627079e-06	0.018196854239
9	3	-20	-0.0139521837176	0.000315661748714	0.0163770331842
11	3	-20	-0.0135244202135	0.000593967920208	0.0145966558959
13	3	-20	-0.0123946294608	0.000843359948939	0.0128320056952
15	3	-20	-0.0105816825351	0.00106981910463	0.0110681281714
17	3	-20	-0.00816192157284	0.00128069541286	0.00931010255025
19	3	-20	-0.00526527291778	0.00148322903328	0.00758972471773
21	3	-20	-0.00206524154337	0.00168348470598	0.00596719010447
23	3	-20	0.00123607618595	0.00188586961985	0.00452825154452
25	3	-20	0.00442624732199	0.00209327476338	0.00337781573848
27	3	-20	0.00730195302811	0.0023077274046	0.00263102766453
29	3	-20	0.00968743097263	0.00253129916458	0.00240270485393
31	3	-20	0.011449798061	0.00276691937624	0.00279572432907
33	3	-20	0.0125094653024	0.00301873347679	0.00388883149509
35	3	-20	0.0128444093081	0.00329174116205	0.00572445726552
37	3	-20	0.0124878169277	0.00359064103521	0.00829750489245
39	3	-20	0.0115194914888	0.00391805712026	0.0115465805007
41	3	-20	0.0100522731162	0.00427256122414	0.0153495682654
43	3	-20	0.00821543140001	0.00464705777518	0.0195255302282
45	3	-20	0.00613740549898	0.00502810287036	0.0238444285619
47	3	-20	0.00393032199919	0.0053965625614	0.0280450523184
49	3	-20	0.00167841725996	0.00572970374017	0.0318599147393
51	3	-20	-0.000568103945677	0.00600443057202	0.0350441162334
53	3	-20	-0.00279302617943	0.00620103706538	0.0374037284631
55	3	-20	-0.0050080203337	0.00630664796012	0.0388186356668
57	3	-20	-0.00724146949436	0.00631753625463	0.0392552949819
59	3	-20	-0.00952399760555	0.00623974603585	0.0387665716018
61	3	-20	-0.0118730898684	0.00608785543318	0.0374783406477
63	3	-20	-0.014279531998	0.00588217511632	0.0355653178656
65	3	-20	-0.0166983387545	0.0056450617141	0.0332208686397
67	3	-20	-0.0190463003182	0.00539722280987	0.0306267426858
69	3	-20	-0.0212072407985	0.00515484639412	0.0279284835669
71	3	-20	-0.02304467794	0.00492812090168	0.0252207532262
73	3	-20	-0.0244200551779	0.00472130619935	0.0225444321531
75	3	-20	-0.0252134355674	0.00453409359777	0.0198947512726
77	3	-20	-0.0253428472266	0.00436367638296	0.0172375299221
79	3	-20	-0.0247785812269	0.00420682628206	0.0145293000211
81	3	-20	-0.0235496902523	0.00406135912733	0.0117368647484
83	3	-20	-0.0217415135886	0.00392663314252	0.00885255318064
85	3	-20	-0.0194848745812	0.00380306558971	0.00590276668292
87	3	-20	-0.0169392076438	0.00369096963682	0.00294896950303
89	3	-20	-0.0142728905955	0.0035892106122	8.17042933269e-05
91	3	-20	-0.0116442828939	0.00349420919036	-0.00259071396336
93	3	-20	-0.00918642701313	0.00339968284075	-0.00495654409033
95	3	-20	-0.00699728250764	0.00329726936686	-0.0069155247716
97	3	-20	-0.00513606342593	0.0031778998672	-0.0083920235421
99	3	-20	-0.0036250721785	0.00303356709428	-0.0093445579717
-99	5	-20	0.00356158745746	0.000383355385878	0.00041744244805
-97	5	-20	0.00422833356655	0.000314464167761	0.000785903900313
-95	5	-20	0.00497835617031	0.000221364615264	0.00127308124716
-93	5	-20	0.00580699414413	0.000105141960696	0.00187298549581
-91	5	-20	0.00669521238212	-3.14870076543e-05	0.00257069496969
-89	5	-20	0.00760617163331	-0.000184444734669	0.00334331683315
-87	5	-20	0.00848422168023	-0.000348804439236	0.00416225706922
-85	5	-20	0.00925715996274	-0.000519489105009	0.0049966293114
-83	5	-20	0.00984202721578	-0.000692051473102	0.00581735206339
-81	5	-20	0.0101539981232	-0.000863383180579	0.00660122596952
-79	5	-20	0.0101172382782	-0.00103217893528	0.00733412839395
-77	5	-20	0.00967611177722	-0.00119899714523	0.00801248893111
-75	5	-20	0.00880495954903	-0.00136581976783	0.00864246124337
-73	5	-20	0.00751486271889	-0.00153511734822	0.00923666916629
-71	5	-20	0.00585629841995	-0.00170855178332	0.00980899279291
-69	5	-20	0.00391725695522	-0.00188556854255	0.0103684288574
-67	5	-20	0.00181706327076	-0.00206220639264	0.010913442404
-65	5	-20	-0.00030330012447	-0.00223045675272	0.0114282859314
-63	5	-20	-0.00229321335463	-0.00237842428033	0.0118824396706
-61	5	-20	-0.00400547659902	-0.00249138643748	0.0122336728526
-59	5	-20	-0.0053091200636	-0.00255365687679	0.0124343955476
-57	5	-20	-0.00610081793589	-0.00255097411644	0.0124401825629
-55	5	-20	-0.00631395657397	-0.00247301173243	0.0122188222595
-53	5	-20	-0.00592463452635	-0.00231557249509	0.0117581210335
-51	5	-20	-0.00495411245281	-0.00208209374803	0.0110710070381
-49	5	-20	-0.00346748160057	-0.00178423375352	0.0101971239277
-47	5	-20	-0.00156858272697	-0.00144148642031	0.00920088953763
-45	5	-20	0.000608512923282	-0.00107993540889	0.00816668516279
-43	5	-20	0.00291085114123	-0.000730367522323	0.00719224936849
-41	5	-20	0.00517985207937	-0.000426000042579	0.00638138748113
-39	5	-20	0.00726526237418	-0.000200043475569	0.00583681149472
-37	5	-20	0.00903835325317	-8.324803184e-05	0.00565344307502
-35	5	-20	0.0104028168866	-0.000101508320966	0.00591205283498
-33	5	-20	0.0113019263952	-0.000273563041199	0.00667287136429
-31	5	-20	0.0117209009454	-0.000608846859835	0.00796891446535
-29	5	-20	0.011684047877	-0.00110562900808	0.00979921650135
-27	5	-20	0.0112470533586	-0.0017496811784	0.0121228268066
-25	5	-20	0.0104856087711	-0.00251381044396	0.0148550545104
-23	5	-20	0.0094822098407	-0.003358618371	0.0178677682254
-21	5	-20	0.00831329291472	-0.00423476264335	0.0209953418728
-19	5	-20	0.00703879646105	-0.00508678764493	0.0240470000347
-17	5	-20	0.00569577484775	-0.00585828115302	0.0268249674106
-15	5	-20	0.00429695546589	-0.00649777254646	0.0291462770484
-13	5	-20	0.00283428105397	-0.00696450829478	0.0308647793016
-11	5	-20	0.00128667993797	-0.00723311824435	0.0318892575912
-9	5	-20	-0.000369319005064	-0.00729628487423	0.0321938913435
-7	5	-20	-0.00214789758065	-0.00716485248653	0.031818640891
-5	5	-20	-0.00404309219587	-0.0068653016702	0.0308591911564
-3	5	-20	-0.00602057490246	-0.00643504932576	0.0294483670769
-1	5	-20	-0.00801355803587	-0.00591647795823	0.0277328177056
1	5	-20	-0.00992379670083	-0.00535083310296	0.0258497457331
3	5	-20	-0.0116279884795	-0.00477309581106	0.0239082778839
5	5	-20	-0.0129890922409	-0.0042086546636	0.0219788054054
7	5	-20	-0.0138713080577	-0.00367215337757	0.0200916505874
9	5	-20	-0.0141568105328	-0.0031683994605	0.018244287571
11	5	-20	-0.0137619429565	-0.00269481038307	0.0164146155134
13	5	-20	-0.0126505542944	-0.00224463485928	0.0145768381543
15	5	-20	-0.0108425145448	-0.00181015082339	0.0127164744059
17	5	-20	-0.0084161101134	-0.00138518501027	0.0108417717013
19	5	-20	-0.0055038674055	-0.000966558112953	0.00898998926687
21	5	-20	-0.00228222433398	-0.000554355769131	0.00722826826878
23	5	-20	0.00104376783385	-0.000151189470256	0.00564977685446
25	5	-20	0.00425895998253	0.000239202692431	0.00436632741223
27	5	-20	0.00715774187162	0.000613575620999	0.00349870797434
29	5	-20	0.0095625886211	0.000970579268543	0.00316569821857
31	5	-20	0.011339414785	0.00131158299807	0.0034723833116
33	5	-20	0.0124079687504	0.00164069581263	0.00449816228978
35	5	-20	0.0127460573935	0.00196392589339	0.00628491736554
37	5	-20	0.0123871397119	0.00228760743612	0.00882618145162
39	5	-20	0.0114116908897	0.00261639573259	0.0120586859506
41	5	-20	0.00993359036999	0.00295126068849	0.0158581500593
43	5	-20	0.00808348259565	0.00328796087954	0.0200413039901
45	5	-20	0.00599146968235	0.00361642936236	0.0243756909117
47	5	-20	0.00377155058526	0.00392134324809	0.0285976842075
49	5	-20	0.00150992392754	0.00418390442467	0.0324375217563
51	5	-20	-0.000741312890759	0.00438458025353	0.0356483520468
53	5	-20	-0.0029643086876	0.00450631006596	0.0380348092947
55	5	-20	-0.00516954878061	0.00453754409402	0.0394759906444
57	5	-20	-0.00738485364042	0.00447449113948	0.0399382331581
59	5	-20	-0.00964103394381	0.00432211497301	0.0394748075171
61	5	-20	-0.0119565705876	0.00409369779133	0.0382122260086
63	5	-20	-0.0143240351479	0.00380910820605	0.0363256828162
65	5	-20	-0.016700919366	0.00349218490996	0.0340084711977
67	5	-20	-0.0190070094412	0.00316780323622	0.0314414340469
69	5	-20	-0.0211294138519	0.00285919436639	0.0287682882418
71	5	-20	-0.0229349532574	0.00258594623122	0.0260811075255
73	5	-20	-0.0242881062516	0.00236288260121	0.0234178059151
75	5	-20	-0.0250714246182	0.00219976721188	0.0207707975706
77	5	-20	-0.0252046319568	0.00210158693942	0.0181037855789
79	5	-20	-0.0246587295504	0.00206908281973	0.0153723284711
81	5	-20	-0.0234623779376	0.00209923396086	0.0125436274358
83	5	-20	-0.021699395481	0.00218553243637	0.00961174403671
85	5	-20	-0.0194980296676	0.00231806380856	0.00660585846584
87	5	-20	-0.0170142599032	0.00248356412524	0.0035907944999
89	5	-20	-0.0144123995616	0.0026657057049	0.000660502768701
91	5	-20	-0.0118464786925	0.00284584241466	-0.00207372691743
93	5	-20	-0.00944533388503	0.00300432625227	-0.00449794890017
95	5	-20	-0.00730323388819	0.0031223284276	-0.0065106109805
97	5	-20	-0.00547656457277	0.00318391700211	-0.00803565406625
99	5	-20	-0.00398591985434	0.00317801815233	-0.00903183618136
-99	7	-20	0.00363534079301	0.000188162055252	0.000450489830801
-97	7	-20	0.00432116818938	6.23571734531e-05	0.000829019747551
-95	7	-20	0.00509377979539	-9.94749293387e-05	0.00132868161317
-93	7	-20	0.00594828058347	-0.000296225050944	0.00194376321229
-91	7	-20	0.00686495032999	-0.00052416659354	0.00265959278842
-89	7	-20	0.00780575480869	-0.000777175303536	0.00345353250323
-87	7	-20	0.00871335005375	-0.00104738227723	0.00429730811129
-85	7	-20	0.00951343733753	-0.00132622048809	0.00516049624855
-83	7	-20	0.0101207406314	-0.00160571897383	0.00601469740797
-81	7	-20	0.0104481466227	-0.00187979794974	0.00683765390687
-79	7	-20	0.0104178441266	-0.00214525488103	0.00761641301675
-77	7	-20	0.0099728023067	-0.00240213702624	0.00834866748898
-75	7	-20	0.00908676161924	-0.0026532882188	0.00904167579538
-73	7	-20	0.00777111422129	-0.00290303143848	0.00970865644844
-71	7	-20	0.00607756029469	-0.00315517111722	0.010363173485
-69	7	-20	0.00409610876999	-0.0034107143322	0.0110126298496
-67	7	-20	0.00194868468683	-0.00366585354212	0.0116523844968
-65	7	-20	-0.000220825680429	-0.0039107720531	0.0122620613027
-63	7	-20	-0.00225889513854	-0.00412970431936	0.0128052617829
-61	7	-20	-0.00401569435666	-0.00430242601607	0.0132331840862
-59	7	-20	-0.0053581298204	-0.00440702371249	0.0134917547016
-57	7	-20	-0.00618140816132	-0.00442348612329	0.0135310325073
-55	7	-20	-0.00641816491018	-0.00433745321747	0.0133150815471
-53	7	-20	-0.00604443501995	-0.00414341359686	0.0128303878119
-51	7	-20	-0.00508199376994	-0.00384676593594	0.0120912465886
-49	7	-20	-0.00359685618768	-0.0034644178534	0.0111412609471
-47	7	-20	-0.00169399286359	-0.00302390835217	0.0100509537038
-45	7	-20	0.000491396801416	-0.00256131793541	0.00891225381627
-43	7	-20	0.00280541515598	-0.0021183996289	0.0078310672635
-41	7	-20	0.00508885649623	-0.00173938926791	0.00691918480032
-39	7	-20	0.00719122358289	-0.00146784796412	0.00628645414603
-37	7	-20	0.00898391287132	-0.00134370941951	0.00603361186419
-35	7	-20	0.010371022507	-0.00140052831139	0.00624565556387
-33	7	-20	0.011296360651	-0.00166282850211	0.00698535597986
-31	7	-20	0.0117456167932	-0.00214347780719	0.00828659500308
-29	7	-20	0.0117432962034	-0.00284117022959	0.0101476724057
-27	7	-20	0.0113448214137	-0.00373832795113	0.0125254099938
-25	7	-20	0.010625020933	-0.00479995630122	0.0153315446828
-23	7	-20	0.00966487136409	-0.00597409365226	0.0184332483512
-21	7	-20	0.00853867749104	-0.00719441183419	0.0216594033208
-19	7	-20	0.00730378459899	-0.00838520972094	0.0248134061315
-17	7	-20	0.00599443867289	-0.00946854424727	0.0276918841031
-15	7	-20	0.00462065583135	-0.0103726732115	0.0301071107073
-13	7	-20	0.00317209810681	-0.0110405041823	0.0319095523796
-11	7	-20	0.00162614574186	-0.011436515716	0.0330063278415
-9	7	-20	-4.12675778396e-05	-0.0115507489692	0.0333717157356
-7	7	-20	-0.00184386539988	-0.0113989701639	0.033047237843
-5	7	-20	-0.00377420910532	-0.0110188754246	0.0321309890309
-3	7	-20	-0.00579564658106	-0.0104630578252	0.0307582461121
-1	7	-20	-0.00783848724547	-0.00979015618537	0.029077334168
1	7	-20	-0.00980133407103	-0.00905596568112	0.0272257272296
3	7	-20	-0.0115578220089	-0.00830621657364	0.0253111439122
5	7	-20	-0.0129682375353	-0.00757224887709	0.0234010498703
7	7	-20	-0.0138947242485	-0.00687007013783	0.0215218966258
9	7	-20	-0.0142181441405	-0.00620248885125	0.0196671930726
11	7	-20	-0.0138542950205	-0.00556337550186	0.017811703615
13	7	-20	-0.0127671739272	-0.00494276398656	0.0159281047055
15	7	-20	-0.0109773422384	-0.00433151800776	0.014002442691
17	7	-20	-0.00856412322706	-0.00372459931719	0.0120455698255
19	7	-20	-0.00566121413937	-0.00312246436963	0.0100990383085
21	7	-20	-0.00244616629077	-0.00253063300338	0.00823527992524
23	7	-20	0.000875055987173	-0.00195788654927	0.00655293236665
25	7	-20	0.00408666720158	-0.00141378424086	0.00516869564976
27	7	-20	0.00698270313242	-0.000906219198348	0.00420711163615
29	7	-20	0.0093855132269	-0.000439604166232	0.00378931977397
31	7	-20	0.0111610241837	-1.40477117652e-05	0.00402140557483
33	7	-20	0.0122290379017	0.000374376806507	0.00498267396048
35	7	-20	0.0125673836372	0.000732399374081	0.00671420922234
37	7	-20	0.0122094847997	0.00106766139634	0.00920844786248
39	7	-20	0.0112357496675	0.00138656730848	0.0124010582195
41	7	-20	0.0097600314665	0.00169231150313	0.0161669401996
43	7	-20	0.00791308453985	0.00198347311367	0.020322332433
45	7	-20	0.00582534590425	0.00225347204246	0.0246345993266
47	7	-20	0.0036114264578	0.00249103195838	0.0288401776007
49	7	-20	0.00135840593678	0.00268161856863	0.0326695242171
51	7	-20	-0.000880546166178	0.00280964219602	0.0358760849554
53	7	-20	-0.00308645966134	0.00286106674319	0.0382648049958
55	7	-20	-0.00526884578116	0.00282598512906	0.0397150427823
57	7	-20	-0.00745490747377	0.00270072513604	0.0401932675032
59	7	-20	-0.0096753931517	0.00248914024308	0.0397526464854
61	7	-20	-0.0119494300906	0.0022028961169	0.0385192256379
63	7	-20	-0.0142710253924	0.00186074672817	0.0366672456897
65	7	-20	-0.0165998837169	0.00148696068513	0.0343884777605
67	7	-20	-0.0188586688531	0.00110917210367	0.0318616762865
69	7	-20	-0.0209378214338	0.00075597278744	0.0292280189852
71	7	-20	-0.0227076578786	0.000454536870123	0.0265768225673
73	7	-20	-0.0240359730368	0.000228496564394	0.023943348233
75	7	-20	-0.0248080984241	9.61986318843e-05	0.0213178158169
77	7	-20	-0.0249456731282	6.93947002854e-05	0.0186625052161
79	7	-20	-0.0244204934255	0.000152373802424	0.0159325221358
81	7	-20	-0.0232607444212	0.000341537348959	0.0130956212276
83	7	-20	-0.021548477297	0.000625435812995	0.010147283267
85	7	-20	-0.0194089945203	0.000985313120415	0.00711868498692
87	7	-20	-0.0169943921268	0.00139621581977	0.0040768514598
89	7	-20	-0.0144645025147	0.00182870015502	0.00111776505014
91	7	-20	-0.0119686832434	0.00225110274637	-0.00164571865857
93	7	-20	-0.00963133467322	0.00263223691233	-0.00409871588956
95	7	-20	-0.0075429279731	0.00294426003547	-0.00613937007458
97	7	-20	-0.00575702143399	0.00316536214367	-0.00769181961778
99	7	-20	-0.00429257294889	0.0032818875085	-0.00871530032309
-99	9	-20	0.00367244386394	1.11824276679e-05	0.000471785148459
-97	9	-20	0.00436556559841	-0.000161455859241	0.000853195381102
-95	9	-20	0.00514663455847	-0.000379446219679	0.00135628958777
-93	9	-20	0.00601072958021	-0.000641702895639	0.00197561487852
-91	9	-20	0.00693796236317	-0.000943729451411	0.00269684208954
-89	9	-20	0.00788996440163	-0.00127778308277	0.00349777943636
-87	9	-20	0.0088088924925	-0.00163363028329	0.00435072678875
-85	9	-20	0.00961981630658	-0.00199986808544	0.00522598559938
-83	9	-20	0.0102367590433	-0.0023656349365	0.00609604067172
-81	9	-20	0.0105719228618	-0.00272238787229	0.00693965681911
-79	9	-20	0.010546920897	-0.00306532458891	0.00774497344711
-77	9	-20	0.0101043366069	-0.00339402510729	0.00851071683272
-75	9	-20	0.00921776643193	-0.00371200446112	0.0092449311775
-73	9	-20	0.00789870991081	-0.00402509900729	0.00996113834945
-71	9	-20	0.00619918991397	-0.00433890980922	0.0106724780355
-69	9	-20	0.0042096778348	-0.0046558206767	0.0113849958218
-67	9	-20	0.00205260124426	-0.00497230747536	0.0120916530215
-65	9	-20	-0.000127714122893	-0.005277286314	0.0127686777937
-63	9	-20	-0.00217744970993	-0.00555208007743	0.0133754989977
-61	9	-20	-0.00394668209333	-0.00577224174652	0.0138587600356
-59	9	-20	-0.00530242376611	-0.00591104035074	0.0141599739334
-57	9	-20	-0.00614014231149	-0.00594400637065	0.0142254991202
-55	9	-20	-0.00639280295074	-0.00585366252138	0.0140169324401
-53	9	-20	-0.0060367256062	-0.00563351068566	0.0135198974041
-51	9	-20	-0.00509380324555	-0.00529052110557	0.0127495828174
-49	9	-20	-0.00362988947365	-0.00484572199044	0.0117521443115
-47	9	-20	-0.00174943221972	-0.00433291091623	0.0106019930307
-45	9	-20	0.000413289604168	-0.00379588044182	0.00939579790676
-43	9	-20	0.00270567705967	-0.00328476767012	0.00824450337349
-41	9	-20	0.00497012184759	-0.00285215304652	0.00726471019161
-39	9	-20	0.00705788772423	-0.00254936695805	0.00657042407209
-37	9	-20	0.0088421177557	-0.00242319243955	0.00626561179985
-35	9	-20	0.0102284414503	-0.0025128897919	0.0064374531079
-33	9	-20	0.0111617842441	-0.00284732114465	0.00714986475314
-31	9	-20	0.0116283684449	-0.00344198686432	0.00843694218853
-29	9	-20	0.0116525300094	-0.00429600367824	0.0102964186522
-27	9	-20	0.0112887736201	-0.00538938867836	0.0126839377843
-25	9	-20	0.0106102966505	-0.00668134162758	0.0155096152166
-23	9	-20	0.00969584891607	-0.00811039795286	0.0186387263081
-21	9	-20	0.00861710339919	-0.00959724027143	0.0218981561322
-19	9	-20	0.0074286131155	-0.011050561745	0.0250893891303
-17	9	-20	0.00616194223109	-0.0123757236111	0.0280074158075
-15	9	-20	0.00482479919415	-0.0134851940546	0.0304633190728
-13	9	-20	0.00340513315095	-0.0143091119182	0.032306935913
-11	9	-20	0.00187935097254	-0.0148040030013	0.0334453350218
-9	9	-20	0.00022319754763	-0.0149578332144	0.0338532168303
-7	9	-20	-0.00157651855654	-0.0147902265761	0.0335727595533
-5	9	-20	-0.00351126890569	-0.0143476735737	0.0327026136505
-3	9	-20	-0.00554298929227	-0.0136946553094	0.0313781425247
-1	9	-20	-0.0076005211297	-0.0129025144679	0.029746976069
1	9	-20	-0.0095811933832	-0.0120383653771	0.0279449430141
3	9	-20	-0.011357750407	-0.0111562279441	0.026077207323
5	9	-20	-0.0127900685966	-0.0102919340607	0.024208038965
7	9	-20	-0.0137403531661	-0.00946237953852	0.022360510091
9	9	-20	-0.0140898910281	-0.00866865601649	0.020525122122
11	9	-20	-0.0137550841473	-0.00790177167383	0.0186745349277
13	9	-20	-0.0127004890745	-0.00714925150217	0.0167806058948
15	9	-20	-0.010946959212	-0.00640096056654	0.014829989344
17	9	-20	-0.00857365955803	-0.00565294434269	0.012835437201
19	9	-20	-0.00571356758882	-0.00490875719719	0.0108413111673
21	9	-20	-0.00254293397775	-0.0041784451117	0.00892322250081
23	9	-20	0.000734079617987	-0.00347588153657	0.00718278365597
25	9	-20	0.00390382384702	-0.00281541977091	0.00573898133907
27	9	-20	0.00676256878404	-0.00220880628071	0.00471766247675
29	9	-20	0.00913472945589	-0.00166305914639	0.0042402358407
31	9	-20	0.0108878738698	-0.00117966064756	0.00441219944504
33	9	-20	0.0119428204941	-0.000755053939349	0.0053117706476
35	9	-20	0.0122776816074	-0.000382155293097	0.0069788943551
37	9	-20	0.0119254345271	-5.24375152858e-05	0.00940526011002
39	9	-20	0.0109654311828	0.000241892433788	0.0125265374911
41	9	-20	0.00951007095136	0.00050603588215	0.0162185837335
43	9	-20	0.00768852470587	0.000741360677109	0.020299582857
45	9	-20	0.00562978990184	0.000944933263856	0.0245396916033
47	9	-20	0.00344741057156	0.00110985190208	0.0286787003257
49	9	-20	0.00122791458717	0.00122629874364	0.0324505976805
51	9	-20	-0.000975535421644	0.00128314583092	0.0356121157855
53	9	-20	-0.00314351965103	0.00126989551982	0.0379708373354
55	9	-20	-0.00528483683787	0.00117870880844	0.0394077813787
57	9	-20	-0.00742598291085	0.0010062739532	0.0398898919419
59	9	-20	-0.0095973053002	0.000755289611468	0.0394695623482
61	9	-20	-0.0118181198566	0.000435377140643	0.0382709040547
63	9	-20	-0.0140834285087	6.32905755506e-05	0.0364652871247
65	9	-20	-0.0163548431897	-0.0003376440818	0.0342410018583
67	9	-20	-0.0185578124774	-0.000738859028818	0.0317730930112
69	9	-20	-0.0205862521179	-0.00110856883843	0.0291991844698
71	9	-20	-0.0223143173609	-0.00141433735566	0.0266055334489
73	9	-20	-0.0236135772463	-0.00162596473717	0.0240250869995
75	9	-20	-0.0243726011328	-0.00171841517942	0.0214466313715
77	9	-20	-0.024515284644	-0.00167447497876	0.018831900335
79	9	-20	-0.0240143504424	-0.00148683507598	0.0161362242176
81	9	-20	-0.0228973827858	-0.00115933568632	0.0133281347235
83	9	-20	-0.0212442910598	-0.000707188997174	0.0104041596199
85	9	-20	-0.0191768671334	-0.000156099145912	0.0073964944746
87	9	-20	-0.0168426600679	0.000459685756632	0.00437289395648
89	9	-20	-0.0143963642843	0.00110023838014	0.00142960412734
91	9	-20	-0.0119821069547	0.00172347445847	-0.00132078145728
93	9	-20	-0.00971945521425	0.00228898221486	-0.00376410013804
95	9	-20	-0.00769486837758	0.00276174519808	-0.00579949894963
97	9	-20	-0.00595902870921	0.00311532360443	-0.00735215571765
99	9	-20	-0.00452932992496	0.00333409518195	-0.00838211943683
-99	11	-20	0.00366509999983	-0.000147220000027	0.000480670000113
-97	11	-20	0.00435171512874	-0.000355593898532	0.000856585776958
-95	11	-20	0.00512473200526	-0.000615862790707	0.00135253877566
-93	11	-20	0.00597944180412	-0.000927020448951	0.0019633227853
-91	11	-20	0.00689638666903	-0.00128407029607	0.00267507055149
-89	11	-20	0.00783786379239	-0.00167812824864	0.0034662734927
-87	11	-20	0.00874692184923	-0.00209723708197	0.00431011910996
-85	11	-20	0.00954970752178	-0.00252788119447	0.00517795787896
-83	11	-20	0.0101614310928	-0.00295700624337	0.00604341504148
-81	11	-20	0.0104954855023	-0.00337416396348	0.0068863927405
-79	11	-20	0.0104745483886	-0.00377327625889	0.0076960514612
-77	11	-20	0.0100419999989	-0.0041534999996	0.00847189999946
-75	11	-20	0.00917182825075	-0.00451880800693	0.00922240754977
-73	11	-20	0.00787540187078	-0.00487617567433	0.00996106253082
-71	11	-20	0.00620401074345	-0.0052326228221	0.010700445426
-69	11	-20	0.0042467627229	-0.00559171462296	0.0114454977054
-67	11	-20	0.00212412508011	-0.00595036717512	0.0121875717945
-65	11	-20	-2.2032261696e-05	-0.00629684462605	0.0129008865992
-63	11	-20	-0.00204067496449	-0.00661063808685	0.0135426261567
-61	11	-20	-0.00378476883565	-0.00686451322385	0.0140571642083
-59	11	-20	-0.00512405865658	-0.00702850065514	0.0143839510254
-57	11	-20	-0.00595631165488	-0.00707511884282	0.0144677092427
-55	11	-20	-0.00621609999907	-0.00698479999918	0.0142689999987
-53	11	-20	-0.00588044382133	-0.00675042816962	0.0137731066228
-51	11	-20	-0.00497088882502	-0.006380112354	0.0129955717699
-49	11	-20	-0.00355184699784	-0.00589774123936	0.0119834980217
-47	11	-20	-0.00172528843389	-0.00534137260645	0.0108126520801
-45	11	-20	0.000377858539504	-0.0047599510379	0.00958123074585
-43	11	-20	0.00260896037979	-0.00420909966674	0.00840163204658
-41	11	-20	0.00481465814097	-0.00374673762924	0.00739162231036
-39	11	-20	0.00685037612263	-0.00342905877688	0.0066659405196
-37	11	-20	0.0085929526756	-0.00330706561591	0.00632880357587
-35	11	-20	0.00995090913476	-0.00342352195287	0.00646720858366
-33	11	-20	0.0108709999989	-0.00380999999998	0.0071446000001
-31	11	-20	0.0113400668413	-0.00448373558766	0.00839452393965
-29	11	-20	0.0113818405544	-0.00544427259293	0.0102143353257
-27	11	-20	0.0110491171903	-0.00667029256838	0.0125597132296
-25	11	-20	0.010412521939	-0.008117438802	0.0153414174804
-23	11	-20	0.00954769530166	-0.00971818220759	0.0184260854383
-21	11	-20	0.00852303207936	-0.0113846976346	0.021642676952
-19	11	-20	0.00738999888516	-0.0130152668969	0.0247953327989
-17	11	-20	0.0061775710269	-0.0145039617892	0.0276820320298
-15	11	-20	0.00489157757331	-0.0157524672674	0.030116840077
-13	11	-20	0.00351888978498	-0.0166821382348	0.0319521906431
-11	11	-20	0.00203559999966	-0.017243999998	0.0330969999971
-9	11	-20	0.000417740860585	-0.0174245739274	0.0335267784664
-7	11	-20	-0.00134724809711	-0.0172461546561	0.0332833104697
-5	11	-20	-0.00325018040314	-0.016761326768	0.0324636337338
-3	11	-20	-0.00525262718096	-0.0160427918984	0.0312004195303
-1	11	-20	-0.0072836257179	-0.0151706328487	0.0296378005092
1	11	-20	-0.00924142245331	-0.0142196759423	0.0279076724651
3	11	-20	-0.0110004178393	-0.0132494805932	0.0261112432195
5	11	-20	-0.0124227416473	-0.0122987336654	0.0243092023871
7	11	-20	-0.0133731638188	-0.0113846793797	0.0225217494249
9	11	-20	-0.0137354575856	-0.0105069995649	0.020737441136
11	11	-20	-0.0134279999986	-0.00965459999908	0.0189279999985
13	11	-20	-0.0124164052604	-0.00881328560948	0.017065280067
15	11	-20	-0.0107213535159	-0.00797239326624	0.015136651412
17	11	-20	-0.00842043637617	-0.00712900616304	0.0131559765929
19	11	-20	-0.00564366242317	-0.00628919017783	0.0111687412746
21	11	-20	-0.00256310106845	-0.00546651818818	0.0092513196248
23	11	-20	0.000622137390115	-0.00467876567233	0.00750542595941
25	11	-20	0.00370386358471	-0.00394394421743	0.00604932055901
27	11	-20	0.00648369092232	-0.00327677558847	0.00500729995771
29	11	-20	0.00879073677299	-0.00268638145094	0.00449858621326
31	11	-20	0.0104961739474	-0.00217551154751	0.0046262072913
33	11	-20	0.0115229999987	-0.00174119999988	0.00546610000029
35	11	-20	0.0118499261123	-0.00137643266331	0.00705664409945
37	11	-20	0.0115089895968	-0.00107227639701	0.00938917902205
39	11	-20	0.0105772938716	-0.000819952965705	0.0124006306779
41	11	-20	0.00916406526303	-0.000612483391222	0.015969928106
43	11	-20	0.00739485500191	-0.000445713694583	0.0199201137528
45	11	-20	0.00539509255883	-0.000318698357553	0.0240276964635
47	11	-20	0.00327524882048	-0.000233525234107	0.0280397676095
49	11	-20	0.00111959662283	-0.000194705641635	0.0316978250756
51	11	-20	-0.00101997972127	-0.000208241165014	0.03476547911
53	11	-20	-0.00312438711265	-0.000280443811657	0.0370557485969
55	11	-20	-0.00520199999965	-0.000416560000052	0.0384529999968
57	11	-20	-0.0072784813914	-0.000619253953893	0.0389250698176
59	11	-20	-0.0093833660604	-0.000887048956244	0.0385227743046
61	11	-20	-0.0115356223936	-0.00121289422388	0.0373665212935
63	11	-20	-0.0137307536008	-0.00158309495724	0.0356224881965
65	11	-20	-0.0159319701513	-0.00197688085457	0.0334730954552
67	11	-20	-0.0180674724342	-0.00236686562161	0.0310876760072
69	11	-20	-0.0200349159019	-0.00272055311496	0.0285990105447
71	11	-20	-0.0217128054679	-0.00300288294485	0.0260898538472
73	11	-20	-0.0229771286551	-0.00317961023499	0.0235911669237
75	11	-20	-0.0237203217354	-0.00322112659285	0.0210911498433
77	11	-20	-0.0238689999982	-0.00310619999939	0.0185519999987
79	11	-20	-0.0233969910889	-0.00282507530036	0.0159300717487
81	11	-20	-0.0223311121423	-0.00238144554703	0.0131949591276
83	11	-20	-0.0207486292992	-0.00179296233783	0.0103438334103
85	11	-20	-0.0187670619083	-0.00109016507727	0.00740879616782
87	11	-20	-0.016528509534	-0.000313931450223	0.00445663165645
89	11	-20	-0.0141816217218	0.000488253554929	0.00158178799854
91	11	-20	-0.0118645065522	0.00126676946926	-0.0011055517511
93	11	-20	-0.00969131260305	0.00197455083623	-0.0034939121238
95	11	-20	-0.00774414080856	0.00257145474291	-0.00548500797284
97	11	-20	-0.00607067597096	0.00302780377982	-0.00700607656965
99	11	-20	-0.00468679999994	0.00332669999961	-0.00801839999909
-99	13	-20	0.00361016878929	-0.00028885804992	0.000476999120214
-97	13	-20	0.00427561044821	-0.000521882515819	0.000838517888609
-95	13	-20	0.00502303907003	-0.000810522306363	0.00131607806196
-93	13	-20	0.0058482111834	-0.00115391150791	0.00190471217448
-91	13	-20	0.00673273490605	-0.00154682953378	0.0025911499301
-89	13	-20	0.00764063553915	-0.00197973500811	0.00335482897169
-87	13	-20	0.0085173323125	-0.00243959341605	0.00417017126056
-85	13	-20	0.00929186586606	-0.0029115030613	0.00500993689054
-83	13	-20	0.00988264195017	-0.00338091494919	0.00584918170581
-81	13	-20	0.0102062401571	-0.00383603094307	0.00666908622682
-79	13	-20	0.0101881490477	-0.00426981670325	0.00745977513953
-77	13	-20	0.00977380544309	-0.00468104501601	0.00822128919806
-75	13	-20	0.00893815981868	-0.00507392923077	0.00896215030022
-73	13	-20	0.00769219682319	-0.00545620863096	0.00969545838654
-71	13	-20	0.00608534819259	-0.00583594784289	0.0104330831652
-69	13	-20	0.00420341045203	-0.00621770792251	0.0111791094064
-67	13	-20	0.00216226153592	-0.00659901843919	0.0119240828241
-65	13	-20	9.8222507793e-05	-0.00696812946333	0.0126416372176
-63	13	-20	-0.00184374495929	-0.00730380780182	0.0132887014622
-61	13	-20	-0.00352268872308	-0.00757749777344	0.0138097447314
-59	13	-20	-0.00481389964915	-0.00775760132737	0.0141445922547
-57	13	-20	-0.00561963187307	-0.00781509833253	0.0142384750206
-55	13	-20	-0.00587743772894	-0.00772937739619	0.0140524068438
-53	13	-20	-0.0055654871307	-0.00749308318541	0.0135718746831
-51	13	-20	-0.00470448280607	-0.00711502670895	0.0128122134522
-49	13	-20	-0.00335602157147	-0.00662067757497	0.0118197996481
-47	13	-20	-0.00161749280237	-0.00605031977789	0.0106691137546
-45	13	-20	0.000386144652668	-0.00545543899498	0.00945652647669
-43	13	-20	0.00251310219437	-0.00489418279123	0.00829214153451
-41	13	-20	0.0046171399761	-0.00442673116711	0.00729107484208
-39	13	-20	0.0065604457925	-0.00411116109494	0.00656520610337
-37	13	-20	0.00822567348069	-0.00399999423664	0.00621586919938
-35	13	-20	0.00952572263449	-0.00413723644106	0.00632738568023
-33	13	-20	0.0104099607731	-0.00455550016733	0.00696101566039
-31	13	-20	0.0108659518113	-0.00527284101269	0.00814894333113
-29	13	-20	0.0109163519023	-0.00628924225847	0.00988833727317
-27	13	-20	0.0106113841906	-0.0075831546609	0.0121361908432
-25	13	-20	0.0100180628541	-0.00910897486567	0.0148063049415
-23	13	-20	0.00920793168642	-0.0107966294753	0.0177701335934
-21	13	-20	0.00824536535272	-0.0125543629341	0.0208630346419
-19	13	-20	0.00717837663097	-0.0142753415349	0.0238966608345
-17	13	-20	0.00603340153792	-0.0158478514568	0.02667690089
-15	13	-20	0.00481480580846	-0.0171678852998	0.0290252476068
-13	13	-20	0.00350903160007	-0.0181520624045	0.0308001728247
-11	13	-20	0.00209254489985	-0.0187483971528	0.031914470448
-9	13	-20	0.000542173552101	-0.0189426059211	0.0323448839168
-7	13	-20	-0.00115389591222	-0.0187584485108	0.032131692092
-5	13	-20	-0.00298626137534	-0.018251862662	0.0313680097769
-3	13	-20	-0.00491722562571	-0.0175000472177	0.0301808439932
-1	13	-20	-0.00687777793909	-0.0165877989873	0.0287078185261
1	13	-20	-0.00876940754527	-0.0155939888253	0.0270744174419
3	13	-20	-0.0104708842632	-0.0145809144718	0.0253763450105
5	13	-20	-0.0118494386829	-0.0135884439094	0.0236702393084
7	13	-20	-0.0127750899007	-0.0126336089896	0.0219739064087
9	13	-20	-0.0131363152544	-0.0117149829723	0.0202750399899
11	13	-20	-0.0128549479225	-0.0108201352433	0.0185456351235
13	13	-20	-0.0118982043829	-0.0099339529164	0.016758400438
15	13	-20	-0.0102860983251	-0.00904573087224	0.0149015485869
17	13	-20	-0.00809312798621	-0.00815355784864	0.0129892437802
19	13	-20	-0.00544390822886	-0.00726543393319	0.0110663439512
21	13	-20	-0.00250321416075	-0.00639746317796	0.00920745869762
23	13	-20	0.000538412722465	-0.00557013214549	0.00751138414472
25	13	-20	0.00348184770611	-0.00480397255427	0.00609247087889
27	13	-20	0.00613742406913	-0.00411580321844	0.00507043200678
29	13	-20	0.00834182873706	-0.00351635304556	0.00455967801683
31	13	-20	0.00997197671472	-0.00300954593515	0.00465874002873
33	13	-20	0.0109543113008	-0.00259324795861	0.00543997667723
35	13	-20	0.0112684873441	-0.00226096071656	0.0069397257529
37	13	-20	0.01094506445	-0.00200384394965	0.00914938817988
39	13	-20	0.0100575992067	-0.00181254395411	0.0120084909259
41	13	-20	0.00871027359705	-0.00167851812392	0.0154013176447
43	13	-20	0.00702280539519	-0.00159478541461	0.0191589254238
45	13	-20	0.0051147460831	-0.00155621473693	0.0230680395429
47	13	-20	0.00309132164342	-0.00155954012803	0.026887342089
49	13	-20	0.00103271328562	-0.00160325901263	0.0303701654758
51	13	-20	-0.00101183583687	-0.00168746306181	0.0332909059772
53	13	-20	-0.00302438211878	-0.00181352840694	0.0354710656023
55	13	-20	-0.00501316982422	-0.00198351361658	0.0368001968033
57	13	-20	-0.00700287922204	-0.00219912196039	0.0372474862589
59	13	-20	-0.00902178242431	-0.00246018891326	0.0368613001641
61	13	-20	-0.0110879291081	-0.00276283034065	0.0357564127131
63	13	-20	-0.0131968147314	-0.00309757632253	0.0340912675841
65	13	-20	-0.0153129563642	-0.0034479530205	0.0320397888649
67	13	-20	-0.017367328236	-0.0037900027192	0.0297633787596
69	13	-20	-0.019261681027	-0.0040931218037	0.0273885198478
71	13	-20	-0.0208794964764	-0.00432236049036	0.024993923825
73	13	-20	-0.0221019494917	-0.00444201892738	0.0226088645197
75	13	-20	-0.0228260846063	-0.00442006965496	0.0202218285976
77	13	-20	-0.0229817797017	-0.00423271642413	0.0177965429838
79	13	-20	-0.022544177584	-0.0038683218237	0.0152912447197
81	13	-20	-0.0215391371041	-0.0033300195437	0.0126769123652
83	13	-20	-0.0200406990733	-0.0026365469541	0.00995095362107
85	13	-20	-0.018161221321	-0.0018211332101	0.00714421092645
87	13	-20	-0.0160362937143	-0.000928588206387	0.00432069937113
89	13	-20	-0.0138074449585	-1.09980875086e-05	0.00157087349595
91	13	-20	-0.0116058139779	0.000877393660657	-0.000999794683029
93	13	-20	-0.00953940775532	0.00168546553926	-0.00328463332445
95	13	-20	-0.00768551904072	0.00237001902595	-0.00518961901629
97	13	-20	-0.00608864971255	0.00289955120266	-0.00664516215178
99	13	-20	-0.00476319672215	0.00325659440112	-0.00761424549931
-99	15	-20	0.00350999270143	-0.000416900368672	0.000461113688621
-97	15	-20	0.00414008160018	-0.000664390108057	0.000799594973334
-95	15	-20	0.0048449516144	-0.000968577818279	0.00124784496032
-93	15	-20	0.00562107270671	-0.00132879860986	0.00180112945143
-91	15	-20	0.00645173844945	-0.00173986849639	0.00244690957708
-89	15	-20	0.00730373560343	-0.00219204096223	0.00316582939449
-87	15	-20	0.00812629044069	-0.00267180466113	0.00393388866627
-85	15	-20	0.00885310132781	-0.0031635436781	0.00472561576735
-83	15	-20	0.00940771818399	-0.00365185723767	0.0055177892974
-81	15	-20	0.00971184335434	-0.00412410613204	0.00629301692732
-79	15	-20	0.00969547037702	-0.00457258957682	0.00704234456753
-77	15	-20	0.00930731488177	-0.00499572740344	0.00776611279374
-75	15	-20	0.00852384434044	-0.00539776989527	0.00847254273989
-73	15	-20	0.00735541406692	-0.00578687429713	0.00917400368975
-71	15	-20	0.00584850590054	-0.0061718097756	0.00988150219316
-69	15	-20	0.00408371370626	-0.00655797215749	0.0105984918253
-67	15	-20	0.00216977144421	-0.00694367968616	0.0113154655009
-65	15	-20	0.000234443522056	-0.0073177770455	0.0120068202182
-63	15	-20	-0.00158658148746	-0.00765935229283	0.0126311199711
-61	15	-20	-0.00316154363013	-0.00793990658437	0.0131351810203
-59	15	-20	-0.00437402347679	-0.00812772369443	0.0134615276295
-57	15	-20	-0.00513289723302	-0.0081936267125	0.013557945483
-55	15	-20	-0.005380040086	-0.0081169432501	0.0133873227919
-53	15	-20	-0.00509521356825	-0.0078904360449	0.0129358701307
-51	15	-20	-0.00429779576369	-0.00752321250108	0.0122181779327
-49	15	-20	-0.00304522756638	-0.00704112711823	0.0112782960926
-47	15	-20	-0.00142826170667	-0.00648478426015	0.0101868898348
-45	15	-20	0.000436675874313	-0.00590575916473	0.00903529053038
-43	15	-20	0.0024174631535	-0.00536193727582	0.00792771382293
-41	15	-20	0.00437779458241	-0.00491285772336	0.00697296231553
-39	15	-20	0.00618917816854	-0.00461566587172	0.00627660357307
-37	15	-20	0.00774216904517	-0.00452184930669	0.00593407242908
-35	15	-20	0.00895551064978	-0.00467451719659	0.00602461053689
-33	15	-20	0.00978195983243	-0.00510574506707	0.00660563830704
-31	15	-20	0.0102099091205	-0.00583354743487	0.00770718845374
-29	15	-20	0.0102604802375	-0.00685836575536	0.00932642371359
-27	15	-20	0.00998047077592	-0.00815947069668	0.0114228844931
-25	15	-20	0.00943225298684	-0.0096921967516	0.0139157300991
-23	15	-20	0.0086822861302	-0.0113872449182	0.0166845763539
-21	15	-20	0.00779017105035	-0.0131532344516	0.019575369591
-19	15	-20	0.00680007564304	-0.0148831877835	0.0224119849091
-17	15	-20	0.00573591275699	-0.0164647646636	0.0250129980736
-15	15	-20	0.00460096204959	-0.0177930317172	0.0272116475839
-13	15	-20	0.00338184744396	-0.0187836594321	0.0288757902803
-11	15	-20	0.00205606663757	-0.0193839780207	0.0299240757241
-9	15	-20	0.000601734222902	-0.0195794956494	0.0303348978786
-7	15	-20	-0.000992097073216	-0.0193943101405	0.0301459541253
-5	15	-20	-0.00271622717254	-0.0188851507452	0.0294441911866
-3	15	-20	-0.00453474096968	-0.0181302334481	0.0283480560291
-1	15	-20	-0.00638227186376	-0.0172153043393	0.0269857201011
1	15	-20	-0.0081658005782	-0.0162198463742	0.0254738204475
3	15	-20	-0.00977109741856	-0.0152062695382	0.0239010196038
5	15	-20	-0.0110732614146	-0.0142140479826	0.0223194073596
7	15	-20	-0.0119501754473	-0.013259465987	0.0207448239158
9	15	-20	-0.0122971856132	-0.0123402607339	0.0191651186492
11	15	-20	-0.0120410306301	-0.011443376617	0.0175537139165
13	15	-20	-0.0111510662709	-0.0105535343746	0.0158849995937
15	15	-20	-0.00964616297226	-0.00966044938582	0.0141481618566
17	15	-20	-0.007596243551	-0.00876319919193	0.0123569006462
19	15	-20	-0.00511815930778	-0.00787119490938	0.010553772197
21	15	-20	-0.00236634415593	-0.00700215808479	0.00880919590681
23	15	-20	0.000480675812686	-0.00617818889335	0.00721614173567
25	15	-20	0.00323637598399	-0.00542128903771	0.00588197561482
27	15	-20	0.00572312394226	-0.00474956582046	0.0049188873476
29	15	-20	0.00778799263551	-0.00417490401926	0.00443392181345
31	15	-20	0.00931574005265	-0.00370232874886	0.00451913217456
33	15	-20	0.0102375007622	-0.00333077947887	0.00524202254907
35	15	-20	0.0105342123542	-0.00305470667333	0.00663641154716
37	15	-20	0.0102344277105	-0.00286584054401	0.00869415436583
39	15	-20	0.00940687931831	-0.00275463478205	0.0113586892875
41	15	-20	0.00814886433224	-0.00271116441039	0.0145218893606
43	15	-20	0.00657209074992	-0.00272553990376	0.0180259228409
45	15	-20	0.00478796289239	-0.00278808863835	0.0216715270129
47	15	-20	0.00289433081115	-0.00288959367758	0.0252331906072
49	15	-20	0.000965484818324	-0.00302177087355	0.0284803329026
51	15	-20	-0.00095330495903	-0.00317796261798	0.0312019790133
53	15	-20	-0.00284604484628	-0.00335381611727	0.0332311109233
55	15	-20	-0.00472113067277	-0.00354758363474	0.0344642760427
57	15	-20	-0.00660210808799	-0.00375969239114	0.0348724620306
59	15	-20	-0.00851554396857	-0.003991395674	0.0345007259724
61	15	-20	-0.0104780131712	-0.00424259367948	0.0334563070016
63	15	-20	-0.0124845147758	-0.00450921990417	0.0318874081391
65	15	-20	-0.014500603523	-0.00478082653352	0.0299568602397
67	15	-20	-0.0164600726483	-0.00503908475736	0.0278159322705
69	15	-20	-0.0182691449482	-0.00525780070601	0.0255833519285
71	15	-20	-0.0198169245774	-0.00540475074046	0.0233332268763
73	15	-20	-0.0209905577473	-0.0054452329307	0.0210934086147
75	15	-20	-0.0216924501794	-0.00534682132888	0.0188535039327
77	15	-20	-0.0218562934727	-0.00508450505669	0.0165798007861
79	15	-20	-0.0214587604038	-0.0046452735547	0.0142332572232
81	15	-20	-0.020524560805	-0.00403129788416	0.0117865585586
83	15	-20	-0.0191239232467	-0.00326112389002	0.00923696422924
85	15	-20	-0.0173631437917	-0.00236866180426	0.00661293467498
87	15	-20	-0.0153702239227	-0.00140013778706	0.00397397309419
89	15	-20	-0.0132784698615	-0.000409486957103	0.00140440641955
91	15	-20	-0.0112110697457	0.000547133611291	-0.000997246095621
93	15	-20	-0.00926913114432	0.00141696228429	-0.00313118363052
95	15	-20	-0.00752465462204	0.00215567264811	-0.00490930362313
97	15	-20	-0.00601874440195	0.00273125386079	-0.00626628430463
99	15	-20	-0.00476431907491	0.00312633173703	-0.00716727260487
-99	17	-20	0.00337199448028	-0.000534895599115	0.000433860521439
-97	17	-20	0.00395437030164	-0.000788214294195	0.000741717848431
-95	17	-20	0.00460185079017	-0.00109704095202	0.00115108808633
-93	17	-20	0.00531184190503	-0.00146096726424	0.00165746409131
-91	17	-20	0.00606987183216	-0.00187507261529	0.0022491545298
-89	17	-20	0.00684640052209	-0.00232979505637	0.00290823638666
-87	17	-20	0.00759572510636	-0.00281166116573	0.00361258734246
-85	17	-20	0.0082577504466	-0.00330491440749	0.00433881868152
-83	17	-20	0.00876287949355	-0.00379384892066	0.00506568929418
-81	17	-20	0.00903963361184	-0.00426541507792	0.00577736690377
-79	17	-20	0.00902399468706	-0.00471148875527	0.0064657840838
-77	17	-20	0.008669027125	-0.00513015975489	0.00713138083031
-75	17	-20	0.00795320086939	-0.00552553968964	0.00778176996949
-73	17	-20	0.006886027528	-0.00590590944973	0.00842829093916
-71	17	-20	0.00551008355468	-0.00628045659277	0.00908095215214
-69	17	-20	0.00389910398294	-0.00665528191072	0.00974276972868
-67	17	-20	0.00215244050698	-0.00702965267274	0.0104048381529
-65	17	-20	0.000386663865456	-0.00739354096635	0.0110434908092
-63	17	-20	-0.00127461829228	-0.00772726333055	0.0116205735856
-61	17	-20	-0.00271156873705	-0.00800356944912	0.0120872129003
-59	17	-20	-0.00381846823295	-0.00819192897356	0.0123906593108
-57	17	-20	-0.00451269235766	-0.00826420064068	0.0124830388897
-55	17	-20	-0.00474162074266	-0.00820049961055	0.0123303552851
-53	17	-20	-0.00448699632778	-0.00799401701388	0.011919996796
-51	17	-20	-0.00376644997733	-0.00765380952964	0.0112653408523
-49	17	-20	-0.00263208802512	-0.00720508726604	0.010406713069
-47	17	-20	-0.00116621838004	-0.006687131361	0.0094087543575
-45	17	-20	0.000525520795731	-0.0061494885958	0.00835494941349
-43	17	-20	0.00232315607206	-0.00564737051621	0.00734048515732
-41	17	-20	0.00410279237026	-0.00523715954332	0.00646464877349
-39	17	-20	0.00574750647442	-0.00497262533886	0.00582367595289
-37	17	-20	0.00715758902543	-0.00490200211463	0.0055044634122
-35	17	-20	0.00825891603024	-0.00506564295608	0.00557906767232
-33	17	-20	0.0090083163538	-0.00549371667251	0.00609961867511
-31	17	-20	0.00939510471606	-0.00620345194378	0.00709330436817
-29	17	-20	0.00943846420026	-0.00719576984324	0.00855743799889
-27	17	-20	0.00918101654051	-0.00845167861759	0.0104551859369
-25	17	-20	0.00867958385546	-0.00992934961788	0.0127130964482
-23	17	-20	0.00799466886037	-0.0115631356063	0.015221880137
-21	17	-20	0.00718043043157	-0.0132657558622	0.0178417475845
-19	17	-20	0.00627684035427	-0.0149343839098	0.0204129293742
-17	17	-20	0.00530529370095	-0.0164605042026	0.0227708814041
-15	17	-20	0.00426830656489	-0.0177423652606	0.0247643790823
-13	17	-20	0.00315321340658	-0.0186979494014	0.0262736035085
-11	17	-20	0.00193911605608	-0.0192759045666	0.0272247979593
-9	17	-20	0.000605845109222	-0.0194620431559	0.027598374867
-7	17	-20	-0.000856574758829	-0.0192798303263	0.0274285063736
-5	17	-20	-0.00243950785598	-0.0187845823981	0.0267939995128
-3	17	-20	-0.00410973642067	-0.0180525379273	0.0258021964671
-1	17	-20	-0.00580701493563	-0.0171671520469	0.0245692275598
1	17	-20	-0.00744578071047	-0.0162055639539	0.023200738015
3	17	-20	-0.00892110596208	-0.015228031973	0.0217769897517
5	17	-20	-0.0101183808849	-0.014272275518	0.0203450788862
7	17	-20	-0.0109256425407	-0.0133533647442	0.018919246134
9	17	-20	-0.0112470032795	-0.0124684304523	0.0174883836504
11	17	-20	-0.0110153789065	-0.0116044021675	0.0160283500665
13	17	-20	-0.010202736619	-0.010746482536	0.0145159408208
15	17	-20	-0.00882638676643	-0.00988521086337	0.0129414325575
17	17	-20	-0.00695037796268	-0.00902064748899	0.0113173935103
19	17	-20	-0.00468171989439	-0.00816317423554	0.0096826156379
21	17	-20	-0.00216183265651	-0.00733135369817	0.00810120649323
23	17	-20	0.000445796974335	-0.00654796386931	0.00665776433987
25	17	-20	0.00297034685093	-0.00583557995578	0.00544997685714
27	17	-20	0.00524912764259	-0.00521290848365	0.00457993344284
29	17	-20	0.00714207029475	-0.00469260884544	0.00414507275719
31	17	-20	0.00854361969518	-0.00428075358296	0.00422923046021
33	17	-20	0.00939069483181	-0.00397757431149	0.00489393408116
35	17	-20	0.00966581330633	-0.00377885451265	0.00617006211334
37	17	-20	0.00939505613046	-0.00367731430106	0.00805026722583
39	17	-20	0.00864120913804	-0.00366354471753	0.0104830486332
41	17	-20	0.0074930669382	-0.0037263815273	0.013369831312
43	17	-20	0.00605241432411	-0.00385292617366	0.0165666150122
45	17	-20	0.00442051253608	-0.00402860848696	0.0198914840125
47	17	-20	0.00268596008668	-0.00423768005087	0.0231384381855
49	17	-20	0.000915571223877	-0.00446433735433	0.026096720032
51	17	-20	-0.000850532256662	-0.00469437325028	0.0285733596847
53	17	-20	-0.00259901531745	-0.0049169562284	0.03041545153
55	17	-20	-0.00433867794284	-0.00512595399903	0.0315281262375
57	17	-20	-0.00609180148158	-0.00532022948165	0.0318845671827
59	17	-20	-0.00788286025354	-0.0055025593638	0.0315257661904
61	17	-20	-0.00972646413427	-0.00567720360409	0.0305497555981
63	17	-20	-0.0116166813024	-0.00584657890584	0.0290922945066
65	17	-20	-0.0135198589157	-0.00600782849233	0.0273028388371
67	17	-20	-0.0153726366751	-0.00615022207642	0.0253205897088
69	17	-20	-0.0170860262767	-0.006254207258	0.0232552409664
71	17	-20	-0.0185553066819	-0.00629258549951	0.0211758045056
73	17	-20	-0.0196742707799	-0.00623379181626	0.0191089431616
75	17	-20	-0.0203513369085	-0.00604675024786	0.0170461166969
77	17	-20	-0.0205244891525	-0.00570639233123	0.0149570802688
79	17	-20	-0.0201721187283	-0.00519876012394	0.0128062487824
81	17	-20	-0.0193176233543	-0.00452470066655	0.0105682963544
83	17	-20	-0.0180269115509	-0.00370145741415	0.00823999516516
85	17	-20	-0.0163994358338	-0.00276188678323	0.00584643667146
87	17	-20	-0.0145546698219	-0.00175146572629	0.00344108163636
89	17	-20	-0.0126167347536	-0.000723614411051	0.0011002563906
91	17	-20	-0.010700006916	0.000265920917897	-0.00108643882724
93	17	-20	-0.00889802591938	0.00116481001266	-0.00302788625042
95	17	-20	-0.00727706899006	0.00192925174868	-0.00464335704288
97	17	-20	-0.00587464667906	0.00252785863463	-0.00587275461458
99	17	-20	-0.00470219832061	0.00294392180284	-0.00668379394848
-99	19	-20	0.00320717397359	-0.000645823130561	0.000396641394743
-97	19	-20	0.0037323868463	-0.000898241385823	0.000668009872856
-95	19	-20	0.00431108992247	-0.00120318840677	0.00103112935718
-93	19	-20	0.00494180294928	-0.00156055805909	0.00148170997435
-91	19	-20	0.00561271961205	-0.00196587308923	0.00200899043558
-89	19	-20	0.0062986831087	-0.0024100634711	0.00259664694726
-87	19	-20	0.00696004112726	-0.00288009830088	0.00322465751085
-85	19	-20	0.00754410169973	-0.00336053015442	0.00387194986258
-83	19	-20	0.00798943804727	-0.00383577582609	0.00451945308743
-81	19	-20	0.00823269581801	-0.00429271148261	0.00515298945535
-79	19	-20	0.00821698527461	-0.00472297879823	0.00576534454557
-77	19	-20	0.00790054122109	-0.00512435454869	0.00635689761462
-75	19	-20	0.00726420867183	-0.00550067390864	0.00693441239588
-73	19	-20	0.00631649102906	-0.00586011160393	0.00750796698536
-71	19	-20	0.00509532620881	-0.00621205108067	0.00808647062025
-69	19	-20	0.00366631945385	-0.00656319872264	0.00867265912965
-67	19	-20	0.00211772207201	-0.0069138990332	0.00925874614086
-65	19	-20	0.000552886299397	-0.00725567138123	0.00982392407167
-63	19	-20	-0.000918817852464	-0.00757077364702	0.0103346124417
-61	19	-20	-0.00219157383947	-0.0078341393084	0.0107477853584
-59	19	-20	-0.00317221501025	-0.00801744682487	0.0110170059033
-57	19	-20	-0.00378805895291	-0.00809452586198	0.0111001367351
-55	19	-20	-0.00399289741805	-0.00804694492979	0.0109672667131
-53	19	-20	-0.00377075360342	-0.00786856759339	0.0106073165111
-51	19	-20	-0.00313718579078	-0.00756812843683	0.0100320847667
-49	19	-20	-0.00213806027306	-0.0071693865771	0.00927708221641
-47	19	-20	-0.000845852840462	-0.00670901070031	0.00839920273038
-45	19	-20	0.000646313714551	-0.00623285639632	0.0074718964515
-43	19	-20	0.00223251311173	-0.00579156639284	0.00657887582926
-41	19	-20	0.00380315130289	-0.00543638811064	0.00580742131861
-39	19	-20	0.00525458691192	-0.00521579223911	0.00524208988434
-37	19	-20	0.00649823983144	-0.00517301232831	0.00495919173293
-35	19	-20	0.00746809447903	-0.00534418117275	0.00502196661867
-33	19	-20	0.00812556541615	-0.00575648256564	0.00547613163945
-31	19	-20	0.00846095600682	-0.00642577391306	0.00634549533498
-29	19	-20	0.00849120124429	-0.007353474276	0.00762764454105
-27	19	-20	0.00825417839331	-0.00852305325386	0.00929020760672
-25	19	-20	0.00780047543642	-0.0098970141084	0.0112686923192
-23	19	-20	0.00718398659931	-0.0114156241827	0.0134671705885
-21	19	-20	0.006452935515	-0.0129986298411	0.0157629560874
-19	19	-20	0.00564284775191	-0.0145507280175	0.0180158254884
-17	19	-20	0.00477262203488	-0.0159707207024	0.0200813502681
-15	19	-20	0.00384427190318	-0.0171632600947	0.0218267665506
-13	19	-20	0.00284625688509	-0.018051196438	0.0231468447024
-11	19	-20	0.00175972596798	-0.018586063826	0.0239767589381
-9	19	-20	0.000566554383614	-0.0187543795413	0.0242992202219
-7	19	-20	-0.000742184318206	-0.0185782145124	0.024144144816
-5	19	-20	-0.0021587030965	-0.0181097441756	0.0235806793832
-3	19	-20	-0.00365319041977	-0.0174208831306	0.0227031030022
-1	19	-20	-0.00517166059789	-0.01659025708	0.0216135181675
1	19	-20	-0.00663751845234	-0.015690346253	0.0204049398853
3	19	-20	-0.0079569040564	-0.0147774845836	0.0191482021522
5	19	-20	-0.00902735468791	-0.013886571748	0.0178850874368
7	19	-20	-0.00974881347286	-0.0130310996661	0.0166285427963
9	19	-20	-0.0100356080956	-0.0122077742642	0.0153692068851
11	19	-20	-0.00982780048406	-0.0114039897837	0.0140861656641
13	19	-20	-0.0091003268871	-0.0106059400919	0.0127591830765
15	19	-20	-0.00786861672497	-0.00980530543507	0.0113797119458
17	19	-20	-0.00618985176823	-0.00900312437104	0.00995866226245
19	19	-20	-0.00415961513107	-0.00821040343886	0.00852991760423
21	19	-20	-0.00190427746496	-0.00744593565277	0.00714962073127
23	19	-20	0.000430014289543	-0.00673244015921	0.00589202154777
25	19	-20	0.0026904982097	-0.00609235905354	0.00484304469265
27	19	-20	0.00473163659135	-0.00554445377859	0.00409269163453
29	19	-20	0.00642809365112	-0.00510185616397	0.00372707377351
31	19	-20	0.00768539888054	-0.00477164212249	0.00382047948199
33	19	-20	0.00844708356916	-0.00455550682844	0.00442760754148
35	19	-20	0.00869746974769	-0.00445086954127	0.00557608233219
37	19	-20	0.00845981301107	-0.00445177158871	0.00725962292783
39	19	-20	0.00779010025429	-0.00454920208085	0.00943267097304
41	19	-20	0.00676739469447	-0.00473086970364	0.0120077008362
43	19	-20	0.00548210268209	-0.00498078446383	0.014856614715
45	19	-20	0.00402382144992	-0.00527919148119	0.0178173796588
47	19	-20	0.00247046459493	-0.0056033432034	0.0207063214154
49	19	-20	0.00088015364913	-0.00592932236614	0.023335343273
51	19	-20	-0.000713046254225	-0.00623472753081	0.0255320432331
53	19	-20	-0.00229901378708	-0.00650164454997	0.0271596250688
55	19	-20	-0.00388716022471	-0.00671909116203	0.0281330060629
57	19	-20	-0.00549841478678	-0.00688413420202	0.0284278623344
59	19	-20	-0.0071548679555	-0.00700115834168	0.028080544903
61	19	-20	-0.00886878480089	-0.00707924394169	0.0271786116783
63	19	-20	-0.0106329529426	-0.00712815354628	0.0258437116328
65	19	-20	-0.0124142937677	-0.00715386894888	0.024210206435
67	19	-20	-0.0141522716568	-0.00715482496014	0.022403780414
69	19	-20	-0.0157628777876	-0.00711988183472	0.0205241482065
71	19	-20	-0.0171479329421	-0.00702868682162	0.0186348815013
73	19	-20	-0.0182083403878	-0.00685450235086	0.0167616602167
75	19	-20	-0.0188589857585	-0.00656898115751	0.0148983770628
77	19	-20	-0.0190424833701	-0.00614790677371	0.0130189574597
79	19	-20	-0.018739077662	-0.00557670553883	0.0110918361066
81	19	-20	-0.0179707405479	-0.0048546117663	0.0090938832378
83	19	-20	-0.0167987020657	-0.0039966885661	0.00702111041366
85	19	-20	-0.0153150180656	-0.00303337121993	0.00489446929349
87	19	-20	-0.0136299695983	-0.00200768371318	0.00276019383437
89	19	-20	-0.0118578130854	-0.000970673875082	0.000685168963731
91	19	-20	-0.0101035070123	2.41470340264e-05	-0.00125142889378
93	19	-20	-0.00845255573372	0.000926503986477	-0.00296854458396
95	19	-20	-0.00696521576086	0.00169441558026	-0.00439392245939
97	19	-20	-0.0056752737202	0.00229800238942	-0.00547340942694
99	19	-20	-0.00459269664599	0.00272166736298	-0.00617758522897
-99	21	-20	0.00302791867167	-0.000751348005691	0.000351446389657
-97	21	-20	0.00349011897301	-0.000998104426868	0.000582627895565
-95	21	-20	0.00399294389697	-0.00129315480553	0.000894885976512
-93	21	-20	0.00453614440666	-0.00163672686001	0.00128413316617
-91	21	-20	0.00511085702669	-0.00202491328099	0.0017405774827
-89	21	-20	0.0056967600462	-0.00244935287029	0.00224958317718
-87	21	-20	0.00626087052503	-0.0028977435463	0.00279335043444
-85	21	-20	0.00675865144813	-0.00335526613884	0.00335325092423
-83	21	-20	0.00713767042232	-0.00380676470569	0.00391248339897
-81	21	-20	0.00734351138755	-0.00423928196976	0.00445856446491
-79	21	-20	0.00732712214527	-0.00464436263419	0.00498509335684
-77	21	-20	0.00705241791592	-0.00501948576974	0.00549227271675
-75	21	-20	0.00650284952558	-0.00536811495131	0.00598585575293
-73	21	-20	0.005685809852	-0.00569815650342	0.00647451132697
-71	21	-20	0.00463414398623	-0.00601902978937	0.00696599398131
-69	21	-20	0.00340454067826	-0.00633797026518	0.0074628785784
-67	21	-20	0.00207308815137	-0.0066564801071	0.00795885726864
-65	21	-20	0.000728668586081	-0.00696790882402	0.00843660812595
-63	21	-20	-0.000534917695154	-0.00725694257357	0.00886799243896
-61	21	-20	-0.00162716932685	-0.00750134105855	0.00921685889313
-59	21	-20	-0.00246861364863	-0.00767569602482	0.00944413803107
-57	21	-20	-0.00299739734619	-0.00775645279407	0.00951435471795
-55	21	-20	-0.0031742803703	-0.007727091892	0.00940232424218
-53	21	-20	-0.00298574683962	-0.00758231632887	0.00909873344768
-51	21	-20	-0.00244507991365	-0.00733034936492	0.00861356092144
-49	21	-20	-0.00159134935376	-0.00699294060097	0.00797678532739
-47	21	-20	-0.000486351035601	-0.00660325576159	0.00723642339776
-45	21	-20	0.000790357944435	-0.00620231309688	0.00645445941667
-43	21	-20	0.00214804640776	-0.00583488292617	0.00570153650939
-41	21	-20	0.00349255744087	-0.00554571930034	0.00505131012542
-39	21	-20	0.00473455361126	-0.00537667542805	0.00457514115989
-37	21	-20	0.00579740837209	-0.00536478746395	0.0043374362668
-35	21	-20	0.00662378472793	-0.00554096498137	0.00439157624341
-33	21	-20	0.0071799762351	-0.00592866691435	0.00477615438806
-31	21	-20	0.00745730439369	-0.00654197547764	0.00551126643985
-29	21	-20	0.00747026828468	-0.007382816358	0.00659485752137
-27	21	-20	0.0072516682513	-0.00843761296058	0.00799955218959
-25	21	-20	0.00684546845555	-0.00967422412765	0.00967081243831
-23	21	-20	0.00629859559977	-0.0110403864479	0.0115275005125
-21	21	-20	0.00565308337522	-0.01246488942	0.0134658177557
-19	21	-20	0.00493990775517	-0.0138622806141	0.0153670880359
-17	21	-20	0.00417553139271	-0.0151410935844	0.0171090233533
-15	21	-20	0.00336166498336	-0.0162146134348	0.0185791461046
-13	21	-20	0.00248817590639	-0.0170123283643	0.0196882254047
-11	21	-20	0.00153854741166	-0.0174897451573	0.020381193025
-9	21	-20	0.000496902862372	-0.017634363295	0.020643223914
-7	21	-20	-0.000644598156975	-0.0174663310744	0.020499515458
-5	21	-20	-0.00187921055559	-0.0170334849955	0.0200086047261
-3	21	-20	-0.00318098763436	-0.016401789955	0.0192504965643
-1	21	-20	-0.00450292623005	-0.0156432855385	0.0183120511149
1	21	-20	-0.00577834606073	-0.0148241939355	0.0172726710572
3	21	-20	-0.00692555227125	-0.0139957045533	0.0161931743906
5	21	-20	-0.00785537356379	-0.0131891698361	0.0151098904438
7	21	-20	-0.00848073184515	-0.0124162622105	0.0140347229576
9	21	-20	-0.0087270511803	-0.0116733979366	0.0129605462952
11	21	-20	-0.00854212341021	-0.010948773946	0.0118702002999
13	21	-20	-0.00790406362525	-0.0102299284982	0.010746779581
15	21	-20	-0.00682621885061	-0.0095098966109	0.00958295466753
17	21	-20	-0.00535829864837	-0.00879068032186	0.00838761759157
19	21	-20	-0.00358350113241	-0.00808365506132	0.00718898663119
21	21	-20	-0.00161192340419	-0.00740740218208	0.00603416293334
23	21	-20	0.000429004543881	-0.00678405123994	0.00498577627659
25	21	-20	0.00240598672368	-0.00623540102891	0.00411666339638
27	21	-20	0.00419194902457	-0.00577987038822	0.0035034916743
29	21	-20	0.00567739926015	-0.00543083414088	0.00321998264838
31	21	-20	0.00677977659165	-0.00519632153138	0.00333007137343
33	21	-20	0.00744971176275	-0.00507959212221	0.00388112449981
35	21	-20	0.00767346206545	-0.0050798966285	0.00489734018433
37	21	-20	0.00747124788592	-0.00519282048816	0.00637368232441
39	21	-20	0.00689175316311	-0.00540993675788	0.0082710758175
41	21	-20	0.00600358232857	-0.00571792618705	0.0105139463378
43	21	-20	0.00488489937214	-0.00609769064065	0.0129913353212
45	21	-20	0.00361273019171	-0.00652415088495	0.0155626004061
47	21	-20	0.00225344208995	-0.00696731074029	0.0180680631277
49	21	-20	0.000855724758012	-0.00739480964369	0.0203439688872
51	21	-20	-0.000552974642695	-0.00777568494656	0.022240000601
53	21	-20	-0.00196610251715	-0.00808458756079	0.0236366519554
55	21	-20	-0.00339382718819	-0.00830540537467	0.02445933632
57	21	-20	-0.00485568971835	-0.00843326128714	0.0246863953424
59	21	-20	-0.0063712281967	-0.00847418820337	0.0243491975323
61	21	-20	-0.00795012567481	-0.00844236079898	0.023524080249
63	21	-20	-0.00958365102	-0.00835542177955	0.022317609139
65	21	-20	-0.0112391202774	-0.00822898577153	0.0208480587272
67	21	-20	-0.0128587422843	-0.00807167273005	0.0192267764725
69	21	-20	-0.0143635212882	-0.00788193124408	0.0175429868649
71	21	-20	-0.0156619533753	-0.00764748327032	0.0158546725286
73	21	-20	-0.0166622472483	-0.00734757669867	0.0141867066387
75	21	-20	-0.0172859591222	-0.00695755061339	0.0125358038746
77	21	-20	-0.0174804893963	-0.00645468238367	0.0108805059161
79	21	-20	-0.0172279991528	-0.00582402616516	0.00919360978236
81	21	-20	-0.0165489812166	-0.00506301332871	0.00745429249597
83	21	-20	-0.015499818353	-0.00418392058572	0.00565761310521
85	21	-20	-0.0141649105519	-0.00321380859911	0.00381988584854
87	21	-20	-0.0126450385686	-0.00219205515866	0.00197937280615
89	21	-20	-0.0110442858464	-0.0011660327948	0.00019262645356
91	21	-20	-0.00945792776076	-0.00018573836711	-0.00147251735344
93	21	-20	-0.00796324068781	0.000701745221148	-0.00294589359318
95	21	-20	-0.00661435194293	0.00145715935919	-0.00416436736105
97	21	-20	-0.00544129385331	0.00205274592701	-0.00508014106743
99	21	-20	-0.00445258930971	0.00247432435237	-0.00566681792752
-99	23	-20	0.00284570312464	-0.000851421840546	0.0003008134966
-97	23	-20	0.00324285389892	-0.00108952833935	0.000490447201685
-95	23	-20	0.00366727815439	-0.00137095725131	0.000750200811423
-93	23	-20	0.00412000512585	-0.00169628534391	0.00107616953216
-91	23	-20	0.00459521955841	-0.00206224813964	0.00145952411601
-89	23	-20	0.0050776020248	-0.00246132276739	0.00188732275507
-87	23	-20	0.00554106368613	-0.00288211076564	0.00234400131285
-85	23	-20	0.00594949152598	-0.003310619828	0.00281338770071
-83	23	-20	0.00625973893868	-0.00373231472996	0.00328095050957
-81	23	-20	0.00642661304453	-0.00413456194052	0.00373587879976
-79	23	-20	0.00640914510535	-0.00450890404221	0.00417253672204
-77	23	-20	0.00617710600623	-0.00485254127827	0.0045908789146
-75	23	-20	0.0057166305844	-0.00516851289783	0.00499556963173
-73	23	-20	0.00503396530331	-0.0054643565964	0.00539380968969
-71	23	-20	0.00415670746554	-0.00574942042607	0.00579219366168
-69	23	-20	0.00313236338639	-0.00603140325908	0.00619321788643
-67	23	-20	0.00202450171172	-0.00631298575647	0.00659224870422
-65	23	-20	0.000907117993781	-0.00658948370124	0.00697576682201
-63	23	-20	-0.00014199669204	-0.00684826615716	0.00732149817316
-61	23	-20	-0.00104807905813	-0.00707026564284	0.00760065457685
-59	23	-20	-0.00174571874723	-0.00723337262449	0.00778202772566
-57	23	-20	-0.00218417308762	-0.00731700250201	0.00783723239749
-55	23	-20	-0.00233134197994	-0.00730679888092	0.00774610337061
-53	23	-20	-0.00217622094658	-0.00719839209792	0.00750119907514
-51	23	-20	-0.00172974841899	-0.00699938339814	0.00711056866923
-49	23	-20	-0.00102402135844	-0.00672919853452	0.00659833795495
-47	23	-20	-0.000109896581465	-0.00641700628992	0.0060031464817
-45	23	-20	0.000946945514987	-0.00609835958314	0.00537488689612
-43	23	-20	0.00207129740564	-0.00581145078108	0.00477044561347
-41	23	-20	0.00318475200672	-0.00559381407423	0.00424916770327
-39	23	-20	0.00421254408686	-0.0054799871851	0.00386858907156
-37	23	-20	0.00509020390635	-0.00550017943785	0.0036806811585
-35	23	-20	0.00576920085138	-0.00567954984444	0.00372855855399
-33	23	-20	0.00622076036759	-0.00603743982686	0.00404342466401
-31	23	-20	0.00643721112309	-0.00658593524008	0.00464154816421
-29	23	-20	0.00643056110165	-0.00732746095645	0.00552127770528
-27	23	-20	0.00622845945451	-0.00825164329069	0.00666044359968
-25	23	-20	0.00586817972986	-0.00933223464413	0.00801483457509
-23	23	-20	0.00538964532166	-0.0105252747556	0.00951862567894
-21	23	-20	0.0048287115298	-0.0117696938268	0.0110875479384
-19	23	-20	0.00421186962143	-0.0129911717747	0.0126251833173
-17	23	-20	0.0035532586609	-0.0141093153766	0.0140320953957
-15	23	-20	0.00285442970783	-0.0150472904153	0.0152167255285
-13	23	-20	0.00210680654306	-0.0157422192074	0.0161063210139
-11	23	-20	0.00129633080715	-0.0161541953143	0.0166558418318
-9	23	-20	0.000409444435718	-0.016271858028	0.01685296641
-7	23	-20	-0.000560614194271	-0.0161131343073	0.0167180000388
-5	23	-20	-0.00160824170994	-0.0157208437729	0.0162985420366
-3	23	-20	-0.00271155175311	-0.0151540830967	0.015659925828
-1	23	-20	-0.00383080570349	-0.0144773170703	0.0148733982494
1	23	-20	-0.00490958583418	-0.0137496163301	0.0140044877822
3	23	-20	-0.00587874543501	-0.0130163531077	0.0131038949181
5	23	-20	-0.00666278696011	-0.0123049434605	0.0122025629755
7	23	-20	-0.00718795479941	-0.0116251272716	0.0113115527626
9	23	-20	-0.00739103941897	-0.0109731270924	0.0104262390819
11	23	-20	-0.0072277309941	-0.0103381443137	0.00953346031267
13	23	-20	-0.00667937299379	-0.00970925951996	0.008619787241
15	23	-20	-0.00575715616409	-0.00908096795941	0.00767909895431
17	23	-20	-0.00450312913988	-0.00845619895921	0.00671808480241
19	23	-20	-0.00298782176053	-0.00784651514405	0.00575895286678
21	23	-20	-0.00130470876498	-0.00726999397418	0.00483930231481
23	23	-20	0.00043787730759	-0.00674783119431	0.00400962807939
25	23	-20	0.0021264840854	-0.00630084961904	0.00332917284554
27	23	-20	0.00365284446152	-0.00594685644386	0.00286082481256
29	23	-20	0.00492359344581	-0.00569929446757	0.0026655665257
31	23	-20	0.00586828575293	-0.00556707139048	0.00279674280638
33	23	-20	0.00644477011847	-0.00555502255999	0.00329426493205
35	23	-20	0.00664126867947	-0.00566430239088	0.00417888837321
37	23	-20	0.00647491277799	-0.00589214576792	0.00544690308736
39	23	-20	0.00598695756537	-0.00623082514281	0.00706588849936
41	23	-20	0.00523536672947	-0.00666610400467	0.00897247663287
43	23	-20	0.00428584262742	-0.00717587465791	0.0110731788835
45	23	-20	0.0032026034798	-0.00772981712318	0.0132491352769
47	23	-20	0.00204023706094	-0.00829075312061	0.0153650911045
49	23	-20	0.000837789739581	-0.00881792464189	0.0172820620651
51	23	-20	-0.000384083323453	-0.00927182830701	0.0188722008818
53	23	-20	-0.00162252135162	-0.00961967242945	0.0200335891608
55	23	-20	-0.00288851955748	-0.00984018298294	0.0207023134631
57	23	-20	-0.00420024484986	-0.00992649676197	0.0208594218252
59	23	-20	-0.00557464607337	-0.00988626901088	0.0205312137844
61	23	-20	-0.00701874626494	-0.00973879499653	0.0197826254927
63	23	-20	-0.00852218930543	-0.00950971458635	0.0187049154561
65	23	-20	-0.0100525655541	-0.00922451424013	0.0174000617454
67	23	-20	-0.0115547071479	-0.00890237352772	0.0159649309716
69	23	-20	-0.0129545201894	-0.00855182691794	0.0144782107776
71	23	-20	-0.0141670820107	-0.00816925057159	0.0129923509824
73	23	-20	-0.0151078334051	-0.00774047326232	0.0115315559537
75	23	-20	-0.0157049491551	-0.00724505109508	0.0100955397738
77	23	-20	-0.0159105839959	-0.00666214042474	0.00866762532114
79	23	-20	-0.0157088027913	-0.00597659751679	0.00722507557859
81	23	-20	-0.0151186246191	-0.00518397716155	0.00574938256213
83	23	-20	-0.0141916088641	-0.00429344642978	0.00423455320056
85	23	-20	-0.0130045430225	-0.00332815229341	0.00269206760309
87	23	-20	-0.0116487708155	-0.00232313398671	0.00115195172587
89	23	-20	-0.0102182844624	-0.00132132295159	-0.000339865900664
91	23	-20	-0.00879877217283	-0.000368446198325	-0.00172716723407
93	23	-20	-0.00745938489076	0.000492275410663	-0.00295090612814
95	23	-20	-0.00624821956692	0.00122483323372	-0.0039572271799
97	23	-20	-0.00519163776303	0.00180394087371	-0.00470477019385
99	23	-20	-0.00429677567907	0.00221699800244	-0.00517017300993
-99	25	-20	0.00266924687727	-0.000944306099208	0.000247669633124
-97	25	-20	0.0030028763971	-0.00117217528081	0.000396627060265
-95	25	-20	0.00335070535638	-0.0014381103079	0.00060505530337
-93	25	-20	0.00371501478087	-0.00174303489603	0.000869209332124
-91	25	-20	0.00409297101249	-0.00208435183954	0.0011811743898
-89	25	-20	0.00447414455599	-0.00245543068538	0.00152963164668
-87	25	-20	0.004839182778	-0.00284585806609	0.00190116481333
-85	25	-20	0.00516020069559	-0.00324256899858	0.00228196201125
-83	25	-20	0.00540311860867	-0.00363175464717	0.00265966793475
-81	25	-20	0.00553174683397	-0.0040011993442	0.00302506347506
-79	25	-20	0.0055130051076	-0.00434251001779	0.00337321949252
-77	25	-20	0.00532237699359	-0.00465263557493	0.00370381281112
-75	25	-20	0.00494861446119	-0.00493417633049	0.00402041859068
-73	25	-20	0.00439684444977	-0.00519425135903	0.00432879515625
-71	25	-20	0.0036895456379	-0.00544206771561	0.00463441968223
-69	25	-20	0.00286527118363	-0.00568571953695	0.00493975782924
-67	25	-20	0.00197538654216	-0.00592902082922	0.00524189088936
-65	25	-20	0.00107938135391	-0.00616924746269	0.00553112562428
-63	25	-20	0.00023945202884	-0.00639648991515	0.00579105289231
-61	25	-20	-0.000484963080894	-0.0065949301488	0.00600022485129
-59	25	-20	-0.00104214104077	-0.0067458543788	0.00613525453814
-57	25	-20	-0.00139214802553	-0.00683174091187	0.00617480073431
-55	25	-20	-0.00150982457492	-0.00684045980173	0.00610367932277
-53	25	-20	-0.00138660176197	-0.00676858312394	0.0059163032696
-51	25	-20	-0.00103113115303	-0.0066230466118	0.00561880823113
-49	25	-20	-0.000468726725158	-0.00642085411434	0.00522952383574
-47	25	-20	0.000260385949954	-0.00618703880636	0.00477781302017
-45	25	-20	0.00110400249857	-0.00595152900759	0.00430161971167
-43	25	-20	0.00200197969791	-0.005745779475	0.00384425320907
-41	25	-20	0.00289118239199	-0.00559995966094	0.00345095528277
-39	25	-20	0.00371096326228	-0.00554116891202	0.00316565910722
-37	25	-20	0.00440861852352	-0.00559268840618	0.00302812294808
-35	25	-20	0.00494412954284	-0.00577384223005	0.00307139836989
-33	25	-20	0.005293477924	-0.00609978326358	0.00331946138427
-31	25	-20	0.00544995097076	-0.00658054571857	0.00378485122746
-29	25	-20	0.00542313788884	-0.00721902533707	0.00446632835281
-27	25	-20	0.00523570948913	-0.00800806912512	0.00534682650957
-25	25	-20	0.00491849082333	-0.00892740912944	0.00639223489812
-23	25	-20	0.00450467588646	-0.00994156026735	0.00755169066348
-21	25	-20	0.00402420929048	-0.0109998562779	0.00875999566263
-19	25	-20	0.00349932622168	-0.0120394491484	0.00994245754592
-17	25	-20	0.00294200863396	-0.0129914013682	0.0110219363168
-15	25	-20	0.00235374201561	-0.0137891346689	0.0119272753578
-13	25	-20	0.00172753169419	-0.0143777172837	0.012601783235
-11	25	-20	0.0010517500928	-0.0147220279794	0.0130101829271
-9	25	-20	0.000315103315509	-0.0148118996374	0.0131425743933
-7	25	-20	-0.000488141161013	-0.0146629427362	0.0130144768989
-5	25	-20	-0.00135353468796	-0.0143127405856	0.0126628226317
-3	25	-20	-0.00226320044912	-0.01381322603	0.012138661423
-1	25	-20	-0.00318453240306	-0.0132209774497	0.0114980699051
1	25	-20	-0.00407115840519	-0.012587644078	0.0107931362177
3	25	-20	-0.00486618950445	-0.0119525948411	0.0100648128067
5	25	-20	-0.00550746471262	-0.0113392242491	0.0093389255135
7	25	-20	-0.00593420556655	-0.0107553459401	0.00862584662143
9	25	-20	-0.00609426101903	-0.0101970552135	0.00792350145007
11	25	-20	-0.00595099495075	-0.0096546416425	0.00722270075564
13	25	-20	-0.005488877111	-0.009118786877	0.00651342804081
15	25	-20	-0.00471698898771	-0.00858544924396	0.00579071169963
17	25	-20	-0.00366992420169	-0.00805841908486	0.00505902008132
19	25	-20	-0.00240590038535	-0.00754931591943	0.00433460029412
21	25	-20	-0.00100224976393	-0.00707553791145	0.00364567987434
23	25	-20	0.00045122982892	-0.00665715159746	0.00303083023298
25	25	-20	0.00186033457843	-0.00631381180663	0.00253597933
27	25	-20	0.00313503149446	-0.00606254158756	0.00221055959212
29	25	-20	0.0041975843016	-0.00591670601746	0.00210314957369
31	25	-20	0.00498928331624	-0.00588597345053	0.00225681204554
33	25	-20	0.00547496489761	-0.00597666532864	0.0027042429538
35	25	-20	0.0056447497398	-0.00619178321776	0.00346288633209
37	25	-20	0.00551277435424	-0.00653020134223	0.00453034502213
39	25	-20	0.00511309890976	-0.00698494880702	0.00588066982888
41	25	-20	0.00449338449868	-0.00754101981847	0.00746233589613
43	25	-20	0.00370726960961	-0.00817355307055	0.00919879130758
45	25	-20	0.00280657399709	-0.00884735365985	0.0109922881532
47	25	-20	0.00183448129734	-0.00951851670234	0.012731243576
49	25	-20	0.000820699536333	-0.0101383882229	0.0143006833012
51	25	-20	-0.000220696981873	-0.0106594097504	0.0155945430535
53	25	-20	-0.00129043057488	-0.011041748388	0.0165279569787
55	25	-20	-0.00240030621473	-0.0112592254098	0.0170473613349
57	25	-20	-0.00356716854472	-0.0113030677598	0.0171364301376
59	25	-20	-0.0048054635595	-0.0111824446687	0.0168165516559
61	25	-20	-0.00611963539385	-0.0109215107727	0.0161416155716
63	25	-20	-0.00749774058951	-0.0105535496068	0.0151880553459
65	25	-20	-0.00890760854556	-0.0101135493215	0.0140420773336
67	25	-20	-0.0102965718732	-0.00963093540615	0.0127865514728
69	25	-20	-0.0115952321101	-0.00912412488442	0.0114900062118
71	25	-20	-0.01272498074	-0.00859807850702	0.0101995923285
73	25	-20	-0.0136082013429	-0.00804525938139	0.00893893110604
75	25	-20	-0.0141794230058	-0.00744957757847	0.00771070012795
77	25	-20	-0.0143953627978	-0.00679223208013	0.00650289426598
79	25	-20	-0.0142419078216	-0.00605801241381	0.0052971180308
81	25	-20	-0.0137366543004	-0.00524064787318	0.00407709395666
83	25	-20	-0.0129265234462	-0.00434614070816	0.00283577418989
85	25	-20	-0.0118809917156	-0.00339356162905	0.0015799058145
87	25	-20	-0.0106823493673	-0.00241336282806	0.000331483526339
89	25	-20	-0.00941491938291	-0.00144373721044	-0.000873899425095
91	25	-20	-0.00815521744205	-0.000525838598729	-0.00199130522602
93	25	-20	-0.00696463544844	0.000301243304375	-0.00297246315084
95	25	-20	-0.00588552727522	0.00100495441929	-0.00377249196859
97	25	-20	-0.00494077386308	0.00156260323669	-0.00435623994897
99	25	-20	-0.00413621292355	0.00196320825205	-0.00470325427571
-99	27	-20	0.00250353800249	-0.00102700763957	0.000195043080774
-97	27	-20	0.00277812825943	-0.00124399986734	0.000306092287953
-95	27	-20	0.00305480499611	-0.0014938667941	0.00046675921181
-93	27	-20	0.00333700512078	-0.00177786077229	0.000673434984019
-91	27	-20	0.00362465512717	-0.00209403717805	0.000919038595372
-89	27	-20	0.00391185684474	-0.00243665438299	0.00119374136511
-87	27	-20	0.00418550353371	-0.00279629702929	0.00148610450587
-85	27	-20	0.00442534225594	-0.00316085860778	0.0017844916417
-83	27	-20	0.00460570549784	-0.00351730326088	0.00207855296368
-81	27	-20	0.00469875776247	-0.00385388809954	0.00236053297153
-79	27	-20	0.00467873886812	-0.00416233743745	0.00262614463365
-77	27	-20	0.00452643305482	-0.00443938866697	0.00287479345873
-75	27	-20	0.00423301988203	-0.00468721946395	0.00310903220455
-73	27	-20	0.00380258637227	-0.004912515651	0.00333327355849
-71	27	-20	0.00325286142555	-0.00512429439088	0.00355195937157
-69	27	-20	0.00261409288264	-0.00533096290065	0.00376754107724
-67	27	-20	0.00192632933447	-0.00553735779002	0.00397872115478
-65	27	-20	0.00123561214434	-0.00574258315203	0.00417940262326
-63	27	-20	0.000589684622235	-0.00593930690182	0.00435867795793
-61	27	-20	3.37866429032e-05	-0.0061148141149	0.00450197744751
-59	27	-20	-0.000393035870553	-0.00625364824705	0.00459323749234
-57	27	-20	-0.000660856308817	-0.00634123053922	0.00461770828479
-55	27	-20	-0.000750938015574	-0.00636756759854	0.00456486374577
-53	27	-20	-0.000656962936887	-0.00633012583178	0.00443084894042
-51	27	-20	-0.000385462552285	-0.00623518318521	0.00422000920598
-49	27	-20	4.45288570541e-05	-0.00609739579949	0.00394525851002
-47	27	-20	0.000602623989737	-0.00593780954322	0.00362729943306
-45	27	-20	0.00124908577111	-0.00578095165016	0.00329293060814
-43	27	-20	0.00193770424868	-0.00565183002146	0.00297280937631
-41	27	-20	0.00261946616307	-0.0055735889011	0.00269904943957
-39	27	-20	0.00324677551943	-0.0055662490265	0.00250293679247
-37	27	-20	0.00377780205865	-0.00564650742277	0.0024128884684
-35	27	-20	0.00418038993079	-0.00582814256402	0.00245262298477
-33	27	-20	0.00443491049172	-0.00612231739662	0.00263942159017
-31	27	-20	0.00453553151191	-0.00653709507983	0.00298237485572
-29	27	-20	0.00448960447763	-0.00707579082105	0.00348063161559
-27	27	-20	0.00431520315282	-0.00773429070893	0.00412185775477
-25	27	-20	0.00403720567798	-0.00849801194857	0.0048813002167
-23	27	-20	0.00368261004729	-0.00933956739124	0.00572195465189
-21	27	-20	0.0032759321956	-0.0102182726664	0.00659628610312
-19	27	-20	0.00283551677287	-0.0110823269801	0.00744972448051
-17	27	-20	0.00237140039427	-0.0118738592942	0.00822578089966
-15	27	-20	0.00188505634708	-0.012536225819	0.00887219466854
-13	27	-20	0.00137099408821	-0.0130222096121	0.0093471480446
-11	27	-20	0.00081986305965	-0.0133013455831	0.0096244016931
-9	27	-20	0.000222475393839	-0.0133646338227	0.00969629169385
-7	27	-20	-0.000425957058244	-0.0132254353388	0.00957389840454
-5	27	-20	-0.00112208060468	-0.0129162401602	0.0092842727978
-3	27	-20	-0.00185177118947	-0.0124820133182	0.00886524358121
-1	27	-20	-0.0025890773088	-0.0119716697954	0.00835885888218
1	27	-20	-0.00329698340264	-0.0114296612857	0.00780479614722
3	27	-20	-0.00393000485626	-0.0108895544701	0.00723503086917
5	27	-20	-0.00443837851978	-0.0103708817276	0.00667070921681
7	27	-20	-0.00477338183245	-0.00987963597948	0.00612162581247
9	27	-20	-0.00489313154977	-0.00941183230693	0.00558811840802
11	27	-20	-0.00476811273837	-0.00895884013112	0.00506470840933
13	27	-20	-0.00438569351364	-0.00851288830099	0.0045445473765
15	27	-20	-0.00375299519188	-0.00807131318485	0.00402371043592
17	27	-20	-0.00289769289452	-0.00763866561239	0.00350457054462
19	27	-20	-0.00186658262031	-0.0072265192584	0.00299780342075
21	27	-20	-0.000722025738816	-0.00685149545053	0.00252290471214
23	27	-20	0.00046336532893	-0.00653243859496	0.00210735866313
25	27	-20	0.00161322995397	-0.00628773883862	0.00178473259119
27	27	-20	0.00265443369384	-0.00613352153168	0.00159198493257
29	27	-20	0.00352371986336	-0.00608293175883	0.0015662092364
31	27	-20	0.0041732470889	-0.00614622443891	0.00174095743964
33	27	-20	0.00457431860223	-0.00633101401527	0.00214225646774
35	27	-20	0.00471880747434	-0.00664197003014	0.00278449209906
37	27	-20	0.00461807318115	-0.00707949273817	0.00366648342396
39	27	-20	0.00429951584221	-0.00763738382308	0.00476826708233
41	27	-20	0.00380126946128	-0.00830007456269	0.0060492750025
43	27	-20	0.00316582832277	-0.00904038881675	0.00744863131284
45	27	-20	0.00243357324413	-0.00981893451182	0.0088881389721
47	27	-20	0.00163718349059	-0.0105859574132	0.0102781484565
49	27	-20	0.000797785374164	-0.0112858979153	0.0115259442466
51	27	-20	-7.65719748199e-05	-0.0118641231587	0.0125456672383
53	27	-20	-0.000989865399562	-0.0122745920288	0.0132682783913
55	27	-20	-0.00195460056657	-0.0124867798385	0.0136498281536
57	27	-20	-0.00298637108817	-0.0124901996024	0.0136764397163
59	27	-20	-0.00409730742886	-0.0122953362881	0.0133649536842
61	27	-20	-0.00528949955419	-0.0119306443093	0.0127590126289
63	27	-20	-0.00654959908624	-0.0114362197322	0.0119212884371
65	27	-20	-0.00784574813143	-0.0108555770373	0.0109233392859
67	27	-20	-0.00912770427893	-0.0102274062877	0.00983502746014
69	27	-20	-0.0103305338843	-0.00957914191494	0.00871543060047
71	27	-20	-0.0113815872872	-0.00892366551882	0.00760675740471
73	27	-20	-0.0122097722718	-0.00825964991243	0.00653206485153
75	27	-20	-0.0127555706152	-0.007575164927	0.00549676144578
77	27	-20	-0.0129799599614	-0.00685344414756	0.00449316473971
79	27	-20	-0.0128705164602	-0.00607932522455	0.00350690345612
81	27	-20	-0.0124434898252	-0.00524488459813	0.00252377506621
83	27	-20	-0.0117414548148	-0.00435313697497	0.00153576867771
85	27	-20	-0.0108270547973	-0.00341922522997	0.000545266044931
87	27	-20	-0.0097741337348	-0.00246912140745	-0.000433153759191
89	27	-20	-0.00865800875296	-0.00153634922633	-0.00137344265001
91	27	-20	-0.00754666722108	-0.000657534732057	-0.00224107951165
93	27	-20	-0.0064943015751	0.0001323262449	-0.0029977408702
95	27	-20	-0.00553795062369	0.000804092713699	-0.00360682533845
97	27	-20	-0.00469728684323	0.00133761655852	-0.00403890378237
99	27	-20	-0.00397696365114	0.00172347438555	-0.00427619811364
-99	29	-20	0.00234986525416	-0.0010960256858	0.000145683516436
-97	29	-20	0.00257201976211	-0.00130201260193	0.000222997784204
-95	29	-20	0.00278565370053	-0.00153598414	0.000341223028039
-93	29	-20	0.00299520542649	-0.00179948964269	0.000496864631051
-91	29	-20	0.00320301640144	-0.00209119481042	0.000683573719482
-89	29	-20	0.00340716940298	-0.00240620540302	0.000892837019943
-87	29	-20	0.00360005889019	-0.00273607464244	0.00111496608044
-85	29	-20	0.00376816575728	-0.00306964557717	0.00134025401702
-83	29	-20	0.00389325379865	-0.00339467076841	0.00156013318477
-81	29	-20	0.00395487384702	-0.00369991792358	0.00176815205382
-79	29	-20	0.00393374120827	-0.00397728098815	0.00196059964033
-77	29	-20	0.00381533034982	-0.00422333945827	0.00213664602132
-75	29	-20	0.00359296841194	-0.0044398869049	0.00229793915846
-73	29	-20	0.00326982067016	-0.00463318179882	0.00244769573098
-71	29	-20	0.00285941134473	-0.00481200865626	0.00258943172408
-69	29	-20	0.00238463929592	-0.00498498452556	0.00272557347555
-67	29	-20	0.00187554371991	-0.00515779959919	0.00285624482113
-65	29	-20	0.00136627695217	-0.00533115450488	0.00297851901817
-63	29	-20	0.000891811068033	-0.00550001268608	0.0030863471238
-61	29	-20	0.000484845564993	-0.00565445185872	0.00317123857022
-59	29	-20	0.000173234627829	-0.00578196320517	0.00322360474752
-57	29	-20	-2.19264842988e-05	-0.00587063721985	0.00323452403042
-55	29	-20	-8.75672377e-05	-0.00591241598249	0.00319758794717
-53	29	-20	-1.93540336609e-05	-0.00590556636951	0.00311047060594
-51	29	-20	0.000178053471719	-0.00585575019107	0.00297593164517
-49	29	-20	0.000491162898441	-0.00577547113001	0.00280209637782
-47	29	-20	0.000898269994807	-0.00568214129522	0.00260201609715
-45	29	-20	0.00137064359032	-0.0055953878376	0.00239265097398
-43	29	-20	0.00187437782254	-0.00553439309032	0.00219350009337
-41	29	-20	0.00237293510127	-0.00551597497929	0.00202511038219
-39	29	-20	0.0028302545635	-0.00555379655479	0.00190763589326
-37	29	-20	0.00321412107811	-0.00565864961652	0.00185952048265
-35	29	-20	0.00349933559352	-0.00583933746547	0.001896281642
-33	29	-20	0.00367015670401	-0.00610343309623	0.00202932073096
-31	29	-20	0.00372153556501	-0.00645720788634	0.00226469976267
-29	29	-20	0.00365884774983	-0.00690432301229	0.00260190791907
-27	29	-20	0.00349610291018	-0.00744336843392	0.00303276665295
-25	29	-20	0.00325292085438	-0.00806486641345	0.00354074472651
-23	29	-20	0.00295082253904	-0.00874874532397	0.00410102050076
-21	29	-20	0.00260952911627	-0.0094633833803	0.00468159454866
-19	29	-20	0.00224395575636	-0.0101670532604	0.00524560397725
-17	29	-20	0.00186243495307	-0.0108120132611	0.00575474069085
-15	29	-20	0.00146644909692	-0.011350742765	0.00617338632152
-13	29	-20	0.00105185850814	-0.011743130264	0.00647282792899
-11	29	-20	0.000611344023348	-0.0119630117249	0.00663479259549
-9	29	-20	0.000137590993534	-0.0120024744509	0.00665359075381
-7	29	-20	-0.000373353269118	-0.0118728108189	0.00653639435067
-5	29	-20	-0.000919115928467	-0.0116018121503	0.00630154840143
-3	29	-20	-0.00148891794082	-0.0112280118606	0.00597523087904
-1	29	-20	-0.00206273198567	-0.0107932544713	0.00558712699784
1	29	-20	-0.00261186691901	-0.010335360402	0.0051659772887
3	29	-20	-0.00310098052021	-0.00988256510614	0.00473584714776
5	29	-20	-0.00349133307867	-0.00945087063623	0.00431376019531
7	29	-20	-0.00374492033756	-0.00904462684313	0.00390900292551
9	29	-20	-0.00382898797023	-0.00865980469867	0.00352403806634
11	29	-20	-0.00372035413619	-0.00828878172437	0.00315665292334
13	29	-20	-0.00340896821938	-0.00792519933061	0.00280278326349
15	29	-20	-0.00290021578965	-0.00756761980997	0.0024594161927
17	29	-20	-0.00221562970928	-0.00722122096871	0.00212706656148
19	29	-20	-0.00139186066047	-0.00689743547942	0.00181148980292
21	29	-20	-0.000477968533389	-0.00661205130284	0.00152447881036
23	29	-20	0.000468705924686	-0.00638265484458	0.00128374257806
25	29	-20	0.00138765963688	-0.00622632572334	0.00111195263339
27	29	-20	0.00222077590763	-0.00615820170701	0.00103507052962
29	29	-20	0.00291766389727	-0.00619104805713	0.0010800598127
31	29	-20	0.00344013535476	-0.00633547052727	0.00127207507086
33	29	-20	0.00376523217394	-0.00660008820031	0.00163124349353
35	29	-20	0.00388637635008	-0.00699095381939	0.00216923078225
37	29	-20	0.00381245664927	-0.00750979738216	0.00288590925922
39	29	-20	0.00356496503675	-0.00815118566075	0.00376659033035
41	29	-20	0.00317360128413	-0.00889926299797	0.00478039233185
43	29	-20	0.00267101739416	-0.00972516198047	0.00588032564008
45	29	-20	0.00208752285226	-0.0105862748974	0.00700553904251
47	29	-20	0.00144658754633	-0.0114282797982	0.00808586856668
49	29	-20	0.000761860707632	-0.0121901663485	0.00904839713552
51	29	-20	3.61960494599e-05	-0.0128116752651	0.00982525856936
53	29	-20	-0.000737125569266	-0.0132417947066	0.0103615263549
55	29	-20	-0.00157111298668	-0.0134464926004	0.0106218411067
57	29	-20	-0.0024801797179	-0.013413872245	0.0105945347832
59	29	-20	-0.00347439836973	-0.0131554497966	0.0102924136371
61	29	-20	-0.0045538453905	-0.012703143875	0.00974998800906
63	29	-20	-0.00570408282607	-0.0121025978184	0.00901763847404
65	29	-20	-0.00689376181452	-0.011404336641	0.00815381052824
67	29	-20	-0.00807508041798	-0.0106547494314	0.00721668570451
69	29	-20	-0.00918738647688	-0.00988885761739	0.00625680745318
71	29	-20	-0.0101636363992	-0.00912630720509	0.00531185700076
73	29	-20	-0.010938810573	-0.00837117418499	0.00440426909131
75	29	-20	-0.0114588901299	-0.00761524302443	0.00354178662953
77	29	-20	-0.011688761272	-0.00684365679052	0.00272051438605
79	29	-20	-0.0116175260765	-0.00604142153093	0.00192964641472
81	29	-20	-0.0112601680405	-0.00519924039053	0.00115685602979
83	29	-20	-0.0106552507574	-0.00431750011074	0.000393345151277
85	29	-20	-0.00985914303571	-0.00340779453102	-0.000362288837608
87	29	-20	-0.00893795763398	-0.00249197521957	-0.00110194851163
89	29	-20	-0.00795879040317	-0.0015992189422	-0.00180795968971
91	29	-20	-0.00698186377849	-0.000761904262701	-0.00245496092747
93	29	-20	-0.00605483379611	-1.11736351979e-05	-0.00301339065986
95	29	-20	-0.00520993023778	0.00062704136082	-0.00345395113891
97	29	-20	-0.00446393682538	0.00113496846987	-0.00375226792845
99	29	-20	-0.00382045369365	0.001504613034	-0.00389292961092
-99	31	-20	0.00220671877031	-0.00114823573638	0.000101667801965
-97	31	-20	0.00238426418895	-0.00134325688333	0.000150266546071
-95	31	-20	0.00254455466998	-0.00156179994189	0.000232417637205
-93	31	-20	0.00269283339727	-0.00180567053215	0.000344722014657
-91	31	-20	0.0028334280494	-0.00207408678873	0.000481451989683
-89	31	-20	0.00296772690978	-0.00236294121684	0.000635213780014
-87	31	-20	0.0030927191054	-0.00266470702434	0.000797812556769
-85	31	-20	0.00320053248432	-0.00296915239433	0.000961193046959
-83	31	-20	0.00327918060292	-0.00326482482256	0.00111831987209
-81	31	-20	0.00331443872075	-0.0035410396668	0.00126387198782
-79	31	-20	0.00329248622355	-0.00378991986129	0.00139465215516
-77	31	-20	0.00320275805982	-0.0040079531796	0.00150965236924
-75	31	-20	0.00304039460475	-0.00419660111199	0.001609766408
-73	31	-20	0.00280778045124	-0.00436170898681	0.00169719661433
-71	31	-20	0.00251488562281	-0.00451178222436	0.00177465655212
-69	31	-20	0.00217840136181	-0.00465552246371	0.00184451432636
-67	31	-20	0.00181991842819	-0.00479925981345	0.00190804204176
-65	31	-20	0.00146356250305	-0.00494499131973	0.00196492626705
-63	31	-20	0.00113354411805	-0.00508960482915	0.00201314981914
-61	31	-20	0.000852004290119	-0.0052255575687	0.00204928287557
-59	31	-20	0.000637380877445	-0.0053428739757	0.00206913632814
-57	31	-20	0.000503342833224	-0.00543194647342	0.00206865278777
-55	31	-20	0.000458197665249	-0.00548638344191	0.00204486072492
-53	31	-20	0.000504610962895	-0.00550512864228	0.00199670811233
-51	31	-20	0.000639496570013	-0.00549328756898	0.00192562553849
-49	31	-20	0.000854022777805	-0.00546147761726	0.0018357346683
-47	31	-20	0.00113379260278	-0.00542395383336	0.00173369651133
-45	31	-20	0.00145934537165	-0.0053961137486	0.00162826257811
-43	31	-20	0.0018071507692	-0.00539214041419	0.00152963223767
-41	31	-20	0.00215120503865	-0.00542345018946	0.00144872301897
-39	31	-20	0.0024652011466	-0.0054982986782	0.00139643128988
-37	31	-20	0.00272506755159	-0.00562246529602	0.00138291369222
-35	31	-20	0.00291150888558	-0.005800528125	0.00141687582362
-33	31	-20	0.00301209272768	-0.00603699755717	0.00150483387483
-31	31	-20	0.00302244872068	-0.0063365926339	0.00165032945176
-29	31	-20	0.00294628700843	-0.00670322918211	0.00185312735392
-27	31	-20	0.00279417372856	-0.0071377649921	0.00210849663453
-25	31	-20	0.00258126471122	-0.00763506563424	0.00240674199362
-23	31	-20	0.00232442567303	-0.00818134049019	0.00273318656477
-21	31	-20	0.0020392987544	-0.00875280723636	0.00306878474842
-19	31	-20	0.0017378793676	-0.00931650889793	0.00339145559809
-17	31	-20	0.00142704785378	-0.00983357228859	0.00367808446873
-15	31	-20	0.00110829326064	-0.0102645033621	0.00390697477729
-13	31	-20	0.000778626049474	-0.0105754692656	0.00406038781294
-11	31	-20	0.000432457984599	-0.0107441240347	0.00412673204349
-9	31	-20	6.40717801828e-05	-0.0107635335074	0.0041019852326
-7	31	-20	-0.000329770954456	-0.0106431686419	0.00399005755416
-5	31	-20	-0.000747529810098	-0.0104066604553	0.00380200632194
-3	31	-20	-0.00118127216693	-0.0100868403383	0.00355424366757
-1	31	-20	-0.00161601503258	-0.00971928525674	0.00326607899068
1	31	-20	-0.00203015796765	-0.0093359452567	0.00295705846504
3	31	-20	-0.00239700083104	-0.00896034977586	0.00264457806852
5	31	-20	-0.00268720014168	-0.00860540179839	0.00234215843339
7	31	-20	-0.00287189207875	-0.00827402841503	0.00205860982244
9	31	-20	-0.00292611270157	-0.00796218740573	0.00179812917281
11	31	-20	-0.00283209144144	-0.00766315605079	0.00156120373912
13	31	-20	-0.00258199290769	-0.00737180497774	0.00134607977382
15	31	-20	-0.00217973685199	-0.00708772687561	0.00115050265652
17	31	-20	-0.00164162914973	-0.00681656670129	0.000973440753619
19	31	-20	-0.000995672735803	-0.0065695158938	0.000816550371548
21	31	-20	-0.000279578831124	-0.00636148503544	0.000685201077718
23	31	-20	0.00046235017231	-0.00620878695857	0.000588941173774
25	31	-20	0.00118315616997	-0.00612715993111	0.000541332834164
27	31	-20	0.00183755338423	-0.00613066136155	0.00055912577562
29	31	-20	0.002386142957	-0.00623148752485	0.000660775363033
31	31	-20	0.0027989799507	-0.00644030222751	0.000864357432553
33	31	-20	0.00305800043463	-0.00676636393748	0.00118499805051
35	31	-20	0.00315793945982	-0.00721674429267	0.00163202553227
37	31	-20	0.00310557109568	-0.00779424917253	0.00220615677373
39	31	-20	0.00291735442677	-0.00849419527354	0.0028971291731
41	31	-20	0.00261583091339	-0.00930078381369	0.00368225001105
43	31	-20	0.00222533675854	-0.0101842398364	0.00452631911965
45	31	-20	0.00176772305069	-0.0110999765256	0.00538325766186
47	31	-20	0.00125878993805	-0.0119907203608	0.00619953807366
49	31	-20	0.000706037824183	-0.0127918461399	0.00691918412755
51	31	-20	0.000108139933375	-0.0134392967497	0.00748975843309
53	31	-20	-0.000543719132742	-0.0138786544533	0.00786846511879
55	31	-20	-0.00126277856752	-0.0140734428525	0.0080273563916
57	31	-20	-0.00206232669115	-0.0140107446881	0.00795670289769
59	31	-20	-0.0029506735544	-0.0137027515181	0.00766587618539
61	31	-20	-0.00392630299439	-0.0131837897405	0.00718154266398
63	31	-20	-0.00497411092311	-0.0125034424201	0.00654347880249
65	31	-20	-0.00606357349298	-0.0117173096548	0.00579876431134
67	31	-20	-0.00714946056883	-0.0108774684702	0.0049953888543
69	31	-20	-0.00817531780495	-0.0100246753035	0.00417636179273
71	31	-20	-0.00907943052173	-0.00918382705861	0.0033752481944
73	31	-20	-0.0098024488939	-0.00836333019919	0.00261372601431
75	31	-20	-0.0102954238223	-0.00755807413078	0.00190135701384
77	31	-20	-0.0105268020693	-0.00675491987985	0.00123737653288
79	31	-20	-0.0104870399982	-0.00593917997438	0.000614001412772
81	31	-20	-0.0101899215694	-0.00510054583794	2.05657458546e-05
83	31	-20	-0.00967032213187	-0.0042372602634	-0.000552273534171
85	31	-20	-0.00897888767995	-0.00335789343441	-0.00110897660771
87	31	-20	-0.00817471566425	-0.00248068803875	-0.00164678651041
89	31	-20	-0.00731747343506	-0.00163094083094	-0.0021549914238
91	31	-20	-0.0064603955431	-0.000837192199436	-0.00261589111203
93	31	-20	-0.00564528089698	-0.000127079963902	-0.00300728725879
95	31	-20	-0.00490007173567	0.000476384999261	-0.00330604632386
97	31	-20	-0.00423899442505	0.000957577469565	-0.00349207976386
99	31	-20	-0.00366473252222	0.0013097636742	-0.00355199847574
-99	33	-20	0.00207119999983	-0.00118169999992	6.40920000577e-05
-97	33	-20	0.00221235484658	-0.0013657555718	8.929655239e-05
-95	33	-20	0.00232956707509	-0.00156933442205	0.000142107657968
-93	33	-20	0.00242866556866	-0.00179445370032	0.000219206612801
-91	33	-20	0.00251549569265	-0.00204082112278	0.000315376107282
-89	33	-20	0.00259402032004	-0.00230505101953	0.000424142888083
-87	33	-20	0.00266484879084	-0.00258048589673	0.000538543902688
-85	33	-20	0.00272459336765	-0.00285779577753	0.000651892373535
-83	33	-20	0.00276625829164	-0.00312633426837	0.000758432454688
-81	33	-20	0.00278060854598	-0.00337600906778	0.000853801983912
-79	33	-20	0.00275821494953	-0.00359924066737	0.000935263020232
-77	33	-20	0.00269169999992	-0.00379249999977	0.00100170000006
-75	33	-20	0.00257766337706	-0.00395697422825	0.00105341851187
-73	33	-20	0.00241785807155	-0.00409810998196	0.0010918003051
-71	33	-20	0.00221938790165	-0.00422407968946	0.00111888156871
-69	33	-20	0.00199394419069	-0.00434352771878	0.00113692283113
-67	33	-20	0.00175632189403	-0.00446318412746	0.00114803172965
-65	33	-20	0.00152259309401	-0.00458600698083	0.00115388606644
-63	33	-20	0.0013083373258	-0.00471039512863	0.00115558579277
-61	33	-20	0.00112723942175	-0.00483072614892	0.00115364109452
-59	33	-20	0.000990204923495	-0.00493909775547	0.00114808254586
-57	33	-20	0.000904967611502	-0.00502779696958	0.00113866174381
-55	33	-20	0.000876029999801	-0.00509179999975	0.0011251000002
-53	33	-20	0.000904724569039	-0.00513059020273	0.00110734032342
-51	33	-20	0.000989221127998	-0.00514878246703	0.00108576384783
-49	33	-20	0.00112441369345	-0.00515540211595	0.00106134373468
-47	33	-20	0.00130175558308	-0.00516207469431	0.00103572357585
-45	33	-20	0.00150922239125	-0.00518071069686	0.00101121936953
-43	33	-20	0.00173162551649	-0.0052214096264	0.00099075110217
-41	33	-20	0.00195145237553	-0.00529121161423	0.000977710786951
-39	33	-20	0.00215028139418	-0.00539401871617	0.000975769823067
-37	33	-20	0.00231064637696	-0.00553158824664	0.000988623174133
-35	33	-20	0.00241805954458	-0.0057051046469	0.00101966559159
-33	33	-20	0.00246279999991	-0.00591659999963	0.00107159999998
-31	33	-20	0.00244107263054	-0.00616950566726	0.0011459923293
-29	33	-20	0.00235524997444	-0.00646788998438	0.00124280943785
-27	33	-20	0.00221310173963	-0.00681439478905	0.00136000252063
-25	33	-20	0.00202614287396	-0.00720738539821	0.00149321963354
-23	33	-20	0.00180743040105	-0.0076382082755	0.00163573851336
-21	33	-20	0.00156925923886	-0.00808956998382	0.00177869715761
-19	33	-20	0.0013212194519	-0.00853584701425	0.00191166175901
-17	33	-20	0.00106898441058	-0.0089456464673	0.00202351359399
-15	33	-20	0.000814031370378	-0.00928629529078	0.00210356953101
-13	33	-20	0.000554299259687	-0.00952933196207	0.00214279100015
-11	33	-20	0.000285609999987	-0.00965569999954	0.00213490000035
-9	33	-20	3.55421904664e-06	-0.00965932651492	0.00207721965889
-7	33	-20	-0.000294514625053	-0.00954813396243	0.00197109379577
-5	33	-20	-0.000607724828243	-0.00934218436473	0.00182180761325
-3	33	-20	-0.000930457518938	-0.00906940653513	0.00163801488909
-1	33	-20	-0.00125184160664	-0.00875998794371	0.00143075766741
1	33	-20	-0.00155606559877	-0.0084408385423	0.00121222654111
3	33	-20	-0.00182349311877	-0.00813146189329	0.000994443688515
5	33	-20	-0.00203246922977	-0.00784212862	0.000788054896706
7	33	-20	-0.00216161826888	-0.00757457841088	0.000601394852752
9	33	-20	-0.00219236827681	-0.00732478421567	0.000439948803567
11	33	-20	-0.00211140000002	-0.00708679999966	0.000306280000307
13	33	-20	-0.0019127156959	-0.00685652189866	0.000200431507483
15	33	-20	-0.00159905610222	-0.00663435754332	0.000120747465555
17	33	-20	-0.00118245919149	-0.00642624397138	6.49978520848e-05
19	33	-20	-0.000683844012505	-0.00624302215445	3.16389644717e-05
21	33	-20	-0.000131608017357	-0.00609867715788	2.10073411545e-05
23	33	-20	0.000440661434908	-0.00600822955814	3.62352287268e-05
25	33	-20	0.000997148736264	-0.00598603805492	8.36956392432e-05
27	33	-20	0.00150312967347	-0.00604497002502	0.000172834541053
29	33	-20	0.00192825427462	-0.00619643385393	0.000315322091445
31	33	-20	0.00224935951146	-0.00645081627531	0.000523546110644
33	33	-20	0.00245239999989	-0.00681759999966	0.000808570000022
35	33	-20	0.00253317878994	-0.00730446403883	0.00117777461499
37	33	-20	0.00249672444896	-0.0079150062213	0.00163248903114
39	33	-20	0.0023553734644	-0.00864528153612	0.00216597602803
41	33	-20	0.00212584022249	-0.00947994407561	0.00276215831097
43	33	-20	0.00182574457251	-0.0103892056246	0.00339543322539
45	33	-20	0.001470178759	-0.0113279065138	0.00403181338377
47	33	-20	0.00106890765094	-0.0122376563892	0.00463144728921
49	33	-20	0.000624707286382	-0.0130522971381	0.00515233707994
51	33	-20	0.000133175098904	-0.0137060461652	0.00555482177771
53	33	-20	-0.000415879374767	-0.0141428526103	0.00580619157163
55	33	-20	-0.00103560000012	-0.0143249999987	0.0058847
57	33	-20	-0.00173818042515	-0.0142389917767	0.00578228602177
59	33	-20	-0.00253047141606	-0.0138972929374	0.00550551180756
61	33	-20	-0.00340982629616	-0.0133354425179	0.00507452918402
63	33	-20	-0.00436097026258	-0.0126051439764	0.00452024033721
65	33	-20	-0.00535461754984	-0.0117648813059	0.00388013627815
67	33	-20	-0.00634835488815	-0.0108701417826	0.00319351058019
69	33	-20	-0.00728996202233	-0.00996531844596	0.00249681721759
71	33	-20	-0.00812289088432	-0.00907884338956	0.00181986900245
73	33	-20	-0.00879315748363	-0.00822223697281	0.00118338833399
75	33	-20	-0.00925652662723	-0.0073928018688	0.000598173307312
77	33	-20	-0.00948469999945	-0.00657889999963	6.58790003193e-05
79	33	-20	-0.00946932517941	-0.00576630768748	-0.000418825435782
81	33	-20	-0.00922302974393	-0.00494411569896	-0.000865153596478
83	33	-20	-0.00877727358773	-0.00410897230706	-0.00128270878634
85	33	-20	-0.00817746326751	-0.00326701876834	-0.00167820891138
87	33	-20	-0.00747632003753	-0.00243346526696	-0.00205300353805
89	33	-20	-0.00672679999642	-0.00163025083601	-0.00240183266573
91	33	-20	-0.00597586064613	-0.000882531150062	-0.00271306673761
93	33	-20	-0.00526007151146	-0.000214821551143	-0.0029703973311
95	33	-20	-0.00460357418529	0.00035247469148	-0.00315566447768
97	33	-20	-0.00401835076092	0.000805633036001	-0.00325227042267
99	33	-20	-0.00350629999988	0.00113899999989	-0.00324849999978
-99	35	-20	0.00194048423709	-0.00119620870402	3.29424339483e-05
-97	35	-20	0.00205318560685	-0.00136919324815	3.99113833246e-05
-95	35	-20	0.00213729328183	-0.00155814137216	6.99079229031e-05
-93	35	-20	0.00219900069472	-0.001765237981	0.000119681125498
-91	35	-20	0.00224520462789	-0.00199062076602	0.000184419873781
-89	35	-20	0.00228172033766	-0.00223156652322	0.000258382953755
-87	35	-20	0.0023118192729	-0.00248224391582	0.000335590836169
-85	35	-20	0.0023354592875	-0.0027342103206	0.000410457529496
-83	35	-20	0.0023494053604	-0.00297764565297	0.000478269455234
-81	35	-20	0.002348208568	-0.00320310266595	0.000535465328324
-79	35	-20	0.00232578704892	-0.00340337385402	0.000579722020053
-77	35	-20	0.00227719917822	-0.00357499108962	0.0006098920214
-75	35	-20	0.00220015985081	-0.00371892457747	0.00062585854244
-73	35	-20	0.00209593512929	-0.00384023334129	0.000628371594376
-71	35	-20	0.00196943093351	-0.00394669751164	0.00061890690816
-69	35	-20	0.00182851230352	-0.00404675614246	0.000599558781883
-67	35	-20	0.00168278522148	-0.00414729369439	0.000572949358414
-65	35	-20	0.00154218763661	-0.00425188999516	0.000542120151576
-63	35	-20	0.0014157419472	-0.00436003994768	0.00051037204397
-61	35	-20	0.00131072418925	-0.00446758299447	0.000481036753366
-59	35	-20	0.00123234306017	-0.00456823233515	0.00045718975842
-57	35	-20	0.00118385009568	-0.00465576484372	0.000441342400436
-55	35	-20	0.00116687609315	-0.00472622787137	0.000435169582474
-53	35	-20	0.0011817461634	-0.00477950713067	0.000439332274493
-51	35	-20	0.00122757605616	-0.00481979050023	0.000453439069706
-49	35	-20	0.00130207468498	-0.00485480134137	0.000476162127017
-47	35	-20	0.00140112812896	-0.00489405782928	0.000505488173285
-45	35	-20	0.0015183661786	-0.00494672016598	0.000539054760985
-43	35	-20	0.00164496916445	-0.00501971463681	0.000574504189782
-41	35	-20	0.00176993803791	-0.00511672602699	0.000609786883174
-39	35	-20	0.00188093166173	-0.0052383532782	0.00064336182003
-37	35	-20	0.0019656068296	-0.00538331906099	0.000674268437303
-35	35	-20	0.00201323047472	-0.00555024305671	0.00070207415244
-33	35	-20	0.00201622245484	-0.00573926043154	0.000726726224187
-31	35	-20	0.00197126796755	-0.0059527765832	0.000748350456838
-29	35	-20	0.0018797202087	-0.00619490804069	0.000767040524551
-27	35	-20	0.00174717498813	-0.00646959690608	0.000782672683471
-25	35	-20	0.00158229471031	-0.00677786850597	0.000794766385947
-23	35	-20	0.00139513519491	-0.00711507152155	0.000802397732106
-21	35	-20	0.00119533857813	-0.00746906575027	0.000804164565376
-19	35	-20	0.000990573452556	-0.00782014447375	0.000798201433637
-17	35	-20	0.000785531054141	-0.00814303042388	0.000782248355814
-15	35	-20	0.000581649390037	-0.00841068988273	0.000753785164708
-13	35	-20	0.000377575339165	-0.00859914601286	0.000710247329967
-11	35	-20	0.000170228312774	-0.00869211729972	0.000649334144067
-9	35	-20	-4.37722220263e-05	-0.00868427993534	0.000569403032242
-7	35	-20	-0.000266596099362	-0.00858227600885	0.000469915827107
-5	35	-20	-0.000497877489842	-0.00840317615275	0.000351870373673
-3	35	-20	-0.000733791754008	-0.00817078587918	0.000218124117089
-1	35	-20	-0.00096667498698	-0.00791075801443	7.35071878001e-05
1	35	-20	-0.00118524513407	-0.0076457700726	-7.53596126298e-05
3	35	-20	-0.00137540554633	-0.00739196087129	-0.000220578602937
5	35	-20	-0.00152154359547	-0.0071574218445	-0.000353785779577
7	35	-20	-0.00160818143197	-0.00694293301805	-0.000467143330838
9	35	-20	-0.00162179540359	-0.00674450830668	-0.000554333205915
11	35	-20	-0.00155259749144	-0.00655685598962	-0.000611340289713
13	35	-20	-0.00139606851356	-0.00637669581016	-0.000636833360142
15	35	-20	-0.0011540496499	-0.00620503576886	-0.00063202341969
17	35	-20	-0.000835235190148	-0.00604792834039	-0.000599988775454
19	35	-20	-0.000454963208164	-0.00591574987836	-0.000544578828162
21	35	-20	-3.42697230368e-05	-0.00582150324662	-0.000469113345951
23	35	-20	0.000401746728412	-0.00577888605534	-0.000375154454354
25	35	-20	0.00082611332612	-0.0058008241276	-0.000261629754255
27	35	-20	0.00121249679541	-0.00589886760663	-0.000124527318746
29	35	-20	0.00153773831096	-0.00608339903325	4.27188286753e-05
31	35	-20	0.00178405955198	-0.0063641737809	0.000248158103352
33	35	-20	0.00194059592651	-0.00675046652935	0.000499694903052
35	35	-20	0.00200398316148	-0.00725014001659	0.000803130418544
37	35	-20	0.00197785696404	-0.00786729661729	0.00116017062132
39	35	-20	0.00187130393331	-0.00859872700662	0.0015667252885
41	35	-20	0.0016964918945	-0.00942995888819	0.00201181034572
43	35	-20	0.00146586914126	-0.0103321271464	0.00247730991468
45	35	-20	0.00118941913745	-0.0112609640615	0.00293875484839
47	35	-20	0.000872469058366	-0.0121588683506	0.00336713564274
49	35	-20	0.0005144753928	-0.0129603079684	0.00373160306797
51	35	-20	0.000109063083084	-0.0135999211943	0.00400274469773
53	35	-20	-0.000354598122735	-0.0140218582747	0.00415599339026
55	35	-20	-0.000889207659059	-0.0141884073816	0.00417465881424
57	35	-20	-0.00150587086687	-0.0140859477976	0.00405209876194
59	35	-20	-0.00221026730865	-0.0137268016341	0.00379266648987
61	35	-20	-0.00299908486741	-0.0131464856594	0.00341126323851
63	35	-20	-0.00385740160841	-0.0123969458529	0.00293155204801
65	35	-20	-0.00475763961406	-0.0115372907582	0.00238310316718
67	35	-20	-0.00566053140037	-0.0106240722595	0.00179790197259
69	35	-20	-0.00651823166997	-0.00970316247289	0.00120673283962
71	35	-20	-0.00727931107155	-0.00880476868238	0.000635951706996
73	35	-20	-0.00789495779364	-0.00794228167879	0.00010508644576
75	35	-20	-0.00832538615498	-0.00711471542797	-0.000374424519199
77	35	-20	-0.00854530681762	-0.00631171842877	-0.000799210023591
79	35	-20	-0.00854741461946	-0.00551969877848	-0.00117270004588
81	35	-20	-0.00834319943023	-0.00472757075908	-0.00150284299137
83	35	-20	-0.00796091374468	-0.00393094835166	-0.00179920248289
85	35	-20	-0.00744111202921	-0.00313414383383	-0.00206995134656
87	35	-20	-0.00683066396375	-0.00234990944622	-0.00231932380637
89	35	-20	-0.00617641298911	-0.00159734024813	-0.00254602767548
91	35	-20	-0.00551964084834	-0.000898647131812	-0.00274295106434
93	35	-20	-0.00489222523016	-0.000275589251088	-0.00289824492212
95	35	-20	-0.00431492915615	0.000253739852493	-0.00299757362192
97	35	-20	-0.0037977656706	0.000677281742261	-0.0030270684245
99	35	-20	-0.00334196739901	0.000990288843379	-0.00297635952805
-99	37	-20	0.0018129214273	-0.00119342189168	7.1998716946e-06
-97	37	-20	0.00190435126846	-0.0013551704581	5.83986005526e-07
-95	37	-20	0.00196440712632	-0.00152970403643	1.36593517991e-05
-93	37	-20	0.001999442464	-0.00171933667129	4.32313205496e-05
-91	37	-20	0.0020169771946	-0.0019245847698	8.48009079782e-05
-89	37	-20	0.00202401792089	-0.00214333832319	0.000133189342034
-87	37	-20	0.00202562340272	-0.00237055915005	0.00018317803104
-85	37	-20	0.00202405921183	-0.00259868604861	0.000230042849587
-83	37	-20	0.00201873173543	-0.00281875112495	0.000269902325033
-81	37	-20	0.00200688392889	-0.00302200703426	0.000299858469119
-79	37	-20	0.00198483277422	-0.00320169140356	0.00031796832518
-77	37	-20	0.00194939003368	-0.00335447099974	0.000323125804167
-75	37	-20	0.0018990734425	-0.00348115181044	0.000314945007378
-73	37	-20	0.00183479332483	-0.00358641318877	0.000293715547403
-71	37	-20	0.00175986406351	-0.00367758445638	0.000260455229904
-69	37	-20	0.00167938946713	-0.00376275832563	0.000217031456951
-67	37	-20	0.00159924503175	-0.00384874291834	0.000166278325422
-65	37	-20	0.00152497725133	-0.00393942360209	0.000112017149376
-63	37	-20	0.00146093467538	-0.00403500667118	5.89016776343e-05
-61	37	-20	0.00140984413866	-0.0041323700189	1.20527974546e-05
-59	37	-20	0.00137288477766	-0.00422642061576	-2.34915932587e-05
-57	37	-20	0.0013501456237	-0.004312052852	-4.34262220474e-05
-55	37	-20	0.00134123323154	-0.00438611232383	-4.48027100407e-05
-53	37	-20	0.00134576071901	-0.00444876046724	-2.64971628471e-05
-51	37	-20	0.00136350767838	-0.00450381564512	1.05805739931e-05
-49	37	-20	0.00139417060664	-0.00455796455886	6.35800722259e-05
-47	37	-20	0.00143678193087	-0.00461909647003	0.000128081158243
-45	37	-20	0.00148900987614	-0.00469429725123	0.000198657549433
-43	37	-20	0.00154661684196	-0.00478815600102	0.000269513662119
-41	37	-20	0.00160332810945	-0.00490194037162	0.000335074027371
-39	37	-20	0.00165125208481	-0.00503391193182	0.000390435356544
-37	37	-20	0.00168183126132	-0.00518066653195	0.000431641670408
-35	37	-20	0.00168713933641	-0.00533902069596	0.000455795906534
-33	37	-20	0.00166122479805	-0.00550774607214	0.000461060205615
-31	37	-20	0.00160117007437	-0.00568846103256	0.000446610422826
-29	37	-20	0.00150759748096	-0.00588523272444	0.000412596089408
-27	37	-20	0.00138448997903	-0.00610285800423	0.000360122347491
-25	37	-20	0.0012383658959	-0.0063442515035	0.00029122966313
-23	37	-20	0.00107700359905	-0.00660772512022	0.000208817197298
-21	37	-20	0.000908012758424	-0.00688507182224	0.000116450296612
-19	37	-20	0.000737570179517	-0.00716121042261	1.80174176479e-05
-17	37	-20	0.000569581154638	-0.00741573807934	-8.27479547619e-05
-15	37	-20	0.000405414032925	-0.00762618790417	-0.000182804195995
-13	37	-20	0.000244220689476	-0.00777226478747	-0.000280271211698
-11	37	-20	8.37339058552e-05	-0.00783999761404	-0.000374688743377
-9	37	-20	-7.86498316703e-05	-0.00782471173413	-0.000466946009632
-7	37	-20	-0.00024472587425	-0.00773201277978	-0.000558837070766
-5	37	-20	-0.000414484570966	-0.00757650302514	-0.000652297331858
-3	37	-20	-0.000585423611271	-0.00737856911645	-0.000748479108157
-1	37	-20	-0.000752267219872	-0.00716010113881	-0.000846895633445
1	37	-20	-0.000907124703492	-0.00694027281453	-0.000944876372428
3	37	-20	-0.0010400639748	-0.00673245412971	-0.0010375203135
5	37	-20	-0.00114003106133	-0.00654296521759	-0.00111821715825
7	37	-20	-0.00119601429847	-0.00637183060127	-0.00117965796443
9	37	-20	-0.00119833033896	-0.00621512675101	-0.0012151180805
11	37	-20	-0.00113989682196	-0.0060681036916	-0.00121970736256
13	37	-20	-0.00101735292007	-0.00592811980739	-0.00119127387805
15	37	-20	-0.000831894329209	-0.00579658620968	-0.00113072334319
17	37	-20	-0.00058970471027	-0.00567950661269	-0.00104165837885
19	37	-20	-0.000301893010392	-0.00558668335159	-0.000929411049959
21	37	-20	1.6112241146e-05	-0.00553007735267	-0.000799693340253
23	37	-20	0.000345703152416	-0.00552202404043	-0.000657183834168
25	37	-20	0.000666686957535	-0.00557395310978	-0.000504383201361
27	37	-20	0.000959175258975	-0.00569596348448	-0.000341007052948
29	37	-20	0.00120553511694	-0.00589717417947	-0.000164063546813
31	37	-20	0.0013921201777	-0.00618636426117	3.13822235517e-05
33	37	-20	0.00151049476296	-0.00657218573562	0.000250890514769
35	37	-20	0.00155791505189	-0.00706228341586	0.00049900924002
37	37	-20	0.0015369393204	-0.00766099645617	0.000777601122537
39	37	-20	0.00145418810186	-0.00836585746496	0.00108442317372
41	37	-20	0.00131843618529	-0.0091636781966	0.00141220741921
43	37	-20	0.00113835669989	-0.0100274173126	0.00174842242814
45	37	-20	0.000920322192507	-0.01091510063	0.00207580466228
47	37	-20	0.000666680090314	-0.0117717343084	0.0023736453654
49	37	-20	0.000374858173073	-0.0125344682801	0.00261971173071
51	37	-20	3.7532240362e-05	-0.013140402718	0.00279258231476
53	37	-20	-0.000356075632531	-0.0135356311139	0.00287410107314
55	37	-20	-0.000817880668661	-0.0136836269967	0.00285161727356
57	37	-20	-0.00135788979515	-0.0135710758802	0.00271969072761
59	37	-20	-0.00198086897072	-0.0132097605264	0.00248100508594
61	37	-20	-0.00268327480593	-0.0126340033537	0.00214633736666
63	37	-20	-0.00345104353775	-0.0118942127224	0.00173356175591
65	37	-20	-0.00425877934137	-0.0110479822142	0.00126579884052
67	37	-20	-0.00507072187015	-0.0101507096562	0.000768938747986
69	37	-20	-0.00584360106955	-0.0092477084576	0.000268854690864
71	37	-20	-0.00653113761101	-0.0083693020852	-0.000211325859936
73	37	-20	-0.00708958493288	-0.0075295832617	-0.000653516857911
75	37	-20	-0.00748342170108	-0.00672862149853	-0.00104619968391
77	37	-20	-0.00769017849492	-0.00595715629953	-0.00138493343631
79	37	-20	-0.00770347627021	-0.00520239081134	-0.00167174515899
81	37	-20	-0.007533668319	-0.00445346425798	-0.00191347748577
83	37	-20	-0.00720595014396	-0.00370548136602	-0.00211936699714
85	37	-20	-0.00675632030049	-0.00296148271496	-0.00229829623089
87	37	-20	-0.00622620822154	-0.00223229102193	-0.0024562600594
89	37	-20	-0.00565682175622	-0.00153462459251	-0.0025945759278
91	37	-20	-0.00508425224995	-0.000888144982178	-0.00270923365665
93	37	-20	-0.00453612431639	-0.000312181064616	-0.00279154359435
95	37	-20	-0.00403017060403	0.000177219872996	-0.00282995352356
97	37	-20	-0.00357466479345	0.000569457687666	-0.0028126364046
99	37	-20	-0.00317027420965	0.000860534154595	-0.00273027357376
-99	39	-20	0.0016885175633	-0.00117658220362	-1.48297301014e-05
-97	39	-20	0.00176482631438	-0.00132697947902	-3.10984418391e-05
-95	39	-20	0.00180857224298	-0.00148729914036	-2.99405535669e-05
-93	39	-20	0.0018260954947	-0.00165995361751	-1.4506345665e-05
-91	39	-20	0.00182517494652	-0.00184579702847	1.09347168157e-05
-89	39	-20	0.00181344557331	-0.00204329333999	4.16196400054e-05
-87	39	-20	0.00179700760744	-0.00224817188639	7.28998530432e-05
-85	39	-20	0.00177954875487	-0.00245374980234	0.000100709515092
-83	39	-20	0.00176216115965	-0.00265193485185	0.000121821476201
-81	39	-20	0.00174384505739	-0.00283472730141	0.000133886110759
-79	39	-20	0.00172250593694	-0.00299587295996	0.000135313857528
-77	39	-20	0.00169612578204	-0.00313223718486	0.000125105034306
-75	39	-20	0.00166375826122	-0.00324450736885	0.000102736725585
-73	39	-20	0.00162607008742	-0.00333699051311	6.81840766923e-05
-71	39	-20	0.00158530218056	-0.00341651540274	2.20923716994e-05
-69	39	-20	0.00154470687508	-0.00349070753465	-3.39534926528e-05
-67	39	-20	0.00150767465559	-0.00356610016224	-9.71709155732e-05
-65	39	-20	0.0014768482478	-0.00364661141598	-0.000163463262523
-63	39	-20	0.00145350952526	-0.00373282657339	-0.00022755416947
-61	39	-20	0.00143742250657	-0.00382229567161	-0.000283420886969
-59	39	-20	0.00142715856479	-0.00391075444423	-0.000324992456515
-57	39	-20	0.00142076919723	-0.00399389260679	-0.000346998326944
-55	39	-20	0.00141655873614	-0.00406911814224	-0.00034580000843
-53	39	-20	0.00141367957386	-0.00413675921977	-0.000320029540391
-51	39	-20	0.00141233426844	-0.00420031509023	-0.000270897605501
-49	39	-20	0.00141350156573	-0.00426566561081	-0.000202110064554
-47	39	-20	0.00141826396055	-0.00433948437568	-0.000119422280116
-45	39	-20	0.00142695150924	-0.00442736549725	-2.99394698461e-05
-43	39	-20	0.00143838659232	-0.00453228004882	5.8683618472e-05
-41	39	-20	0.00144949499595	-0.00465388427323	0.000138990141818
-39	39	-20	0.00145544591701	-0.00478893057401	0.000204303325334
-37	39	-20	0.00145032904667	-0.00493266567071	0.000249097597076
-35	39	-20	0.00142821805713	-0.0050807548777	0.000269181802697
-33	39	-20	0.00138435446848	-0.00523106279114	0.000261765975431
-31	39	-20	0.00131614761955	-0.00538462536887	0.000225495981698
-29	39	-20	0.00122373476794	-0.00554537725702	0.000160515091006
-27	39	-20	0.00110996355221	-0.0057185893042	6.85587846884e-05
-25	39	-20	0.000979810717516	-0.00590840616118	-4.69704496863e-05
-23	39	-20	0.000839392050743	-0.00611521342196	-0.000181043856897
-21	39	-20	0.00069481093356	-0.00633369181913	-0.000327263411005
-19	39	-20	0.000551115768421	-0.00655227837364	-0.000478395622242
-17	39	-20	0.000411590257066	-0.00675437944863	-0.000627164269111
-15	39	-20	0.000277504621271	-0.00692117393762	-0.000767189400413
-13	39	-20	0.000148340820246	-0.00703535856385	-0.000893879949049
-11	39	-20	2.24017471298e-05	-0.00708487340554	-0.0010050528866
-9	39	-20	-0.000102353933129	-0.0070656072946	-0.00110108296592
-7	39	-20	-0.000227433665477	-0.00698233943142	-0.00118448453546
-5	39	-20	-0.000353055380445	-0.00684765366416	-0.00125896953195
-3	39	-20	-0.000477635846437	-0.00667912326037	-0.00132817491612
-1	39	-20	-0.000597588715493	-0.00649553827303	-0.00139436320877
1	39	-20	-0.000707444873349	-0.00631319311779	-0.00145743370412
3	39	-20	-0.000800265993242	-0.00614319829353	-0.00151452228166
5	39	-20	-0.000868294549603	-0.00599044962625	-0.00156032517305
7	39	-20	-0.000903768001982	-0.00585438787069	-0.00158809346227
9	39	-20	-0.000899817184692	-0.00573116742368	-0.00159106333445
11	39	-20	-0.000851364939998	-0.00561648128656	-0.00156396493761
13	39	-20	-0.000755938140582	-0.00550816696392	-0.00150422645001
15	39	-20	-0.000614304296165	-0.00540786991888	-0.00141256780517
17	39	-20	-0.000430845298675	-0.00532140547337	-0.00129283817396
19	39	-20	-0.000213589963003	-0.0052579091547	-0.00115114700843
21	39	-20	2.61508250296e-05	-0.00522824851538	-0.000994515551263
23	39	-20	0.000274563177428	-0.00524336076224	-0.00082938737052
25	39	-20	0.00051648334748	-0.00531312010168	-0.000660357089838
27	39	-20	0.000736815965571	-0.00544605159506	-0.000489407570637
29	39	-20	0.000922040326303	-0.00564979732547	-0.000315812982327
31	39	-20	0.00106157816057	-0.00593185420715	-0.000136708059639
33	39	-20	0.00114878352851	-0.00629988727007	5.18171726373e-05
35	39	-20	0.0011813517539	-0.00676097339229	0.000253333002156
37	39	-20	0.00116103059408	-0.00731945805626	0.000469667919891
39	39	-20	0.00109264013011	-0.00797362614413	0.000699741783633
41	39	-20	0.000982543532866	-0.00871193656686	0.000938828384865
43	39	-20	0.000836829083186	-0.00950996094257	0.00117836217742
45	39	-20	0.000659538012761	-0.010329241756	0.00140632104262
47	39	-20	0.000451286740716	-0.0111189756185	0.00160814182881
49	39	-20	0.000208583491133	-0.0118207812499	0.00176806350097
51	39	-20	-7.59620926583e-05	-0.0123759923638	0.00187074593445
53	39	-20	-0.000412474710221	-0.0127341563464	0.00190298141822
55	39	-20	-0.000811786482328	-0.0128609548049	0.00185530178036
57	39	-20	-0.00128279168544	-0.0127437512897	0.00172328791021
59	39	-20	-0.00182956194942	-0.012393444366	0.00150841092481
61	39	-20	-0.00244869882042	-0.0118421453803	0.00121827473509
63	39	-20	-0.00312744031307	-0.0111371817624	0.000866186694131
65	39	-20	-0.00384299605041	-0.0103327776098	0.000470054173625
67	39	-20	-0.00456344477556	-0.00948125355168	5.06873872862e-05
69	39	-20	-0.00525028904255	-0.00862559766108	-0.000370322599602
71	39	-20	-0.00586245297016	-0.00779481087279	-0.000772896730222
73	39	-20	-0.00636118815993	-0.00700267394251	-0.0011406123062
75	39	-20	-0.00671509859445	-0.00624974233083	-0.00146235442181
77	39	-20	-0.00690438514934	-0.00552767594904	-0.00173316579411
79	39	-20	-0.00692349474581	-0.00482461378787	-0.00195409399917
81	39	-20	-0.00678163961462	-0.00413026767103	-0.00213100828876
83	39	-20	-0.00650107338315	-0.00343968821319	-0.0022725680926
85	39	-20	-0.0061134722098	-0.00275512747321	-0.0023877243612
87	39	-20	-0.00565515345293	-0.00208593655648	-0.00248326807545
89	39	-20	-0.00516207264941	-0.00144686132296	-0.00256196222257
91	39	-20	-0.004665522557	-0.000855355358551	-0.00262168535096
93	39	-20	-0.00418923016463	-0.000328597656754	-0.0026557936837
95	39	-20	-0.0037481805928	0.000119184908817	-0.00265462650001
97	39	-20	-0.00334909507324	0.000478672919048	-0.00260780897061
99	39	-20	-0.00299215764377	0.000746483894284	-0.00250682031087
-99	41	-20	0.00156875308502	-0.00114987921258	-3.50297417688e-05
-97	41	-20	0.00163494857227	-0.00128897713629	-5.78220585694e-05
-95	41	-20	0.00166863997263	-0.0014353961393	-6.45726538426e-05
-93	41	-20	0.00167602081688	-0.00159162499292	-5.84005566893e-05
-91	41	-20	0.00166484379829	-0.00175882390455	-4.3416681744e-05
-89	41	-20	0.00164292739536	-0.00193599842991	-2.40909388682e-05
-87	41	-20	0.00161682024215	-0.0021196213511	-4.65967214461e-06
-85	41	-20	0.0015909247117	-0.0023038798545	1.13025508662e-05
-83	41	-20	0.00156725260712	-0.00248156899389	2.10777750681e-05
-81	41	-20	0.00154581032529	-0.00264546775484	2.27711547037e-05
-79	41	-20	0.00152543948719	-0.00278987513155	1.51244978426e-05
-77	41	-20	0.00150482234725	-0.00291190347231	-2.70343494306e-06
-75	41	-20	0.00148333339798	-0.00301215898948	-3.1266594291e-05
-73	41	-20	0.00146148634588	-0.00309458628717	-7.078727166e-05
-71	41	-20	0.00144086651293	-0.00316547996224	-0.00012092423348
-69	41	-20	0.0014236078946	-0.0032319080184	-0.000180419510329
-67	41	-20	0.0014116186218	-0.00329997487037	-0.00024675260995
-65	41	-20	0.00140583394886	-0.00337341502791	-0.000315954748852
-63	41	-20	0.00140575993405	-0.00345292504951	-0.000382710363664
-61	41	-20	0.00140947048131	-0.00353642913892	-0.000440803557265
-59	41	-20	0.00141406865186	-0.0036201931154	-0.000483872487771
-57	41	-20	0.00141646913751	-0.00370043784673	-0.000506343022303
-55	41	-20	0.00141425164986	-0.00377494084761	-0.000504352385459
-53	41	-20	0.0014063085315	-0.00384410934711	-0.000476463320189
-51	41	-20	0.00139307214626	-0.00391116747088	-0.00042401353619
-49	41	-20	0.00137623852725	-0.00398137925386	-0.000351031325556
-47	41	-20	0.00135806190047	-0.00406054237234	-0.000263750766414
-45	41	-20	0.00134043045312	-0.00415323444567	-0.00016984882306
-43	41	-20	0.0013240049816	-0.00426139139193	-7.75767060125e-05
-41	41	-20	0.00130768729007	-0.00438370747731	5.04332171186e-06
-39	41	-20	0.00128858977604	-0.00451609063936	7.083294181e-05
-37	41	-20	0.00126253155809	-0.00465306090717	0.000113838922744
-35	41	-20	0.00122493453373	-0.00478965377596	0.000129513612847
-33	41	-20	0.00117188015186	-0.0049231926408	0.00011478226868
-31	41	-20	0.00110104625822	-0.00505429688377	6.80970074369e-05
-29	41	-20	0.00101228235407	-0.00518670533946	-1.0455362823e-05
-27	41	-20	0.000907685965108	-0.0053258609474	-0.000118989069057
-25	41	-20	0.000791179226557	-0.00547661097638	-0.000253668474867
-23	41	-20	0.000667712917037	-0.00564069824234	-0.000408691827901
-21	41	-20	0.000542310287048	-0.0058148437701	-0.000576537941367
-19	41	-20	0.000419185835072	-0.00599009953273	-0.000748556684142
-17	41	-20	0.000301134967925	-0.00615280703574	-0.000915890557351
-15	41	-20	0.000189306791881	-0.00628703099552	-0.00107060061596
-13	41	-20	8.33716241533e-05	-0.00637788774971	-0.00120677217113
-11	41	-20	-1.79947117846e-05	-0.00641489558317	-0.00132133045043
-9	41	-20	-0.000116445617014	-0.00639443399246	-0.00141432742243
-7	41	-20	-0.00021327111449	-0.00632062957839	-0.00148856979938
-5	41	-20	-0.000308813173103	-0.00620442219697	-0.00154862094759
-3	41	-20	-0.000402082074877	-0.00606107607512	-0.00159938199451
-1	41	-20	-0.000490616637056	-0.00590683262168	-0.00164458809311
1	41	-20	-0.000570586190771	-0.00575562494363	-0.00168560143562
3	41	-20	-0.000637100843542	-0.00561672416429	-0.0017208232843
5	41	-20	-0.000684680529104	-0.00549388508362	-0.00174589426161
7	41	-20	-0.000707829382877	-0.00538610156654	-0.00175464592635
9	41	-20	-0.00070166411173	-0.00528961381998	-0.0017405654372
11	41	-20	-0.000662547264296	-0.00520047352779	-0.00169839699638
13	41	-20	-0.000588674757821	-0.00511686641588	-0.00162546875541
15	41	-20	-0.00048056110887	-0.00504053790996	-0.00152241135007
17	41	-20	-0.000341358557796	-0.00497700828248	-0.00139310039721
19	41	-20	-0.00017694353511	-0.00493468070305	-0.00124386105265
21	41	-20	4.28727510912e-06	-0.00492329884204	-0.00108215947596
23	41	-20	0.000191942952834	-0.00495238358299	-0.000915123684641
25	41	-20	0.000374473200275	-0.00503021551701	-0.000748257683011
27	41	-20	0.000540239754593	-0.00516365513328	-0.00058464006411
29	41	-20	0.000678690431384	-0.00535870256016	-0.000424759657088
31	41	-20	0.000781453992912	-0.00562133262446	-0.000266979422125
33	41	-20	0.000843156653242	-0.00595793634633	-0.00010847957448
35	41	-20	0.000861785657907	-0.00637474664326	5.35562989778e-05
37	41	-20	0.000838493451498	-0.00687593334298	0.000220770029813
39	41	-20	0.000776836893057	-0.00746054043956	0.000392693557678
41	41	-20	0.0006815592204	-0.0081189565166	0.000566195832991
43	41	-20	0.000557122964472	-0.00882998061841	0.000735371566552
45	41	-20	0.000406267341486	-0.00955962356173	0.000891855028508
47	41	-20	0.000228879890957	-0.0102625030017	0.0010254891112
49	41	-20	2.14365135948e-05	-0.0108860944092	0.00112525302046
51	41	-20	-0.000222816295777	-0.0113773404303	0.00118034555962
53	41	-20	-0.000512875278218	-0.0116904146831	0.00118132509239
55	41	-20	-0.000858257533215	-0.0117940003792	0.00112121219147
57	41	-20	-0.00126673976247	-0.0116764274537	0.000996460647438
59	41	-20	-0.00174187822057	-0.0113474421172	0.000807696478713
61	41	-20	-0.00228071885251	-0.0108361539386	0.000560118270926
63	41	-20	-0.00287214819528	-0.0101856078113	0.00026345553362
65	41	-20	-0.00349630451951	-0.00944521189508	-6.8593691527e-05
67	41	-20	-0.00412534886218	-0.00866270590884	-0.000419470277852
69	41	-20	-0.0047256867982	-0.00787736641604	-0.000771345461652
71	41	-20	-0.00526145892351	-0.00711573723384	-0.00110702962376
73	41	-20	-0.00569883303312	-0.00639048128271	-0.00141192894396
75	41	-20	-0.00601040409736	-0.00570218048025	-0.00167571197753
77	41	-20	-0.00617890892138	-0.00504326955288	-0.00189334505657
79	41	-20	-0.00619953609107	-0.00440292595838	-0.00206523664478
81	41	-20	-0.00608035995369	-0.00377170530283	-0.0021963931817
83	41	-20	-0.00584080081106	-0.00314496704839	-0.00229470281127
85	41	-20	-0.00550842268688	-0.00252456696549	-0.00236867706314
87	41	-20	-0.0051147202626	-0.00191876282218	-0.00242513398202
89	41	-20	-0.00469072989822	-0.00134066780449	-0.00246734951219
91	41	-20	-0.00426328215527	-0.000805818732166	-0.00249411496121
93	41	-20	-0.00385250798091	-0.000329486215355	-0.00249993242578
95	41	-20	-0.00347088191049	7.57287018836e-05	-0.00247630797554
97	41	-20	-0.00312372679063	0.000401636236785	-0.00241383643718
99	41	-20	-0.00281080874068	0.00064535937324	-0.00230458387907
-99	43	-20	0.00145589733087	-0.00111763458732	-5.49539696701e-05
-97	43	-20	0.00151585342534	-0.00124573382087	-8.19233784302e-05
-95	43	-20	0.00154425175904	-0.00137877947583	-9.35507039515e-05
-93	43	-20	0.00154704868329	-0.00151932234175	-9.29377642892e-05
-91	43	-20	0.00153176830056	-0.00166880361776	-8.40962338449e-05
-89	43	-20	0.00150609005522	-0.00182674013594	-7.13022060885e-05
-87	43	-20	0.00147657486927	-0.00199031923156	-5.85057851307e-05
-85	43	-20	0.00144781415141	-0.00215457719097	-4.89228735671e-05
-83	43	-20	0.00142216580372	-0.00231318844793	-4.48776225966e-05
-81	43	-20	0.00140007691604	-0.00245971824166	-4.7885707414e-05
-79	43	-20	0.00138083225635	-0.00258904041862	-5.88946045274e-05
-77	43	-20	0.00136345844356	-0.00269854454567	-7.8550834013e-05
-75	43	-20	0.00134748785084	-0.00278878475328	-0.000107361145013
-73	43	-20	0.00133335023196	-0.00286335839242	-0.000145657047545
-71	43	-20	0.00132229251198	-0.00292801295493	-0.00019334759744
-69	43	-20	0.00131588588047	-0.00298920515549	-0.00024953043097
-67	43	-20	0.00131531434769	-0.0030525072714	-0.000312098111076
-65	43	-20	0.00132070833946	-0.00312131564972	-0.000377502814635
-63	43	-20	0.00133076983931	-0.00319623933267	-0.000440816300891
-61	43	-20	0.00134283857573	-0.00327534981625	-0.000496149135769
-59	43	-20	0.0013534034568	-0.00335521222032	-0.000537393634521
-57	43	-20	0.00135891648497	-0.00343237323705	-0.000559158485336
-55	43	-20	0.00135666451243	-0.0035048306892	-0.000557699187156
-53	43	-20	0.00134542962744	-0.0035730053254	-0.000531637568827
-51	43	-20	0.00132572932958	-0.00363988481406	-0.000482310008545
-49	43	-20	0.00129955384959	-0.00371027074508	-0.00041367417875
-47	43	-20	0.00126967044568	-0.00378935186572	-0.000331811362564
-45	43	-20	0.00123869592875	-0.00388105708265	-0.000244153857245
-43	43	-20	0.00120820884495	-0.00398673230478	-0.000158618127862
-41	43	-20	0.00117816104458	-0.00410460031025	-8.28211668864e-05
-39	43	-20	0.00114675970287	-0.00423022233357	-2.35043035532e-05
-37	43	-20	0.00111085349684	-0.00435785547864	1.37945684035e-05
-35	43	-20	0.00106671275446	-0.00448229371603	2.48639025289e-05
-33	43	-20	0.00101098558294	-0.00460059352442	6.83759342591e-06
-31	43	-20	0.000941570229676	-0.00471308564772	-4.17769509037e-05
-29	43	-20	0.000858177069115	-0.00482327191893	-0.000120986004418
-27	43	-20	0.000762447852026	-0.00493654709646	-0.000229108345224
-25	43	-20	0.000657624414354	-0.00505806741627	-0.000362562775276
-23	43	-20	0.000547876638697	-0.00519038908657	-0.000515779689499
-21	43	-20	0.000437478001316	-0.00533162026262	-0.000681382369157
-19	43	-20	0.000330038687873	-0.00547472164034	-0.000850735015303
-17	43	-20	0.000227971249467	-0.00560827721566	-0.0010148554554
-15	43	-20	0.000132288252084	-0.0057186277336	-0.00116556824547
-13	43	-20	4.27406947841e-05	-0.00579284452158	-0.00129666743979
-11	43	-20	-4.17739728851e-05	-0.0058217500869	-0.00140480626902
-9	43	-20	-0.000122655757743	-0.00580215180839	-0.00148985871269
-7	43	-20	-0.00020103270371	-0.00573766353498	-0.0015546075054
-5	43	-20	-0.000277292943199	-0.00563788690963	-0.00160378001039
-3	43	-20	-0.000350792002193	-0.00551619046051	-0.00164263213044
-1	43	-20	-0.000419762211632	-0.0053867185765	-0.00167541753424
1	43	-20	-0.000481411370304	-0.00526146552769	-0.00170413030483
3	43	-20	-0.000532173063241	-0.00514820268669	-0.00172785287287
5	43	-20	-0.000568062549229	-0.00504976904184	-0.00174288889106
7	43	-20	-0.000585095803507	-0.00496481612072	-0.00174365349636
9	43	-20	-0.000579738129482	-0.00488967051383	-0.00172409012455
11	43	-20	-0.000549355653771	-0.00482067187015	-0.00167924254423
13	43	-20	-0.00049264325084	-0.00475625132537	-0.00160657354023
15	43	-20	-0.000409995080772	-0.00469815536218	-0.0015066972576
17	43	-20	-0.000303772168674	-0.00465153920501	-0.00138335666935
19	43	-20	-0.000178411764645	-0.0046240421078	-0.0012426815642
21	43	-20	-4.03233786993e-05	-0.00462428423857	-0.00109194692605
23	43	-20	0.000102467175516	-0.00466038304481	-0.000938166352669
25	43	-20	0.000240929345992	-0.00473902452378	-0.000786873305647
27	43	-20	0.000365848757055	-0.00486536413895	-0.000641367300295
29	43	-20	0.000468756674997	-0.00504366337832	-0.000502561919247
31	43	-20	0.000542822598282	-0.00527822117794	-0.000369411379691
33	43	-20	0.000583544786226	-0.00557396308371	-0.000239757473829
35	43	-20	0.000589089067064	-0.00593608928982	-0.000111361417607
37	43	-20	0.000560178885577	-0.00636846488964	1.71227785411e-05
39	43	-20	0.000499520899884	-0.00687088791254	0.000145424834253
41	43	-20	0.000410843773483	-0.00743585394929	0.000271288905753
43	43	-20	0.000297712630918	-0.00804578680174	0.000390470739029
45	43	-20	0.000162339448682	-0.00867178647371	0.000497042512873
47	43	-20	4.62863043752e-06	-0.00927469760059	0.000583911051256
49	43	-20	-0.000178325955396	-0.00980876337244	0.000643455496085
51	43	-20	-0.000392136639598	-0.0102274395652	0.000668215573856
53	43	-20	-0.000644343356951	-0.0104902980753	0.000651593415549
55	43	-20	-0.000943000550746	-0.0105695475969	0.000588552823432
57	43	-20	-0.00129478296936	-0.0104546760547	0.000476298454399
59	43	-20	-0.00170287193571	-0.0101541012033	0.000314892239711
61	43	-20	-0.00216497044764	-0.00969340714443	0.000107725072301
63	43	-20	-0.00267184041114	-0.00911055603347	-0.000138273552774
65	43	-20	-0.0032067363509	-0.00844917070686	-0.000412815497912
67	43	-20	-0.00374601055313	-0.00775139400834	-0.000702919265535
69	43	-20	-0.00426098346529	-0.00705184427069	-0.000994076955269
71	43	-20	-0.00472093223748	-0.00637382156904	-0.00127182322937
73	43	-20	-0.00509679620144	-0.00572829949963	-0.00152348136312
75	43	-20	-0.00536499407568	-0.00511554702423	-0.00173976505313
77	43	-20	-0.00551065638999	-0.00452865044013	-0.00191588480214
79	43	-20	-0.00552963887462	-0.00395787999599	-0.00205186835913
81	43	-20	-0.00542890002646	-0.00339481748484	-0.00215195507551
83	43	-20	-0.00522515521621	-0.00283539187079	-0.00222313448241
85	43	-20	-0.00494208101239	-0.0022813587435	-0.00227311684403
87	43	-20	-0.00460664381658	-0.00174018189934	-0.00230818588775
89	43	-20	-0.00424528824282	-0.00122362309621	-0.00233143963148
91	43	-20	-0.00388070389558	-0.000745552966459	-0.00234185043042
93	43	-20	-0.00352970593907	-0.000319547090419	-0.00233438380827
95	43	-20	-0.00320247228746	4.324633012e-05	-0.0023011563543
97	43	-20	-0.00290306168272	0.000335635893534	-0.0022333562624
99	43	-20	-0.00263087538882	0.000555160687825	-0.00212346624109
-99	45	-20	0.00135211024574	-0.00108351939287	-7.54125697593e-05
-97	45	-20	0.00140865065741	-0.00120118993449	-0.000104902426287
-95	45	-20	0.00143513244245	-0.00132164565097	-0.000119250019685
-93	45	-20	0.00143722396485	-0.00144749032435	-0.000121553591941
-91	45	-20	0.00142209521676	-0.00158042373312	-0.000115772913485
-89	45	-20	0.00139707765759	-0.00172044099517	-0.000106067199115
-87	45	-20	0.00136845402793	-0.00186540521196	-9.61971003582e-05
-85	45	-20	0.00134064777662	-0.00201116336794	-8.91218940545e-05
-83	45	-20	0.00131596781964	-0.00215223782742	-8.68619884494e-05
-81	45	-20	0.00129490849085	-0.00228296117112	-9.06156139118e-05
-79	45	-20	0.00127685235502	-0.00239877881337	-0.000101041684888
-77	45	-20	0.00126092009525	-0.00249736916172	-0.000118572490363
-75	45	-20	0.00124668732749	-0.00257925553193	-0.000143616059575
-73	45	-20	0.00123454899374	-0.00264770935306	-0.000176551088222
-71	45	-20	0.0012256377396	-0.00270793986662	-0.000217494627628
-69	45	-20	0.00122135328159	-0.0027657757896	-0.000265910315964
-67	45	-20	0.00122268782308	-0.00282620442417	-0.000320194533271
-65	45	-20	0.00122959827448	-0.00289218999791	-0.000377405897399
-63	45	-20	0.00124065954725	-0.00296412181394	-0.000433278746257
-61	45	-20	0.001253140726	-0.00304005968023	-0.000482588844763
-59	45	-20	0.00126350754578	-0.00311670144406	-0.000519840040208
-57	45	-20	0.00126821459036	-0.00319076955952	-0.000540143814794
-55	45	-20	0.00126455342777	-0.00326037375481	-0.000540099566384
-53	45	-20	0.00125129914019	-0.00332590352989	-0.000518472430442
-51	45	-20	0.00122895469461	-0.00339014413596	-0.000476511797683
-49	45	-20	0.00119951227257	-0.003457553636	-0.000417843884862
-47	45	-20	0.00116579556989	-0.00353291197449	-0.000347978699058
-45	45	-20	0.00113057234638	-0.00361976819549	-0.000273563443973
-43	45	-20	0.00109569406841	-0.00371919648505	-0.000201564036401
-41	45	-20	0.00106150975001	-0.00382929220488	-0.000138550814668
-39	45	-20	0.00102671859164	-0.00394561399019	-9.02082606473e-05
-37	45	-20	0.000988697292934	-0.00406247401036	-6.11020520344e-05
-35	45	-20	0.000944202619874	-0.00417469117598	-5.46495499356e-05
-33	45	-20	0.000890247981989	-0.00427924611711	-7.31809777881e-05
-31	45	-20	0.000824912599853	-0.00437627523104	-0.000117967322981
-29	45	-20	0.00074787166869	-0.00446902350558	-0.000189130609672
-27	45	-20	0.000660522910932	-0.00456269252403	-0.000285428565886
-25	45	-20	0.000565700322464	-0.00466247562277	-0.000403991596982
-23	45	-20	0.000467074950832	-0.00477135419665	-0.000540153402823
-21	45	-20	0.000368415255025	-0.0048883437916	-0.000687531156429
-19	45	-20	0.000272899372868	-0.00500778162128	-0.000838465305861
-17	45	-20	0.000182638743488	-0.00511995997957	-0.000984831078533
-15	45	-20	9.85021893176e-05	-0.00521301543466	-0.00111911092598
-13	45	-20	2.02455610326e-05	-0.00527560123518	-0.00123550838944
-11	45	-20	-5.31213006827e-05	-0.00529961929375	-0.00133082792456
-9	45	-20	-0.000122843571591	-0.00528224937113	-0.00140486761572
-7	45	-20	-0.000189929517532	-0.00522670268621	-0.00146017489614
-5	45	-20	-0.000254759370031	-0.0051414900381	-0.00150117574041
-3	45	-20	-0.0003168560936	-0.00503842102964	-0.0015328610664
-1	45	-20	-0.000374834035239	-0.00492991124038	-0.00155934823128
1	45	-20	-0.000426504750158	-0.00482635900498	-0.00158268704796
3	45	-20	-0.000469098499892	-0.00473430866756	-0.00160222832286
5	45	-20	-0.00049955600913	-0.00465586043397	-0.00161472900813
7	45	-20	-0.000514853532799	-0.00458940138301	-0.00161517096182
9	45	-20	-0.000512337558797	-0.00453133949724	-0.00159807661702
11	45	-20	-0.000490055870641	-0.00447824405969	-0.00155897109223
13	45	-20	-0.000447073968712	-0.00442871418997	-0.00149560524172
15	45	-20	-0.000383758758971	-0.00438443137324	-0.00140862690466
17	45	-20	-0.000301998054141	-0.00435015134497	-0.00130154497159
19	45	-20	-0.000205311269459	-0.00433275342117	-0.00118002516761
21	45	-20	-9.88015873443e-05	-0.00433977032931	-0.00105073081204
23	45	-20	1.10905917147e-05	-0.00437796802376	-0.000920027915704
25	45	-20	0.000117046174282	-0.00445248484267	-0.000792886211829
27	45	-20	0.000211509740644	-0.00456679341943	-0.000672229559586
29	45	-20	0.000287440420992	-0.00472340083024	-0.000558850083191
31	45	-20	0.000339055553625	-0.00492487358339	-0.000451844977623
33	45	-20	0.000362430800971	-0.00517458395024	-0.000349408106494
35	45	-20	0.000355828804033	-0.00547660160019	-0.000249742257623
37	45	-20	0.000319667904893	-0.00583440908682	-0.000151862885093
39	45	-20	0.000256106632926	-0.00624853416106	-5.61289448366e-05
41	45	-20	0.000168295359748	-0.00671363882923	3.55664867171e-05
43	45	-20	5.94175074814e-05	-0.00721593458541	0.000119917121789
45	45	-20	-6.83058998157e-05	-0.00773188036495	0.000192540683612
47	45	-20	-0.00021445256804	-0.00822890760143	0.000248415421326
49	45	-20	-0.000380891284471	-0.00866844063519	0.000282320622346
51	45	-20	-0.000571787256545	-0.00901086377558	0.000289235499066
53	45	-20	-0.000793044954902	-0.00922150598445	0.00026470470761
55	45	-20	-0.00105119966837	-0.00927634843463	0.000205213268231
57	45	-20	-0.00135186708303	-0.00916613073888	0.00010861327734
59	45	-20	-0.00169795927988	-0.00889786256696	-2.53926448985e-05
61	45	-20	-0.0020879604155	-0.0084933546335	-0.000194768332325
63	45	-20	-0.00251460570645	-0.00798509887294	-0.000394781694469
65	45	-20	-0.00296430100097	-0.00741045235394	-0.000617919363102
67	45	-20	-0.00341754030015	-0.00680544341316	-0.000854221314593
69	45	-20	-0.00385042263625	-0.00619953279553	-0.0010921066788
71	45	-20	-0.00423715699467	-0.0056123427089	-0.00131964259725
73	45	-20	-0.00455321656263	-0.00505282153866	-0.00152607081686
75	45	-20	-0.00477861871835	-0.00452070459523	-0.00170329353174
77	45	-20	-0.00490072151041	-0.00400962609566	-0.00184697229425
79	45	-20	-0.00491597796686	-0.0035109523312	-0.00195693846775
81	45	-20	-0.00483027835878	-0.00301738339068	-0.00203675161173
83	45	-20	-0.00465779910745	-0.00252557676625	-0.00209244450142
85	45	-20	-0.00441859488416	-0.00203739118031	-0.00213070744744
87	45	-20	-0.00413543507481	-0.00155972283603	-0.00215692834402
89	45	-20	-0.00383052779605	-0.00110321275827	-0.00217356669274
91	45	-20	-0.00352275937743	-0.000680284481545	-0.00217927542439
93	45	-20	-0.00322591490311	-0.000303012971611	-0.00216900610982
95	45	-20	-0.00294808669954	1.87468603175e-05	-0.00213508791756
97	45	-20	-0.00269219644653	0.000278684425913	-0.00206902595078
99	45	-20	-0.00245732658543	0.000474683047767	-0.00196358799548
-99	47	-20	0.00125865195392	-0.00104999815486	-9.6277560747e-05
-97	47	-20	0.00131367444775	-0.00115803740448	-0.000127188844498
-95	47	-20	0.00134041007438	-0.00126691772016	-0.000142826962533
-93	47	-20	0.00134422098364	-0.00137928900456	-0.000146297862461
-91	47	-20	0.00133186174633	-0.00149708611813	-0.000141544205086
-89	47	-20	0.00131020276402	-0.00162074326008	-0.000132664162568
-87	47	-20	0.001285082034	-0.00174874806463	-0.000123299541939
-85	47	-20	0.00126054239799	-0.00187770124799	-0.000116228766298
-83	47	-20	0.00123860219739	-0.00200291850432	-0.000113237859235
-81	47	-20	0.00121955802808	-0.0021194559487	-0.000115259217134
-79	47	-20	0.00120267262988	-0.00222330439842	-0.000122688684261
-77	47	-20	0.00118700194013	-0.00231242592116	-0.000135740902956
-75	47	-20	0.00117209203514	-0.00238732724957	-0.000154697424641
-73	47	-20	0.00115833489244	-0.00245098066649	-0.000179944168603
-71	47	-20	0.00114689234056	-0.00250808527459	-0.000211771987275
-69	47	-20	0.00113924190356	-0.00256385795926	-0.000250002285919
-67	47	-20	0.00113652120911	-0.00262269307257	-0.000293570563051
-65	47	-20	0.00113891116036	-0.002687082808	-0.000340230739643
-63	47	-20	0.00114528318662	-0.00275712405997	-0.00038652090389
-61	47	-20	0.00115324841781	-0.00283076678914	-0.000428061593659
-59	47	-20	0.00115961513629	-0.00290473247122	-0.000460161149768
-57	47	-20	0.00116112743619	-0.00297581852932	-0.000478608362829
-55	47	-20	0.00115526491568	-0.00304217427239	-0.000480470013442
-53	47	-20	0.00114085958021	-0.00310413114754	-0.000464700042254
-51	47	-20	0.00111833897273	-0.00316430138225	-0.000432412152824
-49	47	-20	0.00108951687198	-0.00322688767285	-0.0003867553831
-47	47	-20	0.00105698936107	-0.00329640265776	-0.000332435979531
-45	47	-20	0.00102331234056	-0.0033761986408	-0.000275017272416
-43	47	-20	0.000990200686096	-0.00346728749379	-0.000220175821679
-41	47	-20	0.000957980711075	-0.00356785658848	-0.000173084010809
-39	47	-20	0.000925450592623	-0.00367367615361	-0.000138031101089
-37	47	-20	0.000890182901437	-0.00377930889174	-0.000118306907268
-35	47	-20	0.000849176608685	-0.00387976324361	-0.000116284233722
-33	47	-20	0.000799670572896	-0.00397206582074	-0.000133577139297
-31	47	-20	0.000739893021597	-0.00405622522489	-0.000171141356763
-29	47	-20	0.000669549765032	-0.00413522779318	-0.000229224114239
-27	47	-20	0.000589935699656	-0.00421399971724	-0.000307149175375
-25	47	-20	0.000503662496858	-0.00429760083707	-0.000403011897749
-23	47	-20	0.000414097437558	-0.00438917875804	-0.000513426485652
-21	47	-20	0.000324675949117	-0.00448832056557	-0.000633486892324
-19	47	-20	0.000238267933668	-0.00459035207828	-0.000757062142741
-17	47	-20	0.000156745844355	-0.00468687097498	-0.000877453933381
-15	47	-20	8.08352049621e-05	-0.00476743664949	-0.000988325512244
-13	47	-20	1.0248598915e-05	-0.00482198672385	-0.00108470370131
-11	47	-20	-5.59647390661e-05	-0.00484331793951	-0.00116379795042
-9	47	-20	-0.000118962908195	-0.00482893239916	-0.00122539629088
-7	47	-20	-0.000179665354145	-0.00478172369194	-0.00127169078482
-5	47	-20	-0.000238410721187	-0.00470931054599	-0.00130653259858
-3	47	-20	-0.000294771567345	-0.00462221727698	-0.00133427775586
-1	47	-20	-0.000347534644177	-0.00453143071908	-0.00135851020425
1	47	-20	-0.000394820262371	-0.00444603189928	-0.00138097831839
3	47	-20	-0.000434295580949	-0.00437155763318	-0.00140103521277
5	47	-20	-0.000463435322783	-0.00430950893026	-0.001415741842
7	47	-20	-0.000479794737399	-0.00425806659495	-0.00142061122631
9	47	-20	-0.000481275796201	-0.00421371232229	-0.00141079474539
11	47	-20	-0.000466380653959	-0.0041731982281	-0.00138238969449
13	47	-20	-0.000434450812558	-0.00413523570337	-0.00133351709807
15	47	-20	-0.000385884662307	-0.00410140289838	-0.00126488830171
17	47	-20	-0.000322312948597	-0.00407605212392	-0.00117972617954
19	47	-20	-0.00024669735672	-0.00406533871444	-0.00108308708608
21	47	-20	-0.00016330933966	-0.00407577858999	-0.000980789581476
23	47	-20	-7.75509292152e-05	-0.00411287877076	-0.000878250200101
25	47	-20	4.40052136994e-06	-0.00418032841014	-0.000779531461941
27	47	-20	7.61080158542e-05	-0.00428000652899	-0.000686827070597
29	47	-20	0.00013149534786	-0.00441273437094	-0.000600472886185
31	47	-20	0.000165480881435	-0.00457938772076	-0.000519423434456
33	47	-20	0.000174512827325	-0.00478179915252	-0.000442016336233
35	47	-20	0.000156896973039	-0.00502289579385	-0.00036679199073
37	47	-20	0.000112836082645	-0.00530574476548	-0.000293152640308
39	47	-20	4.41493937922e-05	-0.00563155525527	-0.000221720653035
41	47	-20	-4.62991173975e-05	-0.00599709737629	-0.000154361000756
43	47	-20	-0.000155376176755	-0.00639230694789	-9.39319431692e-05
45	47	-20	-0.000280524869164	-0.00679893810563	-4.3890756157e-05
47	47	-20	-0.000420522019028	-0.00719094962074	-7.8922480081e-06
49	47	-20	-0.000575988552774	-0.00753689634117	1.05206791493e-05
51	47	-20	-0.00074951895348	-0.00780405328037	8.10426038651e-06
53	47	-20	-0.000945344214393	-0.00796348401702	-1.79797067613e-05
55	47	-20	-0.00116851159009	-0.00799493522812	-7.00507903681e-05
57	47	-20	-0.00142364916629	-0.0078904035096	-0.000149700792817
59	47	-20	-0.00171347511201	-0.00765550132335	-0.000257444161636
61	47	-20	-0.00203729582971	-0.00730827301205	-0.000392261247598
63	47	-20	-0.0023897936671	-0.00687573292132	-0.000551150555041
65	47	-20	-0.00276041085382	-0.0063889413521	-0.000728861673766
67	47	-20	-0.00313357443578	-0.00587775201546	-0.000917982175759
69	47	-20	-0.00348987361062	-0.0053663790889	-0.00110948833537
71	47	-20	-0.00380811292498	-0.00487065595736	-0.00129375134014
73	47	-20	-0.0040679604087	-0.00439738582463	-0.00146184854475
75	47	-20	-0.00425274093503	-0.00394565844046	-0.00160690693705
77	47	-20	-0.00435184345384	-0.00350957030943	-0.00172514667081
79	47	-20	-0.00436225005227	-0.00308154042882	-0.0018163246587
81	47	-20	-0.00428885732201	-0.00265539700311	-0.00188340395728
83	47	-20	-0.00414351243249	-0.00222859276042	-0.00193146632963
85	47	-20	-0.00394296522159	-0.00180320911765	-0.00196609156007
87	47	-20	-0.00370617038525	-0.00138573601565	-0.00199158740252
89	47	-20	-0.00345149897023	-0.000985880516706	-0.00200951782286
91	47	-20	-0.00319440503334	-0.000614812153489	-0.00201792033963
93	47	-20	-0.0029459504526	-0.000283285446286	-0.00201143710428
95	47	-20	-0.00271236317621	-1.22921003477e-08	-0.00198235329976
97	47	-20	-0.00249555700845	0.000229469912239	-0.00192230481489
99	47	-20	-0.00229433959581	0.000403331075292	-0.00182424952183
-99	49	-20	0.00117544923677	-0.0010181242518	-0.000116563741621
-97	49	-20	0.00123006843642	-0.00111747010114	-0.000148213426247
-95	49	-20	0.00125823473238	-0.00121594287402	-0.000164276118365
-93	49	-20	0.00126500905027	-0.00131623085856	-0.000167872506466
-91	49	-20	0.00125671724787	-0.00142047662123	-0.000162950038163
-89	49	-20	0.00123972920389	-0.00152950642888	-0.000153582055783
-87	49	-20	0.00121936853244	-0.00164236907826	-0.000143339111972
-85	49	-20	0.00119919935584	-0.00175634593153	-0.00013487246616
-83	49	-20	0.0011808309836	-0.00186747250117	-0.000129786550709
-81	49	-20	0.00116423735373	-0.00197146491308	-0.000128792288122
-79	49	-20	0.00114844762358	-0.00206481527069	-0.000132051870056
-77	49	-20	0.00113236880642	-0.00214575075774	-0.000139572905938
-75	49	-20	0.00111547880922	-0.00221476966623	-0.000151502305417
-73	49	-20	0.00109818427365	-0.00227457526238	-0.00016821062662
-71	49	-20	0.00108175374555	-0.00232939876178	-0.000190133592658
-69	49	-20	0.00106787608951	-0.00238388662766	-0.000217425232751
-67	49	-20	0.00105801321098	-0.00244186784191	-0.000249548608496
-65	49	-20	0.0010527784726	-0.00250536663834	-0.000284961896386
-63	49	-20	0.00105155939237	-0.0025741643977	-0.000321038410897
-61	49	-20	0.00105252074461	-0.00264605453902	-0.000354293666551
-59	49	-20	0.00105299923421	-0.00271772215289	-0.000380900344554
-57	49	-20	0.00105017356323	-0.00278598091594	-0.000397381536235
-55	49	-20	0.00104180419087	-0.00284897779455	-0.000401312392871
-53	49	-20	0.0010268131701	-0.00290697376618	-0.000391849760409
-51	49	-20	0.00100552291463	-0.0029624322245	-0.000369952551914
-49	49	-20	0.000979477635355	-0.00301936152595	-0.000338239670022
-47	49	-20	0.000950899160925	-0.00308209881614	-0.000300531481631
-45	49	-20	0.000921939998694	-0.00315391205824	-0.000261204651908
-43	49	-20	0.000893956885894	-0.00323587234619	-0.000224533011428
-41	49	-20	0.000867020240965	-0.00332637971439	-0.000194176606511
-39	49	-20	0.000839802781154	-0.0034215287398	-0.000172921740467
-37	49	-20	0.000809877600922	-0.00351623350677	-0.000162686714721
-35	49	-20	0.000774337301753	-0.00360577844741	-0.000164720206618
-33	49	-20	0.000730556788461	-0.00368730497267	-0.000179860553915
-31	49	-20	0.000676888034229	-0.00376073892595	-0.000208713891989
-29	49	-20	0.000613102778678	-0.0038288193572	-0.000251650537993
-27	49	-20	0.000540477210268	-0.00389616216846	-0.000308598520287
-25	49	-20	0.000461515469041	-0.00396760032181	-0.000378703912659
-23	49	-20	0.000379405147919	-0.00404628830748	-0.00045999809175
-21	49	-20	0.000297361108642	-0.00413216124025	-0.000549236003285
-19	49	-20	0.000218029122574	-0.00422125981933	-0.000642035036342
-17	49	-20	0.000143088643572	-0.00430618956684	-0.000733358168857
-15	49	-20	7.31285105637e-05	-0.00437764698812	-0.000818272510163
-13	49	-20	7.79250458547e-06	-0.00442661887041	-0.00089281091665
-11	49	-20	-5.38741765427e-05	-0.00444664588382	-0.00095470550186
-9	49	-20	-0.000112985130175	-0.00443550720082	-0.00100377119878
-7	49	-20	-0.000170392597175	-0.00439584276334	-0.00104179812702
-5	49	-20	-0.000226376127423	-0.00433453713198	-0.0010719434811
-3	49	-20	-0.000280488031992	-0.00426105004659	-0.00109775913248
-1	49	-20	-0.000331559417659	-0.00418518311939	-0.0011221055268
1	49	-20	-0.000377836019857	-0.00411492636941	-0.00114624848132
3	49	-20	-0.000417195346639	-0.00405498657646	-0.00116939556724
5	49	-20	-0.000447396626681	-0.00400637711521	-0.00118881150391
7	49	-20	-0.000466327987073	-0.00396711763376	-0.00120049039508
9	49	-20	-0.000472233313496	-0.00393375637167	-0.00120020433182
11	49	-20	-0.000463916323604	-0.0039031925	-0.00118464040498
13	49	-20	-0.000440925843237	-0.00387421179914	-0.00115231399027
15	49	-20	-0.000403722359075	-0.00384827210416	-0.00110401241434
17	49	-20	-0.0003538140479	-0.0038293413288	-0.00104265932134
19	49	-20	-0.000293836278584	-0.00382291139549	-0.000972654756773
21	49	-20	-0.000227539011514	-0.00383458044431	-0.00089888984585
23	49	-20	-0.000159647591876	-0.00386872505816	-0.000825716240353
25	49	-20	-9.55771044773e-05	-0.00392773148798	-0.000756147782753
27	49	-20	-4.10073370943e-05	-0.00401203732493	-0.00069148981723
29	49	-20	-1.35873743931e-06	-0.00412092500745	-0.000631458660561
31	49	-20	1.87591481225e-05	-0.00425371073649	-0.000574712185848
33	49	-20	1.60355357824e-05	-0.00441079079945	-0.000519604701579
35	49	-20	-1.12102351568e-05	-0.00459401120067	-0.00046493490052
37	49	-20	-6.29277963815e-05	-0.00480602628557	-0.000410482978976
39	49	-20	-0.000137502863255	-0.00504865318421	-0.000357217959579
41	49	-20	-0.000232183041805	-0.00532060634677	-0.000307167910503
43	49	-20	-0.000343704623801	-0.00561528613561	-0.000263047116018
45	49	-20	-0.000469021339153	-0.00591939361254	-0.000227794063877
47	49	-20	-0.000606008246719	-0.00621300178258	-0.00020417639025
49	49	-20	-0.000754003779754	-0.00647135728429	-0.000194567249959
51	49	-20	-0.000914062817098	-0.00666821156611	-0.000200913159099
53	49	-20	-0.00108882503134	-0.00678002558931	-0.00022482762683
55	49	-20	-0.00128195614531	-0.00679009621296	-0.000267689131132
57	49	-20	-0.00149719298459	-0.00669161110442	-0.000330617083973
59	49	-20	-0.00173710915569	-0.00648887261905	-0.000414248871882
61	49	-20	-0.00200180265523	-0.00619637709668	-0.000518329334326
63	49	-20	-0.00228776911867	-0.00583596806563	-0.00064122099272
65	49	-20	-0.00258724176445	-0.0054327492419	-0.000779513417682
67	49	-20	-0.00288823335548	-0.00501071773814	-0.000927923952384
69	49	-20	-0.00317540203781	-0.00458909212827	-0.00107962682401
71	49	-20	-0.00343169656183	-0.00418007484401	-0.00122703314962
73	49	-20	-0.0036405518562	-0.00378838494854	-0.00136290157416
75	49	-20	-0.00378825078627	-0.00341244759662	-0.00148153253735
77	49	-20	-0.00386598930396	-0.00304675361098	-0.00157973244142
79	49	-20	-0.00387121110304	-0.00268469482851	-0.00165725631316
81	49	-20	-0.00380791692579	-0.00232117011486	-0.00171655194148
83	49	-20	-0.00368587307215	-0.0019544171658	-0.00176180859922
85	49	-20	-0.00351888816934	-0.0015867884685	-0.00179750983439
87	49	-20	-0.00332253202794	-0.0012244723896	-0.00182684412301
89	49	-20	-0.00311178087219	-0.000876389217655	-0.00185039044666
91	49	-20	-0.0028990619655	-0.000552622959021	-0.00186544457457
93	49	-20	-0.00269304538015	-0.000262773528944	-0.00186619638913
95	49	-20	-0.00249833078342	-1.45507203982e-05	-0.00184475103369
97	49	-20	-0.00231596032604	0.00018718262893	-0.00179276810215
99	49	-20	-0.00214451270547	0.000340837050179	-0.00170333493787
-99	51	-20	0.00110112754243	-0.000987708945697	-0.000134762560455
-97	51	-20	0.00115582539151	-0.00107933619009	-0.00016675554635
-95	51	-20	0.00118582718625	-0.00116861940446	-0.000182787062195
-93	51	-20	0.00119591137579	-0.00125827454474	-0.000185994180864
-91	51	-20	0.00119199336676	-0.00135061942335	-0.000180338604843
-89	51	-20	0.00117995390213	-0.00144681810572	-0.000169887569048
-87	51	-20	0.00116460181699	-0.00154640786542	-0.000158168379507
-85	51	-20	0.00114900826002	-0.0016472665817	-0.00014774070312
-83	51	-20	0.00113434685558	-0.00174606389666	-0.00014006703639
-81	51	-20	0.00112023466178	-0.00183909999698	-0.000135675736809
-79	51	-20	0.00110543265614	-0.0019233126655	-0.000134528091208
-77	51	-20	0.00108867191638	-0.00199716656224	-0.000136446239084
-75	51	-20	0.00106934972023	-0.00206115462415	-0.000141449148791
-73	51	-20	0.0010478939587	-0.00211774188928	-0.000149882223438
-71	51	-20	0.00102570671641	-0.00217074179709	-0.00016230045256
-69	51	-20	0.00100473312109	-0.00222428787345	-0.000179151855515
-67	51	-20	0.000986817627222	-0.00228169585766	-0.00020037963918
-65	51	-20	0.000973071478205	-0.00234455836838	-0.00022509488652
-63	51	-20	0.000963464468284	-0.00241235626539	-0.000251455475253
-61	51	-20	0.000956776402374	-0.00248272064319	-0.000276825692367
-59	51	-20	0.000950924754284	-0.00255228000183	-0.000298203497452
-57	51	-20	0.000943563216455	-0.0026178398385	-0.000312816079673
-55	51	-20	0.000932759516264	-0.00267752720724	-0.000318726740918
-53	51	-20	0.000917536563042	-0.00273153080783	-0.000315285951108
-51	51	-20	0.000898105259299	-0.00278218354609	-0.000303300545819
-49	51	-20	0.000875715139484	-0.00283333696021	-0.000284875114903
-47	51	-20	0.000852168932586	-0.00288920385318	-0.000262973870361
-45	51	-20	0.000829151482031	-0.00295302466077	-0.000240830285916
-43	51	-20	0.000807580169965	-0.00302598453005	-0.00022137093571
-41	51	-20	0.000787176562328	-0.00310674405116	-0.000206807238671
-39	51	-20	0.000766391112061	-0.00319176199429	-0.000198488758708
-37	51	-20	0.000742706585434	-0.0032763378584	-0.000197023936524
-35	51	-20	0.000713234553539	-0.0033560638471	-0.000202587117938
-33	51	-20	0.000675436315426	-0.00342822772764	-0.000215272759004
-31	51	-20	0.000627768528799	-0.00349270178797	-0.000235347710664
-29	51	-20	0.000570081446228	-0.00355199702888	-0.000263294020405
-27	51	-20	0.0005036728942	-0.00361041597449	-0.000299614411817
-25	51	-20	0.000430999396266	-0.00367252507635	-0.000344464334848
-23	51	-20	0.000355137376506	-0.00374139788473	-0.000397247337264
-21	51	-20	0.000279146631319	-0.00381717716677	-0.000456338789892
-19	51	-20	0.000205501214918	-0.00389643200096	-0.000519074741861
-17	51	-20	0.000135720246585	-0.00397256130888	-0.000582064143871
-15	51	-20	7.0266679325e-05	-0.00403718402485	-0.00064177713682
-13	51	-20	8.70712164671e-06	-0.00408215323032	-0.000695263102232
-11	51	-20	-4.99378702108e-05	-0.00410163192331	-0.000740793080622
-9	51	-20	-0.000106760307382	-0.00409363598605	-0.00077822425627
-7	51	-20	-0.00016255921574	-0.00406059812991	-0.000808952766498
-5	51	-20	-0.000217549407706	-0.00400879148265	-0.000835437313568
-3	51	-20	-0.000271229265967	-0.00394678614031	-0.000860405721613
-1	51	-20	-0.000322407923303	-0.00388339348079	-0.000885959340174
1	51	-20	-0.000369357789127	-0.00382569482917	-0.000912832326336
3	51	-20	-0.000410041047763	-0.00377771050089	-0.000940028393065
5	51	-20	-0.000442359348003	-0.00374005686098	-0.000964954235759
7	51	-20	-0.000464389724836	-0.00371062970953	-0.000984026139153
9	51	-20	-0.00047458903528	-0.00368603979314	-0.000993586984432
11	51	-20	-0.000471965833129	-0.00366330806251	-0.000990877682427
13	51	-20	-0.00045622692627	-0.0036412709159	-0.000974788999989
15	51	-20	-0.000427903898658	-0.00362126379251	-0.000946182900534
17	51	-20	-0.000388454664387	-0.00360690386878	-0.000907697897982
19	51	-20	-0.000340321719187	-0.00360309561822	-0.00086310237786
21	51	-20	-0.000286918513766	-0.00361463745152	-0.000816388078274
23	51	-20	-0.000232513853264	-0.00364493059244	-0.000770864734513
25	51	-20	-0.000181994359463	-0.00369524260589	-0.000728506965741
27	51	-20	-0.00014050603371	-0.00376477336523	-0.000689721070427
29	51	-20	-0.000113003350484	-0.00385147793438	-0.000653570092744
31	51	-20	-0.00010376111083	-0.00395331654952	-0.000618361066468
33	51	-20	-0.000115923037327	-0.00406942378735	-0.000582399558845
35	51	-20	-0.000151166093086	-0.00420068219979	-0.000544681748508
37	51	-20	-0.000209548430204	-0.00434936102302	-0.000505330599394
39	51	-20	-0.00028958323947	-0.00451778911685	-0.000465675182538
41	51	-20	-0.000388545170257	-0.00470637783017	-0.000427988997675
43	51	-20	-0.000502976501369	-0.00491158134559	-0.000395006231575
45	51	-20	-0.000629322889219	-0.00512448479398	-0.000369392240934
47	51	-20	-0.000764598413404	-0.00533059919755	-0.000353340048227
49	51	-20	-0.000906961095979	-0.00551113852699	-0.000348402698829
51	51	-20	-0.00105607721716	-0.00564564152872	-0.000355574956618
53	51	-20	-0.00121316976985	-0.00571540111583	-0.000375540900503
55	51	-20	-0.00138068658774	-0.00570689915686	-0.000408940247221
57	51	-20	-0.0015615871762	-0.00561439842113	-0.000456498278448
59	51	-20	-0.00175832818738	-0.00544103489725	-0.000518916105168
61	51	-20	-0.00197171207137	-0.00519812956008	-0.000596513360575
63	51	-20	-0.00219983095756	-0.00490289060502	-0.000688722372262
65	51	-20	-0.00243736494307	-0.00457507586891	-0.000793613785548
67	51	-20	-0.0026754621797	-0.00423342047706	-0.000907657287299
69	51	-20	-0.00290233190834	-0.00389264861012	-0.00102587351314
71	51	-20	-0.00310453392761	-0.00356168962138	-0.00114242348141
73	51	-20	-0.00326878063899	-0.00324337665278	-0.00125154086513
75	51	-20	-0.00338392446769	-0.00293552450723	-0.00134858426401
77	51	-20	-0.00344272737499	-0.00263296809203	-0.00143091529313
79	51	-20	-0.00344302894325	-0.00232996870556	-0.00149832291372
81	51	-20	-0.00338804801133	-0.00202239000305	-0.00155281863714
83	51	-20	-0.00328574386701	-0.00170918608794	-0.0015977960815
85	51	-20	-0.00314737752745	-0.00139297220832	-0.0016367344289
87	51	-20	-0.00298559405954	-0.001079691769	-0.001671772643
89	51	-20	-0.00281244470697	-0.000777588754116	-0.0017025428009
91	51	-20	-0.00263775833176	-0.00049580423596	-0.00172560381839
93	51	-20	-0.00246816200307	-0.000242931845389	-0.00173467082148
95	51	-20	-0.00230687519635	-2.58078518195e-05	-0.0017216302508
97	51	-20	-0.00215421197913	0.000151290899293	-0.00167812452453
99	51	-20	-0.00200857179024	0.000286979528931	-0.00159734112187
-99	53	-20	0.00103345781021	-0.000957782430158	-0.000149332211299
-97	53	-20	0.00108823696225	-0.00104261131395	-0.000181460683845
-95	53	-20	0.00111992196149	-0.00112387456291	-0.000197285492862
-93	53	-20	0.0011330334457	-0.00120430137731	-0.00019995642588
-91	53	-20	0.00113311201087	-0.00128634786596	-0.000193448232255
-89	53	-20	0.00112559141504	-0.00137145681164	-0.000181826422477
-87	53	-20	0.00111480962111	-0.00145957647518	-0.000168587427032
-85	53	-20	0.00110338627791	-0.00154909244915	-0.0001562206408
-83	53	-20	0.00109209532861	-0.00163721819122	-0.000146075946875
-81	53	-20	0.00108022579201	-0.00172075725911	-0.000138533477074
-79	53	-20	0.00106629158671	-0.00179703259954	-0.000133388198959
-77	53	-20	0.00104886135694	-0.00186471390145	-0.00013030564721
-75	53	-20	0.00102725784319	-0.00192428787924	-0.000129193654161
-73	53	-20	0.00100192878444	-0.00197801029228	-0.000130371425058
-71	53	-20	0.000974400443504	-0.00202932879825	-0.000134489980398
-69	53	-20	0.000946856308172	-0.00208192869548	-0.000142243751528
-67	53	-20	0.000921496770112	-0.00213867835197	-0.000153984739252
-65	53	-20	0.000899896490104	-0.00220079565315	-0.000169385336553
-63	53	-20	0.000882567538238	-0.00226750230132	-0.000187282541909
-61	53	-20	0.0008688630285	-0.00233629119854	-0.000205778963683
-59	53	-20	0.000857242628366	-0.00240374409809	-0.000222592893314
-57	53	-20	0.000845804615656	-0.00246666002502	-0.000235567332419
-55	53	-20	0.000832905798711	-0.00252314677883	-0.000243192716115
-53	53	-20	0.000817665985314	-0.00257332602709	-0.000244988236944
-51	53	-20	0.000800194153062	-0.00261941246549	-0.000241625886708
-49	53	-20	0.000781464881852	-0.00266511882361	-0.000234757702569
-47	53	-20	0.000762886198975	-0.00271455305825	-0.000226596351321
-45	53	-20	0.000745698080796	-0.00277094373561	-0.000219373781753
-43	53	-20	0.000730394140515	-0.00283559774108	-0.000214838462203
-41	53	-20	0.000716351869462	-0.002907434845	-0.000213937152704
-39	53	-20	0.000701792682921	-0.00298327025337	-0.000216766694942
-37	53	-20	0.000684092923711	-0.00305878041102	-0.000222794100955
-35	53	-20	0.000660362289826	-0.0031298626453	-0.000231257142386
-33	53	-20	0.000628128615572	-0.00319395880223	-0.000241600403928
-31	53	-20	0.000585939833485	-0.00325090567363	-0.000253792061042
-29	53	-20	0.000533721663897	-0.00330300862324	-0.000268408038068
-27	53	-20	0.000472802418182	-0.00335427217283	-0.000286449772518
-25	53	-20	0.000405610660952	-0.00340899037769	-0.000308954018055
-23	53	-20	0.000335138818539	-0.00347011568581	-0.000336527792202
-21	53	-20	0.000264321650095	-0.00353791668895	-0.000368973540654
-19	53	-20	0.000195489442804	-0.00360936902666	-0.000405146931117
-17	53	-20	0.000130022692018	-0.0036785152276	-0.000443117981423
-15	53	-20	6.8271366217e-05	-0.00373773973563	-0.000480607280896
-13	53	-20	9.72847814901e-06	-0.00377962343832	-0.000515574406976
-11	53	-20	-4.66141942596e-05	-0.00379885612033	-0.000546776635246
-9	53	-20	-0.000101835474523	-0.00379365538357	-0.000574113710377
-7	53	-20	-0.000156689112949	-0.00376627860369	-0.000598632243854
-5	53	-20	-0.000211327439566	-0.00372247969957	-0.000622165311494
-3	53	-20	-0.000265186611919	-0.0036700738231	-0.000646698134259
-1	53	-20	-0.000317031287054	-0.00361703450224	-0.000673642860584
1	53	-20	-0.000365122148426	-0.00356967862974	-0.000703243939769
3	53	-20	-0.000407452555117	-0.00353145525057	-0.000734305930662
5	53	-20	-0.00044200148208	-0.00350265809064	-0.000764344612332
7	53	-20	-0.000466964260747	-0.0034810918737	-0.000790136485895
9	53	-20	-0.000480942695659	-0.00346343027911	-0.000808519551064
11	53	-20	-0.000483093980764	-0.00344680027192	-0.000817217875106
13	53	-20	-0.000473247733438	-0.00343007577103	-0.000815449904083
15	53	-20	-0.000452000288585	-0.00341447693283	-0.000804140837152
17	53	-20	-0.000420786823232	-0.00340331089917	-0.000785675044063
19	53	-20	-0.000381919456254	-0.00340097698465	-0.000763260322703
21	53	-20	-0.00033856895763	-0.00341160059198	-0.000740090121797
23	53	-20	-0.000294664232357	-0.00343777740819	-0.000718547652833
25	53	-20	-0.000254690192477	-0.00347986455041	-0.000699679696071
27	53	-20	-0.000223380713641	-0.00353606268591	-0.000683083540711
29	53	-20	-0.000205325689089	-0.00360325539391	-0.000667224677914
31	53	-20	-0.000204534215833	-0.0036783004688	-0.000650074863889
33	53	-20	-0.000224013655876	-0.00375929347698	-0.000629869266964
35	53	-20	-0.000265431923764	-0.00384630798963	-0.000605754571197
37	53	-20	-0.000328925522051	-0.00394127068999	-0.000578143545611
39	53	-20	-0.000413098990214	-0.00404690905508	-0.000548689962173
41	53	-20	-0.000515235122173	-0.00416502803948	-0.000519918368084
43	53	-20	-0.000631703227455	-0.00429462760033	-0.000494647436021
45	53	-20	-0.000758518793957	-0.00443047887294	-0.00047540094269
47	53	-20	-0.000891976131978	-0.00456269180365	-0.000463990707571
49	53	-20	-0.00102925040425	-0.00467754884606	-0.000461386092115
51	53	-20	-0.00116885236847	-0.00475952109366	-0.000467879237995
53	53	-20	-0.00131082449107	-0.00479403169716	-0.000483449761268
55	53	-20	-0.00145659639114	-0.00477029383319	-0.000508162596775
57	53	-20	-0.00160847279259	-0.004683500776	-0.000542421971992
59	53	-20	-0.00176880351183	-0.00453580090884	-0.00058695750887
61	53	-20	-0.00193896917796	-0.00433580577706	-0.000642518432709
63	53	-20	-0.00211838764889	-0.00409676187993	-0.000709365789551
65	53	-20	-0.00230378099609	-0.00383385602984	-0.00078674144989
67	53	-20	-0.00248892270238	-0.00356132534611	-0.00087252409974
69	53	-20	-0.00266500310704	-0.00329005632674	-0.000963241522158
71	53	-20	-0.00282161962885	-0.00302619024139	-0.00105450374657
73	53	-20	-0.00294824600724	-0.00277096299378	-0.00114178350509
75	53	-20	-0.00303590195006	-0.00252168527651	-0.00122134257
77	53	-20	-0.00307867099714	-0.00227350303575	-0.00129102840961
79	53	-20	-0.00307472652455	-0.00202143334875	-0.00135067415862
81	53	-20	-0.00302662672949	-0.00176216991773	-0.00140193024252
83	53	-20	-0.00294080603019	-0.00149527595898	-0.00144751445971
85	53	-20	-0.00282637896321	-0.00122357976664	-0.0014900435319
87	53	-20	-0.00269353206432	-0.000952797371991	-0.00153074943216
89	53	-20	-0.00255186614256	-0.000690573151974	-0.00156844304463
91	53	-20	-0.00240904390977	-0.000445220376821	-0.00159904396268
93	53	-20	-0.00227000183648	-0.000224453378885	-0.00161585745298
95	53	-20	-0.00213683102624	-3.43474164378e-05	-0.00161058557974
97	53	-20	-0.00200926495947	0.00012132996671	-0.00157486441027
99	53	-20	-0.00188557739859	0.000241371135176	-0.00150197871156
-99	55	-20	0.000970039999905	-0.000927189999933	-0.000159199999926
-97	55	-20	0.00102457662365	-0.00100602754906	-0.000191374742006
-95	55	-20	0.00105743360418	-0.00108032150115	-0.000206996821077
-93	55	-20	0.00107289912826	-0.00115279694589	-0.000209221153852
-91	55	-20	0.00107618162914	-0.00122600902735	-0.000202026755801
-89	55	-20	0.00107232524466	-0.00130161907084	-0.000189471680303
-87	55	-20	0.00106526512277	-0.00137990921191	-0.000175022739878
-85	55	-20	0.00105724308888	-0.0014596855874	-0.000161110016557
-83	55	-20	0.00104870701248	-0.00153861738828	-0.000148992152858
-81	55	-20	0.0010386855192	-0.00161393274737	-0.000138931094959
-79	55	-20	0.0010255014268	-0.00168327990627	-0.000130589931121
-77	55	-20	0.0010075999999	-0.0017454999999	-0.000123509999946
-75	55	-20	0.000984247234696	-0.00180106986287	-0.000117510523795
-73	55	-20	0.000955904135136	-0.00185206139664	-0.000112888937387
-71	55	-20	0.000924188726729	-0.00190160579459	-0.000110371300156
-69	55	-20	0.000891465226079	-0.00195300492931	-0.000110846941175
-67	55	-20	0.000860210135247	-0.0020087502544	-0.000114992940734
-65	55	-20	0.000832365061546	-0.00206975186286	-0.000122929720713
-63	55	-20	0.000808879117927	-0.00213502900202	-0.000134037858105
-61	55	-20	0.00078957432562	-0.00220197960436	-0.000147012134976
-59	55	-20	0.000773359233331	-0.00226716867361	-0.000160149370877
-57	55	-20	0.0007587040378	-0.00232740832835	-0.00017178746483
-55	55	-20	0.000744209999945	-0.00238079999986	-0.000180759999962
-53	55	-20	0.000729081205882	-0.00242740756976	-0.000186721218519
-51	55	-20	0.000713343896388	-0.00246933425903	-0.000190233787686
-49	55	-20	0.000697744299315	-0.00251015711441	-0.000192585043806
-47	55	-20	0.000683361924198	-0.00255387610845	-0.000195383222547
-45	55	-20	0.000671067768994	-0.00260369575515	-0.000200056129403
-43	55	-20	0.000661007087603	-0.00266102221597	-0.000207407764709
-41	55	-20	0.000652279434676	-0.00272500328836	-0.000217372415853
-39	55	-20	0.000642927954176	-0.00279277551632	-0.000229045061119
-37	55	-20	0.000630255218686	-0.00286036027498	-0.000240980353452
-35	55	-20	0.000611384169198	-0.00292393844006	-0.000251667274891
-33	55	-20	0.000583909999928	-0.00298109999984	-0.00026002999992
-31	55	-20	0.000546463332748	-0.00303165675348	-0.000265796007403
-29	55	-20	0.000499032724551	-0.00307773059772	-0.000269613644941
-27	55	-20	0.000442965113319	-0.00312305198309	-0.000272880601566
-25	55	-20	0.000380653552849	-0.00317165537856	-0.000277337122682
-23	55	-20	0.000315005096651	-0.00322636137636	-0.000284553775486
-21	55	-20	0.000248834448631	-0.00328752184645	-0.000295478448338
-19	55	-20	0.000184338215783	-0.0033524436533	-0.000310189188025
-17	55	-20	0.00012277122774	-0.003415712331	-0.000327933455919
-15	55	-20	6.4383633517e-05	-0.00347036703869	-0.000347440993868
-13	55	-20	8.60568862015e-06	-0.00350961498633	-0.000367406560271
-11	55	-20	-4.55930000324e-05	-0.0035285999998	-0.000386979999976
-9	55	-20	-9.9276600353e-05	-0.00352571205129	-0.000406094410661
-7	55	-20	-0.000153156982598	-0.00350305351691	-0.000425512150834
-5	55	-20	-0.000207330816275	-0.00346592554161	-0.000446558740281
-3	55	-20	-0.000261179917487	-0.00342148838207	-0.000470618171534
-1	55	-20	-0.000313430536287	-0.00337699315854	-0.00049854650924
1	55	-20	-0.000362333032003	-0.00333810365516	-0.000530196097132
3	55	-20	-0.000405906426493	-0.00330778856659	-0.00056421700319
5	55	-20	-0.00044219348795	-0.0032860798785	-0.000598221585177
7	55	-20	-0.000469486724418	-0.0032707207648	-0.000629286244438
9	55	-20	-0.000486506343	-0.00325845247768	-0.00065465629124
11	55	-20	-0.000492529999991	-0.00324649999982	-0.000672449999942
13	55	-20	-0.000487485306828	-0.00323376921015	-0.000682149791495
15	55	-20	-0.000472017330139	-0.00322137683441	-0.000684726421397
17	55	-20	-0.000447536118219	-0.00321236192455	-0.000682349554185
19	55	-20	-0.000416237708581	-0.00321069988219	-0.00067776257172
21	55	-20	-0.000381081406901	-0.00321996908517	-0.000673502301591
23	55	-20	-0.000345701133558	-0.00324213213135	-0.000671193175272
25	55	-20	-0.000314232127271	-0.00327685240965	-0.00067112433306
27	55	-20	-0.000291046387343	-0.00332158529445	-0.000672233368232
29	55	-20	-0.000280408389524	-0.00337242023409	-0.00067249779054
31	55	-20	-0.000286082471984	-0.00342539082988	-0.000669612850228
33	55	-20	-0.000310940000021	-0.00347779999981	-0.000661749999898
35	55	-20	-0.00035662394924	-0.00352908430191	-0.00064816984636
37	55	-20	-0.000423328571855	-0.00358087678545	-0.000629512640772
39	55	-20	-0.000509741884765	-0.00363618173444	-0.000607691964324
41	55	-20	-0.000613179839302	-0.0036978685298	-0.000585440440839
43	55	-20	-0.000729915004997	-0.0037669319594	-0.000565661068363
45	55	-20	-0.000855671713001	-0.00384107385265	-0.000550791393652
47	55	-20	-0.000986226915516	-0.0039140973683	-0.000542374135276
49	55	-20	-0.00111802605229	-0.00397638534967	-0.000540952474524
51	55	-20	-0.00124870244743	-0.00401642208687	-0.000546296297613
53	55	-20	-0.00137738505974	-0.00402300763065	-0.000557854027849
55	55	-20	-0.00150469999992	-0.00398759999989	-0.000575249999909
57	55	-20	-0.00163241943096	-0.00390616854044	-0.000598634328887
59	55	-20	-0.00176278339821	-0.00378006710719	-0.000628745656485
61	55	-20	-0.00189760297028	-0.00361570043261	-0.00066664998975
63	55	-20	-0.00203732636491	-0.00342308154384	-0.000713237410145
65	55	-20	-0.00218029021606	-0.00321366721086	-0.000768652936049
67	55	-20	-0.00232236705555	-0.00299803094952	-0.000831875134696
69	55	-20	-0.00245715072568	-0.00278394594615	-0.00090062074666
71	55	-20	-0.00257670396878	-0.00257530933167	-0.000971653582483
73	55	-20	-0.0026727535771	-0.00237209446217	-0.00104144111189
75	55	-20	-0.0027380953098	-0.0021712449636	-0.00110697548624
77	55	-20	-0.00276789999991	-0.00196819999991	-0.00116649999991
79	55	-20	-0.00276061832019	-0.00175861958884	-0.00121988582804
81	55	-20	-0.00271826779143	-0.00153988151489	-0.00126849168127
83	55	-20	-0.00264603133663	-0.00131203047852	-0.00131448829969
85	55	-20	-0.00255126309327	-0.00107803182909	-0.00135979699223
87	55	-20	-0.00244213847493	-0.000843362649121	-0.00140492524845
89	55	-20	-0.00232626298327	-0.000615115066514	-0.00144803946088
91	55	-20	-0.00220954836647	-0.000400862400797	-0.00148457384995
93	55	-20	-0.00209558034044	-0.000207543142715	-0.00150754417285
95	55	-20	-0.00198556636727	-4.05654106309e-05	-0.0015085506743
97	55	-20	-0.00187880497368	9.67490211088e-05	-0.00147926964899
99	55	-20	-0.00177349999994	0.000203349999991	-0.00141309999985
-99	57	-20	0.000908986054605	-0.000895140671293	-0.000164128242103
-97	57	-20	0.000962776385756	-0.000968662467977	-0.000196338461567
-95	57	-20	0.000996109515821	-0.0010368872567	-0.000211868753278
-93	57	-20	0.00101306479668	-0.00110251769209	-0.000213870052717
-91	57	-20	0.00101856192855	-0.00116816955989	-0.000206313340523
-89	57	-20	0.00101731752175	-0.00123566563692	-0.000193238289095
-87	57	-20	0.00101294144473	-0.00130555006549	-0.0001780770919
-85	57	-20	0.00100738547383	-0.00137696918782	-0.000163204972218
-83	57	-20	0.00100086253118	-0.00144796721527	-0.000149804872999
-81	57	-20	0.000992227274452	-0.00151612464647	-0.000138046287686
-79	57	-20	0.000979684631805	-0.00157935966794	-0.000127492675796
-77	57	-20	0.000961608352184	-0.00163665283541	-0.000117593678614
-75	57	-20	0.000937231341493	-0.00168846584018	-0.000108104426699
-73	57	-20	0.000907018564998	-0.00173670800506	-9.9307991126e-05
-71	57	-20	0.000872635617018	-0.00178423808165	-9.19871284523e-05
-69	57	-20	0.000836549711327	-0.0018340346991	-8.71754135869e-05
-67	57	-20	0.000801406994824	-0.00188828071681	-8.57891058313e-05
-65	57	-20	0.000769388883391	-0.00194764699823	-8.82774199656e-05
-63	57	-20	0.000741744450947	-0.00201101275738	-9.44193207389e-05
-61	57	-20	0.000718630005168	-0.002075733221	-0.000103343237441
-59	57	-20	0.000699283563258	-0.00213839723568	-0.000113769346754
-57	57	-20	0.000682454580278	-0.00219585936726	-0.000124397396683
-55	57	-20	0.000666931662816	-0.00224623416433	-0.000134311515603
-53	57	-20	0.000651986415633	-0.00228953856538	-0.000143264120293
-51	57	-20	0.000637585987207	-0.002327766836	-0.00015173744635
-49	57	-20	0.000624307613957	-0.00236435378947	-0.000160752165826
-47	57	-20	0.000612988683025	-0.00240317449409	-0.000171475515473
-45	57	-20	0.000604233354639	-0.00244738127992	-0.000184749592989
-43	57	-20	0.000597944261629	-0.00249844098539	-0.000200691537341
-41	57	-20	0.000593041124464	-0.00255568348902	-0.000218500298387
-39	57	-20	0.000587470435151	-0.00261651893061	-0.000236543963696
-37	57	-20	0.000578520610203	-0.00267727119776	-0.000252715589785
-35	57	-20	0.000563363559707	-0.00273437465727	-0.000264961053804
-33	57	-20	0.00053967516127	-0.00278555466706	-0.000271826438261
-31	57	-20	0.00050616378359	-0.00283060357034	-0.000272863102012
-29	57	-20	0.000462863419504	-0.00287147984517	-0.000268769515338
-27	57	-20	0.000411116192657	-0.00291166618155	-0.000261227845408
-25	57	-20	0.0003532562002	-0.00295495906812	-0.000252485662957
-23	57	-20	0.000292086513008	-0.00300405320016	-0.000244809978721
-21	57	-20	0.000230291094647	-0.00305936616582	-0.000239977795443
-19	57	-20	0.000169931188971	-0.00311849266082	-0.000238952679331
-17	57	-20	0.000112142398632	-0.0031764963969	-0.000241835100174
-15	57	-20	5.70871206828e-05	-0.00322699551007	-0.000248085099021
-13	57	-20	4.14702244245e-06	-0.00326375126093	-0.000256927752109
-11	57	-20	-4.77180360096e-05	-0.00328230755777	-0.000267793300159
-9	57	-20	-9.9550320898e-05	-0.00328120281293	-0.000280633863604
-7	57	-20	-0.000152020146254	-0.00326239624917	-0.000296001052645
-5	57	-20	-0.000205177341647	-0.00323078232112	-0.000314850323516
-3	57	-20	-0.000258366002825	-0.00319293841355	-0.000338132538138
-1	57	-20	-0.000310296197133	-0.00315547832191	-0.000366310001221
1	57	-20	-0.000359232464307	-0.00312349659257	-0.000398967491272
3	57	-20	-0.000403242394987	-0.00309955190261	-0.000434666180905
5	57	-20	-0.000440450107099	-0.00308346355851	-0.00047111538208
7	57	-20	-0.000469254568634	-0.00307293922321	-0.000505635813938
9	57	-20	-0.000488493905314	-0.00306479493768	-0.000535790544147
11	57	-20	-0.000497556302001	-0.00305635101967	-0.000559997762821
13	57	-20	-0.000496450154896	-0.00304654446619	-0.000577934579114
15	57	-20	-0.00048584843967	-0.00303640210842	-0.000590596897866
17	57	-20	-0.000467116006918	-0.00302873449176	-0.000599981512418
19	57	-20	-0.000442317488464	-0.00302716840985	-0.000608472216527
21	57	-20	-0.000414192619911	-0.00303485322505	-0.000618105782395
23	57	-20	-0.000386079535847	-0.00305328284511	-0.000629935745083
25	57	-20	-0.000361767743307	-0.00308163719614	-0.000643687494184
27	57	-20	-0.00034527143162	-0.00311687629074	-0.000657813384519
29	57	-20	-0.000340528648228	-0.0031545712202	-0.000669936831404
31	57	-20	-0.000351049200829	-0.00319020965737	-0.000677556498246
33	57	-20	-0.000379549971459	-0.0032205487829	-0.000678802457659
35	57	-20	-0.000427627206003	-0.00324456042779	-0.000673020568468
37	57	-20	-0.000495518982822	-0.00326363297503	-0.000661014385009
39	57	-20	-0.000582006403437	-0.00328092630067	-0.000644879218457
41	57	-20	-0.000684488926828	-0.00330004762501	-0.000627487525834
43	57	-20	-0.000799248099489	-0.0033234417846	-0.000611789550972
45	57	-20	-0.000921885777886	-0.00335099678156	-0.000600145330546
47	57	-20	-0.00104789013932	-0.00337931868936	-0.00059388777158
49	57	-20	-0.00117324982757	-0.00340194136761	-0.000593237287792
51	57	-20	-0.00129501055643	-0.00341046268576	-0.000597572217056
53	57	-20	-0.00141165826251	-0.00339632346992	-0.000605943486417
55	57	-20	-0.00152322676368	-0.00335275201663	-0.000617644128378
57	57	-20	-0.00163107010528	-0.00327634386194	-0.000632629542486
59	57	-20	-0.00173730719885	-0.00316784812541	-0.000651637804066
61	57	-20	-0.00184402674197	-0.00303195548753	-0.000675963728493
63	57	-20	-0.0019524138669	-0.00287616004592	-0.000706961820897
65	57	-20	-0.0020620037856	-0.00270901555924	-0.000745451503892
67	57	-20	-0.00217026347243	-0.0025382555972	-0.000791239611715
69	57	-20	-0.00227264323157	-0.0023692593959	-0.000842944250405
71	57	-20	-0.00236313483863	-0.00220422559147	-0.000898208280611
73	57	-20	-0.00243524633993	-0.00204220730523	-0.000954259101971
75	57	-20	-0.00248318965552	-0.00187992938013	-0.00100864632837
77	57	-20	-0.00250300964429	-0.00171311800256	-0.00105991237495
79	57	-20	-0.00249338480457	-0.00153797192064	-0.00110795112878
81	57	-20	-0.002455903582	-0.00135240988639	-0.00115389137508
83	57	-20	-0.00239474817775	-0.00115682590728	-0.00119948303779
85	57	-20	-0.00231586499918	-0.00095423424964	-0.00124612380609
87	57	-20	-0.00222582646901	-0.000749842886808	-0.00129379186733
89	57	-20	-0.00213065819801	-0.000550216241614	-0.00134020553733
91	57	-20	-0.00203490087711	-0.000362251282489	-0.00138049214879
93	57	-20	-0.00194110192863	-0.000192191297836	-0.00140752452225
95	57	-20	-0.0018498120529	-4.48522654456e-05	-0.00141290802285
97	57	-20	-0.00176003195012	7.68393718841e-05	-0.00138842493997
99	57	-20	-0.00166995050742	0.000171977521095	-0.00132761650076
-99	59	-20	0.000849386036231	-0.00086155452815	-0.000164835212036
-97	59	-20	0.000901878004193	-0.000930321425809	-0.000197128125095
-95	59	-20	0.000934951323983	-0.000993231640818	-0.000212734766885
-93	59	-20	0.000952498162349	-0.00105294862599	-0.000214794191648
-91	59	-20	0.000959190958619	-0.00111211466054	-0.00020725774845
-89	59	-20	0.000959479590962	-0.00117266375502	-0.000194135505326
-87	59	-20	0.000956726051404	-0.00123533922076	-0.000178818423255
-85	59	-20	0.000952681093677	-0.00129955757183	-0.000163628382803
-83	59	-20	0.000947416319004	-0.00136366770339	-0.000149684228769
-81	59	-20	0.000939702114233	-0.00142553937207	-0.000137084411208
-79	59	-20	0.000927702058881	-0.00148331194542	-0.000125321092964
-77	59	-20	0.000909772848084	-0.00153607657402	-0.000113781992216
-75	59	-20	0.000885139129674	-0.00158427406319	-0.000102181747526
-73	59	-20	0.000854259846902	-0.00162966866683	-9.07976620676e-05
-71	59	-20	0.000818801324846	-0.00167488466611	-8.04540765672e-05
-69	59	-20	0.000781251657654	-0.00172263071034	-7.22830267051e-05
-67	59	-20	0.000744314523876	-0.0017748430905	-6.73599287741e-05
-65	59	-20	0.000710277712301	-0.00183201754203	-6.63497462735e-05
-63	59	-20	0.000680546846085	-0.0018929536719	-6.92905241124e-05
-61	59	-20	0.000655472061295	-0.00195501665021	-7.55909430196e-05
-59	59	-20	0.000634496471232	-0.0020148617738	-8.42435089041e-05
-57	59	-20	0.000616552301457	-0.00206941787428	-9.41798575055e-05
-55	59	-20	0.000600555876836	-0.00211683375989	-0.000104644098535
-53	59	-20	0.000585828501796	-0.00215709014542	-0.000115450921034
-51	59	-20	0.000572302453888	-0.00219207253398	-0.000127030817001
-49	59	-20	0.000560447743713	-0.0022250626389	-0.00014023423487
-47	59	-20	0.00055095041974	-0.00225978813413	-0.000155947609164
-45	59	-20	0.000544256344199	-0.00229931519	-0.000174640724678
-43	59	-20	0.000540139477558	-0.00234512748913	-0.000195994672779
-41	59	-20	0.000537447336219	-0.00239668692009	-0.000218742028554
-39	59	-20	0.000534121429948	-0.00245162644011	-0.000240790127498
-37	59	-20	0.000527505188013	-0.00250652762294	-0.00025961268514
-35	59	-20	0.000514863183381	-0.00255804585554	-0.000272811070389
-33	59	-20	0.000493970713862	-0.0026040262446	-0.000278690896764
-31	59	-20	0.000463611163983	-0.00264424405103	-0.000276690311571
-29	59	-20	0.000423845389129	-0.00268051175541	-0.000267537103323
-27	59	-20	0.000375983038296	-0.00271609001109	-0.000253090396378
-25	59	-20	0.000322269346166	-0.00275456219201	-0.000235915054701
-23	59	-20	0.000265377215859	-0.00279851172019	-0.000218714289538
-21	59	-20	0.000207841727071	-0.00284841913125	-0.000203784298948
-19	59	-20	0.000151580845362	-0.00290214390137	-0.000192642299253
-17	59	-20	9.76131659298e-05	-0.0029551869864	-0.000185920343138
-15	59	-20	4.60235254797e-05	-0.00300169402017	-0.000183530870525
-13	59	-20	-3.84053550119e-06	-0.00303592890773	-0.000185023688363
-11	59	-20	-5.30146627249e-05	-0.00305379565113	-0.000189995568511
-9	59	-20	-0.000102509634624	-0.00305396183574	-0.000198401524273
-7	59	-20	-0.000152952864978	-0.00303825001149	-0.0002106548346
-5	59	-20	-0.000204356363648	-0.00301117979854	-0.000227478636444
-3	59	-20	-0.00025604618988	-0.00297879742662	-0.00024956069066
-1	59	-20	-0.000306744993224	-0.00294714179791	-0.000277135504232
1	59	-20	-0.000354766111888	-0.00292080089859	-0.000309649919323
3	59	-20	-0.000398261799393	-0.00290197700078	-0.00034564787666
5	59	-20	-0.000435470259202	-0.00289031516473	-0.000382942466361
7	59	-20	-0.000464921801901	-0.0028835090485	-0.000419049330807
9	59	-20	-0.000485586127509	-0.00287845684379	-0.000451765062643
11	59	-20	-0.000496962747082	-0.00287257402468	-0.000479717422744
13	59	-20	-0.000499129205859	-0.00286483016091	-0.000502711140745
15	59	-20	-0.000492764688415	-0.00285617561267	-0.00052174720444
17	59	-20	-0.0004791608253	-0.00284922803945	-0.000538689923116
19	59	-20	-0.000460220668626	-0.00284733255338	-0.000555665453616
21	59	-20	-0.000438435556224	-0.00285331488685	-0.000574363393156
23	59	-20	-0.000416822241016	-0.00286834841363	-0.000595450606284
25	59	-20	-0.000398801965352	-0.00289132081061	-0.000618279933053
27	59	-20	-0.000388009718951	-0.0029189256637	-0.000640992101506
29	59	-20	-0.000388034307134	-0.00294646954091	-0.000660991892782
31	59	-20	-0.000402105247949	-0.00296915096246	-0.000675665335632
33	59	-20	-0.000432757591008	-0.00298340935362	-0.000683129263333
35	59	-20	-0.000481517504062	-0.00298791075197	-0.000682792203229
37	59	-20	-0.000548657666739	-0.0029838438874	-0.000675561022328
39	59	-20	-0.00063307067495	-0.00297441257517	-0.000663634421649
41	59	-20	-0.000732299848167	-0.00296366189366	-0.000649949326732
43	59	-20	-0.000842749502745	-0.00295498742925	-0.000637450502131
45	59	-20	-0.000960071112409	-0.00294978231298	-0.000628404674397
47	59	-20	-0.00107968962591	-0.00294664249831	-0.000623962164091
49	59	-20	-0.00119739993057	-0.00294138708861	-0.000624087465832
51	59	-20	-0.00130993436907	-0.00292790807335	-0.000627861412129
53	59	-20	-0.00141538768156	-0.00289961715197	-0.000634039407967
55	59	-20	-0.00151339461466	-0.00285108142891	-0.000641670458646
57	59	-20	-0.00160499252267	-0.00277938674646	-0.000650565863316
59	59	-20	-0.00169216399339	-0.00268485077239	-0.000661459618173
61	59	-20	-0.00177713131363	-0.0025708994096	-0.000675807663823
63	59	-20	-0.00186154641694	-0.00244315966952	-0.000695296073419
65	59	-20	-0.00194576502918	-0.00230803779036	-0.00072122884414
67	59	-20	-0.00202839431475	-0.0021711815088	-0.000754010498875
69	59	-20	-0.00210625251837	-0.00203623709624	-0.000792911212334
71	59	-20	-0.00217478489689	-0.00190420903131	-0.000836209807914
73	59	-20	-0.00222886505377	-0.00177355015017	-0.000881681351105
75	59	-20	-0.00226380590739	-0.00164090941912	-0.000927272641578
77	59	-20	-0.00227634091112	-0.00150230065538	-0.000971731958113
79	59	-20	-0.00226533452567	-0.00135436990556	-0.00101495669648
81	59	-20	-0.00223204455506	-0.00119544642766	-0.00105789884898
83	59	-20	-0.00217987164555	-0.00102614912045	-0.00110200303434
85	59	-20	-0.00211366187262	-0.000849453189678	-0.00114830474207
87	59	-20	-0.00203874017236	-0.000670259415267	-0.00119643985201
89	59	-20	-0.00195991439162	-0.000494614482595	-0.0012438700536
91	59	-20	-0.00188068606162	-0.000328784110175	-0.00128559273284
93	59	-20	-0.00180283835648	-0.000178377899525	-0.00131448567402
95	59	-20	-0.00172646549342	-4.76781166384e-05	-0.00132226940358
97	59	-20	-0.00165039282051	6.07451717913e-05	-0.00130090146941
99	59	-20	-0.00157284497933	0.000146121331053	-0.00124409613998
-99	61	-20	0.000791428492268	-0.000827127252573	-0.000162836416502
-97	61	-20	0.000842128269405	-0.000891622237439	-0.000195305866929
-95	61	-20	0.000874275492655	-0.0009498561929	-0.000211180061113
-93	61	-20	0.000891595813102	-0.00100444050458	-0.000213581793304
-91	61	-20	0.000898553394742	-0.00105801679806	-0.000206435365627
-89	61	-20	0.000899388013614	-0.00111258966379	-0.000193713699332
-87	61	-20	0.000897285389161	-0.00116905002128	-0.00017876205982
-85	61	-20	0.000893877156105	-0.00122702644181	-0.00016385046469
-83	61	-20	0.000889179354422	-0.00128511356089	-0.000150042920281
-81	61	-20	0.000881959987078	-0.00134141702957	-0.000137384057418
-79	61	-20	0.000870410995938	-0.00139425579047	-0.000125318005269
-77	61	-20	0.000852921549298	-0.00144280670617	-0.000113195651773
-75	61	-20	0.000828730594764	-0.00148748444648	-0.00010071179174
-73	61	-20	0.000798281949231	-0.00152992293184	-8.81465041532e-05
-71	61	-20	0.000763200000241	-0.00157254446301	-7.63542490831e-05
-69	61	-20	0.000725918819571	-0.00161783361765	-6.65273963953e-05
-67	61	-20	0.00068909715936	-0.00166753387108	-5.98319480218e-05
-65	61	-20	0.000655006957083	-0.00172202166029	-5.70501034078e-05
-63	61	-20	0.000625078683927	-0.00178006988239	-5.8356174588e-05
-61	61	-20	0.00059972695251	-0.0018390999925	-6.33027481854e-05
-59	61	-20	0.0005784850805	-0.00189587146064	-7.10196670544e-05
-57	61	-20	0.000560378608157	-0.00194741571453	-8.05539082718e-05
-55	61	-20	0.000544396001213	-0.00199193471257	-9.12282742817e-05
-53	61	-20	0.000529891325282	-0.00202938245947	-0.000102887648555
-51	61	-20	0.00051678409064	-0.00206153558557	-0.000115936855584
-49	61	-20	0.000505494227387	-0.00209151236597	-0.000131142968578
-47	61	-20	0.000496640848091	-0.00212287191872	-0.000149255247105
-45	61	-20	0.00049061279249	-0.00215856234363	-0.000170561644302
-43	61	-20	0.000487162036997	-0.00220004295752	-0.000194530061393
-41	61	-20	0.000485165044099	-0.00224686042751	-0.000219664605535
-39	61	-20	0.000482644882446	-0.00229682231904	-0.000243646316258
-37	61	-20	0.000477065693661	-0.00234672482817	-0.000263742314673
-35	61	-20	0.000465826629076	-0.00239341242176	-0.000277383568755
-33	61	-20	0.000446820838729	-0.0024348334984	-0.000282755938535
-31	61	-20	0.000418904754607	-0.00247074670379	-0.000279239892283
-29	61	-20	0.000382148838403	-0.00250283373175	-0.000267574948385
-27	61	-20	0.000337803946871	-0.00253415754738	-0.000249703469065
-25	61	-20	0.000287997457661	-0.00256811400988	-0.000228340844065
-23	61	-20	0.000235246089032	-0.0026071938184	-0.000206396820584
-21	61	-20	0.00018191719938	-0.0026519453552	-0.000186411808548
-19	61	-20	0.000129776093303	-0.00270048100743	-0.000170160660133
-17	61	-20	7.97246066725e-05	-0.00274871164079	-0.000158518842514
-15	61	-20	3.17781201255e-05	-0.0027912731079	-0.000151600792253
-13	61	-20	-1.47372799248e-05	-0.00282289314808	-0.000149094813837
-11	61	-20	-6.08396544583e-05	-0.00283980473162	-0.000150660289524
-9	61	-20	-0.000107499046875	-0.00284078889902	-0.000156239585804
-7	61	-20	-0.00015529820233	-0.00282753557079	-0.000166172688525
-5	61	-20	-0.000204219420355	-0.00280421335347	-0.000181075307119
-3	61	-20	-0.000253589466287	-0.0027763767617	-0.000201526984025
-1	61	-20	-0.000302171904893	-0.00274953772787	-0.000227686241823
1	61	-20	-0.000348364068897	-0.00272782583499	-0.000258981263012
3	61	-20	-0.000390440894066	-0.00271312798805	-0.000294005652928
5	61	-20	-0.000426790753557	-0.0027049441236	-0.000330684386451
7	61	-20	-0.000456104716953	-0.00270096981872	-0.000366685064459
9	61	-20	-0.000477502888138	-0.00269819050805	-0.000399963113533
11	61	-20	-0.000490601928673	-0.00269411653004	-0.000429275457159
13	61	-20	-0.000495540864512	-0.00268775187277	-0.000454494881825
15	61	-20	-0.000492985414892	-0.00267998287394	-0.000476610086852
17	61	-20	-0.000484125370845	-0.0026732657525	-0.000497389697798
19	61	-20	-0.00047066849086	-0.00267072189577	-0.000518794013904
21	61	-20	-0.000454822566014	-0.0026749438298	-0.000542302493814
23	61	-20	-0.000439248955845	-0.002686910937	-0.000568360004434
25	61	-20	-0.00042696874622	-0.00270538163328	-0.000596117442968
27	61	-20	-0.000421207471809	-0.00272697811718	-0.000623558786425
29	61	-20	-0.000425174939319	-0.00274695876925	-0.000647991364536
31	61	-20	-0.000441790666289	-0.00276045201549	-0.0006667644908
33	61	-20	-0.000473379918342	-0.00276377431186	-0.000678008678511
35	61	-20	-0.00052137758742	-0.00275542204133	-0.000681177269461
37	61	-20	-0.000586085029951	-0.00273642333731	-0.000677228906348
39	61	-20	-0.000666526779297	-0.00270993121159	-0.000668396286634
41	61	-20	-0.000760448343461	-0.0026801727542	-0.00065761127151
43	61	-20	-0.000864481968591	-0.00265106771532	-0.000647759938142
45	61	-20	-0.000974483951527	-0.00262493186854	-0.000640991091067
47	61	-20	-0.00108601623892	-0.00260165512228	-0.000638282302393
49	61	-20	-0.00119491084262	-0.00257860028009	-0.000639384779465
51	61	-20	-0.00129782532062	-0.00255125117203	-0.000643148368829
53	61	-20	-0.00139268061006	-0.00251441592617	-0.00064810876831
55	61	-20	-0.00147887781266	-0.00246363017699	-0.00065313834805
57	61	-20	-0.00155722314593	-0.00239635315375	-0.000657945491296
59	61	-20	-0.0016295480392	-0.00231261937072	-0.000663260243412
61	61	-20	-0.00169808350819	-0.00221497522804	-0.000670649281038
63	61	-20	-0.00176471656919	-0.00210774011225	-0.000682026824943
65	61	-20	-0.00183030098873	-0.00199582166459	-0.000699029941731
67	61	-20	-0.00189419833787	-0.00188343012553	-0.000722473129456
69	61	-20	-0.00195418143573	-0.00177304778721	-0.000752072062081
71	61	-20	-0.00200674793923	-0.00166491994918	-0.000786536744459
73	61	-20	-0.00204778745822	-0.00155717608181	-0.000824008187809
75	61	-20	-0.00207344966749	-0.00144651411834	-0.000862690794356
77	61	-20	-0.00208100168699	-0.00132923774534	-0.000901455525366
79	61	-20	-0.00206945944484	-0.00120236274723	-0.00094018396733
81	61	-20	-0.00203983292841	-0.00106451676987	-0.000979695512372
83	61	-20	-0.00199492479002	-0.000916435472883	-0.00102122921181
85	61	-20	-0.00193873784024	-0.000760976942247	-0.00106559947015
87	61	-20	-0.0018756466425	-0.000602698471818	-0.00111226434812
89	61	-20	-0.00180954392458	-0.000447133187773	-0.00115859778971
91	61	-20	-0.00174316959163	-0.000299949514371	-0.00119962332962
93	61	-20	-0.0016777720042	-0.000166171491593	-0.00122835383515
95	61	-20	-0.00161315693451	-4.95936993827e-05	-0.00123672117682
97	61	-20	-0.00154807755503	4.75398930976e-05	-0.00121691787659
99	61	-20	-0.00148083746739	0.000124588608514	-0.00116285668449
-99	63	-20	0.000736166591813	-0.000793121697678	-0.000160056382225
-97	63	-20	0.00078471135126	-0.000853788933603	-0.000192831140222
-95	63	-20	0.000815408175096	-0.000907905588249	-0.000209162070349
-93	63	-20	0.000831836997989	-0.000958023518789	-0.000212156089374
-91	63	-20	0.000838290479268	-0.00100676504928	-0.000205709179821
-89	63	-20	0.00083884955254	-0.00105617541577	-0.000193755585916
-87	63	-20	0.000836586393068	-0.00110725345076	-0.000179594864188
-85	63	-20	0.000833083339862	-0.00115979356858	-0.000165448500709
-83	63	-20	0.000828372361366	-0.00121258812858	-0.000152333769703
-81	63	-20	0.000821286143938	-0.00126393445311	-0.00014025487027
-79	63	-20	0.00081010135952	-0.00131229623211	-0.000128625642636
-77	63	-20	0.000793279381872	-0.0013569152278	-0.000116779540317
-75	63	-20	0.000770091520546	-0.0013981759398	-0.00010440802564
-73	63	-20	0.000740959279362	-0.00143759506282	-9.18015982072e-05
-71	63	-20	0.000707431054688	-0.0014774210844	-7.98370515044e-05
-69	63	-20	0.000671826717156	-0.00151995367918	-6.97380015809e-05
-67	63	-20	0.000636677117628	-0.00156678852437	-6.27069473635e-05
-65	63	-20	0.000604138470028	-0.00161822843706	-5.95640741062e-05
-63	63	-20	0.000575557462344	-0.00167306167335	-6.05198136763e-05
-61	63	-20	0.00055130549018	-0.00172880167693	-6.51584086243e-05
-59	63	-20	0.000530909560305	-0.00178234029008	-7.26351867571e-05
-57	63	-20	0.000513412726635	-0.00183083233176	-8.20155442288e-05
-55	63	-20	0.000497828038477	-0.00187254695387	-9.26333240501e-05
-53	63	-20	0.000483527414032	-0.00190741921364	-0.000104337059973
-51	63	-20	0.000470435919258	-0.00193711814158	-0.000117527899137
-49	63	-20	0.000458971613078	-0.00196459240356	-0.00013296195578
-47	63	-20	0.000449758028782	-0.00199321766296	-0.000151370352419
-45	63	-20	0.000443212434084	-0.00202579948042	-0.000173016097753
-43	63	-20	0.000439154405331	-0.0020637392241	-0.000197336243815
-41	63	-20	0.000436573656692	-0.00210662800426	-0.000222799791725
-39	63	-20	0.000433646213009	-0.00215240524849	-0.00024705087307
-37	63	-20	0.000428010388408	-0.00219804234416	-0.000267321009098
-35	63	-20	0.000417233329514	-0.00224054264206	-0.000281010271706
-33	63	-20	0.000399340080867	-0.00227794149358	-0.000286281481888
-31	63	-20	0.000373257720106	-0.00230998040311	-0.000282502255573
-29	63	-20	0.000339051927098	-0.00233822405647	-0.00027041044366
-27	63	-20	0.000297893560268	-0.00236556092187	-0.000251957273187
-25	63	-20	0.000251769212222	-0.00239522470164	-0.000229875177925
-23	63	-20	0.000203019124913	-0.00242963305711	-0.000207095327683
-21	63	-20	0.000153828409388	-0.00246940983278	-0.000186179227623
-19	63	-20	0.000105802561581	-0.00251291266194	-0.000168917663266
-17	63	-20	5.97269188231e-05	-0.0025564402886	-0.000156192831265
-15	63	-20	1.55536671044e-05	-0.00259508726833	-0.000148114385076
-13	63	-20	-2.74028176364e-05	-0.00262401179497	-0.000144354558617
-11	63	-20	-7.0132954672e-05	-0.00263974894951	-0.000144548608623
-9	63	-20	-0.000113558972007	-0.00264117988139	-0.000148612920008
-7	63	-20	-0.000158217724227	-0.00262986588321	-0.000156868111966
-5	63	-20	-0.000204068445598	-0.00260964570559	-0.000169926511759
-3	63	-20	-0.000250453909235	-0.00258561645461	-0.00018838862399
-1	63	-20	-0.00029620194095	-0.00256280391954	-0.000212463519917
1	63	-20	-0.000339823255147	-0.00254491917902	-0.000241659820511
3	63	-20	-0.000379747728986	-0.00253356637162	-0.000274675819634
5	63	-20	-0.000414545130643	-0.00252812181482	-0.000309554081679
7	63	-20	-0.000443093433446	-0.00252629294743	-0.000344077266621
9	63	-20	-0.000464680697408	-0.002525153624	-0.000376296626888
11	63	-20	-0.000479047347325	-0.00252230676701	-0.000405031127687
13	63	-20	-0.000486388818062	-0.002516791745	-0.000430172638867
15	63	-20	-0.000487341579679	-0.00250944203202	-0.00045268437761
17	63	-20	-0.000482969506484	-0.00250258008634	-0.000474271422425
19	63	-20	-0.000474755936027	-0.00249915293313	-0.000496805757916
21	63	-20	-0.00046459418176	-0.00250159466172	-0.000521670976913
23	63	-20	-0.000454759941935	-0.00251079286697	-0.000549225918964
25	63	-20	-0.000447845745937	-0.00252550615284	-0.000578559152929
27	63	-20	-0.000446641108908	-0.00254243866375	-0.000607623565803
29	63	-20	-0.00045395143542	-0.00255696993342	-0.000633726559875
31	63	-20	-0.000472361726256	-0.00256432986058	-0.000654241372042
33	63	-20	-0.000503965148715	-0.00256086521483	-0.000667333552684
35	63	-20	-0.000550089026655	-0.00254501095795	-0.000672487133168
37	63	-20	-0.00061105968698	-0.00251766718681	-0.000670671850391
39	63	-20	-0.000686051080342	-0.00248186306255	-0.00066409945596
41	63	-20	-0.000773058537139	-0.00244180608815	-0.000655641041968
43	63	-20	-0.000869027006561	-0.00240160099748	-0.000648079955954
45	63	-20	-0.000970142023742	-0.00236402017865	-0.00064342399281
47	63	-20	-0.00107226261281	-0.00232968799915	-0.000642480470691
49	63	-20	-0.00117144229886	-0.0022969124274	-0.000644814591306
51	63	-20	-0.00126445438684	-0.00226220039366	-0.000649091208285
53	63	-20	-0.00134921975973	-0.0022212898232	-0.000653680671514
55	63	-20	-0.00142503835563	-0.00217038302886	-0.000657328524884
57	63	-20	-0.00149255417439	-0.00210721623438	-0.000659672098482
59	63	-20	-0.00155343633435	-0.0020316600536	-0.000661439677539
61	63	-20	-0.00160982544089	-0.00194569358935	-0.000664273031482
63	63	-20	-0.00166365873456	-0.00185278267532	-0.000670237846986
65	63	-20	-0.00171603007499	-0.00175686315088	-0.000681189022511
67	63	-20	-0.00176674619851	-0.0016612337283	-0.000698205384895
69	63	-20	-0.00181420253587	-0.00156767356863	-0.000721285064603
71	63	-20	-0.00185562651827	-0.00147602003365	-0.000749405157274
73	63	-20	-0.00188764217993	-0.00138430150618	-0.000780925042901
75	63	-20	-0.00190702282271	-0.00128936347324	-0.00081419197374
77	63	-20	-0.0019114441254	-0.00118779885236	-0.000848130285139
79	63	-20	-0.00190004553833	-0.00107692856935	-0.000882588836766
81	63	-20	-0.00187365601718	-0.00095558718195	-0.000918290054151
83	63	-20	-0.00183462831768	-0.00082454014313	-0.000956349007134
85	63	-20	-0.00178632928902	-0.000686466962147	-0.000997474403009
87	63	-20	-0.00173242245215	-0.000545554608248	-0.00104108012722
89	63	-20	-0.00167612876571	-0.000406828882055	-0.0010845879867
91	63	-20	-0.00161964908987	-0.000275391057134	-0.00112317077985
93	63	-20	-0.00156388030545	-0.000155720630922	-0.00115007644147
95	63	-20	-0.00150847330497	-5.11629990027e-05	-0.00115751927442
97	63	-20	-0.00145219039372	3.63390580548e-05	-0.00113796809375
99	63	-20	-0.0013934474713	0.00010627067826	-0.00108554884769
-99	65	-20	0.000685034611115	-0.000760978311866	-0.000158330896266
-97	65	-20	0.00073122719494	-0.000818249413691	-0.000191557168212
-95	65	-20	0.000760126477734	-0.000868758016743	-0.00020851149837
-93	65	-20	0.00077518802152	-0.00091499467135	-0.000212289919634
-91	65	-20	0.000780567500989	-0.00095955220207	-0.00020676504359
-89	65	-20	0.000780232127226	-0.00100449681104	-0.000195837254679
-87	65	-20	0.000777192715354	-0.00105090653312	-0.000182765400413
-85	65	-20	0.000773037498182	-0.00109870611829	-0.000169728318697
-83	65	-20	0.000767868376381	-0.00114684725336	-0.000157704200263
-81	65	-20	0.000760631497125	-0.00119378268787	-0.000146666893822
-79	65	-20	0.00074972809126	-0.00123809204423	-0.000136012407919
-77	65	-20	0.000733719306569	-0.0012790650466	-0.000125070331187
-75	65	-20	0.000711921308382	-0.00131705361331	-0.000113540729033
-73	65	-20	0.000684728540884	-0.00135346957357	-0.000101730692057
-71	65	-20	0.000653590162746	-0.00139041251637	-9.05347999842e-05
-69	65	-20	0.000620670094962	-0.00143003053551	-8.11878757966e-05
-67	65	-20	0.000588312664649	-0.00147380815303	-7.48900480005e-05
-65	65	-20	0.000558486394816	-0.00152200968173	-7.24411246631e-05
-63	65	-20	0.000532374336368	-0.00157346875051	-7.40126594899e-05
-61	65	-20	0.000510223987153	-0.00162581399974	-7.91355028609e-05
-59	65	-20	0.000491482473164	-0.00167608621195	-8.69050642907e-05
-57	65	-20	0.000475151669153	-0.00172157498649	-9.63308388835e-05
-55	65	-20	0.000460231788476	-0.00176062469862	-0.000106705800286
-53	65	-20	0.000446100387104	-0.00179315733288	-0.000117861913091
-51	65	-20	0.00043270181262	-0.00182073796563	-0.000130213770565
-49	65	-20	0.00042048928711	-0.00184614561035	-0.000144562131956
-47	65	-20	0.000410145554987	-0.00187256641402	-0.000161710646042
-45	65	-20	0.000402181366706	-0.00190264910612	-0.000182015843991
-43	65	-20	0.000396551080205	-0.00193771362562	-0.000205020340742
-41	65	-20	0.000392419506405	-0.00197736403076	-0.00022930131483
-39	65	-20	0.000388166417678	-0.00201963567581	-0.000252605069041
-37	65	-20	0.000381640702192	-0.00206164021925	-0.000272252154336
-35	65	-20	0.000370598689068	-0.00210051209004	-0.000285712926606
-33	65	-20	0.000353204658635	-0.00213435800635	-0.000291197268324
-31	65	-20	0.000328452766549	-0.00216290152078	-0.00028809276652
-29	65	-20	0.000296393187594	-0.00218760330876	-0.000277126621802
-27	65	-20	0.00025810275513	-0.00221119962618	-0.000260205829242
-25	65	-20	0.000215413328166	-0.00223678651663	-0.000239983418396
-23	65	-20	0.00017047734399	-0.00226672750035	-0.000219276947257
-21	65	-20	0.00012529049068	-0.00230172875306	-0.000200504815071
-19	65	-20	8.12959501096e-05	-0.00234038479414	-0.000185294400985
-17	65	-20	3.91643387011e-05	-0.00237935967309	-0.000174357724136
-15	65	-20	-1.21040205474e-06	-0.00241417492797	-0.000167644125075
-13	65	-20	-4.05190985234e-05	-0.002440386147	-0.000164692909062
-11	65	-20	-7.97183429864e-05	-0.00245480459175	-0.000165049375375
-9	65	-20	-0.000119678586645	-0.00245639958936	-0.000168593781859
-7	65	-20	-0.000160890728084	-0.00244660934326	-0.000175668473089
-5	65	-20	-0.000203295968062	-0.00242896500077	-0.000186961638506
-3	65	-20	-0.00024626373116	-0.00240814059109	-0.000203192868326
-1	65	-20	-0.000288702030679	-0.00238871504506	-0.000224717293763
1	65	-20	-0.00032925494075	-0.0023740175517	-0.000251197747299
3	65	-20	-0.000366529258075	-0.00236539732306	-0.000281476558173
5	65	-20	-0.000399297497384	-0.00236212301782	-0.000313715093213
7	65	-20	-0.000426642456642	-0.00236191850061	-0.000345779813911
9	65	-20	-0.000448032155715	-0.0023619429113	-0.000375767300841
11	65	-20	-0.000463335191351	-0.00235988671421	-0.000402506154184
13	65	-20	-0.000472799714773	-0.00235482414225	-0.000425870252794
15	65	-20	-0.000477021937772	-0.00234754557147	-0.000446788887077
17	65	-20	-0.000476923379651	-0.00234026398604	-0.000466930491968
19	65	-20	-0.000473743603255	-0.00233579335425	-0.000488140200288
21	65	-20	-0.000469041665111	-0.00233646866744	-0.000511794253324
23	65	-20	-0.000464689228703	-0.00234316305012	-0.000538268901605
25	65	-20	-0.000462834065088	-0.00235472962706	-0.000566694766958
27	65	-20	-0.00046581533007	-0.0023680635629	-0.000595085885656
29	65	-20	-0.00047602061051	-0.00237878474033	-0.000620819831857
31	65	-20	-0.00049568714965	-0.00238234547188	-0.00064133613681
33	65	-20	-0.000526663344536	-0.00237523217975	-0.00065484923819
35	65	-20	-0.000570159157945	-0.00235589753988	-0.000660862757004
37	65	-20	-0.000626523469341	-0.00232514000776	-0.000660328374147
39	65	-20	-0.000695090838701	-0.00228581532431	-0.000655398536097
41	65	-20	-0.00077413800387	-0.00224196688937	-0.000648845267097
43	65	-20	-0.000860980190716	-0.00219763593032	-0.000643319202639
45	65	-20	-0.000952218250706	-0.00215570497311	-0.000640671493887
47	65	-20	-0.00104412073961	-0.00211711216871	-0.000641540877704
49	65	-20	-0.00113309396513	-0.00208065654894	-0.00064532501406
51	65	-20	-0.00121616434114	-0.00204343341972	-0.000650535117365
53	65	-20	-0.00129137963525	-0.00200175145893	-0.000655413703284
55	65	-20	-0.00135803707534	-0.00195224565904	-0.000658614556836
57	65	-20	-0.00141667151767	-0.00189285277989	-0.000659727320575
59	65	-20	-0.00146878442986	-0.00182336930954	-0.000659481639016
61	65	-20	-0.0015163552896	-0.00174544588764	-0.000659570753406
63	65	-20	-0.00156123597279	-0.0016620430886	-0.000662158173899
65	65	-20	-0.00160456835381	-0.00157652881637	-0.00066923372665
67	65	-20	-0.00164637139929	-0.00149169233865	-0.000682033538932
69	65	-20	-0.00168541065423	-0.00140896000513	-0.000700716274248
71	65	-20	-0.00171939581939	-0.00132802554613	-0.000724401642231
73	65	-20	-0.00174546768522	-0.00124698020877	-0.000751554189046
75	65	-20	-0.00176085727962	-0.00116288571129	-0.000780575321508
77	65	-20	-0.00176355073381	-0.00107261768341	-0.000810389010779
79	65	-20	-0.00175278855516	-0.000973748785087	-0.00084079841942
81	65	-20	-0.00172927040106	-0.000865249525829	-0.000872456881362
83	65	-20	-0.00169501467852	-0.000747851043616	-0.000906418512955
85	65	-20	-0.0016529141231	-0.000624012830571	-0.000943374124778
87	65	-20	-0.00160610767197	-0.000497538921892	-0.000982792914376
89	65	-20	-0.00155733323514	-0.000372961675639	-0.00102224237402
91	65	-20	-0.00150842396135	-0.00025484732819	-0.00105712944246
93	65	-20	-0.00146006480328	-0.000147170095262	-0.00108100156358
95	65	-20	-0.00141185172365	-5.28615519492e-05	-0.00108639655196
97	65	-20	-0.00136261524951	2.64141205401e-05	-0.00106607861576
99	65	-20	-0.00131090596272	9.02635683212e-05	-0.00101438862591
-99	67	-20	0.000639290025663	-0.000731884427777	-0.000158952250751
-97	67	-20	0.000683097459384	-0.000786184338882	-0.000192769948401
-95	67	-20	0.000710031461217	-0.000833557987341	-0.000210474259049
-93	67	-20	0.000723444486779	-0.000876437565414	-0.000215158504282
-91	67	-20	0.000727386622165	-0.000917383171404	-0.000210681450261
-89	67	-20	0.000725749330307	-0.000958470734306	-0.000200919299633
-87	67	-20	0.000721522689022	-0.00100083783259	-0.000189099179326
-85	67	-20	0.000716340453659	-0.00104451291344	-0.000177365315214
-83	67	-20	0.000710410203435	-0.00108857664857	-0.000166664215627
-81	67	-20	0.000702821445265	-0.00113160777351	-0.000156946789366
-79	67	-20	0.000692122850317	-0.00117227830965	-0.000147599149581
-77	67	-20	0.000676990500235	-0.00120991258488	-0.00013795534573
-75	67	-20	0.000656792247648	-0.00124482923216	-0.000127731561092
-73	67	-20	0.000631893232278	-0.0012783472009	-0.000117255798503
-71	67	-20	0.00060363117798	-0.00131243940318	-0.000107438275811
-69	67	-20	0.000573991198511	-0.00134913047365	-9.95129335685e-05
-67	67	-20	0.000545097539383	-0.00138982269485	-9.46528041548e-05
-65	67	-20	0.000518687941563	-0.00143476701489	-9.35990444415e-05
-63	67	-20	0.000495731937047	-0.00148286088432	-9.6434128357e-05
-61	67	-20	0.000476300788291	-0.00153185923446	-0.000102577777514
-59	67	-20	0.000459712447324	-0.0015789570067	-0.000111006971609
-57	67	-20	0.000444887194148	-0.001621580768	-0.000120624135298
-55	67	-20	0.000430785967021	-0.00165815228842	-0.000130645613361
-53	67	-20	0.000416782820397	-0.00168858460387	-0.000140872996094
-51	67	-20	0.00040285035418	-0.00171434500088	-0.000151746303914
-49	67	-20	0.000389502106058	-0.00173804910422	-0.000164149196158
-47	67	-20	0.000377517062936	-0.00176269655278	-0.0001790195635
-45	67	-20	0.000367542560709	-0.00179077543627	-0.00019688716759
-43	67	-20	0.000359710758714	-0.00182351128617	-0.000217490790693
-41	67	-20	0.000353399159831	-0.00186049896248	-0.000239609672899
-39	67	-20	0.000347219812736	-0.00189984124514	-0.000261182223343
-37	67	-20	0.000339250132812	-0.00193876037856	-0.000279697705356
-35	67	-20	0.00032744356131	-0.00197449723122	-0.000292760954549
-33	67	-20	0.000310103641787	-0.0020052157951	-0.000298673331814
-31	67	-20	0.000286286689485	-0.00203062114526	-0.000296863502476
-29	67	-20	0.000256020536103	-0.00205208239513	-0.000288043032468
-27	67	-20	0.000220281715787	-0.0020722046849	-0.000274041881952
-25	67	-20	0.000180743233349	-0.00209396909652	-0.000257373010432
-23	67	-20	0.000139368382235	-0.00211970143961	-0.000240654261804
-21	67	-20	9.79646943657e-05	-0.00215019395972	-0.000226054940586
-19	67	-20	5.78162151933e-05	-0.00218426607796	-0.000214921988721
-17	67	-20	1.94830140938e-05	-0.00221892084534	-0.000207680725541
-15	67	-20	-1.71949418121e-05	-0.00225007178088	-0.000204016980508
-13	67	-20	-5.2910071122e-05	-0.00227363656821	-0.000203259211609
-11	67	-20	-8.85827711467e-05	-0.00228667596603	-0.00020481883737
-9	67	-20	-0.000125031026109	-0.00228823640468	-0.000208533501574
-7	67	-20	-0.000162701090154	-0.00227964071762	-0.000214795303258
-5	67	-20	-0.000201519654707	-0.00226413753765	-0.000224421836538
-3	67	-20	-0.000240888576511	-0.00224601474888	-0.000238317466834
-1	67	-20	-0.000279803879609	-0.00222944520566	-0.000257046323137
1	67	-20	-0.00031705230595	-0.00221741263997	-0.000280472483086
3	67	-20	-0.000351427436533	-0.0022110372235	-0.000307604937301
5	67	-20	-0.000381913731976	-0.00220949262815	-0.000336719997595
7	67	-20	-0.000407806027434	-0.00221051991323	-0.000365742142398
9	67	-20	-0.000428756392396	-0.00221135697957	-0.00039277536566
11	67	-20	-0.000444761917441	-0.00220977440978	-0.000416620314249
13	67	-20	-0.000456120101628	-0.00220487933491	-0.00043710766641
15	67	-20	-0.000463380706686	-0.00219742729641	-0.000455128847255
17	67	-20	-0.000467315387062	-0.00218954265961	-0.00047233691918
19	67	-20	-0.000468912885515	-0.00218393979502	-0.000490595139348
21	67	-20	-0.00046939299326	-0.00218289910478	-0.000511334921453
23	67	-20	-0.00047022125673	-0.0021873327617	-0.000535020913198
25	67	-20	-0.000473101439879	-0.00219624925023	-0.000560895355625
27	67	-20	-0.000479924857034	-0.00220680171214	-0.000587092899162
29	67	-20	-0.000492663883993	-0.00221492198612	-0.000611104622764
31	67	-20	-0.000513209072224	-0.00221635786388	-0.000630460872067
33	67	-20	-0.000543162778322	-0.00220780340293	-0.000643431304686
35	67	-20	-0.000583614712423	-0.00218778096743	-0.000649530592236
37	67	-20	-0.000634934339566	-0.00215700830871	-0.000649674009314
39	67	-20	-0.000696619962082	-0.0021181405485	-0.000645932305817
41	67	-20	-0.000767243001904	-0.00207496616128	-0.000640957542646
43	67	-20	-0.000844517095288	-0.00203129918323	-0.000637252801875
45	67	-20	-0.000925504408851	-0.00198989712834	-0.000636506869289
47	67	-20	-0.0010069469764	-0.00195172009875	-0.000639194581331
49	67	-20	-0.00108568219005	-0.00191573778265	-0.000644560545065
51	67	-20	-0.00115907490073	-0.00187932292049	-0.000650984236497
53	67	-20	-0.0012253817332	-0.00183909509599	-0.000656605686362
55	67	-20	-0.00128396371816	-0.00179195044195	-0.000660010580598
57	67	-20	-0.00133528554517	-0.00173596806075	-0.000660757091293
59	67	-20	-0.00138068229991	-0.00167093281119	-0.000659579349766
61	67	-20	-0.00142192934311	-0.00159833792349	-0.00065820741696
63	67	-20	-0.00146070432	-0.00152088920052	-0.000658867356346
65	67	-20	-0.0014980664068	-0.00144167657394	-0.000663627845541
67	67	-20	-0.00153408391675	-0.00136326676645	-0.000673808408494
69	67	-20	-0.00156771199053	-0.00128698032589	-0.000689642697894
71	67	-20	-0.00159696228047	-0.00121254972523	-0.000710304681287
73	67	-20	-0.00161933113769	-0.00113823727345	-0.000734283174593
75	67	-20	-0.00163238264467	-0.00106136010837	-0.000759970340482
77	67	-20	-0.0016343385179	-0.000979063087587	-0.000786251839061
79	67	-20	-0.00162452230371	-0.00088912662792	-0.00081287690235
81	67	-20	-0.00160354283521	-0.000790605132102	-0.000840450867235
83	67	-20	-0.00157317146796	-0.00068415335125	-0.000870012273364
85	67	-20	-0.00153594935206	-0.000571989679095	-0.000902294977549
87	67	-20	-0.00149463151292	-0.000457538414288	-0.00093688940428
89	67	-20	-0.00145161399918	-0.000344862615975	-0.000971569318173
91	67	-20	-0.00140848862173	-0.000238030812366	-0.00100202307767
93	67	-20	-0.00136582907878	-0.000140552818885	-0.00102212734093
95	67	-20	-0.00132324599402	-5.49816212355e-05	-0.00102475546811
97	67	-20	-0.00127967662982	1.72747284294e-05	-0.00100296496889
99	67	-20	-0.00123381798596	7.59388106649e-05	-0.000951301312554
-99	69	-20	0.000599565837362	-0.000706444205696	-0.000162394941347
-97	69	-20	0.000641089815384	-0.000758177757214	-0.00019691177875
-95	69	-20	0.000666047254006	-0.000802849881174	-0.000215438835378
-93	69	-20	0.000677707205783	-0.000842840242343	-0.000221075857668
-91	69	-20	0.000680040831237	-0.000880677528635	-0.000217679144261
-89	69	-20	0.000676893381565	-0.00091844197794	-0.000209112601164
-87	69	-20	0.000671262637559	-0.000957317664727	-0.000198582543653
-85	69	-20	0.000664852171707	-0.000997416967242	-0.000188207622339
-83	69	-20	0.000657993756937	-0.00103792581956	-0.00017890965627
-81	69	-20	0.000649932842805	-0.00107752540375	-0.000170622002098
-79	69	-20	0.00063937316149	-0.00111496138248	-0.000162725369511
-77	69	-20	0.000625109835102	-0.00114958262489	-0.000154562387988
-75	69	-20	0.000606564212884	-0.00118167528411	-0.000145869019365
-73	69	-20	0.000584072091598	-0.00121247688751	-0.000136996456731
-71	69	-20	0.000558857372385	-0.00124385315683	-0.000128869761165
-69	69	-20	0.000532720401853	-0.0012777284076	-0.00012271606078
-67	69	-20	0.00050755443658	-0.00131544451938	-0.000119668424067
-65	69	-20	0.000484849767803	-0.00135725542653	-0.000120388706128
-63	69	-20	0.000465340345332	-0.00140213099667	-0.000124842533588
-61	69	-20	0.000448895571051	-0.00144795350056	-0.000132306013257
-59	69	-20	0.000434678177214	-0.00149206802989	-0.000141604408725
-57	69	-20	0.000421504229964	-0.0015320329122	-0.000151503797592
-55	69	-20	0.000408279865326	-0.00156634477941	-0.00016112342843
-53	69	-20	0.000394369760157	-0.0015949103778	-0.000170226697624
-51	69	-20	0.000379779306213	-0.00161910728459	-0.000179286001552
-49	69	-20	0.00036509603751	-0.0016413990028	-0.000189289644733
-47	69	-20	0.00035121497145	-0.00166460908935	-0.000201344319469
-45	69	-20	0.000338941861339	-0.00169107009322	-0.000216196888733
-43	69	-20	0.000328606428339	-0.00172190954614	-0.000233831187575
-41	69	-20	0.000319813342512	-0.00175669989475	-0.000253278081708
-39	69	-20	0.000311414482852	-0.00179359058991	-0.000272714531256
-37	69	-20	0.000301716598768	-0.00182989087568	-0.000289838856
-35	69	-20	0.000288866044405	-0.0018629276742	-0.00030242242028
-33	69	-20	0.000271299114312	-0.00189091057526	-0.000308880168048
-31	69	-20	0.000248128312744	-0.00191352637008	-0.000308692615059
-29	69	-20	0.000219355978106	-0.00193206427302	-0.000302553856728
-27	69	-20	0.000185859222805	-0.00194901731566	-0.00029220132142
-25	69	-20	0.00014915708654	-0.00196727112567	-0.000279978295981
-23	69	-20	0.000111031565962	-0.00198912617512	-0.000268259924049
-21	69	-20	7.31111761862e-05	-0.00201545989512	-0.000258912462053
-19	69	-20	3.65294956803e-05	-0.00204529983338	-0.000252941857563
-17	69	-20	1.74284077119e-06	-0.00207595726285	-0.000250425656374
-15	69	-20	-3.14586452429e-05	-0.00210369903506	-0.000250731618769
-13	69	-20	-6.37675317942e-05	-0.00212476725887	-0.000252936049058
-11	69	-20	-9.60687788079e-05	-0.00213644468131	-0.000256293432236
-9	69	-20	-0.000129130017469	-0.00213784448504	-0.000260596010226
-7	69	-20	-0.000163355419845	-0.00213018382631	-0.000266301443279
-5	69	-20	-0.000198659415541	-0.00211645657994	-0.000274385920454
-3	69	-20	-0.000234477714543	-0.00210060408833	-0.000285973429369
-1	69	-20	-0.000269894687965	-0.00208643593606	-0.000301869064649
1	69	-20	-0.000303838923198	-0.00207662777381	-0.000322159867432
3	69	-20	-0.000335288829863	-0.00207209638211	-0.000346028482157
5	69	-20	-0.00036343780134	-0.00207193195569	-0.000371857868003
7	69	-20	-0.000387788782533	-0.00207389192864	-0.000397610313987
9	69	-20	-0.000408173339811	-0.00207528494817	-0.000421371485362
11	69	-20	-0.000424712416993	-0.00207395317622	-0.000441890492531
13	69	-20	-0.000437748986158	-0.00206903371013	-0.000458940479116
15	69	-20	-0.000447784393165	-0.00206125383147	-0.000473374734616
17	69	-20	-0.00045544164725	-0.00205266623298	-0.00048684627798
19	69	-20	-0.000461464206423	-0.00204591111379	-0.000501265545509
21	69	-20	-0.000466743085876	-0.00204324472158	-0.000518157316995
23	69	-20	-0.000472352989279	-0.00204565024705	-0.000538115933467
25	69	-20	-0.000479572584319	-0.0020523229108	-0.00056053361958
27	69	-20	-0.000489865825532	-0.00206070438908	-0.000583696302388
29	69	-20	-0.000504809280813	-0.00206706937883	-0.000605228817203
31	69	-20	-0.000525962464833	-0.00206749348537	-0.000622761737536
33	69	-20	-0.000554691584783	-0.00205891126381	-0.00063462006887
35	69	-20	-0.000591969476934	-0.00203994364729	-0.000640323256715
37	69	-20	-0.000638183951929	-0.00201124391705	-0.000640740920085
39	69	-20	-0.000692991734111	-0.0019752583525	-0.000637853171497
41	69	-20	-0.000755254298654	-0.00193547546713	-0.000634186108332
43	69	-20	-0.000823083983744	-0.00189539102295	-0.00063209392884
45	69	-20	-0.000894013211491	-0.00185749802582	-0.000633107170604
47	69	-20	-0.000965277339598	-0.00182259777834	-0.000637546235544
49	69	-20	-0.00103417563448	-0.00178962585143	-0.000644516627513
51	69	-20	-0.0010984505647	-0.00175602886818	-0.000652282975413
53	69	-20	-0.00115661012379	-0.00171856380579	-0.000658900496158
55	69	-20	-0.00120811796497	-0.00167427099325	-0.000662902511886
57	69	-20	-0.0012533956846	-0.00162132991125	-0.000663826397112
59	69	-20	-0.00129361942988	-0.00155955284699	-0.000662413131564
61	69	-20	-0.00133034186543	-0.00149038786304	-0.000660420740172
63	69	-20	-0.00136501816947	-0.00141645137106	-0.000660115811387
65	69	-20	-0.00139854706562	-0.00134074601899	-0.000663610307723
67	69	-20	-0.00143094341421	-0.00126580237854	-0.000672259766612
69	69	-20	-0.00146123283223	-0.00119299197217	-0.000686317603512
71	69	-20	-0.00148760562296	-0.00112219675299	-0.000704954883148
73	69	-20	-0.00150780019116	-0.00105190946717	-0.000726632601941
75	69	-20	-0.00151962364682	-0.000979715955949	-0.000749693509043
77	69	-20	-0.00152147783728	-0.000903010599299	-0.000772961977679
79	69	-20	-0.00151275495448	-0.000819745745737	-0.000796129993135
81	69	-20	-0.00149400031671	-0.000729024165471	-0.000819770197111
83	69	-20	-0.00146680188997	-0.000631401590778	-0.000844934996961
85	69	-20	-0.00143343894367	-0.000528852436053	-0.000872437868133
87	69	-20	-0.00139638506715	-0.000424438946481	-0.000902026144684
89	69	-20	-0.00135779596233	-0.000321788927395	-0.000931707442447
91	69	-20	-0.0013191108927	-0.000224516233391	-0.000957466222357
93	69	-20	-0.00128086038964	-0.00013570983776	-0.000973508783443
95	69	-20	-0.00124271377967	-5.75804853012e-05	-0.000973032423928
97	69	-20	-0.00120373615121	8.6964858588e-06	-0.00094936939053
99	69	-20	-0.00116277352879	6.29521930567e-05	-0.000897250780248
-99	71	-20	0.000565667488089	-0.000684548624956	-0.000168300833764
-97	71	-20	0.000605099223469	-0.000734075933213	-0.000203570929076
-95	71	-20	0.000628187190252	-0.000776425473599	-0.000222932159446
-93	71	-20	0.000638133385321	-0.000813930938991	-0.00022949852472
-91	71	-20	0.000638850205751	-0.000849092779358	-0.000227134208299
-89	71	-20	0.00063415663522	-0.000883993197369	-0.000219702031544
-87	71	-20	0.000627074325573	-0.000919853927293	-0.000210397999103
-85	71	-20	0.000619386791656	-0.000956856589931	-0.0002013238276
-83	71	-20	0.000611553569633	-0.000994274147438	-0.000193382895004
-81	71	-20	0.000602974286641	-0.00103087199454	-0.000186494950871
-79	71	-20	0.000592503101355	-0.00106545514915	-0.000180037483985
-77	71	-20	0.000579049571921	-0.00109738998823	-0.000173362823096
-75	71	-20	0.00056208641838	-0.00112693211068	-0.000166227307696
-73	71	-20	0.000541921746261	-0.0011552480438	-0.000159005554291
-71	71	-20	0.000519670901827	-0.0011841126253	-0.000152637026096
-69	71	-20	0.000496956882279	-0.00121536792999	-0.000148340264743
-67	71	-20	0.000475449307301	-0.00125031079448	-0.000147204522945
-65	71	-20	0.000456396106818	-0.00128920719306	-0.000149805924674
-63	71	-20	0.000440297022672	-0.00133110052778	-0.000155984277836
-61	71	-20	0.000426817014319	-0.00137399440861	-0.000164861279875
-59	71	-20	0.000414958075301	-0.00141537397942	-0.00017509921215
-57	71	-20	0.000403425516671	-0.00145291941264	-0.000185317804736
-55	71	-20	0.000391065261782	-0.00148519664929	-0.000194532218957
-53	71	-20	0.000377229988277	-0.00151210767333	-0.000202465021217
-51	71	-20	0.000361958638725	-0.00153494928455	-0.000209623335107
-49	71	-20	0.000345916184372	-0.00155604695343	-0.00021710723195
-47	71	-20	0.000330118002964	-0.00157806324104	-0.000226203108838
-45	71	-20	0.000315531153242	-0.00160318647964	-0.00023788811574
-43	71	-20	0.000302682240008	-0.001632449973	-0.000252404962003
-41	71	-20	0.000291397639358	-0.0016653984681	-0.000269049155702
-39	71	-20	0.000280758949542	-0.00170021513779	-0.000286247428897
-37	71	-20	0.000269289024127	-0.00173427958831	-0.000301916114104
-35	71	-20	0.000255313350806	-0.00176498981727	-0.000313999748231
-33	71	-20	0.000237389594045	-0.0017905926742	-0.000321031343319
-31	71	-20	0.000214680024808	-0.00181075784954	-0.000322545701816
-29	71	-20	0.000187161545002	-0.00182670498975	-0.000319219731809
-27	71	-20	0.000155618498205	-0.00184083070899	-0.000312696117239
-25	71	-20	0.000121427934276	-0.00185593997713	-0.000305143324377
-23	71	-20	8.62055494207e-05	-0.00187431493295	-0.000298685441298
-21	71	-20	5.141612474e-05	-0.00189691203423	-0.000294874300802
-19	71	-20	1.80558256429e-05	-0.00192294563968	-0.000294361309344
-17	71	-20	-1.35137151925e-05	-0.00195000109023	-0.000296862045121
-15	71	-20	-4.35477831397e-05	-0.00197465788936	-0.000301413333311
-13	71	-20	-7.27389741538e-05	-0.00199344414163	-0.000306829784106
-11	71	-20	-0.000101939679573	-0.0020038373279	-0.000312204222909
-9	71	-20	-0.000131871262521	-0.00200500793615	-0.000317284082775
-7	71	-20	-0.000162899257129	-0.00199807831647	-0.00032259775544
-5	71	-20	-0.00019492706018	-0.00198581648716	-0.000329287845923
-3	71	-20	-0.000227422199671	-0.00197185777665	-0.000338705730833
-1	71	-20	-0.000259551673854	-0.00195969196102	-0.000351902366091
1	71	-20	-0.000290376703641	-0.00195172444228	-0.000369187606142
3	71	-20	-0.000319048537889	-0.00194869466418	-0.000389911649824
5	71	-20	-0.000344955851456	-0.00194962135805	-0.000412552737969
7	71	-20	-0.000367795785999	-0.00195227818918	-0.000435096502179
9	71	-20	-0.000387566815596	-0.00195403729967	-0.000455595842108
11	71	-20	-0.000404504152267	-0.00195280442931	-0.000472737243644
13	71	-20	-0.000418991330987	-0.0019477434445	-0.000486231235303
15	71	-20	-0.000431482566041	-0.00193955803792	-0.000496895228894
17	71	-20	-0.000442460876903	-0.00193024160288	-0.00050639148646
19	71	-20	-0.000452441066823	-0.00192237725052	-0.000516692108375
21	71	-20	-0.000462009777438	-0.00191821441109	-0.000529432078794
23	71	-20	-0.000471881864118	-0.00191882077307	-0.000545351501253
25	71	-20	-0.000482946280535	-0.00192358575345	-0.00056400524457
27	71	-20	-0.000496276302195	-0.00193024159072	-0.000583838189229
29	71	-20	-0.000513087036605	-0.00193540544826	-0.000602611376643
31	71	-20	-0.000534635317876	-0.00193548198858	-0.000618053835047
33	71	-20	-0.000562070490319	-0.00192765224246	-0.000628541799676
35	71	-20	-0.000596256809138	-0.00191064665749	-0.00063359524804
37	71	-20	-0.000637597374578	-0.0018850662328	-0.000634035811886
39	71	-20	-0.000685894293126	-0.00185315439818	-0.000631753993757
41	71	-20	-0.000740278992769	-0.00181809004343	-0.000629154986522
43	71	-20	-0.000799239376643	-0.00178301662299	-0.00062845310885
45	71	-20	-0.000860756395892	-0.00175009933296	-0.000631032922818
47	71	-20	-0.000922542503975	-0.00171988945407	-0.000637074898174
49	71	-20	-0.000982351081067	-0.0016911778277	-0.000645560966604
51	71	-20	-0.00103830415502	-0.00166136966704	-0.000654656220637
53	71	-20	-0.00108917185784	-0.00162725741924	-0.000662344876775
55	71	-20	-0.00113453702361	-0.00158595443779	-0.00066711886951
57	71	-20	-0.00117479560542	-0.00153571275884	-0.000668501491715
59	71	-20	-0.00121097708017	-0.00147639233186	-0.000667241587957
61	71	-20	-0.00124441226364	-0.00140945994296	-0.00066511920563
63	71	-20	-0.00127631810844	-0.00133753766218	-0.000664427799524
65	71	-20	-0.0013073976208	-0.0012636494165	-0.000667301350842
67	71	-20	-0.00133755780091	-0.00119039299352	-0.000675103816367
69	71	-20	-0.00136582527549	-0.00111927341077	-0.000688076999543
71	71	-20	-0.00139049200242	-0.00105037429861	-0.000705357509673
73	71	-20	-0.00140946382624	-0.000982438818052	-0.000725350899638
75	71	-20	-0.00142072923349	-0.000913314462849	-0.000746330601507
77	71	-20	-0.00142283072858	-0.000840621263185	-0.000767050089631
79	71	-20	-0.00141521781032	-0.00076245507668	-0.00078714538029
81	71	-20	-0.00139839050133	-0.00067794539424	-0.000807166855766
83	71	-20	-0.00137379771847	-0.000587542097246	-0.000828196522763
85	71	-20	-0.0013435197507	-0.000492987114442	-0.000851143283688
87	71	-20	-0.00130982014485	-0.000397009390802	-0.000875921889538
89	71	-20	-0.00127468367327	-0.00030284277423	-0.000900774812994
91	71	-20	-0.00123945567952	-0.000213693421409	-0.000921972217445
93	71	-20	-0.00120466573856	-0.000132274744855	-0.000934029220865
95	71	-20	-0.00117006590911	-6.04923602885e-05	-0.000930439569168
97	71	-20	-0.00113485680281	6.86783081226e-07	-0.000904781796555
99	71	-20	-0.00109802928713	5.11931162567e-05	-0.000851949579235
-99	73	-20	0.000536658986965	-0.000665474084951	-0.00017571919536
-97	73	-20	0.000574231922962	-0.000713086292148	-0.000211732761728
-95	73	-20	0.000595633066306	-0.000753420963432	-0.000231879313567
-93	73	-20	0.00060400894143	-0.000788771256933	-0.000239292017488
-91	73	-20	0.000603225671606	-0.000821612171272	-0.000237850154077
-89	73	-20	0.000597085922679	-0.00085402635761	-0.000231423825411
-87	73	-20	0.000588639863296	-0.000887266670071	-0.000223207013245
-85	73	-20	0.00057974892807	-0.000921572971505	-0.000215291624038
-83	73	-20	0.000570992135121	-0.000956291660795	-0.000208567797573
-81	73	-20	0.000561910851178	-0.00099025897663	-0.000202944636761
-79	73	-20	0.000551496337154	-0.00102232921361	-0.000197797255426
-77	73	-20	0.000538761990464	-0.00105188194345	-0.000192486920639
-75	73	-20	0.000523227090455	-0.00107914478549	-0.000186788740178
-73	73	-20	0.000505174799392	-0.00110522206588	-0.000181099149144
-71	73	-20	0.000485622341472	-0.00113181037437	-0.000176371206492
-69	73	-20	0.000466032036285	-0.00116068248892	-0.000173815466247
-67	73	-20	0.000447870230091	-0.00119309975053	-0.000174479700658
-65	73	-20	0.000432163599172	-0.00122934352813	-0.000178858386211
-63	73	-20	0.000419196897457	-0.00126852690501	-0.000186671037637
-61	73	-20	0.000408446183809	-0.00130876491527	-0.000196891327253
-59	73	-20	0.00039876383167	-0.00134766982372	-0.000208025012175
-57	73	-20	0.000388751254437	-0.00138303179184	-0.000218551118877
-55	73	-20	0.000377197433805	-0.00141347921557	-0.00022738467102
-53	73	-20	0.000363443432181	-0.00143891002095	-0.00023420889588
-51	73	-20	0.000347559563818	-0.00146054886191	-0.000239564121094
-49	73	-20	0.000330283272941	-0.00148059775614	-0.000244657369372
-47	73	-20	0.000312741897501	-0.001501575044	-0.000250946671139
-45	73	-20	0.000296051247429	-0.00152553943516	-0.000259628492891
-43	73	-20	0.000280917793943	-0.00155343879366	-0.000271191205253
-41	73	-20	0.000267368659387	-0.00158479143836	-0.000285180414855
-39	73	-20	0.000254691812195	-0.00161780878317	-0.000300257855904
-37	73	-20	0.000241602950168	-0.00164993155507	-0.000314544098829
-35	73	-20	0.000226586510434	-0.00167862003423	-0.000326145321243
-33	73	-20	0.000208307288279	-0.00170215393905	-0.000333704490433
-31	73	-20	0.000185971113968	-0.00172018810163	-0.000336807000409
-29	73	-20	0.000159532063564	-0.00173388101422	-0.000336114009053
-27	73	-20	0.000129692403808	-0.00174554418542	-0.000333180355354
-25	73	-20	9.7703844422e-05	-0.00175791088549	-0.000330011909485
-23	73	-20	6.50353372314e-05	-0.00177324586974	-0.000328498597094
-21	73	-20	3.30070723619e-05	-0.00179257336626	-0.000329898210238
-19	73	-20	2.493635584e-06	-0.00181526990728	-0.000334529845626
-17	73	-20	-2.62274177761e-05	-0.00183915948561	-0.000341769224007
-15	73	-20	-5.34520563663e-05	-0.00186109409928	-0.000350342131702
-13	73	-20	-7.98733578809e-05	-0.00187785102516	-0.000358817208713
-11	73	-20	-0.000106315097629	-0.00188707702568	-0.000366135620208
-9	73	-20	-0.000133457498757	-0.00188799165434	-0.000372003355966
-7	73	-20	-0.000161631307627	-0.00188163347361	-0.000377016156567
-5	73	-20	-0.000190729323111	-0.00187057261417	-0.000382473621675
-3	73	-20	-0.000220246427469	-0.00185817730308	-0.000389940485031
-1	73	-20	-0.00024942225067	-0.00184765933155	-0.00040069684467
1	73	-20	-0.000277435394467	-0.00184119071681	-0.000415258081023
3	73	-20	-0.000303590560071	-0.00183935980829	-0.000433126088374
5	73	-20	-0.00032745001076	-0.00184112734687	-0.000452861550214
7	73	-20	-0.000348883419308	-0.00184428549674	-0.00047246460595
9	73	-20	-0.000368037135352	-0.00184626531285	-0.000489950837601
11	73	-20	-0.000385246867608	-0.00184503012087	-0.000503943420639
13	73	-20	-0.00040093059274	-0.00183976775559	-0.000514092446444
15	73	-20	-0.000415498818883	-0.00183116095827	-0.000521183091645
17	73	-20	-0.000429308710205	-0.00182115116003	-0.000526890413839
19	73	-20	-0.000442671479806	-0.00181227313325	-0.000533250194422
21	73	-20	-0.000455904521783	-0.00180677514632	-0.000542007018399
23	73	-20	-0.000469406014419	-0.00180580799091	-0.000554043003226
25	73	-20	-0.000483723317585	-0.00180894501932	-0.000569068915336
27	73	-20	-0.000499588138347	-0.00181419109332	-0.000585679659234
29	73	-20	-0.000517899776235	-0.00181848423789	-0.000601762726874
31	73	-20	-0.000539650140656	-0.00181853853359	-0.000615136686777
33	73	-20	-0.000565797711558	-0.00181176920736	-0.000624222615221
35	73	-20	-0.000597109669098	-0.00179701454552	-0.000628538564457
37	73	-20	-0.000634000241519	-0.00177483196158	-0.000628860541413
39	73	-20	-0.000676397712867	-0.00174727713544	-0.000626996857347
41	73	-20	-0.000723671636149	-0.00171723408165	-0.000625243850058
43	73	-20	-0.00077464498381	-0.00168750073449	-0.00062569165456
45	73	-20	-0.000827703075662	-0.00165990719031	-0.000629596837088
47	73	-20	-0.000880993025326	-0.00163473076604	-0.000637018666387
49	73	-20	-0.000932686631793	-0.00161057904503	-0.000646833473933
51	73	-20	-0.000981260402186	-0.00158476918951	-0.000657122681686
53	73	-20	-0.00102573420536	-0.00155408370463	-0.000665812166392
55	73	-20	-0.001065810135	-0.00151567456481	-0.000671361116658
57	73	-20	-0.00110186848704	-0.00146785055738	-0.000673282852636
59	73	-20	-0.0011348073289	-0.00141052542995	-0.000672333462579
61	73	-20	-0.00116575023746	-0.00134521095134	-0.000670309819307
63	73	-20	-0.00119568382059	-0.00127457475425	-0.000669523025576
65	73	-20	-0.00122511160969	-0.00120170618985	-0.00067211683617
67	73	-20	-0.00125381482498	-0.00112930878043	-0.000679449780829
69	73	-20	-0.00128078967988	-0.00105904609131	-0.000691738359803
71	73	-20	-0.00130438882618	-0.000991211052805	-0.000708073060702
73	73	-20	-0.00132264166293	-0.00092478810006	-0.000726796003652
75	73	-20	-0.00133367915605	-0.000857865314503	-0.000746108031386
77	73	-20	-0.00133615802795	-0.000788262949526	-0.000764693224061
79	73	-20	-0.0013295764189	-0.000714198884924	-0.000782136765184
81	73	-20	-0.00131440008736	-0.000634818862992	-0.000798973218679
83	73	-20	-0.00129196772587	-0.00055047184194	-0.000816318762197
85	73	-20	-0.00126420201509	-0.000462688571813	-0.000835177030018
87	73	-20	-0.00123320306095	-0.000373900090199	-0.00085562141338
89	73	-20	-0.00120082885635	-0.000286990979658	-0.000876110950771
91	73	-20	-0.00116836617467	-0.00020480756867	-0.000893174230342
93	73	-20	-0.00113636642014	-0.000129732523368	-0.000901601584431
95	73	-20	-0.00110467395457	-6.34027806254e-05	-0.000895147739281
97	73	-20	-0.001072623469	-6.60129734998e-06	-0.000867605665568
99	73	-20	-0.00103934236038	4.06910878253e-05	-0.000814008795034
-99	75	-20	0.000511184867846	-0.000648162585085	-0.000183514519923
-97	75	-20	0.000547136458024	-0.00069406839433	-0.000220202502279
-95	75	-20	0.000567070176895	-0.000732615182771	-0.000241035823999
-93	75	-20	0.000574083432091	-0.000766058840352	-0.00024916834914
-91	75	-20	0.000572000920078	-0.00079685002448	-0.000248497793682
-89	75	-20	0.000564609777758	-0.000827069824621	-0.000242906227417
-87	75	-20	0.000554983633009	-0.000857996792628	-0.000235590942549
-85	75	-20	0.000545050456979	-0.000889920786437	-0.000228639161878
-83	75	-20	0.000535492128892	-0.000922252012696	-0.00022293184415
-81	75	-20	0.000525972431836	-0.000953888556386	-0.000218369737181
-79	75	-20	0.000515601201328	-0.000983727704976	-0.000214325758166
-77	75	-20	0.000503481669396	-0.00101116021282	-0.000210168327895
-75	75	-20	0.000489173352879	-0.00103638849724	-0.000205688293471
-73	75	-20	0.000472937765099	-0.00106046146301	-0.000201300874202
-71	75	-20	0.000455707262693	-0.00108500623774	-0.000197971258735
-69	75	-20	0.000438805462569	-0.00111173436162	-0.000196903715823
-67	75	-20	0.000423523651079	-0.00114187628398	-0.000199110655265
-65	75	-20	0.000410698538492	-0.0011757280021	-0.000205015968359
-63	75	-20	0.000400431018157	-0.00121246567608	-0.000214234436477
-61	75	-20	0.000392036419012	-0.00125030455037	-0.000225610275205
-59	75	-20	0.000384240647083	-0.00128697087365	-0.000237511926046
-57	75	-20	0.000375558083165	-0.00132035318978	-0.000248294686479
-55	75	-20	0.000364730730086	-0.0013491355402	-0.000256785310465
-53	75	-20	0.000351090905351	-0.00137321192001	-0.000262632102166
-51	75	-20	0.000334736096863	-0.00139374227417	-0.000266404160124
-49	75	-20	0.000316465094426	-0.00141281839581	-0.000269401948793
-47	75	-20	0.000297499442003	-0.00143283045568	-0.000273233472509
-45	75	-20	0.000279079956598	-0.00145572288295	-0.000279286559154
-43	75	-20	0.000262064425796	-0.0014823697033	-0.000288263414158
-41	75	-20	0.000246649241505	-0.00151226903837	-0.000299926658872
-39	75	-20	0.000232296900626	-0.0015436616217	-0.000313141185697
-37	75	-20	0.000217886756084	-0.00157404712105	-0.000326203407101
-35	75	-20	0.000202038707732	-0.00160094547905	-0.000337358079261
-33	75	-20	0.000183509441674	-0.00162266886546	-0.000345342017103
-31	75	-20	0.000161542873943	-0.00163886041418	-0.000349783476884
-29	75	-20	0.000136074684259	-0.00165062360197	-0.000351329736126
-27	75	-20	0.000107738058486	-0.00166019132293	-0.000351460141365
-25	75	-20	7.76783383912e-05	-0.00167022800965	-0.000352041083827
-23	75	-20	4.72393235383e-05	-0.00168297616112	-0.000354761556898
-21	75	-20	1.76173473062e-05	-0.00169951236944	-0.000360626782063
-19	75	-20	-1.04176545703e-05	-0.00171934908787	-0.000369670051408
-17	75	-20	-3.66609781411e-05	-0.00174051456302	-0.000380974406469
-15	75	-20	-6.14443250574e-05	-0.00176009611479	-0.000392997429945
-13	75	-20	-8.54618207629e-05	-0.00177508711477	-0.000404095389254
-11	75	-20	-0.00010951285805	-0.00178328129818	-0.000413078274498
-9	75	-20	-0.00013424189628	-0.00178394048292	-0.000419615956435
-7	75	-20	-0.00015994870028	-0.00177802968364	-0.000424361960246
-5	75	-20	-0.000186515279016	-0.00176794633368	-0.000428751045445
-3	75	-20	-0.000213457922983	-0.00175682655121	-0.000434531673875
-1	75	-20	-0.000240076374771	-0.00174764211991	-0.000443181093703
1	75	-20	-0.000265647768469	-0.00174236594551	-0.000455391134227
3	75	-20	-0.000289606376033	-0.00174146096584	-0.000470793302608
5	75	-20	-0.000311661350083	-0.00174384500059	-0.000488017787106
7	75	-20	-0.00033182827557	-0.00174733416459	-0.000505075404117
9	75	-20	-0.000350378102578	-0.00174941751579	-0.000519947713946
11	75	-20	-0.000367730372529	-0.00174811281306	-0.000531201728738
13	75	-20	-0.000384330348955	-0.00174262987797	-0.000538434387519
15	75	-20	-0.000400549371117	-0.00173363117307	-0.00054240274657
17	75	-20	-0.000416636159168	-0.00172300855556	-0.00054479334187
19	75	-20	-0.000432728602489	-0.00171324959457	-0.000547697993973
21	75	-20	-0.000448916654802	-0.00170659742404	-0.000552957390462
23	75	-20	-0.000465332578927	-0.00170427362532	-0.000561577862355
25	75	-20	-0.000482238150104	-0.001706013602	-0.000573406184625
27	75	-20	-0.00050008021797	-0.00171006494513	-0.000587167724183
29	75	-20	-0.000519494705768	-0.00171365290717	-0.000600859420283
31	75	-20	-0.000541251832103	-0.00171376964025	-0.000612376716942
33	75	-20	-0.000566148937507	-0.00170804174523	-0.000620178400876
35	75	-20	-0.00059486916476	-0.00169540581076	-0.000623779588656
37	75	-20	-0.000627832609047	-0.00167638139045	-0.000623915791781
39	75	-20	-0.000665070404648	-0.00165285604835	-0.00062232392586
41	75	-20	-0.00070615098542	-0.00162744816152	-0.00062120704589
43	75	-20	-0.000750181144955	-0.00160264290919	-0.000622550218583
45	75	-20	-0.000795892616796	-0.00157996534843	-0.000627503169604
47	75	-20	-0.000841808612654	-0.00155944137051	-0.000636025481291
49	75	-20	-0.000886466342833	-0.00153950798282	-0.000646908026791
51	75	-20	-0.000928654737596	-0.00151739755687	-0.00065816570867
53	75	-20	-0.000967616120939	-0.00148987915872	-0.000667678914816
55	75	-20	-0.00100316093359	-0.00145413687666	-0.000673881831923
57	75	-20	-0.00103565828783	-0.00140853019445	-0.000676280293737
59	75	-20	-0.00106589122334	-0.00135302307665	-0.000675635433965
61	75	-20	-0.0010947989716	-0.00128917115271	-0.000673755315692
63	75	-20	-0.00112316090506	-0.00121968702773	-0.000672961364563
65	75	-20	-0.00115129849622	-0.001147722351	-0.000675400059279
67	75	-20	-0.0011788746626	-0.00107607766522	-0.00068241957082
69	75	-20	-0.00120485111479	-0.00100655891323	-0.000694209661573
71	75	-20	-0.0012276268954	-0.000939644841414	-0.000709817397261
73	75	-20	-0.00124533442358	-0.000874532755341	-0.00072752802872
75	75	-20	-0.0012562259802	-0.000809522246789	-0.000745479032111
77	75	-20	-0.00125905650969	-0.000742609228024	-0.000762294961388
79	75	-20	-0.00125336649659	-0.000672118517392	-0.000777518118948
81	75	-20	-0.00123959298	-0.00059721015823	-0.00079167055122
83	75	-20	-0.00121898109392	-0.000518144940518	-0.000805898796653
85	75	-20	-0.00119332039134	-0.000436269106627	-0.000821288579727
87	75	-20	-0.00116457487845	-0.000353753442498	-0.000838049891498
89	75	-20	-0.00113450068421	-0.000273177443733	-0.000854827764365
91	75	-20	-0.00110434420731	-0.00019707314299	-0.000868372479784
93	75	-20	-0.0010746878317	-0.000127534314775	-0.000873710374139
95	75	-20	-0.00104546837069	-6.59632057526e-05	-0.000864819984774
97	75	-20	-0.00101614791262	-1.29820321972e-05	-0.000835678262658
99	75	-20	-0.000985980419669	3.15059223585e-05	-0.000781438690342
-99	77	-20	0.000487899999932	-0.000631579999949	-0.000190799999929
-97	77	-20	0.000522448894602	-0.000675908812121	-0.000228053061582
-95	77	-20	0.000541142083562	-0.000712817339306	-0.000249443610007
-93	77	-20	0.000547029688827	-0.000744525230518	-0.000258145102987
-91	77	-20	0.000543893620494	-0.000773458073511	-0.000258073918799
-89	77	-20	0.00053549929552	-0.000801692608595	-0.000253125751063
-87	77	-20	0.000524931888393	-0.000830528361105	-0.00024650403743
-85	77	-20	0.000514168503563	-0.000860299138305	-0.000240294714111
-83	77	-20	0.000503972486743	-0.000890472631694	-0.000235372631542
-81	77	-20	0.000494107281366	-0.000920003439559	-0.000231631989249
-79	77	-20	0.000483780530955	-0.000947828673633	-0.000228443347911
-77	77	-20	0.000472169999947	-0.000973349999937	-0.000225179999938
-75	77	-20	0.000458868557444	-0.00099674727276	-0.000221644734788
-73	77	-20	0.000444119482491	-0.00101901870336	-0.000218267654484
-71	77	-20	0.000428784463891	-0.00104172723764	-0.000216024092756
-69	77	-20	0.000414072437456	-0.00106652710677	-0.000216114180201
-67	77	-20	0.000401131274041	-0.00109461867756	-0.00021952308533
-65	77	-20	0.000390643949844	-0.00112630916157	-0.000226619101017
-63	77	-20	0.000382564922816	-0.00116083011548	-0.000236933638032
-61	77	-20	0.000376084104027	-0.00119648619549	-0.000249207179297
-59	77	-20	0.000369831251423	-0.00123110585638	-0.000261697610015
-57	77	-20	0.000362256785822	-0.00126266590015	-0.000272660203081
-55	77	-20	0.000352069999946	-0.00128989999992	-0.000280849999929
-53	77	-20	0.000338599058114	-0.00131269794416	-0.000285886489982
-51	77	-20	0.000321963303282	-0.00133216078854	-0.000288361320004
-49	77	-20	0.000303008016323	-0.00135028101327	-0.000289649693994
-47	77	-20	0.000283025536567	-0.00136933455557	-0.000291479934509
-45	77	-20	0.000263351322479	-0.00139116599457	-0.000295393434673
-43	77	-20	0.000244959377356	-0.00141658817133	-0.000302263815599
-41	77	-20	0.000228178296023	-0.00144508849221	-0.000312027290972
-39	77	-20	0.000212609211292	-0.00147494311131	-0.000323710747116
-37	77	-20	0.000197263622633	-0.00150371423272	-0.000335750213404
-35	77	-20	0.000180872647794	-0.00152898402555	-0.000346499861358
-33	77	-20	0.000162269999962	-0.00154909999991	-0.000354769999932
-31	77	-20	0.000140733182215	-0.00156369734433	-0.000360221780448
-29	77	-20	0.000116184982634	-0.00157382842287	-0.000363490503902
-27	77	-20	8.92033246689e-05	-0.00158164961374	-0.000365995045515
-25	77	-20	6.08465629452e-05	-0.00158975411077	-0.000369491082585
-23	77	-20	3.23549481314e-05	-0.00160035268721	-0.000375508667792
-21	77	-20	4.82144021914e-06	-0.00161455630046	-0.000384853519314
-19	77	-20	-2.10720814697e-05	-0.00163198722544	-0.000397333240067
-17	77	-20	-4.51828087704e-05	-0.00165084638364	-0.000411799631469
-15	77	-20	-6.78733461429e-05	-0.00166842384905	-0.000426498089267
-13	77	-20	-8.98393881753e-05	-0.00168190098396	-0.00043961643131
-11	77	-20	-0.000111860000025	-0.0016891999999	-0.000449859999916
-9	77	-20	-0.000134548976655	-0.00168961964551	-0.000456868916358
-7	77	-20	-0.000158178537257	-0.00168406026408	-0.00046134119749
-5	77	-20	-0.000182619200857	-0.00167476793596	-0.00046481758647
-3	77	-20	-0.000207401989603	-0.00166467639986	-0.000469191551665
-1	77	-20	-0.000231873192721	-0.0016565501771	-0.000476096789678
1	77	-20	-0.000255388205995	-0.00165219351916	-0.000486366072043
3	77	-20	-0.000277485209923	-0.00165196813966	-0.00049973549427
5	77	-20	-0.000297991523485	-0.00165476499149	-0.000514892600711
7	77	-20	-0.000317039966507	-0.0016584324408	-0.000529858834316
9	77	-20	-0.000335000991603	-0.00166052016211	-0.00054259031265
11	77	-20	-0.000352360000015	-0.0016590999999	-0.000551609999914
13	77	-20	-0.000369581820685	-0.00165340268542	-0.000556471957512
15	77	-20	-0.00038700346665	-0.00164406943622	-0.000557909150469
17	77	-20	-0.000404783808089	-0.0016329407782	-0.000557614818175
19	77	-20	-0.000422919620606	-0.00162245219764	-0.000557722860624
21	77	-20	-0.00044131771819	-0.00161483080662	-0.000560148509307
23	77	-20	-0.000459897991809	-0.00161134980059	-0.000565996091184
25	77	-20	-0.000478695445215	-0.00161187856761	-0.000575221014634
27	77	-20	-0.000497931370807	-0.00161487218222	-0.000586653891923
29	77	-20	-0.000518032930796	-0.001617804715	-0.000598380646648
31	77	-20	-0.000539593515787	-0.0016179104539	-0.000608359519841
33	77	-20	-0.000563279999999	-0.00161299999991	-0.000615079999917
35	77	-20	-0.000589704667589	-0.00160209463242	-0.000618054265994
37	77	-20	-0.000619287411099	-0.00158567936163	-0.000617983784332
39	77	-20	-0.00065213697167	-0.00156549435031	-0.000616546141642
41	77	-20	-0.000687978245328	-0.00154392819318	-0.000615867787186
43	77	-20	-0.000726146063748	-0.00152319988345	-0.000617848835577
45	77	-20	-0.000765654725301	-0.00150458108411	-0.000623554340569
47	77	-20	-0.000805337883981	-0.00148789721276	-0.000632866783787
49	77	-20	-0.000844037219989	-0.00147145998747	-0.000644512752362
51	77	-20	-0.00088080383423	-0.00145245302154	-0.000656458541661
53	77	-20	-0.000915067545852	-0.0014276566891	-0.000666552131294
55	77	-20	-0.000946729999986	-0.0013942999999	-0.000673209999911
57	77	-20	-0.000976149804575	-0.0013507943318	-0.000675931955465
59	77	-20	-0.00100401091515	-0.00129714433804	-0.000675480805865
61	77	-20	-0.00103109473338	-0.00123493037515	-0.000673669563113
63	77	-20	-0.00105800452324	-0.00116688251485	-0.000672823455429
65	77	-20	-0.0010849093622	-0.00109618023768	-0.000675087585288
67	77	-20	-0.00111137707758	-0.00102568144926	-0.000681800293047
69	77	-20	-0.00113634869486	-0.000957291931371	-0.000693130942951
71	77	-20	-0.00115827365011	-0.000891633738337	-0.000708095152935
73	77	-20	-0.00117538354024	-0.000828077952898	-0.000724937323464
75	77	-20	-0.0011860439277	-0.000765103524093	-0.00074174887329
77	77	-20	-0.00118909999997	-0.000700859999952	-0.000757109999907
79	77	-20	-0.0011841303221	-0.000633769586044	-0.000770529673827
81	77	-20	-0.00117154479697	-0.000563010618413	-0.000782518447865
83	77	-20	-0.00115250256736	-0.000488772826044	-0.000794243906365
85	77	-20	-0.00112867186951	-0.000412246261719	-0.000806853810221
87	77	-20	-0.00110189367812	-0.00033537786987	-0.000820665064641
89	77	-20	-0.00107383329131	-0.000260482671902	-0.000834471863062
91	77	-20	-0.00104570309533	-0.000189819090353	-0.000845205743003
93	77	-20	-0.00101811688207	-0.000125228916571	-0.000848089143851
95	77	-20	-0.000991098805542	-6.79096985573e-05	-0.000837289244688
97	77	-20	-0.000964229567005	-1.83438513913e-05	-0.000806940230758
99	77	-20	-0.000936879999984	2.36320000067e-05	-0.000752299999897
-99	79	-20	0.000465850473943	-0.000615028381969	-0.000197244664215
-97	79	-20	0.000499189560795	-0.000657849493231	-0.000234941222476
-95	79	-20	0.000516858620597	-0.000693208648701	-0.000256751472647
-93	79	-20	0.000521859470599	-0.000723288819819	-0.000265866336999
-91	79	-20	0.000517926219724	-0.000750488733725	-0.000266219812413
-89	79	-20	0.000508792567928	-0.000776877763987	-0.000261721567878
-87	79	-20	0.00049753996515	-0.000803772529378	-0.000255582864797
-85	79	-20	0.000486174746503	-0.000831546621216	-0.000249890851986
-83	79	-20	0.000475518838115	-0.000859721472276	-0.000245516726178
-81	79	-20	0.000465411989225	-0.00088730556947	-0.000242349547762
-79	79	-20	0.000455138872647	-0.000913274856954	-0.000239757080702
-77	79	-20	0.000443936681197	-0.000937042716943	-0.000237114948428
-75	79	-20	0.000431424846734	-0.000958768743647	-0.000234233811074
-73	79	-20	0.000417831675514	-0.000979403488365	-0.000231554511286
-71	79	-20	0.000403962047346	-0.00100044836129	-0.000230060474802
-69	79	-20	0.000390933946955	-0.00102350131486	-0.00023095013556
-67	79	-20	0.00037978355119	-0.00104973102329	-0.000235190381628
-65	79	-20	0.000371077057345	-0.00107945115062	-0.000243110383451
-63	79	-20	0.000364661404046	-0.00111194095384	-0.000254181652036
-61	79	-20	0.000359638554122	-0.00114558486341	-0.000267069198409
-59	79	-20	0.000354574941171	-0.00117830357508	-0.000279949744627
-57	79	-20	0.000347882485315	-0.00120815375609	-0.000291004561007
-55	79	-20	0.000338253820794	-0.00123391364252	-0.000298935125636
-53	79	-20	0.00032501835677	-0.00125546825808	-0.000303338772307
-51	79	-20	0.00030831164898	-0.00127386405907	-0.000304822829649
-49	79	-20	0.000289009272146	-0.00129100277607	-0.000304816739695
-47	79	-20	0.000268448935023	-0.00130905763982	-0.000305136746244
-45	79	-20	0.000248028172177	-0.00132978619244	-0.000307436660163
-43	79	-20	0.000228800217208	-0.00135395258733	-0.000312715509888
-41	79	-20	0.000211187613189	-0.00138104455239	-0.000321036188864
-39	79	-20	0.000194893917696	-0.00140938275295	-0.000331543272103
-37	79	-20	0.000179031752441	-0.00143659919963	-0.000342773537781
-35	79	-20	0.000162420225532	-0.00146034419957	-0.000353159333871
-33	79	-20	0.000143956377822	-0.00147900554768	-0.00036156263688
-31	79	-20	0.000122947720903	-0.00149221439469	-0.000367666706247
-29	79	-20	9.93100377287e-05	-0.00150097411141	-0.000372096697931
-27	79	-20	7.35795204143e-05	-0.0015073635133	-0.000376226844933
-25	79	-20	4.67460100706e-05	-0.00151389868889	-0.00038173269192
-23	79	-20	1.99664823763e-05	-0.00152274663542	-0.000390030220659
-21	79	-20	-5.75046499672e-06	-0.00153503398225	-0.000401782560379
-19	79	-20	-2.97957478494e-05	-0.00155046839547	-0.000416636269783
-17	79	-20	-5.20784730689e-05	-0.00156739570709	-0.000433278084901
-15	79	-20	-7.29878252117e-05	-0.00158328126101	-0.000449801571115
-13	79	-20	-9.32216366307e-05	-0.00159547135768	-0.000464273353578
-11	79	-20	-0.000113542390492	-0.00160200185366	-0.000475322505871
-9	79	-20	-0.000134537811894	-0.00160220435729	-0.00048256592651
-7	79	-20	-0.000156455482327	-0.00159692189446	-0.000486731420011
-5	79	-20	-0.000179153324957	-0.00158826658882	-0.000489434015775
-3	79	-20	-0.000202170226456	-0.00157899414549	-0.000492670530401
-1	79	-20	-0.000224885514847	-0.00157168907282	-0.000498187822267
1	79	-20	-0.000246712863508	-0.00156801308427	-0.000506922514934
3	79	-20	-0.000267269154988	-0.00156824851622	-0.000518690052779
5	79	-20	-0.000286471695652	-0.00157127536751	-0.000532224333583
7	79	-20	-0.00030454240749	-0.00157498414015	-0.000545559507596
9	79	-20	-0.000321926607961	-0.00157699008493	-0.000556637305842
11	79	-20	-0.000339157883824	-0.00157542076296	-0.000563950853821
13	79	-20	-0.000356712976805	-0.00156952741523	-0.000567022693204
15	79	-20	-0.000374899197931	-0.00155992796608	-0.00056656543188
17	79	-20	-0.000393803611889	-0.00154840714759	-0.000564272538514
19	79	-20	-0.000413313185671	-0.00153733979979	-0.00056230323091
21	79	-20	-0.000433194638164	-0.00152892236725	-0.00056262235091
23	79	-20	-0.000453207465063	-0.00152445748731	-0.000566402662601
25	79	-20	-0.000473216915235	-0.00152391870766	-0.000573678051226
27	79	-20	-0.000493276119493	-0.00152593278687	-0.000583357261791
29	79	-20	-0.000513656233642	-0.0015281843538	-0.000593593803313
31	79	-20	-0.000534817030613	-0.00152811401243	-0.000602394502458
33	79	-20	-0.00055732429903	-0.00152368844342	-0.000608272905085
35	79	-20	-0.000581731822859	-0.00151399861211	-0.000610738766991
37	79	-20	-0.000608452920383	-0.00149949652871	-0.000610466341625
39	79	-20	-0.000637648873996	-0.0014817946205	-0.000609086041808
41	79	-20	-0.000669159150342	-0.00146308871473	-0.00060866415957
43	79	-20	-0.000702491498448	-0.00144538298083	-0.000611035508198
45	79	-20	-0.00073687945864	-0.00142975662369	-0.000617202056008
47	79	-20	-0.000771401577357	-0.0014158992259	-0.000626991167305
49	79	-20	-0.000805142514114	-0.00140205934619	-0.000639085727116
51	79	-20	-0.000837363967012	-0.00138542563303	-0.000651420732955
53	79	-20	-0.000867646265055	-0.00136283038966	-0.000661824167827
55	79	-20	-0.000895962681519	-0.00133157159737	-0.000668701348328
57	79	-20	-0.000922659686112	-0.00129011830484	-0.000671546774934
59	79	-20	-0.00094833661085	-0.0012385034203	-0.00067112103204
61	79	-20	-0.000973643669394	-0.00117830310093	-0.00066923584307
63	79	-20	-0.000999041564979	-0.0011122225729	-0.000668214597804
65	79	-20	-0.00102458176986	-0.00104341756563	-0.000670198943372
67	79	-20	-0.00104976803901	-0.000974747171937	-0.000676521154455
69	79	-20	-0.00107354446614	-0.000908161022311	-0.0006873407927
71	79	-20	-0.0010944258958	-0.000844373128718	-0.000701658798806
73	79	-20	-0.00111074993761	-0.000782885413519	-0.000717699391279
75	79	-20	-0.00112099622235	-0.000722324480572	-0.000733528992251
77	79	-20	-0.00112409783904	-0.000660974748357	-0.000747700837458
79	79	-20	-0.00111966878008	-0.000597350495154	-0.000759700480181
81	79	-20	-0.00110809081098	-0.000530655844491	-0.000770026582673
83	79	-20	-0.00109043842606	-0.000461028100923	-0.000779855741011
85	79	-20	-0.00106826165046	-0.000389528425406	-0.000790374480083
87	79	-20	-0.00104328181972	-0.000317912861251	-0.000801974133213
89	79	-20	-0.0010170753212	-0.000248267290346	-0.000813559643744
91	79	-20	-0.000990819581927	-0.00018261108426	-0.000822203493167
93	79	-20	-0.000965155444506	-0.000122565021805	-0.000823286182501
95	79	-20	-0.000940187140981	-6.91471027167e-05	-0.000811131527137
97	79	-20	-0.000915605241434	-2.27177764826e-05	-0.000780007884547
99	79	-20	-0.000890889176639	1.69431482395e-05	-0.000725265193146
-99	81	-20	0.000444672462472	-0.000598308257248	-0.000203141307891
-97	81	-20	0.000476973075665	-0.00063965978057	-0.000241175944217
-95	81	-20	0.000493815484353	-0.000673523037333	-0.000263282227884
-93	81	-20	0.000498151430612	-0.000702043629554	-0.000272667184448
-91	81	-20	0.000493661514044	-0.000727591803472	-0.000273282211717
-89	81	-20	0.000484037343398	-0.000752227245212	-0.000269052000723
-87	81	-20	0.000472341503449	-0.000777281007148	-0.000263197736574
-85	81	-20	0.000460590365551	-0.000803163914188	-0.00025781037021
-83	81	-20	0.000449642758087	-0.000829449161036	-0.000253759700257
-81	81	-20	0.000439392873696	-0.000855198095051	-0.00025093069627
-79	81	-20	0.000429183105153	-0.000879425613791	-0.000248687534442
-77	81	-20	0.000418296087771	-0.000901558018494	-0.000246405447501
-75	81	-20	0.000406371519171	-0.000921736555828	-0.000243898975688
-73	81	-20	0.000393625702085	-0.000940866089082	-0.000241615892697
-71	81	-20	0.000380819476822	-0.000960387699336	-0.000240546128365
-69	81	-20	0.000369001849779	-0.000981842673568	-0.000241889263048
-67	81	-20	0.000359126833217	-0.00100636538988	-0.00024660298716
-65	81	-20	0.000351678453066	-0.00103427092046	-0.000254993500042
-63	81	-20	0.000346432806633	-0.00106487903931	-0.000266495053558
-61	81	-20	0.000342439453934	-0.00109664546916	-0.00027972419162
-59	81	-20	0.000338232838944	-0.00112757462504	-0.000292804394746
-57	81	-20	0.000332210829392	-0.00115579591958	-0.000303867559964
-55	81	-20	0.000323064909121	-0.00118012775894	-0.000311578744108
-53	81	-20	0.000310131023898	-0.00120044965818	-0.000315519405529
-51	81	-20	0.000293555610135	-0.001217756702	-0.000316306056119
-49	81	-20	0.000274229067811	-0.00123386674229	-0.000315402957516
-47	81	-20	0.000253510214629	-0.00125085994612	-0.000314683509519
-45	81	-20	0.000232827709225	-0.00127041805269	-0.000315874720798
-43	81	-20	0.000213279063279	-0.00129326815142	-0.000320056970842
-41	81	-20	0.000195344872017	-0.00131890933503	-0.000327374672347
-39	81	-20	0.000178797418176	-0.00134571664469	-0.000337047201223
-37	81	-20	0.000162821846886	-0.00137140034324	-0.000347674264118
-35	81	-20	0.000146304096797	-0.00139368586545	-0.000357735864685
-33	81	-20	0.000128192292124	-0.00141100675415	-0.000366124276556
-31	81	-20	0.00010782103139	-0.0014229937347	-0.000372534316955
-29	81	-20	8.51047631785e-05	-0.00143060225747	-0.000377582825831
-27	81	-20	6.05504471135e-05	-0.00143583112168	-0.000382614891864
-25	81	-20	3.50962150605e-05	-0.00144111229771	-0.000389255715646
-23	81	-20	9.83400468533e-06	-0.00144855673633	-0.00039885070145
-21	81	-20	-1.42950329694e-05	-0.00145928924451	-0.000411975296335
-19	81	-20	-3.67412091289e-05	-0.00147308120644	-0.000428177099621
-17	81	-20	-5.74569680619e-05	-0.00148839961475	-0.000446041068575
-15	81	-20	-7.68545745285e-05	-0.00150286216876	-0.000463566426266
-13	81	-20	-9.56348066242e-05	-0.00151396124276	-0.000478743419956
-11	81	-20	-0.000114547077172	-0.00151983438322	-0.00049015159508
-9	81	-20	-0.000134157128941	-0.0015198428789	-0.000497390576311
-7	81	-20	-0.000154690288051	-0.00151477847042	-0.000501203805647
-5	81	-20	-0.000175990496347	-0.00150663346284	-0.000503250450001
-3	81	-20	-0.000197597833902	-0.00149800538345	-0.0005055912444
-1	81	-20	-0.00021891198425	-0.00149132118968	-0.000510045410923
1	81	-20	-0.000239386412382	-0.00148812199617	-0.000517618656423
3	81	-20	-0.000258693588975	-0.00148862968479	-0.000528182349078
5	81	-20	-0.000276815115078	-0.00149172776939	-0.000540506859448
7	81	-20	-0.000294036461985	-0.00149535860305	-0.000552641548733
9	81	-20	-0.000310855487849	-0.00149720855102	-0.000562524691126
11	81	-20	-0.000327837968786	-0.00149546320715	-0.000568633354475
13	81	-20	-0.000345465624483	-0.00148939418534	-0.000570469459123
15	81	-20	-0.000364020211722	-0.00147959367256	-0.000568728722128
17	81	-20	-0.000383533253945	-0.00146778521317	-0.000565098419808
19	81	-20	-0.000403810161102	-0.00145627339691	-0.000561746719176
21	81	-20	-0.000424516442582	-0.00144720876759	-0.000560663801367
23	81	-20	-0.000445298198594	-0.00144190158029	-0.000563062116984
25	81	-20	-0.000465902523593	-0.00144040120933	-0.000569024693477
27	81	-20	-0.000486266360855	-0.00144147276457	-0.000577512027038
29	81	-20	-0.000506552637988	-0.00144297609373	-0.000586724393273
31	81	-20	-0.000527126617716	-0.00144252494842	-0.00059470340225
33	81	-20	-0.000548479522233	-0.00143821585716	-0.000599980250888
35	81	-20	-0.00057111764461	-0.00142919476514	-0.000602062845679
37	81	-20	-0.000595441662823	-0.00141588113984	-0.000601604908575
39	81	-20	-0.000621642283474	-0.00139977734021	-0.000600201407723
41	81	-20	-0.000649635063247	-0.00138292135668	-0.0005998741462
43	81	-20	-0.000679050072783	-0.00136715267349	-0.000602411086234
45	81	-20	-0.000709281916361	-0.00135341938932	-0.000608771060501
47	81	-20	-0.000739593655441	-0.00134134230521	-0.000618746290054
49	81	-20	-0.000769256021682	-0.00132917316455	-0.000630994314297
51	81	-20	-0.000797693185612	-0.00131416472057	-0.000643433929189
53	81	-20	-0.000824600942827	-0.0012932470704	-0.000653883607555
55	81	-20	-0.000850004945449	-0.00126381526481	-0.00066074267375
57	81	-20	-0.000874236809867	-0.00122440373411	-0.000663500405141
59	81	-20	-0.000897823729309	-0.00117506060556	-0.000662911453698
61	81	-20	-0.000921309239576	-0.00111732595795	-0.000660780975201
63	81	-20	-0.000945043561703	-0.00105383329806	-0.000659426428817
65	81	-20	-0.000968995256088	-0.000987657945969	-0.000660985795703
67	81	-20	-0.000992636720476	-0.000921599575645	-0.000666790928596
69	81	-20	-0.00101494236207	-0.000857592819878	-0.000677003782434
71	81	-20	-0.00103451228142	-0.000796391493063	-0.000690628498024
73	81	-20	-0.00104980227692	-0.000737586597205	-0.000705890288927
75	81	-20	-0.00105941165515	-0.000679923282999	-0.000720851573144
77	81	-20	-0.00106236237867	-0.00062180518944	-0.000734055514146
79	81	-20	-0.00105830231703	-0.000561835994191	-0.000744973452478
81	81	-20	-0.00104758274319	-0.000499254408186	-0.000754091130004
83	81	-20	-0.00103119130672	-0.000434163366714	-0.000762581847094
85	81	-20	-0.00101055792362	-0.000367519819383	-0.000771647937365
87	81	-20	-0.000987282201943	-0.000300917442559	-0.000781723717166
89	81	-20	-0.000962848593375	-0.000236242677841	-0.000791788237221
91	81	-20	-0.000938395008957	-0.000175304282265	-0.000799016969745
93	81	-20	-0.000914583126032	-0.000119527163362	-0.000798913119871
95	81	-20	-0.000891589852667	-6.977007902e-05	-0.00078592778847
97	81	-20	-0.000869208037332	-2.62860008809e-05	-0.000754442684298
99	81	-20	-0.000847019203516	1.11938092792e-05	-0.000699888893655
-99	83	-20	0.000424541956392	-0.000581679423407	-0.000209198675764
-97	83	-20	0.000455961629978	-0.000621597243083	-0.000247501395972
-95	83	-20	0.000472153199689	-0.000654008973111	-0.000269808876128
-93	83	-20	0.000476017621482	-0.000681023001051	-0.00027934484939
-91	83	-20	0.000471178063949	-0.000704980723899	-0.000280080118173
-89	83	-20	0.000461276077428	-0.000727931278379	-0.000275957464997
-87	83	-20	0.0004493431002	-0.000751218941317	-0.000270211566122
-85	83	-20	0.000437389443517	-0.000775290471537	-0.000264940508927
-83	83	-20	0.000426292255913	-0.000799769760737	-0.000261015030775
-81	83	-20	0.000415981154151	-0.000823770504698	-0.000258316730745
-79	83	-20	0.000405839286486	-0.000846346809407	-0.000256205025066
-77	83	-20	0.000395182366238	-0.000866938933107	-0.000254051927872
-75	83	-20	0.000383664767515	-0.000885671352123	-0.000251672212674
-73	83	-20	0.000371493413549	-0.000903404854208	-0.000249517509537
-71	83	-20	0.000359396405451	-0.000921521150775	-0.000248583492143
-69	83	-20	0.000348373165716	-0.000941504444593	-0.000250074188378
-67	83	-20	0.00033932149911	-0.000964452449602	-0.000254946775218
-65	83	-20	0.000332673524158	-0.000990677098545	-0.000263499028619
-63	83	-20	0.000328166385285	-0.00101953219427	-0.000275147700906
-61	83	-20	0.000324827956463	-0.00104953705567	-0.000288483986246
-59	83	-20	0.00032118760959	-0.00107877203841	-0.000301601738196
-57	83	-20	0.000315650045261	-0.00110543274606	-0.000312604165978
-55	83	-20	0.000306918772875	-0.00112837363865	-0.000320134265301
-53	83	-20	0.000294340722281	-0.00114746789887	-0.000323762902581
-51	83	-20	0.000278068620148	-0.00116366201764	-0.000324110363773
-49	83	-20	0.000258994474255	-0.00117869605785	-0.000322659402627
-47	83	-20	0.000238477470988	-0.00119456573084	-0.000321314469693
-45	83	-20	0.000217950861189	-0.00121288701401	-0.000321842123201
-43	83	-20	0.000198526356335	-0.00123436029564	-0.000325365807298
-41	83	-20	0.000180711570682	-0.00125850581637	-0.000332071653806
-39	83	-20	0.00016431823628	-0.00128376164012	-0.000341215508492
-37	83	-20	0.000148579059698	-0.0013079235773	-0.000351425783348
-35	83	-20	0.000132428262015	-0.00132879812453	-0.000361202278709
-33	83	-20	0.000114854277394	-0.00134486913149	-0.000369448011574
-31	83	-20	9.52162054369e-05	-0.0013557698594	-0.000375859811626
-29	83	-20	7.34321460789e-05	-0.00136240866343	-0.000381048118409
-27	83	-20	4.99908214079e-05	-0.00136670220703	-0.000386343287773
-25	83	-20	2.57933981065e-05	-0.00137099240977	-0.000393347380984
-23	83	-20	1.88268884252e-06	-0.0013773238278	-0.000403374385381
-21	83	-20	-2.08529833707e-05	-0.00138680469039	-0.000416960872756
-19	83	-20	-4.1911938542e-05	-0.00139925180255	-0.000433610037888
-17	83	-20	-6.12829149785e-05	-0.00141323324524	-0.000451860108285
-15	83	-20	-7.93987052729e-05	-0.00142649968945	-0.000469665529395
-13	83	-20	-9.69641971433e-05	-0.00143667361568	-0.000484978504456
-11	83	-20	-0.000114719113355	-0.00144198413782	-0.000496351732641
-9	83	-20	-0.000133210888768	-0.00144181953236	-0.000503372461784
-7	83	-20	-0.000152644563897	-0.00143692535561	-0.000506787599825
-5	83	-20	-0.000172848620052	-0.00142918603743	-0.000508274743792
-3	83	-20	-0.00019335818475	-0.00142105766885	-0.00050992498265
-1	83	-20	-0.00021358197984	-0.00141482854008	-0.000513595128256
1	83	-20	-0.00023299707206	-0.00141193753061	-0.000520330197194
3	83	-20	-0.000251311550852	-0.00141256180344	-0.000530037191812
5	83	-20	-0.000268549349929	-0.00141560029982	-0.000541514056681
7	83	-20	-0.000285037833707	-0.00141905509606	-0.000552826972186
9	83	-20	-0.000301308615646	-0.00142068803577	-0.000561919641865
11	83	-20	-0.000317946294504	-0.00141874444687	-0.000567264619572
13	83	-20	-0.000335431858665	-0.0014125160238	-0.000568352581203
15	83	-20	-0.000354025118972	-0.00140256704149	-0.000565865645119
17	83	-20	-0.000373715845575	-0.00139055521085	-0.000561479863724
19	83	-20	-0.000394251774576	-0.00137870661351	-0.000557358731663
21	83	-20	-0.000415230089575	-0.00136911273214	-0.000555497078171
23	83	-20	-0.000436223303264	-0.00136307247527	-0.000557122042217
25	83	-20	-0.000456904155531	-0.00136068628462	-0.000562339781242
27	83	-20	-0.000477137626395	-0.00136082833156	-0.000570138656216
29	83	-20	-0.000497019169832	-0.00136150244949	-0.000578746429791
31	83	-20	-0.0005168529767	-0.00136046602696	-0.000586226386571
33	83	-20	-0.000537078431165	-0.00135592189073	-0.000591121062253
35	83	-20	-0.000558163801718	-0.00134705752474	-0.000592936835114
37	83	-20	-0.000580491941128	-0.00133425989026	-0.00059231312321
39	83	-20	-0.000604263126864	-0.00131893679509	-0.00059082051131
41	83	-20	-0.00062943590466	-0.00130299963207	-0.000590450947512
43	83	-20	-0.00065571908744	-0.00128816848796	-0.000592962386968
45	83	-20	-0.00068261816279	-0.00127531620496	-0.00059928815626
47	83	-20	-0.000709528534864	-0.00126405625435	-0.000609202299533
49	83	-20	-0.000735857704872	-0.00125270472772	-0.000621351918802
51	83	-20	-0.000761150450953	-0.001238633226	-0.000633651259064
53	83	-20	-0.00078518733204	-0.00121891234589	-0.000643916866415
55	83	-20	-0.000808029235886	-0.00119106050105	-0.000650545373429
57	83	-20	-0.000829990089532	-0.00115368483528	-0.000653020375394
59	83	-20	-0.000851535419724	-0.00110683667798	-0.000652087655746
61	83	-20	-0.000873123300278	-0.00105199045972	-0.000649542277848
63	83	-20	-0.000895021742764	-0.000991664518771	-0.000647693825707
65	83	-20	-0.000917147550629	-0.000928801414231	-0.000648678251351
67	83	-20	-0.000938971837275	-0.000866085695129	-0.000653833562591
69	83	-20	-0.00095952517572	-0.000805383306323	-0.00066333595643
71	83	-20	-0.000977512643251	-0.000747440747844	-0.000676209008724
73	83	-20	-0.000991521244414	-0.000691900872917	-0.000690697512459
75	83	-20	-0.00100027686515	-0.00063760192247	-0.000704877947879
77	83	-20	-0.00100289248627	-0.000583053557108	-0.000717297765353
79	83	-20	-0.000999048870043	-0.000526947201974	-0.000727421819431
81	83	-20	-0.000989064139174	-0.00046856444002	-0.000735721901244
83	83	-20	-0.00097383575005	-0.000407989873844	-0.000743357284087
85	83	-20	-0.000954669886902	-0.000346097576698	-0.000751526075032
87	83	-20	-0.000933040487253	-0.00028434302394	-0.00076067790274
89	83	-20	-0.000910335529805	-0.000224437927323	-0.000769833294858
91	83	-20	-0.000887648049697	-0.000168003715362	-0.000776236412967
93	83	-20	-0.000865654410945	-0.000116289721644	-0.000775480644881
95	83	-20	-0.000844597655047	-7.00116592945e-05	-0.000762116806452
97	83	-20	-0.000824366679278	-2.93264773516e-05	-0.000730619849876
99	83	-20	-0.000804640043029	6.07657621952e-06	-0.000676490938739
-99	85	-20	0.000405893734118	-0.00056563598189	-0.000216111357187
-97	85	-20	0.000436579814266	-0.00060417309474	-0.000254650270812
-95	85	-20	0.000452273250982	-0.000635187882234	-0.000277096784201
-93	85	-20	0.000455825441694	-0.000660753023866	-0.000286693879612
-91	85	-20	0.000450801195993	-0.000683182341313	-0.000287435906732
-89	85	-20	0.000440787807383	-0.000704515149088	-0.00028328871699
-87	85	-20	0.000428777490056	-0.000726108975455	-0.000277505395854
-85	85	-20	0.000416762687731	-0.000748445910798	-0.000272195161748
-83	85	-20	0.000405624340524	-0.000771199605266	-0.000268232088365
-81	85	-20	0.000395312016898	-0.000793535266261	-0.00026549486071
-79	85	-20	0.000385235475132	-0.000814545916614	-0.00026333673098
-77	85	-20	0.000374733050418	-0.000833686310005	-0.000261123770048
-75	85	-20	0.000363469043146	-0.000851065508732	-0.000258667897885
-73	85	-20	0.000351643251667	-0.000867502028107	-0.000256422407413
-71	85	-20	0.000339960652481	-0.000884319776733	-0.000255388770642
-69	85	-20	0.000329387430066	-0.000902946366932	-0.00025677896646
-67	85	-20	0.000320786783622	-0.000924441513727	-0.000261557388592
-65	85	-20	0.000314563725171	-0.00094911042255	-0.000270025467453
-63	85	-20	0.000310442127389	-0.000976335178457	-0.000281598205026
-61	85	-20	0.000307452463004	-0.0010046914662	-0.000294859391097
-59	85	-20	0.000304139921589	-0.00103232802754	-0.000307891276252
-57	85	-20	0.000298931955226	-0.00105750018118	-0.000318784022133
-55	85	-20	0.000290553953427	-0.00107909436337	-0.000326169397079
-53	85	-20	0.000278367013292	-0.00109697665914	-0.000329611712739
-51	85	-20	0.000262526519024	-0.00111204779525	-0.000329731030995
-49	85	-20	0.000243915934659	-0.00112597606081	-0.000328016257824
-47	85	-20	0.000223878875187	-0.00114068093404	-0.000326382854925
-45	85	-20	0.000203832616129	-0.00115772178487	-0.000326610647865
-43	85	-20	0.000184879446953	-0.00117778115024	-0.000329835660151
-41	85	-20	0.000167529245554	-0.0012004080643	-0.000336253411285
-39	85	-20	0.000151609437959	-0.0012241096593	-0.000345124477618
-37	85	-20	0.000136379671672	-0.00124677183207	-0.000355077180186
-35	85	-20	0.000120806829965	-0.00126628556816	-0.000364607428579
-33	85	-20	0.000103910348944	-0.00128118774363	-0.000372612333737
-31	85	-20	8.50713572309e-05	-0.00129111628859	-0.000378782767558
-29	85	-20	6.42155841773e-05	-0.00129693366508	-0.000383724736404
-27	85	-20	4.18226845721e-05	-0.00130047386919	-0.000388766480061
-25	85	-20	1.87692978013e-05	-0.00130398545714	-0.000395510131189
-23	85	-20	-3.93743325124e-06	-0.00130943957414	-0.00040527101243
-21	85	-20	-2.54497104541e-05	-0.00131791676669	-0.000418586909987
-19	85	-20	-4.53044147871e-05	-0.00132926453953	-0.000434960697561
-17	85	-20	-6.35209415522e-05	-0.00134213516237	-0.000452927717077
-15	85	-20	-8.05508690395e-05	-0.00135439543218	-0.000470436624955
-13	85	-20	-9.71046098804e-05	-0.00136378374471	-0.000485431419257
-11	85	-20	-0.000113915408138	-0.00136861163435	-0.000496455442626
-9	85	-20	-0.000131515704955	-0.0013682918629	-0.0005030872613
-7	85	-20	-0.000150091968315	-0.00136352835017	-0.000506067822531
-5	85	-20	-0.000169455907416	-0.00135610834716	-0.000507073338152
-3	85	-20	-0.000189132437621	-0.00134836136517	-0.000508199336902
-1	85	-20	-0.00020852981679	-0.00134245346383	-0.000511313197419
1	85	-20	-0.000227135338408	-0.00133973675983	-0.000517475789505
3	85	-20	-0.000244676451958	-0.00134035627497	-0.000526613289536
5	85	-20	-0.000261201777771	-0.00134323510797	-0.000537543312778
7	85	-20	-0.000277063383781	-0.00134644001685	-0.000548349025848
9	85	-20	-0.000292811904872	-0.00134781035236	-0.000556985554364
11	85	-20	-0.000309040432272	-0.00134565140335	-0.000561929408301
13	85	-20	-0.000326224988046	-0.00133927424745	-0.00056266735048
15	85	-20	-0.000344606544709	-0.0013292138389	-0.000559871013906
17	85	-20	-0.000364144217483	-0.00131705932768	-0.000555202173989
19	85	-20	-0.000384547095551	-0.00130495297206	-0.000550809895031
21	85	-20	-0.00040537016337	-0.00129491779056	-0.000548678014229
23	85	-20	-0.000426143984481	-0.00128822670089	-0.000550028710194
25	85	-20	-0.000446501826677	-0.00128501107036	-0.000554970078303
27	85	-20	-0.000466272042408	-0.00128422949526	-0.000562498179365
29	85	-20	-0.000485515317567	-0.00128400298662	-0.000570851385162
31	85	-20	-0.000504501762005	-0.00128220696941	-0.00057810272622
33	85	-20	-0.000523637436648	-0.00127713007856	-0.00058280001994
35	85	-20	-0.000543360505182	-0.00126798970978	-0.000584448099777
37	85	-20	-0.000564032114873	-0.00125514048766	-0.000583677602717
39	85	-20	-0.000585846327954	-0.00123990921966	-0.000582044765385
41	85	-20	-0.000608778052851	-0.00122410756771	-0.000581524849162
43	85	-20	-0.000632579560439	-0.00120937464704	-0.00058386055246
45	85	-20	-0.000656826396953	-0.00119655478205	-0.000589974479168
47	85	-20	-0.000681003699992	-0.00118530482498	-0.000599635923668
49	85	-20	-0.000704615347754	-0.00117405498591	-0.000611492528163
51	85	-20	-0.000727292342737	-0.00116033964304	-0.00062346182686
53	85	-20	-0.000748874750507	-0.00114140366946	-0.000633362934585
55	85	-20	-0.000769444592883	-0.00111490924662	-0.000639591246265
57	85	-20	-0.000789295815771	-0.00107954150758	-0.000641623874803
59	85	-20	-0.000808840988545	-0.00103534501751	-0.000640195856148
61	85	-20	-0.000828470305836	-0.000983704847168	-0.000637090603979
63	85	-20	-0.000848392952485	-0.000926989569494	-0.000634609993842
65	85	-20	-0.000868499673186	-0.000867967305852	-0.000634890990886
67	85	-20	-0.000888285007635	-0.000809162959482	-0.000639284336354
69	85	-20	-0.000906856817722	-0.000752330564101	-0.000647990574316
71	85	-20	-0.000923041134789	-0.000698170974215	-0.000660065592927
73	85	-20	-0.00093556657573	-0.000646348178107	-0.000673787969099
75	85	-20	-0.000943290990533	-0.000595772086466	-0.000687261823454
77	85	-20	-0.000945419922876	-0.000545046871687	-0.000699049664344
79	85	-20	-0.000941666123721	-0.000492949752701	-0.000708615749244
81	85	-20	-0.000932312429428	-0.000438811641661	-0.000716417283195
83	85	-20	-0.000918163525992	-0.000382711965228	-0.000723591414178
85	85	-20	-0.000900399140466	-0.000325459738345	-0.000731316402013
87	85	-20	-0.000880364559761	-0.000268392578875	-0.000740034923468
89	85	-20	-0.000859347761285	-0.00021306830572	-0.000748781830563
91	85	-20	-0.000838392590061	-0.000160940582122	-0.000754840386661
93	85	-20	-0.000818185006246	-0.000113100067519	-0.000753865013445
95	85	-20	-0.000799028658114	-7.0132717209e-05	-0.000740480475596
97	85	-20	-0.000780903156914	-3.2108638146e-05	-0.000709235216233
99	85	-20	-0.000763579724635	1.3199241381e-06	-0.000655688692842
-99	87	-20	0.000389005014536	-0.000550571671683	-0.000224036452318
-97	87	-20	0.00041908902506	-0.000587801518367	-0.000262800977657
-95	87	-20	0.000434410458679	-0.000617490840691	-0.000285348245771
-93	87	-20	0.000437773906895	-0.000641679091987	-0.000294943448576
-91	87	-20	0.000432687391787	-0.00066265483698	-0.00029560887577
-89	87	-20	0.000422683056954	-0.000682449142534	-0.000291338446747
-87	87	-20	0.000410709682628	-0.00070243325912	-0.000285408373658
-85	87	-20	0.00039873417659	-0.000723123954596	-0.000279942660886
-83	87	-20	0.000387630839409	-0.000744243199934	-0.000275820784064
-81	87	-20	0.000377357460172	-0.000765006106545	-0.00027291881725
-79	87	-20	0.000367339345011	-0.000784543534694	-0.000270582606249
-77	87	-20	0.000356929141226	-0.000802324729992	-0.000268170069038
-75	87	-20	0.000345797290391	-0.000818444599088	-0.000265487946682
-73	87	-20	0.000334138310695	-0.00083368161388	-0.000262989744987
-71	87	-20	0.00032264176383	-0.000849304340368	-0.000261683127775
-69	87	-20	0.00031225352553	-0.000866685484621	-0.000262791035521
-67	87	-20	0.000303818978452	-0.000886846686814	-0.0002672911285
-65	87	-20	0.000297734889235	-0.000910083947961	-0.000275497533566
-63	87	-20	0.000293730899957	-0.000935802710017	-0.00028683496613
-61	87	-20	0.00029085758789	-0.000962628293641	-0.000299892630167
-59	87	-20	0.000287690575488	-0.000988770524906	-0.000312753895675
-57	87	-20	0.000282690863726	-0.00101253810192	-0.000323506854065
-55	87	-20	0.000274612172787	-0.00103284551756	-0.000330779662207
-53	87	-20	0.000262831656031	-0.00104955122785	-0.000334132981226
-51	87	-20	0.000247504695263	-0.00106351327738	-0.000334183951934
-49	87	-20	0.000229499192535	-0.00107633429113	-0.00033241902758
-47	87	-20	0.000210132189619	-0.00108986542179	-0.000330750478612
-45	87	-20	0.000190790611311	-0.00110561761426	-0.000330952477638
-43	87	-20	0.000172550483669	-0.0011242626229	-0.000334151328437
-41	87	-20	0.000155905874073	-0.00114538335089	-0.00034052791798
-39	87	-20	0.000140682107759	-0.00116755891091	-0.000349323643085
-37	87	-20	0.00012614990717	-0.0011887665373	-0.000359144807234
-35	87	-20	0.000111296441909	-0.00120698220634	-0.0003684652889
-33	87	-20	9.5164471304e-05	-0.00122079648896	-0.000376163569072
-31	87	-20	7.71547815518e-05	-0.00122985333011	-0.000381918608552
-29	87	-20	5.72035298052e-05	-0.0012349711548	-0.000386333758335
-27	87	-20	3.57883782539e-05	-0.00123790278067	-0.000390745084515
-25	87	-20	1.37712896833e-05	-0.00124080317177	-0.000396772667399
-23	87	-20	-7.86546254967e-06	-0.00124556673737	-0.000405757969374
-21	87	-20	-2.83046576899e-05	-0.00125323903362	-0.000418269901079
-19	87	-20	-4.71140817308e-05	-0.00126368700711	-0.000433843463488
-17	87	-20	-6.43392454469e-05	-0.00127563304301	-0.000451043006116
-15	87	-20	-8.04491787129e-05	-0.00128704527322	-0.000467839480802
-13	87	-20	-9.616109454e-05	-0.00129576511389	-0.000482190015814
-11	87	-20	-0.000112204524695	-0.00130017801313	-0.000492641053748
-9	87	-20	-0.000129099786475	-0.00129971882068	-0.000498765148236
-7	87	-20	-0.000147016367033	-0.00129505401601	-0.000501290694646
-5	87	-20	-0.000165748384952	-0.00128788356692	-0.000501878574702
-3	87	-20	-0.000184806608635	-0.00128042396091	-0.000502610403408
-1	87	-20	-0.000203591593652	-0.0012747336003	-0.000505344783908
1	87	-20	-0.000221590662005	-0.00127209087379	-0.0005111413379
3	87	-20	-0.000238538283739	-0.0012726183242	-0.00051993298155
5	87	-20	-0.000254494473848	-0.00127526877637	-0.00053055043452
7	87	-20	-0.000269823181876	-0.00127817557363	-0.000541092986367
9	87	-20	-0.000285083216473	-0.00127925507283	-0.000549530650709
11	87	-20	-0.000300868719262	-0.00127687114805	-0.000554349502961
13	87	-20	-0.000317647922419	-0.00127035318821	-0.000555037674771
15	87	-20	-0.000335645622734	-0.00126020640859	-0.000552259041774
17	87	-20	-0.000354798851588	-0.00124795097709	-0.000547659714318
19	87	-20	-0.000374792440304	-0.00123564342489	-0.00054336816545
21	87	-20	-0.000395158747885	-0.00122523310963	-0.00054134659763
23	87	-20	-0.000415409982234	-0.00121795697962	-0.000542798212482
25	87	-20	-0.00043516591281	-0.00121396201487	-0.000547817325352
27	87	-20	-0.000454244609095	-0.00121227136218	-0.000555392203676
29	87	-20	-0.0004726964775	-0.00121110091473	-0.000563758425688
31	87	-20	-0.000490777928567	-0.00120842260214	-0.000570988988602
33	87	-20	-0.000508875919679	-0.00120259372342	-0.000575631834831
35	87	-20	-0.000527404932882	-0.00119285216258	-0.000577190073155
37	87	-20	-0.000546702026968	-0.00117952087571	-0.000576290053183
39	87	-20	-0.000566943633318	-0.00116385737955	-0.000574481952641
41	87	-20	-0.000588101221105	-0.00114759572547	-0.000573735142241
43	87	-20	-0.000609943853624	-0.00113232452154	-0.000575788884913
45	87	-20	-0.000632085911119	-0.00111889526209	-0.000581566468817
47	87	-20	-0.000654069368356	-0.00110704542772	-0.000590842245714
49	87	-20	-0.000675463085334	-0.001095354473	-0.000602271827691
51	87	-20	-0.000695957477056	-0.00108154930795	-0.000613780795042
53	87	-20	-0.000715432468152	-0.0010630709649	-0.000623193092539
55	87	-20	-0.000733980429081	-0.00103773782835	-0.000628903211115
57	87	-20	-0.00075187394032	-0.00100431540097	-0.000630381016579
59	87	-20	-0.000769479912281	-0.00096283411445	-0.000628349874045
61	87	-20	-0.000787134787499	-0.000914573654286	-0.000624581369185
63	87	-20	-0.00080500722791	-0.000861729862366	-0.000621370978206
65	87	-20	-0.000822981443871	-0.000806868669878	-0.000620859962422
67	87	-20	-0.000840593430804	-0.000752325194294	-0.000624417222526
69	87	-20	-0.000857042869941	-0.000699711485138	-0.000632275040699
71	87	-20	-0.000871286773219	-0.000649655070793	-0.000643530449292
73	87	-20	-0.000882200927981	-0.000601817809646	-0.000656505241514
75	87	-20	-0.000888777112538	-0.00055516399858	-0.000669340114746
77	87	-20	-0.000890313142184	-0.00050838200322	-0.000680619814782
79	87	-20	-0.000886552574114	-0.000460331806082	-0.000689812123196
81	87	-20	-0.000877741898512	-0.000410397554358	-0.000697359534121
83	87	-20	-0.000864592537727	-0.000358663370383	-0.000704371800919
85	87	-20	-0.000848157692644	-0.000305887589707	-0.000711996492433
87	87	-20	-0.000829653795135	-0.000253307098675	-0.000720653108892
89	87	-20	-0.000810267789376	-0.000202343849741	-0.000729370132364
91	87	-20	-0.000790991949783	-0.000154300945385	-0.000735446389495
93	87	-20	-0.000772517980866	-0.000110125330174	-0.00073457316491
95	87	-20	-0.000755205176911	-7.02849078331e-05	-0.000721426910319
97	87	-20	-0.000739118570375	-3.47708543041e-05	-0.000690611721301
99	87	-20	-0.000724117415886	-3.20243944403e-06	-0.000637734022826
-99	89	-20	0.000373584101893	-0.000536446545723	-0.000232143520083
-97	89	-20	0.000403165957518	-0.000572449196358	-0.000271110926044
-95	89	-20	0.000418208171794	-0.000600893972567	-0.00029372501301
-93	89	-20	0.000421471144878	-0.000623789316569	-0.000303273763022
-91	89	-20	0.000416408065311	-0.000643400352536	-0.000303808604919
-89	89	-20	0.000406496162055	-0.000661750769131	-0.000299353134772
-87	89	-20	0.000394638560576	-0.00068022515964	-0.000293208420976
-85	89	-20	0.000382771766836	-0.000699373399202	-0.000287514779479
-83	89	-20	0.000371756396349	-0.000718963451746	-0.000283158107341
-81	89	-20	0.0003615503017	-0.000738257954357	-0.000280012168774
-79	89	-20	0.000351586534648	-0.000756423957632	-0.000277414928445
-77	89	-20	0.000341226164525	-0.00077294489304	-0.000274715046289
-75	89	-20	0.000330143110397	-0.000787902764868	-0.000271712712735
-73	89	-20	0.000318527968755	-0.000802038522214	-0.000268860559733
-71	89	-20	0.000307060393787	-0.000816568405432	-0.000267172298391
-69	89	-20	0.00029667507038	-0.000832812666286	-0.000267883264422
-67	89	-20	0.000288211235714	-0.000851755707582	-0.000271987860426
-65	89	-20	0.000282070296245	-0.000873682843129	-0.000279818577157
-63	89	-20	0.000278000402524	-0.00089801896578	-0.000290817440659
-61	89	-20	0.000275083664517	-0.000923433301509	-0.000303587901692
-59	89	-20	0.000271935413343	-0.000948190399359	-0.000316223461086
-57	89	-20	0.000267056830124	-0.000970646839315	-0.00032681806554
-55	89	-20	0.000259233752212	-0.000989741927704	-0.000334001835293
-53	89	-20	0.000247860322448	-0.00100532639164	-0.000337333957198
-51	89	-20	0.000233090087692	-0.00101821875653	-0.000337426775504
-49	89	-20	0.000215770919684	-0.00102996170957	-0.000335758206347
-47	89	-20	0.000197186360984	-0.00104234504155	-0.000334227382907
-45	89	-20	0.000178683884566	-0.00105683790278	-0.000334589792353
-43	89	-20	0.000161302441039	-0.00107410620702	-0.000337946970118
-41	89	-20	0.000145508467158	-0.00109376923236	-0.000344449320674
-39	89	-20	0.000131113300289	-0.00111447820282	-0.000353303636702
-37	89	-20	0.000117387884441	-0.00113430025519	-0.000363080351812
-35	89	-20	0.000103330963656	-0.0011512946039	-0.000372220053567
-33	89	-20	8.80029695867e-05	-0.00116410467091	-0.000379574803455
-31	89	-20	7.08222977498e-05	-0.00117238121816	-0.000384808057475
-29	89	-20	5.17371202286e-05	-0.001176901015	-0.000388521657807
-27	89	-20	3.12278209504e-05	-0.00117933874003	-0.000392065682556
-25	89	-20	1.0148560734e-05	-0.00118175793454	-0.000397089340314
-23	89	-20	-1.05354660072e-05	-0.00118597591712	-0.00040497591373
-21	89	-20	-3.00301920649e-05	-0.00119299916524	-0.000416344593926
-19	89	-20	-4.79283308562e-05	-0.00120270596055	-0.000430783583722
-17	89	-20	-6.42976630834e-05	-0.00121387754515	-0.000446907251536
-15	89	-20	-7.96231472843e-05	-0.00122457087954	-0.000462727615874
-13	89	-20	-9.46292931115e-05	-0.00123271914543	-0.000476229421623
-11	89	-20	-0.000110043731546	-0.00123677414642	-0.000485970863306
-9	89	-20	-0.000126376835896	-0.00123619068108	-0.000491520559957
-7	89	-20	-0.000143782656099	-0.00123160158213	-0.000493590110198
-5	89	-20	-0.00016203774374	-0.00122462841277	-0.000493815725731
-3	89	-20	-0.000180636606384	-0.00121738662316	-0.000494252654807
-1	89	-20	-0.000198967591166	-0.00121183949609	-0.000496737505413
1	89	-20	-0.000216511298992	-0.00120920234905	-0.000502316906613
3	89	-20	-0.000233000765187	-0.00120958235691	-0.000510921944318
5	89	-20	-0.000248498100392	-0.00121196512902	-0.000521391899947
7	89	-20	-0.000263370072689	-0.0012145502724	-0.000531841573077
9	89	-20	-0.000278176000471	-0.00121532895509	-0.00054025824183
11	89	-20	-0.000293505911937	-0.00121272131278	-0.000545141409257
13	89	-20	-0.000309818488277	-0.001206073923	-0.000545984227774
15	89	-20	-0.00032732458634	-0.00119586275801	-0.000543444740071
17	89	-20	-0.000345945602981	-0.00118354044359	-0.000539152540205
19	89	-20	-0.000365352590555	-0.0011710785999	-0.000535211464704
21	89	-20	-0.000385069226238	-0.00116035117305	-0.000533555071961
23	89	-20	-0.000404605877783	-0.00115255318658	-0.000535358388569
25	89	-20	-0.000423586756181	-0.00114783636772	-0.000540691699952
27	89	-20	-0.000441837693147	-0.00114527324615	-0.000548525458607
29	89	-20	-0.000459415561981	-0.00114315705933	-0.000557083868122
31	89	-20	-0.000476577120944	-0.00113953921986	-0.000564433721431
33	89	-20	-0.000493700268934	-0.00113283237878	-0.000569119932505
35	89	-20	-0.000511180748615	-0.00112228806362	-0.000570643937454
37	89	-20	-0.00052933058565	-0.0011081988706	-0.000569630830264
39	89	-20	-0.000548301402581	-0.00109176274096	-0.000567630164824
41	89	-20	-0.000568048021835	-0.00107465304849	-0.000566612440592
43	89	-20	-0.000588337895872	-0.00105842973491	-0.00056832116309
45	89	-20	-0.000608802118783	-0.0010439753221	-0.000573687750568
47	89	-20	-0.000629015708764	-0.00103113092054	-0.000582498093975
49	89	-20	-0.000648589452052	-0.00101864502339	-0.000593420808681
51	89	-20	-0.000667253332044	-0.00100445212701	-0.000604392909674
53	89	-20	-0.000684912654204	-0.00098619908048	-0.000613244998949
55	89	-20	-0.000701662476862	-0.000961864797672	-0.000618371243817
57	89	-20	-0.000717753622599	-0.000930294665544	-0.000619234066622
59	89	-20	-0.000733513543327	-0.000891500375419	-0.0006165447291
61	89	-20	-0.000749236023301	-0.000846648153497	-0.000612062849782
63	89	-20	-0.000765062794866	-0.000797750109393	-0.000608078109908
65	89	-20	-0.000780885034125	-0.000747156527302	-0.000606737733662
67	89	-20	-0.000796291353631	-0.000696997358264	-0.000609431662015
69	89	-20	-0.000810580638096	-0.000648726096347	-0.000616427972888
71	89	-20	-0.000822844107878	-0.000602880202065	-0.000626869840242
73	89	-20	-0.000832104451663	-0.000559103781579	-0.000639127775353
75	89	-20	-0.000837485022534	-0.000516402444798	-0.000651384440808
77	89	-20	-0.000838373169187	-0.000473539581143	-0.00066225133183
79	89	-20	-0.000834541608131	-0.000429453705975	-0.000671202544681
81	89	-20	-0.000826200768489	-0.000383583416531	-0.000678666099425
83	89	-20	-0.000813971032695	-0.000336024053305	-0.000685721340956
85	89	-20	-0.000798782470854	-0.000287494321593	-0.000693478460597
87	89	-20	-0.000781725975984	-0.000239144648029	-0.000702323409252
89	89	-20	-0.000763889383698	-0.000192276990861	-0.000711264731313
91	89	-20	-0.00074621298204	-0.000148059666519	-0.000717601076164
93	89	-20	-0.000729391180645	-0.000107310038954	-0.00071704416106
95	89	-20	-0.000713833738484	-7.03892467418e-05	-0.000704306776151
97	89	-20	-0.00069968490802	-3.72172104656e-05	-0.000674036205968
99	89	-20	-0.000686886220354	-7.38400440717e-06	-0.000621877803923
-99	91	-20	0.000358504185053	-0.000522565813731	-0.000238391598186
-97	91	-20	0.000387629720705	-0.000557401397297	-0.000277484898575
-95	91	-20	0.000402443099852	-0.000584673380538	-0.000300110830857
-93	91	-20	0.00040566053696	-0.000606359341973	-0.000309574932923
-91	91	-20	0.000400679559385	-0.000624700151107	-0.000309951569391
-89	91	-20	0.000390920564054	-0.00064171026826	-0.000305288073124
-87	91	-20	0.000379237919341	-0.000658784870672	-0.00029890572217
-85	91	-20	0.000367533568317	-0.000676503620979	-0.000292958369289
-83	91	-20	0.000356649586549	-0.000694677124899	-0.000288337437203
-81	91	-20	0.000346538909385	-0.000712612774726	-0.000284914846332
-79	91	-20	0.0003366379134	-0.000729512172368	-0.000282021669957
-77	91	-20	0.000326312914595	-0.000744872762324	-0.000278997964485
-75	91	-20	0.000315239940244	-0.000758764937901	-0.000275637114036
-73	91	-20	0.000303606434877	-0.000771894498392	-0.000272389632924
-71	91	-20	0.00029208510074	-0.000785428109402	-0.000270273517136
-69	91	-20	0.000281604330631	-0.000800635833309	-0.000270535099472
-67	91	-20	0.00027300357457	-0.000818465818779	-0.000274185504851
-65	91	-20	0.000266696056955	-0.000839191901512	-0.000281577744505
-63	91	-20	0.000262455738422	-0.000862255842292	-0.000292175768003
-61	91	-20	0.000259403026438	-0.000886366901735	-0.000304603940336
-59	91	-20	0.000256198634376	-0.000909840117209	-0.000316973566031
-57	91	-20	0.000251388097388	-0.000931076458681	-0.000327391656537
-55	91	-20	0.000243791793485	-0.000949038277495	-0.000334495511631
-53	91	-20	0.000232821426636	-0.000963569089379	-0.000337844861943
-51	91	-20	0.000218627457377	-0.000975450664073	-0.000338045496749
-49	91	-20	0.000202034791471	-0.000986170106128	-0.000336561438847
-47	91	-20	0.000184289084699	-0.000997460696173	-0.000335270591657
-45	91	-20	0.000166692833475	-0.001010753919	-0.000335900222644
-43	91	-20	0.000150241638885	-0.00102671227567	-0.000339517505379
-41	91	-20	0.000135367732096	-0.00104499171084	-0.000346233846701
-39	91	-20	0.000121862074639	-0.00106431396134	-0.000355214668873
-37	91	-20	0.00010899012539	-0.00108283342869	-0.000364989669633
-35	91	-20	9.57576337213e-05	-0.00109869006655	-0.000373962933411
-33	91	-20	8.1239639779e-05	-0.00111057889495	-0.000380958139826
-31	91	-20	6.48708200541e-05	-0.00111815812808	-0.000385622234133
-29	91	-20	4.66118242445e-05	-0.00112216532016	-0.000388555513136
-27	91	-20	2.69478754197e-05	-0.00112420041577	-0.000391123368567
-25	91	-20	6.72878448717e-06	-0.00112623852343	-0.000395007380535
-23	91	-20	-1.30930160005e-05	-0.00113002094488	-0.000401638418009
-21	91	-20	-3.17419923549e-05	-0.00113651310486	-0.000411694492858
-19	91	-20	-4.88314434165e-05	-0.00114559924927	-0.000424827995562
-17	91	-20	-6.444787409e-05	-0.00115611134131	-0.000439715740244
-15	91	-20	-7.90897978998e-05	-0.00116618578949	-0.000454423110817
-13	91	-20	-9.34879860797e-05	-0.00117383895527	-0.000466972812931
-11	91	-20	-0.000108368388171	-0.00117758322002	-0.000475941525692
-9	91	-20	-0.000124232567638	-0.00117689178616	-0.000480895994795
-7	91	-20	-0.000141220632208	-0.00117236695558	-0.000482528249571
-5	91	-20	-0.000159092742662	-0.00116555896774	-0.00048244303843
-3	91	-20	-0.000177327325196	-0.00115849165801	-0.000482660040826
-1	91	-20	-0.00019529917101	-0.00115304286671	-0.000484984280717
1	91	-20	-0.000212479037227	-0.00115037281088	-0.000490441355621
3	91	-20	-0.000228593750002	-0.00115057826489	-0.000498955419428
5	91	-20	-0.000243701602069	-0.00115267927245	-0.000509372682003
7	91	-20	-0.000258165963062	-0.00115494071147	-0.000519824894522
9	91	-20	-0.000272541157756	-0.00115542628492	-0.000528319974576
11	91	-20	-0.000287409322441	-0.00115261035948	-0.000533374632884
13	91	-20	-0.000303218349196	-0.00114585605898	-0.000534489746708
15	91	-20	-0.000320166929353	-0.00113561119708	-0.00053231810244
17	91	-20	-0.000338165669435	-0.00112326306217	-0.000528470834673
19	91	-20	-0.00035687941567	-0.00111070032171	-0.00052502297469
21	91	-20	-0.000375832817811	-0.00109972155169	-0.000523873862622
23	91	-20	-0.000394545321862	-0.00109147658508	-0.000526164433232
25	91	-20	-0.000412656911239	-0.00108611474052	-0.000531935678356
27	91	-20	-0.000430012137839	-0.00108274740788	-0.000540136309363
29	91	-20	-0.00044668424974	-0.00107973287681	-0.000548976823639
31	91	-20	-0.000462938628447	-0.00107519029165	-0.000556516932318
33	91	-20	-0.000479150224513	-0.00106757887887	-0.000561298704137
35	91	-20	-0.000495699462276	-0.00105615992058	-0.000562822698827
37	91	-20	-0.00051287355485	-0.00104119753467	-0.000561713841215
39	91	-20	-0.000530795905989	-0.00102383736488	-0.000559522340692
41	91	-20	-0.000549397434626	-0.00100570326752	-0.00055822142077
43	91	-20	-0.000568433040042	-0.000988339324524	-0.000559560983439
45	91	-20	-0.000587536580123	-0.000972671171012	-0.000564483497522
47	91	-20	-0.000606300404274	-0.00095865300015	-0.000572790106152
49	91	-20	-0.000624361475836	-0.000945208123529	-0.000583166692453
51	91	-20	-0.00064147552277	-0.000930480703255	-0.000593566026277
53	91	-20	-0.000657563166515	-0.000912322614378	-0.00060182910286
55	91	-20	-0.000672717143581	-0.000888870946706	-0.000606352310526
57	91	-20	-0.000687166979974	-0.000859048365063	-0.00060659159413
59	91	-20	-0.000701205968906	-0.000822845853616	-0.000603245469002
61	91	-20	-0.000715093772837	-0.000781315086333	-0.000598059700814
63	91	-20	-0.000728954730421	-0.00073628379259	-0.000593315735477
65	91	-20	-0.000742695166408	-0.000689885531557	-0.000591164602695
67	91	-20	-0.000755961249099	-0.000644042614601	-0.000593016175005
69	91	-20	-0.000768151804946	-0.000600045434943	-0.000599174751378
71	91	-20	-0.000778489013032	-0.00055833466383	-0.000608831676172
73	91	-20	-0.000786136524021	-0.000518528338349	-0.000620409438754
75	91	-20	-0.00079034263755	-0.000479664647824	-0.000632136433961
77	91	-20	-0.000790579042618	-0.000440574381573	-0.000642654282146
79	91	-20	-0.000786645493486	-0.000400269608883	-0.000651445521891
81	91	-20	-0.000778717991626	-0.000358242251346	-0.000658923959924
83	91	-20	-0.000767330812647	-0.000314602224467	-0.000666136674355
85	91	-20	-0.000753297680307	-0.000270036374481	-0.000674152651744
87	91	-20	-0.000737590573901	-0.000225620113785	-0.000683318993364
89	91	-20	-0.000721202699921	-0.00018254926033	-0.000692618249912
91	91	-20	-0.000705023302024	-0.000141872036953	-0.000699342866204
93	91	-20	-0.000689746494496	-0.000104290130816	-0.000699219699511
95	91	-20	-0.00067582624906	-7.00695740319e-05	-0.000686993840986
97	91	-20	-0.000663478129222	-3.90673381483e-05	-0.000657353263171
99	91	-20	-0.000652718447842	-1.08486108306e-05	-0.000605981324711
-99	93	-20	0.00034177899867	-0.000507547662142	-0.000239627627526
-97	93	-20	0.000370417427617	-0.000541225499578	-0.000278676001259
-95	93	-20	0.000385001375933	-0.000567363903143	-0.000301213281798
-93	93	-20	0.000388197703804	-0.000587905817235	-0.000310548357363
-91	93	-20	0.000383341368241	-0.00060506228666	-0.000310761068583
-89	93	-20	0.000373788421549	-0.000620832032308	-0.000305905200044
-87	93	-20	0.000362337449744	-0.000636614294158	-0.000299308132357
-85	93	-20	0.000350850113621	-0.000653012824576	-0.000293128210566
-83	93	-20	0.000340145940306	-0.000669876595462	-0.000288258786567
-81	93	-20	0.000330170619788	-0.000686555185767	-0.000284570715024
-79	93	-20	0.000320362836273	-0.000702283847875	-0.000281391243702
-77	93	-20	0.000310093917599	-0.00071657449449	-0.000278054794296
-75	93	-20	0.00029904206257	-0.000729487230543	-0.000274348899813
-73	93	-20	0.000287391648573	-0.000741694345243	-0.000270720035292
-71	93	-20	0.000275808536536	-0.000754314385456	-0.000268186101156
-69	93	-20	0.000265215213222	-0.000768568134006	-0.000267999094012
-67	93	-20	0.000256452369426	-0.000785367679576	-0.000271182622429
-65	93	-20	0.00024994702507	-0.000804974896506	-0.000278108941812
-63	93	-20	0.000245501965464	-0.000826847473617	-0.000288266636236
-61	93	-20	0.000242279722258	-0.000849733652394	-0.000300307473623
-59	93	-20	0.000238990504037	-0.00087199816958	-0.000312369391264
-57	93	-20	0.000234227887015	-0.00089208617918	-0.000322581374634
-55	93	-20	0.000226849336548	-0.000908983625179	-0.000329594486074
-53	93	-20	0.000216285004632	-0.000922528079589	-0.000332971438542
-51	93	-20	0.000202681316567	-0.000933466298831	-0.00033330909071
-49	93	-20	0.000186837647771	-0.000943231614187	-0.000332051069484
-47	93	-20	0.000169958144003	-0.000953502203614	-0.000331045253569
-45	93	-20	0.000153296380852	-0.000965672491979	-0.000331982023146
-43	93	-20	0.000137801061518	-0.000980401165828	-0.000335887917452
-41	93	-20	0.000123867568022	-0.000997379497014	-0.00034283290354
-39	93	-20	0.000111264933202	-0.00101539781087	-0.000351942613598
-37	93	-20	9.92525222928e-05	-0.00103269581952	-0.000361710548072
-35	93	-20	8.68430433104e-05	-0.00104749283696	-0.000370509848728
-33	93	-20	7.31262085169e-05	-0.0010585351464	-0.000377140243635
-31	93	-20	5.75528101249e-05	-0.00106548929077	-0.000381233816764
-29	93	-20	4.0095488369e-05	-0.00106905547355	-0.000383387585829
-27	93	-20	2.12436904575e-05	-0.00107076116683	-0.000384977787002
-25	93	-20	1.84254724176e-06	-0.00107249488892	-0.000387712855806
-23	93	-20	-1.71678397037e-05	-0.001075922534	-0.000393066860278
-21	93	-20	-3.50289304996e-05	-0.00108196728921	-0.000401775316117
-19	93	-20	-5.13719038706e-05	-0.001090516277	-0.000413557604018
-17	93	-20	-6.62984257581e-05	-0.0011004476166	-0.000427159680277
-15	93	-20	-8.03167714613e-05	-0.00110997201076	-0.000440709403345
-13	93	-20	-9.41607376441e-05	-0.00111718439946	-0.000452276643779
-11	93	-20	-0.000108552630469	-0.0011206547892	-0.000460463401514
-9	93	-20	-0.000123984934002	-0.00111987423563	-0.000464837157166
-7	93	-20	-0.000140585201392	-0.00111541656159	-0.000466068064472
-5	93	-20	-0.000158099733673	-0.00110876492824	-0.000465722889015
-3	93	-20	-0.000175993678047	-0.00110185709381	-0.000465776888446
-1	93	-20	-0.000193630349947	-0.00109649114961	-0.000467994806366
1	93	-20	-0.000210471192547	-0.00109377701063	-0.000473375020115
3	93	-20	-0.000226235391584	-0.00109380427427	-0.000481832584527
5	93	-20	-0.000240974176488	-0.00109562892188	-0.000492222737666
7	93	-20	-0.000255043147438	-0.00109758126391	-0.000502699490072
9	93	-20	-0.00026898719897	-0.00109779708315	-0.000511297917794
11	93	-20	-0.000283377229036	-0.00109480468894	-0.000516557381199
13	93	-20	-0.000298649035619	-0.00108798417067	-0.000517988988707
15	93	-20	-0.000314990389831	-0.00107775639408	-0.000516238981071
17	93	-20	-0.000332304861769	-0.00106544488666	-0.000512895329301
19	93	-20	-0.000350256809537	-0.00105285650298	-0.000509997608362
21	93	-20	-0.00036837867155	-0.00104171425162	-0.000509404403182
23	93	-20	-0.000386205951107	-0.00103312057971	-0.000512218117646
25	93	-20	-0.000403400782941	-0.00102721806627	-0.000518449383384
27	93	-20	-0.000419831781348	-0.00102315100842	-0.000527027649017
29	93	-20	-0.000435592788919	-0.00101933625891	-0.000536154767248
31	93	-20	-0.000450961067274	-0.00101395504832	-0.000543889248878
33	93	-20	-0.000466311129061	-0.00100550965119	-0.000548775041838
35	93	-20	-0.000482009920569	-0.000993270463863	-0.000550313856774
37	93	-20	-0.000498320823033	-0.000977475362641	-0.000549129180889
39	93	-20	-0.000515338689608	-0.000959221964998	-0.000546767854735
41	93	-20	-0.000532968317839	-0.000940089438041	-0.000545200551522
43	93	-20	-0.000550947499823	-0.000921609674873	-0.000546179030887
45	93	-20	-0.000568905905371	-0.000904752475756	-0.000550654829818
47	93	-20	-0.000586444377954	-0.000889582774215	-0.000558445976754
49	93	-20	-0.000603216445517	-0.000875193125035	-0.000568260808588
51	93	-20	-0.000618994721007	-0.000859929632003	-0.000578075395981
53	93	-20	-0.000633708626717	-0.000841841053438	-0.000585749055866
55	93	-20	-0.000647445619783	-0.000819216008316	-0.00058968653842
57	93	-20	-0.000660414966999	-0.000791050872872	-0.000589339953859
59	93	-20	-0.000672880277057	-0.000757316270928	-0.000585393475527
61	93	-20	-0.000685073498011	-0.000718953453833	-0.000579573623076
63	93	-20	-0.000697107801656	-0.000677612639747	-0.000574145889105
65	93	-20	-0.000708908531121	-0.000635218604477	-0.000571257112423
67	93	-20	-0.000720179296276	-0.000593493184448	-0.000572330822165
69	93	-20	-0.00073041418783	-0.00055356849496	-0.000577704351582
71	93	-20	-0.000738957795492	-0.000515789991224	-0.00058661747858
73	93	-20	-0.000745104145097	-0.000479747904893	-0.000597547694231
75	93	-20	-0.000748216357868	-0.00044450872543	-0.000608773454975
77	93	-20	-0.000747843284869	-0.000408965204967	-0.000618970442019
79	93	-20	-0.000743809251913	-0.000372198048219	-0.000627631819655
81	93	-20	-0.000736258607452	-0.000333749707803	-0.000635157057233
83	93	-20	-0.000725646654083	-0.000293745226809	-0.000642558977611
85	93	-20	-0.000712680195648	-0.000252844109652	-0.00065086281697
87	93	-20	-0.000698221328777	-0.000212055162034	-0.000660375477056
89	93	-20	-0.000683174697501	-0.000172479623252	-0.000670054986496
91	93	-20	-0.000668379858721	-0.000135059073153	-0.000677192827803
93	93	-20	-0.000654526832072	-0.000100393271734	-0.000677539923741
95	93	-20	-0.000642105807503	-6.86655204278e-05	-0.000665885087889
97	93	-20	-0.000631393575146	-3.96793339481e-05	-0.000636968860596
99	93	-20	-0.000622471747687	-1.29804923954e-05	-0.0005865225423
-99	95	-20	0.000320805147362	-0.000489500659615	-0.000232012111555
-97	95	-20	0.000348834037272	-0.000521954008431	-0.000270725179581
-95	95	-20	0.000363132290909	-0.000546945130191	-0.000293010992181
-93	95	-20	0.000366305190364	-0.000566373306521	-0.00030215666302
-91	95	-20	0.000361609684076	-0.000582407941805	-0.000302216434932
-89	95	-20	0.000352321781191	-0.000597019543776	-0.000297219608533
-87	95	-20	0.000341170996649	-0.000611600284077	-0.000290474242037
-85	95	-20	0.000329969620104	-0.000626769661505	-0.000284126686093
-83	95	-20	0.000319510301067	-0.000642410080927	-0.000279065466948
-81	95	-20	0.000309731233261	-0.000657911543249	-0.000275161554781
-79	95	-20	0.00030007563559	-0.000672543435735	-0.000271743860069
-77	95	-20	0.000289922586499	-0.000685833624312	-0.000268146736359
-75	95	-20	0.000278953989239	-0.0006978332365	-0.000264154018545
-73	95	-20	0.000267350505722	-0.000709181425056	-0.000260205162426
-71	95	-20	0.000255768324113	-0.000720947881044	-0.000257310342378
-69	95	-20	0.000245119894679	-0.000734302654761	-0.0002567173309
-67	95	-20	0.000236243125837	-0.000750120368286	-0.000259453478119
-65	95	-20	0.000229576332393	-0.000768650398897	-0.000265905891822
-63	95	-20	0.000224951076238	-0.000789367277955	-0.000275589631502
-61	95	-20	0.000221574544895	-0.000811060713545	-0.000287191826568
-59	95	-20	0.000218210833797	-0.000832148805739	-0.000298888999525
-57	95	-20	0.000213506481296	-0.000851124939845	-0.000308844578727
-55	95	-20	0.000206359984147	-0.000867002124235	-0.000315732652272
-53	95	-20	0.000196221715887	-0.000879614045833	-0.000319122211666
-51	95	-20	0.000183233173362	-0.000889672619569	-0.0003195976251
-49	95	-20	0.000168164999326	-0.000898555706707	-0.000318573011249
-47	95	-20	0.000152175410059	-0.000907883307035	-0.000317854675809
-45	95	-20	0.000136464894878	-0.000919009137317	-0.00031908609077
-43	95	-20	0.000121932723031	-0.000932584733368	-0.000323248227652
-41	95	-20	0.000108937358737	-0.000948334388278	-0.000330371785593
-39	95	-20	9.72283391258e-05	-0.000965116111269	-0.000339551693243
-37	95	-20	8.60630943167e-05	-0.000981255377209	-0.000349258877876
-35	95	-20	7.44658436131e-05	-0.000995052263855	-0.000357849844304
-33	95	-20	6.15444654942e-05	-0.00100530605766	-0.00036411119628
-31	95	-20	4.67672034856e-05	-0.00101169307894	-0.000367664316458
-29	95	-20	3.01174796807e-05	-0.00101487687554	-0.000369099195881
-27	95	-20	1.20856737596e-05	-0.0010163122042	-0.000369792342151
-25	95	-20	-6.49196920669e-06	-0.00101779992396	-0.000371464707797
-23	95	-20	-2.46912902577e-05	-0.00102092896478	-0.000375619542051
-21	95	-20	-4.17723948131e-05	-0.00102657866964	-0.000383040020272
-19	95	-20	-5.73832506256e-05	-0.00103463777733	-0.000393509293401
-17	95	-20	-7.16369150817e-05	-0.00104402989418	-0.000405846195384
-15	95	-20	-8.50458847184e-05	-0.00105303998508	-0.000418249917865
-13	95	-20	-9.83411561394e-05	-0.00105984203922	-0.000428848115838
-11	95	-20	-0.000112236897967	-0.00106306442513	-0.000436276701165
-9	95	-20	-0.000127214608189	-0.00106221681643	-0.000440107453956
-7	95	-20	-0.00014339048167	-0.00105784520135	-0.000440985929756
-5	95	-20	-0.000160500880527	-0.00105136618135	-0.000440432755231
-3	95	-20	-0.000178003165947	-0.00104463196653	-0.00044036783831
-1	95	-20	-0.000195254670014	-0.00103936166448	-0.000442505527051
1	95	-20	-0.000211711496896	-0.00103661612082	-0.000447811007865
3	95	-20	-0.000227086638926	-0.00103647960343	-0.000456190401772
5	95	-20	-0.000241422965421	-0.00103804648991	-0.000466514278202
7	95	-20	-0.000255064886147	-0.00103971541339	-0.000476969356647
9	95	-20	-0.000268543563267	-0.00103969722574	-0.000485629125355
11	95	-20	-0.000282414946027	-0.00103657684782	-0.000491064042017
13	95	-20	-0.000297100874335	-0.00102975326697	-0.000492798384605
15	95	-20	-0.000312778854122	-0.00101962127881	-0.000491468370108
17	95	-20	-0.000329348513449	-0.00100744033034	-0.000488630114908
19	95	-20	-0.000346478492123	-0.000994934022913	-0.000486276783587
21	95	-20	-0.000363714289543	-0.00098374753517	-0.000486216752763
23	95	-20	-0.000380612045923	-0.000974933322176	-0.000489509315575
25	95	-20	-0.000396859087412	-0.000968624849194	-0.000496136922079
27	95	-20	-0.000412349328835	-0.00096399773879	-0.000505018460047
29	95	-20	-0.000427196994833	-0.00095952703298	-0.00051436004243
31	95	-20	-0.000441690350011	-0.000953457031089	-0.000522232382452
33	95	-20	-0.000456202825771	-0.00094433518562	-0.000527191266169
35	95	-20	-0.000471088140419	-0.000931443689543	-0.000528743129389
37	95	-20	-0.000486587149088	-0.000914996485637	-0.000527506206211
39	95	-20	-0.000502768106888	-0.000896043987408	-0.000525014029333
41	95	-20	-0.000519511449357	-0.000876118936631	-0.000523221822524
43	95	-20	-0.000536538467628	-0.00085673597242	-0.000523871434483
45	95	-20	-0.000553473394122	-0.000838900438569	-0.000527916585873
47	95	-20	-0.000569922328769	-0.000822776301184	-0.000535192441893
49	95	-20	-0.000585550704571	-0.000807611743953	-0.000544437229228
51	95	-20	-0.000600143089011	-0.000791941026292	-0.000553662764202
53	95	-20	-0.000613633899538	-0.000773997819475	-0.000560760402151
55	95	-20	-0.000626103804962	-0.000752213967974	-0.00056415408297
57	95	-20	-0.000637743101581	-0.000725656250194	-0.000563296692429
59	95	-20	-0.000648789358688	-0.000694277130222	-0.000558854941487
61	95	-20	-0.000659451442836	-0.000658914731528	-0.000552525968011
63	95	-20	-0.000669835008991	-0.000621052884448	-0.000546544826777
65	95	-20	-0.00067988507322	-0.000582420679325	-0.000543039084853
67	95	-20	-0.000689358927381	-0.000544552483385	-0.000543433918288
69	95	-20	-0.00069783744307	-0.000508433171289	-0.000548093237737
71	95	-20	-0.000704775433819	-0.000474320707003	-0.000556304962322
73	95	-20	-0.00070958359492	-0.000441781333015	-0.000566606140605
75	95	-20	-0.000711727463488	-0.000409909958048	-0.000577332024678
77	95	-20	-0.000710824644323	-0.000377658646341	-0.000587198257371
79	95	-20	-0.000706721432786	-0.000344172750923	-0.000595711457434
81	95	-20	-0.000699534100278	-0.000309041590319	-0.000603255898268
83	95	-20	-0.000689647505216	-0.000272403572393	-0.000610806914821
85	95	-20	-0.000677672480856	-0.000234892221607	-0.000619343278811
87	95	-20	-0.000664371436614	-0.000197454868644	-0.000629133064431
89	95	-20	-0.000650566934504	-0.000161107015059	-0.000639118293191
91	95	-20	-0.000637049665797	-0.000126695365205	-0.000646606587671
93	95	-20	-0.000624500315857	-9.47310460941e-05	-0.000647397780415
95	95	-20	-0.00061343524044	-6.53276498869e-05	-0.000636353818075
97	95	-20	-0.00060418015645	-3.82460842737e-05	-0.000608296899019
99	95	-20	-0.000596870646772	-1.30197334253e-05	-0.000559029543418
-99	97	-20	0.000292818263408	-0.000466370664312	-0.000211686579496
-97	97	-20	0.000320022204591	-0.000497445504	-0.000249650949725
-95	97	-20	0.000333924890711	-0.000521212165922	-0.000271456125702
-93	97	-20	0.000337050172753	-0.000539511598869	-0.000280331350094
-91	97	-20	0.000332552216209	-0.000554453148763	-0.000280260561708
-89	97	-20	0.000323602169558	-0.000567960447436	-0.000275204010368
-87	97	-20	0.000312839975239	-0.000581402830801	-0.000268413739792
-85	97	-20	0.000302015219424	-0.000595404742758	-0.00026200024127
-83	97	-20	0.000291888285644	-0.000609876783171	-0.000256837352872
-81	97	-20	0.000282391121004	-0.000624248831973	-0.000252797754527
-79	97	-20	0.000272976535873	-0.000637826638878	-0.000249219879644
-77	97	-20	0.00026303680821	-0.000650156721994	-0.000245446066637
-75	97	-20	0.000252260429331	-0.000661282472731	-0.00024125965537
-73	97	-20	0.000240822999192	-0.000671808714316	-0.00023708891049
-71	97	-20	0.000229365475683	-0.000682752878321	-0.000233925350019
-69	97	-20	0.000218782058974	-0.000695229940825	-0.000232998188031
-67	97	-20	0.000209899480477	-0.00071007360736	-0.000235325596149
-65	97	-20	0.000203161298528	-0.000727519919959	-0.000241302594714
-63	97	-20	0.000198425874596	-0.000747063011802	-0.000250472474996
-61	97	-20	0.000194947537971	-0.000767540284267	-0.0002615680834
-59	97	-20	0.000191550173135	-0.000787431632291	-0.000272820551589
-57	97	-20	0.000186940495855	-0.000805287266027	-0.000282444603836
-55	97	-20	0.000180064116781	-0.000820153799422	-0.000289149857201
-53	97	-20	0.000170394603139	-0.000831863808981	-0.000292515920325
-51	97	-20	0.000158067519525	-0.000841092685092	-0.00029310967828
-49	97	-20	0.000143820313985	-0.000849157219985	-0.000292303341261
-47	97	-20	0.000128759070607	-0.000857611328146	-0.000291846293932
-45	97	-20	0.000114025592907	-0.000867759987529	-0.00029332241451
-43	97	-20	0.000100466914845	-0.000880241533552	-0.000297662059361
-41	97	-20	8.84059003254e-05	-0.000894810617594	-0.000304861971898
-39	97	-20	7.75780304691e-05	-0.000910393972721	-0.000314001579531
-37	97	-20	6.72470291785e-05	-0.000925406760057	-0.000323550719642
-35	97	-20	5.64573854095e-05	-0.000938234978431	-0.000331871310664
-33	97	-20	4.43419524886e-05	-0.000947735381325	-0.00033775333473
-31	97	-20	3.03893651562e-05	-0.000953596253939	-0.000340813755185
-29	97	-20	1.45921450313e-05	-0.000956443655668	-0.000341629778369
-27	97	-20	-2.56404796795e-06	-0.000957656083213	-0.000341561959098
-25	97	-20	-2.02596174926e-05	-0.00095894171308	-0.000342321546878
-23	97	-20	-3.75937289777e-05	-0.000961807745332	-0.000345418749263
-21	97	-20	-5.38497773782e-05	-0.000967086834056	-0.000351667873186
-19	97	-20	-6.86929272312e-05	-0.000974669457587	-0.000360908715274
-17	97	-20	-8.22436097738e-05	-0.000983527892793	-0.000372035941224
-15	97	-20	-9.50112677342e-05	-0.000992026720395	-0.000383330669699
-13	97	-20	-0.000107715722042	-0.000998424919682	-0.00039299191319
-11	97	-20	-0.000121056011087	-0.00100141398243	-0.000399700733604
-9	97	-20	-0.00013549909875	-0.00100052439871	-0.000403037881758
-7	97	-20	-0.000151150754538	-0.000996273402201	-0.00040362061922
-5	97	-20	-0.000167742547817	-0.000990007448568	-0.00040291254073
-3	97	-20	-0.000184731963544	-0.000983488269384	-0.000402763817794
-1	97	-20	-0.000201478865269	-0.000978351493565	-0.000404825499946
1	97	-20	-0.000217440937851	-0.000975606520573	-0.000410022744365
3	97	-20	-0.00023232871433	-0.000975333091341	-0.0004182546119
5	97	-20	-0.000246176708398	-0.000976668069967	-0.000428417397699
7	97	-20	-0.000259315014357	-0.000978084907429	-0.0004387464391
9	97	-20	-0.000272256295275	-0.000977876814775	-0.000447370187771
11	97	-20	-0.000285537003703	-0.000974691553597	-0.000452902226649
13	97	-20	-0.000299562322574	-0.000967950627132	-0.000454883740385
15	97	-20	-0.000314499544968	-0.000958022977236	-0.000453935261847
17	97	-20	-0.00033024709159	-0.000946100980241	-0.000451567968307
19	97	-20	-0.000346482338811	-0.000933819904395	-0.000449712586403
21	97	-20	-0.000362768526177	-0.000922741640699	-0.000450113907751
23	97	-20	-0.000378685820243	-0.000913864635655	-0.000453782313897
25	97	-20	-0.000393947806762	-0.000907312084488	-0.000460676500592
27	97	-20	-0.000408472224478	-0.000902293270688	-0.00046971892013
29	97	-20	-0.000422390294343	-0.000897346925622	-0.000479140142984
31	97	-20	-0.000435997252502	-0.000890787871362	-0.000487043701422
33	97	-20	-0.000449662232251	-0.00088121633667	-0.000492012305621
35	97	-20	-0.000463724493724	-0.000867932052491	-0.000493562274766
37	97	-20	-0.000478403627542	-0.000851127144094	-0.000492300365448
39	97	-20	-0.000493744732598	-0.000831802121817	-0.000489731169783
41	97	-20	-0.000509608502058	-0.000811435382566	-0.000487774247657
43	97	-20	-0.000525704186254	-0.000791511596739	-0.000488142952013
45	97	-20	-0.000541653673632	-0.000773055299156	-0.000491781923342
47	97	-20	-0.000557069385185	-0.000756311185498	-0.000498542942375
49	97	-20	-0.000571627799932	-0.000740664773309	-0.000507204448422
51	97	-20	-0.000585123477689	-0.000724822149022	-0.000515831925343
53	97	-20	-0.000597493985888	-0.000707189244508	-0.000522368698089
55	97	-20	-0.000608812617999	-0.000686333413408	-0.000525273615072
57	97	-20	-0.000619251952149	-0.000661389728491	-0.000524006876648
59	97	-20	-0.000629026317956	-0.000632296017536	-0.000519212851579
61	97	-20	-0.000638324660147	-0.000599795819574	-0.000512544097009
63	97	-20	-0.000647246854229	-0.000565218986371	-0.000506183722865
65	97	-20	-0.0006557560765	-0.000530113655037	-0.000502217820115
67	97	-20	-0.000663657299383	-0.000495842046739	-0.000502055755155
69	97	-20	-0.000670607551629	-0.000463256009941	-0.000506078935454
71	97	-20	-0.0006761578125	-0.000432537675752	-0.000513623514423
73	97	-20	-0.000679820284071	-0.000403237398473	-0.000523293270548
75	97	-20	-0.000681149571105	-0.000374482638847	-0.000533490413545
77	97	-20	-0.000679823225004	-0.000345285190115	-0.000542979166576
79	97	-20	-0.000675706992675	-0.000314852650892	-0.000551283398265
81	97	-20	-0.000668893056461	-0.000282817399162	-0.000558770410063
83	97	-20	-0.000659704869579	-0.000249327705288	-0.000566372918772
85	97	-20	-0.000648668588536	-0.000214989607416	-0.00057501935555
87	97	-20	-0.000636457068998	-0.000180690785465	-0.000584941920333
89	97	-20	-0.000623816644573	-0.000147366829504	-0.000595081105904
91	97	-20	-0.000611488740536	-0.000115779206495	-0.000602788791523
93	97	-20	-0.000600137770001	-8.63627781962e-05	-0.000603953973072
95	97	-20	-0.000590294276743	-5.91747130573e-05	-0.000593558971919
97	97	-20	-0.000582318785654	-3.39453079023e-05	-0.000566554073132
99	97	-20	-0.000576388154227	-1.02040928093e-05	-0.00051884993075
-99	99	-20	0.000255449999937	-0.000436369999954	-0.000175529999916
-97	99	-20	0.00028153584336	-0.000465832465658	-0.000212231305465
-95	99	-20	0.000294889590964	-0.000488237242152	-0.000233271089204
-93	99	-20	0.00029792720905	-0.000505347418735	-0.000241775751686
-91	99	-20	0.000293667178189	-0.000519188262353	-0.000241603218181
-89	99	-20	0.000285142959829	-0.000531612708535	-0.000236589137621
-87	99	-20	0.00027487798437	-0.000543947749662	-0.000229883785409
-85	99	-20	0.000264541859258	-0.000556810162347	-0.000223532008496
-83	99	-20	0.000254856072824	-0.000570133558126	-0.000218380610142
-81	99	-20	0.000245748531613	-0.000583388483187	-0.000214305907234
-79	99	-20	0.000236688828968	-0.000595920969146	-0.000210665597623
-77	99	-20	0.000227089999949	-0.00060729999995	-0.000206819999929
-75	99	-20	0.000216651061998	-0.000617562349607	-0.000202555928195
-73	99	-20	0.000205540643011	-0.000627275792636	-0.000198285251164
-71	99	-20	0.000194376765172	-0.000637399552592	-0.000194967213099
-69	99	-20	0.000184024009165	-0.000648986439838	-0.000193794607732
-67	99	-20	0.000175286272606	-0.000662823815552	-0.000195760311523
-65	99	-20	0.000168603857485	-0.000679133155068	-0.000201258561797
-63	99	-20	0.000163858954672	-0.000697432507321	-0.00020986298174
-61	99	-20	0.000160356151604	-0.000716616461377	-0.000220364906999
-59	99	-20	0.00015698693696	-0.000735239325828	-0.000231069877595
-57	99	-20	0.000152527892148	-0.000751920705833	-0.000240264726649
-55	99	-20	0.000145979999953	-0.00076574999994	-0.000246709999924
-53	99	-20	0.000136844162567	-0.000776561973141	-0.000250001189364
-51	99	-20	0.000125248836954	-0.000784992049249	-0.000250681411013
-49	99	-20	0.000111892444588	-0.00079228681538	-0.000250065556707
-47	99	-20	9.78207309984e-05	-0.000799921918185	-0.000249827133626
-45	99	-20	8.41093731918e-05	-0.000809141816337	-0.000251474916815
-43	99	-20	7.15494553871e-05	-0.000820563472206	-0.000255882766441
-41	99	-20	6.04300577763e-05	-0.000833969332294	-0.000263020567833
-39	99	-20	5.04799995174e-05	-0.00084835811793	-0.000271971679527
-37	99	-20	4.09805189554e-05	-0.000862242184272	-0.000281232051092
-35	99	-20	3.10084081526e-05	-0.000874102359252	-0.000289196802349
-33	99	-20	1.97309999606e-05	-0.000882859999933	-0.000294679999921
-31	99	-20	6.66166583678e-06	-0.000888218241601	-0.000297301970001
-29	99	-20	-8.19989043866e-06	-0.000890763288548	-0.000297619738619
-27	99	-20	-2.43801474777e-05	-0.000891790544769	-0.000296957339025
-25	99	-20	-4.1086691288e-05	-0.000892906509856	-0.000296988209208
-23	99	-20	-5.74523867338e-05	-0.000895528566877	-0.000299201401486
-21	99	-20	-7.27909761096e-05	-0.000900438337283	-0.000304421389262
-19	99	-20	-8.67864703246e-05	-0.000907529119208	-0.0003125354475
-17	99	-20	-9.95625045004e-05	-0.000915828336103	-0.000322517542692
-15	99	-20	-0.000111616836953	-0.000923790310593	-0.00033274375917
-13	99	-20	-0.000123647704248	-0.000929769863657	-0.000341501229483
-11	99	-20	-0.00013633000003	-0.00093252999993	-0.000347529999919
-9	99	-20	-0.000150111239192	-0.000931625505435	-0.000350425419667
-7	99	-20	-0.000165087404546	-0.00092754249275	-0.000350771663134
-5	99	-20	-0.000180991286234	-0.000921549935261	-0.000349961596067
-3	99	-20	-0.000197290192918	-0.000915309201101	-0.000349757741054
-1	99	-20	-0.00021335727632	-0.000910363225361	-0.000351731986093
1	99	-20	-0.00022866086679	-0.000907664436078	-0.000356761379358
3	99	-20	-0.000242914357314	-0.000907288103844	-0.00036474089338
5	99	-20	-0.000256144679247	-0.000908419404798	-0.000374606244773
7	99	-20	-0.000268664436885	-0.000909616636958	-0.000384661929209
9	99	-20	-0.000280962377797	-0.000909266777372	-0.000393112530542
11	99	-20	-0.00029355000002	-0.000906089999932	-0.000398629999916
13	99	-20	-0.00030681229669	-0.000899535443567	-0.000400776998401
15	99	-20	-0.0003209058621	-0.000889945635226	-0.000400150925341
17	99	-20	-0.000335730440974	-0.000878440158503	-0.000398201125819
19	99	-20	-0.000350976592005	-0.000866557165444	-0.000396775307963
21	99	-20	-0.00036622989916	-0.000855766456408	-0.000397537562896
23	99	-20	-0.000381097523408	-0.00084700672083	-0.000401441986335
25	99	-20	-0.000395319412432	-0.000840390393754	-0.000408429245411
27	99	-20	-0.000408834102897	-0.000835165882696	-0.000417443471002
29	99	-20	-0.000421784440567	-0.000829946009417	-0.000426765530196
31	99	-20	-0.000434466485255	-0.0008231290048	-0.000434558096358
33	99	-20	-0.000447240000011	-0.000813379999938	-0.000439449999912
35	99	-20	-0.000460427345973	-0.000800024412699	-0.000440973901421
37	99	-20	-0.000474227829783	-0.000783234296991	-0.000439716956534
39	99	-20	-0.000488667607937	-0.000763954482834	-0.000437134654178
41	99	-20	-0.000503594015383	-0.000743596065206	-0.000435084873341
43	99	-20	-0.000518711253582	-0.000723595223131	-0.000435228546491
45	99	-20	-0.000533644920894	-0.000704974030609	-0.000438486673073
47	99	-20	-0.000548017829643	-0.000688035835049	-0.000444726813093
49	99	-20	-0.000561519336589	-0.000672283443669	-0.000452780618634
51	99	-20	-0.000573954125866	-0.000656578621976	-0.0004607899145
53	99	-20	-0.000585262397928	-0.000639488426387	-0.000466775193614
55	99	-20	-0.000595510000001	-0.000619709999953	-0.00046924999991
57	99	-20	-0.000604852816079	-0.000596446255476	-0.000467689914917
59	99	-20	-0.000613483920218	-0.000569624682388	-0.000462710510713
61	99	-20	-0.000621574304988	-0.00053990256861	-0.00045590026551
63	99	-20	-0.0006292184712	-0.000508467319834	-0.000449362993808
65	99	-20	-0.000636394982801	-0.000476699907689	-0.000445115315832
67	99	-20	-0.000642949473539	-0.000445805372665	-0.000444529100422
69	99	-20	-0.000648603832751	-0.000416517458214	-0.000447992444306
71	99	-20	-0.000652990846946	-0.000388956027553	-0.00045489071404
73	99	-20	-0.000655709089064	-0.000362666496282	-0.00046390436361
75	99	-20	-0.000656389132896	-0.000336816223255	-0.000473516106143
77	99	-20	-0.000654759999999	-0.000310479999969	-0.000482549999913
79	99	-20	-0.000650704629023	-0.000282927095356	-0.000490551910935
81	99	-20	-0.00064429514743	-0.000253829526605	-0.000497869518595
83	99	-20	-0.000635802372762	-0.000223340808046	-0.000505385856291
85	99	-20	-0.000625678441537	-0.000192035663316	-0.000513973624671
87	99	-20	-0.00061451579199	-0.000160740977645	-0.000523832763835
89	99	-20	-0.000602989092175	-0.000130315302893	-0.000533921009689
91	99	-20	-0.00059178863357	-0.000101442158475	-0.000541671182395
93	99	-20	-0.000581554126685	-7.44911429854e-05	-0.000543114052617
95	99	-20	-0.000572816973653	-4.94759999131e-05	-0.000533414094374
97	99	-20	-0.00056595733231	-2.61090284457e-05	-0.000507710395847
99	99	-20	-0.000561180000007	-3.92559998583e-06	-0.000462069999896
