% Magnetic field reconstruction point table
% Method: Gaussian RBF
% Grid size: 100 x 100 (rows=y, columns=x)
% Length unit: mm
% Magnetic field unit: T
% z plane: -20 mm
% Data order: y-major rows, x increasing within each row
% Columns use tab separators
% x(mm)	y(mm)	z(mm)	Bx(T)	By(T)	Bz(T)
-99	-99	-20	-7.89179999999e-05	0.000286829999999	-0.00027204
-97	-99	-20	-8.41606545776e-05	0.000294003000196	-0.000281957275837
-95	-99	-20	-8.94468866337e-05	0.000299786890321	-0.000290986982593
-93	-99	-20	-9.47738838161e-05	0.000304253282687	-0.00029918401105
-91	-99	-20	-0.000100142604332	0.000307514131146	-0.000306635493808
-89	-99	-20	-0.000105557354608	0.000309714566217	-0.000313455358622
-87	-99	-20	-0.000111025203341	0.000311024043541	-0.000319777524702
-85	-99	-20	-0.000116555279454	0.00031162637954	-0.00032574818244
-83	-99	-20	-0.000122158007907	0.00031170932123	-0.000331517654719
-81	-99	-20	-0.000127844339327	0.000311454321175	-0.000337232358053
-79	-99	-20	-0.000133625027213	0.000311027161938	-0.000343027363221
-77	-99	-20	-0.00013951	0.000310569999998	-0.00034902
-75	-99	-20	-0.000145507865405	0.000310195283485	-0.000355304864344
-73	-99	-20	-0.000151625571908	0.000309981851529	-0.000361950476673
-71	-99	-20	-0.000157868237994	0.000309973357735	-0.000368997716157
-69	-99	-20	-0.000164239145191	0.000310178990006	-0.000376460028349
-67	-99	-20	-0.000170739876907	0.000310576297191	-0.000384325282277
-65	-99	-20	-0.000177370573023	0.000311115792195	-0.000392559047348
-63	-99	-20	-0.000184130260786	0.000311726891635	-0.000401108977494
-61	-99	-20	-0.000191017216766	0.000312324681048	-0.00040990993503
-59	-99	-20	-0.000198029312795	0.00031281696596	-0.000418889462186
-57	-99	-20	-0.000205164301089	0.000313111083161	-0.000427973214051
-55	-99	-20	-0.00021242	0.000313119999996	-0.000437089999998
-53	-99	-20	-0.000219794351494	0.000312767316222	-0.000446176136853
-51	-99	-20	-0.000227285333788	0.000311990894453	-0.000455178889756
-49	-99	-20	-0.000234890726533	0.000310744971157	-0.000464058858815
-47	-99	-20	-0.000242607740507	0.000309000729983	-0.000472791253939
-45	-99	-20	-0.000250432537653	0.000306745442268	-0.000481366079954
-43	-99	-20	-0.000258359679484	0.000303980386594	-0.000489787323717
-41	-99	-20	-0.000266381551243	0.000300717842663	-0.000498071290182
-39	-99	-20	-0.000274487815016	0.000296977509238	-0.000506244272946
-37	-99	-20	-0.00028266494658	0.000292782718737	-0.000514339765974
-35	-99	-20	-0.000290895907921	0.000288156812184	-0.00052239542782
-33	-99	-20	-0.00029916	0.000283119999998	-0.00053045
-31	-99	-20	-0.000307432928916	0.000277686970947	-0.000538540360171
-29	-99	-20	-0.00031568710377	0.000271865429812	-0.00054669886209
-27	-99	-20	-0.000323892167288	0.000265655651051	-0.000554951081404
-25	-99	-20	-0.000332015741869	0.000259051038963	-0.000563314052551
-23	-99	-20	-0.000340024355702	0.000252039592333	-0.000571795049948
-21	-99	-20	-0.00034788449736	0.000244606090513	-0.000580390938051
-19	-99	-20	-0.000355563734459	0.000236734754603	-0.000589088090788
-17	-99	-20	-0.000363031823716	0.000228412096555	-0.000597862861253
-15	-99	-20	-0.000370261737001	0.000219629653684	-0.00060668256688
-13	-99	-20	-0.000377230531337	0.000210386317191	-0.000615506942249
-11	-99	-20	-0.000383919999999	0.000200689999991	-0.000624289999999
-9	-99	-20	-0.000390317056448	0.000190558448325	-0.000632982228448
-7	-99	-20	-0.000396413821567	0.000180019078687	-0.000641533041583
-5	-99	-20	-0.000402207406003	0.000169107810197	-0.000649893382616
-3	-99	-20	-0.000407699401586	0.000157866955502	-0.000658018366664
-1	-99	-20	-0.000412895116857	0.000146342322889	-0.000665869832562
1	-99	-20	-0.000417802609925	0.000134579760881	-0.000673418660422
3	-99	-20	-0.000422431585727	0.000122621437234	-0.000680646702863
5	-99	-20	-0.000426792233091	0.000110502181374	-0.000687548176894
7	-99	-20	-0.000430894079288	9.82462290552e-05	-0.00069413037294
9	-99	-20	-0.000434744935876	8.58646885701e-05	-0.000700413559737
11	-99	-20	-0.000438349999999	7.33539999939e-05	-0.000706429999998
13	-99	-20	-0.000441711160759	6.06955855357e-05	-0.000712222041629
15	-99	-20	-0.000444826542092	4.78567953851e-05	-0.000717839311172
17	-99	-20	-0.000447690293169	3.4793146498e-05	-0.000723335106551
19	-99	-20	-0.000450292616417	2.14517399941e-05	-0.000728762160109
21	-99	-20	-0.000452620003432	7.77563539489e-06	-0.000734168014295
23	-99	-20	-0.000454655632039	-6.29113396142e-06	-0.000739590314079
25	-99	-20	-0.00045637986494	-2.07982917939e-05	-0.000745052365459
27	-99	-20	-0.000457770782997	-3.57842260703e-05	-0.000750559331756
29	-99	-20	-0.00045880468501	-5.12715107453e-05	-0.000756095433583
31	-99	-20	-0.000459456491278	-6.72634515471e-05	-0.000761622481352
33	-99	-20	-0.0004597	-8.37420000011e-05	-0.000767079999999
35	-99	-20	-0.000459507963147	-0.000100667281374	-0.000772387106336
37	-99	-20	-0.000458851970406	-0.000117978856902	-0.00077744617499
39	-99	-20	-0.000457702154699	-0.000135598697515	-0.00078214818698
41	-99	-20	-0.000456026758438	-0.000153435696373	-0.000786379505838
43	-99	-20	-0.000453791623993	-0.000171391403125	-0.000790029681742
45	-99	-20	-0.000450959692557	-0.000189366536614	-0.000792999757428
47	-99	-20	-0.000447490610524	-0.000207267736478	-0.00079521045337
49	-99	-20	-0.000443340549973	-0.000225013957933	-0.000796609555465
51	-99	-20	-0.000438462348312	-0.000242541905102	-0.000797177825089
53	-99	-20	-0.000432806060978	-0.000259809940376	-0.000796932804405
55	-99	-20	-0.00042632	-0.000276799999999	-0.000795930000002
57	-99	-20	-0.000418952300903	-0.000293517184736	-0.0007942610913
59	-99	-20	-0.000410653022241	-0.000309986870286	-0.00079204901757
61	-99	-20	-0.000401376738059	-0.000326249382688	-0.000789440035018
63	-99	-20	-0.000391085536829	-0.000342352494061	-0.000786593085567
65	-99	-20	-0.000379752294189	-0.000358342196921	-0.000783667061646
67	-99	-20	-0.000367364045253	-0.000374252393753	-0.000780806765488
69	-99	-20	-0.000353925249198	-0.00039009427643	-0.000778128527107
71	-99	-20	-0.000339460718262	-0.000405846253728	-0.000775706545188
73	-99	-20	-0.000324017978329	-0.000421445304713	-0.000773561036933
75	-99	-20	-0.000307668841176	-0.000436780585783	-0.000771649219764
77	-99	-20	-0.000290509999998	-0.000451690000003	-0.000769860000002
79	-99	-20	-0.000272662509155	-0.000465960254851	-0.000768013018547
81	-99	-20	-0.000254270073622	-0.00047933070028	-0.00076586241574
83	-99	-20	-0.000235496148973	-0.000491500969373	-0.00076310534726
85	-99	-20	-0.000216519933313	-0.00050214215919	-0.000759394935372
87	-99	-20	-0.000197531411678	-0.000510911012088	-0.000754357002325
89	-99	-20	-0.000178725684274	-0.000517466310808	-0.000747609633309
91	-99	-20	-0.000160296865996	-0.000521486505171	-0.000738784380332
93	-99	-20	-0.000142431880797	-0.000522687462061	-0.000727547766813
95	-99	-20	-0.000125304486977	-0.000520839185837	-0.000713621699755
97	-99	-20	-0.000109069857121	-0.000515780398884	-0.000696801448145
99	-99	-20	-9.386e-05	-0.000507429999999	-0.000676969999999
-99	-97	-20	-8.02183279762e-05	0.000294286788304	-0.000283041430153
-97	-97	-20	-8.72668402495e-05	0.000302370068381	-0.000298202188426
-95	-97	-20	-9.42349423839e-05	0.00030747275822	-0.000312143410818
-93	-97	-20	-0.000101024793773	0.000309291695139	-0.00032465156395
-91	-97	-20	-0.000107545173992	0.00030760653031	-0.00033554479743
-89	-97	-20	-0.000113717414293	0.000302300930594	-0.000344682892058
-87	-97	-20	-0.000119481353516	0.000293381844655	-0.000351976674998
-85	-97	-20	-0.000124800907189	0.000280995257979	-0.000357396316811
-83	-97	-20	-0.000129668808202	0.000265436788461	-0.000360977889512
-81	-97	-20	-0.000134110079123	0.000247155524311	-0.000362827571647
-79	-97	-20	-0.000138183834447	0.000226749700406	-0.000363122943514
-77	-97	-20	-0.000141983086981	0.000204953158946	-0.000362110927042
-75	-97	-20	-0.000145632344427	0.000182612042129	-0.00036010208916
-73	-97	-20	-0.000149282924233	0.000160651799892	-0.00035746123797
-71	-97	-20	-0.000153106078146	0.000140035328968	-0.000354594485172
-69	-97	-20	-0.000157284190694	0.000121713839977	-0.000351933208564
-67	-97	-20	-0.000162000484148	0.000106572813931	-0.00034991560394
-65	-97	-20	-0.000167427811694	9.53760878317e-05	-0.000348966743525
-63	-97	-20	-0.000173717236173	8.87116293331e-05	-0.000349478235707
-61	-97	-20	-0.000180987161401	8.69428566609e-05	-0.000351788688603
-59	-97	-20	-0.000189313797359	9.01693795153e-05	-0.000356166203211
-57	-97	-20	-0.000198723694406	9.82007465233e-05	-0.000362794052565
-55	-97	-20	-0.000209188974973	0.000110546177268	-0.000371760541588
-53	-97	-20	-0.000220625729144	0.000126422352649	-0.000383053796603
-51	-97	-20	-0.000232895833655	0.000144780186053	-0.000396561920337
-49	-97	-20	-0.000245812216816	0.000164350176006	-0.000412078590991
-47	-97	-20	-0.000259147343148	0.000183704546856	-0.000429313810627
-45	-97	-20	-0.000272644450978	0.000201333029791	-0.000447909149157
-43	-97	-20	-0.00028603086408	0.000215727938661	-0.00046745651544
-41	-97	-20	-0.000299032532989	0.000225473264216	-0.000487519242909
-39	-97	-20	-0.000311388857614	0.000229331939752	-0.000507654124476
-37	-97	-20	-0.000322866810148	0.000226325287903	-0.000527432983066
-35	-97	-20	-0.000333273419819	0.000215798975107	-0.000546462423872
-33	-97	-20	-0.000342465796195	0.000197470571241	-0.000564400576883
-31	-97	-20	-0.000350358046719	0.000171454991313	-0.000580969889172
-29	-97	-20	-0.000356924672439	0.00013826560091	-0.000595965344146
-27	-97	-20	-0.000362200284888	9.87904836642e-05	-0.000609257842695
-25	-97	-20	-0.000366275755553	5.42451620165e-05	-0.000620792848888
-23	-97	-20	-0.000369291165322	6.10478713498e-06	-0.000630584750872
-21	-97	-20	-0.000371426144172	-4.39796717872e-05	-0.000638707688127
-19	-97	-20	-0.000372888363523	-9.42755304298e-05	-0.000645283826594
-17	-97	-20	-0.000373901052121	-0.000143066332473	-0.000650470206715
-15	-97	-20	-0.000374690443518	-0.000188746934374	-0.000654445337297
-13	-97	-20	-0.000375474027877	-0.000229909303762	-0.000657396659195
-11	-97	-20	-0.000376450377498	-0.00026541336767	-0.000659509863637
-9	-97	-20	-0.000377791154223	-0.000294438439786	-0.000660960834142
-7	-97	-20	-0.000379635702312	-0.000316512277174	-0.000661910707253
-5	-97	-20	-0.000382088400049	-0.000331516539756	-0.000662504238705
-3	-97	-20	-0.000385218706607	-0.000339669208519	-0.000662871343344
-1	-97	-20	-0.000389063616772	-0.000341486216852	-0.000663131374403
1	-97	-20	-0.000393632042911	-0.000337726029242	-0.000663399444843
3	-97	-20	-0.000398910496138	-0.000329322049625	-0.000663793891264
5	-97	-20	-0.000404869348179	-0.000317308474753	-0.000664443855975
7	-97	-20	-0.000411468928731	-0.000302745478887	-0.00066549592613
9	-97	-20	-0.000418664751853	-0.000286649416677	-0.000667118824985
11	-97	-20	-0.000426411265819	-0.000269933091161	-0.000669505296888
13	-97	-20	-0.000434663676077	-0.000253360117864	-0.000672870555453
15	-97	-20	-0.000443377588239	-0.000237516116249	-0.000677446957643
17	-97	-20	-0.000452506442123	-0.000222797988302	-0.000683474903741
19	-97	-20	-0.000461996941048	-0.000209421022658	-0.000691190318639
21	-97	-20	-0.000471782904078	-0.000197442113221	-0.000700809414909
23	-97	-20	-0.000481778164175	-0.000186796116179	-0.000712511743715
25	-97	-20	-0.000491869285029	-0.000177341383078	-0.000726422778131
27	-97	-20	-0.000501908959266	-0.00016890987034	-0.000742597421432
29	-97	-20	-0.00051171097031	-0.000161356978181	-0.000761005872869
31	-97	-20	-0.000521047543475	-0.000154606424194	-0.000781523205976
33	-97	-20	-0.000529649779108	-0.000148685987403	-0.000803923819382
35	-97	-20	-0.000537211657457	-0.000143750817324	-0.000827881617319
37	-97	-20	-0.000543397843596	-0.000140092115118	-0.000852976385908
39	-97	-20	-0.000547855218739	-0.000138130267507	-0.000878706380152
41	-97	-20	-0.000550227743834	-0.000138392845289	-0.000904506659993
43	-97	-20	-0.000550173947947	-0.000141479160444	-0.000929772250679
45	-97	-20	-0.000547386054323	-0.000148014207675	-0.000953884792255
47	-97	-20	-0.000541609536969	-0.000158595709505	-0.000976241021902
49	-97	-20	-0.000532661762778	-0.000173738570169	-0.000996281231324
51	-97	-20	-0.00052044833548	-0.000193821278889	-0.0010135157803
53	-97	-20	-0.000504975827708	-0.000219038672613	-0.00102754783638
55	-97	-20	-0.000486359766553	-0.000249364986084	-0.0010380907461
57	-97	-20	-0.000464827017213	-0.000284530325927	-0.00104497880848
59	-97	-20	-0.000440712070301	-0.000324012672397	-0.0010481706898
61	-97	-20	-0.00041444715441	-0.000367046323935	-0.00104774525172
63	-97	-20	-0.000386546534303	-0.000412646453684	-0.0010438901202
65	-97	-20	-0.000357585780591	-0.000459648245077	-0.00103688385502
67	-97	-20	-0.000328177173526	-0.000506758011517	-0.0010270730452
69	-97	-20	-0.000298942699084	-0.000552612865545	-0.00101484601723
71	-97	-20	-0.000270486284311	-0.000595844947723	-0.00100060507206
73	-97	-20	-0.000243366984297	-0.000635145991105	-0.000984739245633
75	-97	-20	-0.00021807476924	-0.00066932809171	-0.000967599513158
77	-97	-20	-0.000195010372434	-0.00069737695885	-0.000949478136409
79	-97	-20	-0.000174470364868	-0.000718494585755	-0.000930593507461
81	-97	-20	-0.00015663824485	-0.000732129144614	-0.000911081400844
83	-97	-20	-0.000141581903851	-0.000737990891121	-0.000890993046311
85	-97	-20	-0.000129257388059	-0.000736053876264	-0.000870299916982
87	-97	-20	-0.000119518454859	-0.000726544224355	-0.00084890463342
89	-97	-20	-0.000112131057176	-0.000709916572853	-0.000826656951127
91	-97	-20	-0.00010679160306	-0.000686820924091	-0.000803373458696
93	-97	-20	-0.000103147651577	-0.000658062594511	-0.000778859389807
95	-97	-20	-0.000100819628247	-0.000624558148257	-0.000752930857569
97	-97	-20	-9.94221732978e-05	-0.00058729017558	-0.000725435856968
99	-97	-20	-9.85838644153e-05	-0.000547263547782	-0.000696272541949
-99	-95	-20	-8.04437652771e-05	0.000301968673472	-0.000293204942843
-97	-95	-20	-8.91545474126e-05	0.000310941105408	-0.00031319589481
-95	-95	-20	-9.76773207329e-05	0.000315475858852	-0.000331669110449
-93	-95	-20	-0.000105825918996	0.000314926506375	-0.000348165743048
-91	-95	-20	-0.00011342318725	0.00030876835166	-0.000362258008306
-89	-95	-20	-0.000120312807889	0.000296645599935	-0.000373573193856
-87	-95	-20	-0.000126371334741	0.000278416363603	-0.000381817891956
-85	-95	-20	-0.00013151959883	0.000254191960397	-0.000386800933746
-83	-95	-20	-0.000135732584656	0.00022436675494	-0.000388453382344
-81	-95	-20	-0.000139046877066	0.00018963486839	-0.000386843936623
-79	-95	-20	-0.000141564854243	0.000150990477587	-0.00038218822385
-77	-95	-20	-0.000143454954365	0.000109709162989	-0.000374850722503
-75	-95	-20	-0.00014494756781	6.73088317411e-05	-0.000365338449702
-73	-95	-20	-0.000146326391714	2.54900931857e-05	-0.000354286050332
-71	-95	-20	-0.000147915411094	-1.39424802874e-05	-0.000342432504884
-69	-95	-20	-0.000150062016794	-4.91751234466e-05	-0.000330590287401
-67	-95	-20	-0.000153117107234	-7.84909832806e-05	-0.000319608404268
-65	-95	-20	-0.000157413319166	-0.000100381434614	-0.000310331276797
-63	-95	-20	-0.000163242763736	-0.000113655385222	-0.000303555845936
-61	-95	-20	-0.00017083578363	-0.00011753871687	-0.000299989533778
-59	-95	-20	-0.000180342276433	-0.00011175594509	-0.0003002117633
-57	-95	-20	-0.000191817038779	-9.65867489461e-05	-0.000304641600094
-55	-95	-20	-0.000205210375308	-7.2891234603e-05	-0.000313513740192
-53	-95	-20	-0.000220364896546	-4.20996077567e-05	-0.000326864547187
-51	-95	-20	-0.000237019021201	-6.16423694819e-06	-0.00034452917688
-49	-95	-20	-0.000254817230568	3.25252633794e-05	-0.000366150069875
-47	-95	-20	-0.00027332663187	7.12605123883e-05	-0.000391196302014
-45	-95	-20	-0.000292058912849	0.00010716028086	-0.000418992523694
-43	-95	-20	-0.000310496351537	0.000137335331686	-0.00044875555392
-41	-95	-20	-0.000328120218883	0.000159061807564	-0.000479636178042
-39	-95	-20	-0.000344439706936	0.000169951648008	-0.000510763371116
-37	-95	-20	-0.000359019451011	0.000168108222383	-0.000541288057017
-35	-95	-20	-0.000371503798289	0.000152255980468	-0.000570423623355
-33	-95	-20	-0.000381636202682	0.00012183443352	-0.000597480731537
-31	-95	-20	-0.000389272479157	7.70490951046e-05	-0.000621894459917
-29	-95	-20	-0.000394387101744	1.88749677323e-05	-0.000643242451373
-27	-95	-20	-0.000397072241559	-5.09884661216e-05	-0.000661253450068
-25	-95	-20	-0.000397529772306	-0.000130208267724	-0.000675806345745
-23	-95	-20	-0.000396056977707	-0.00021594921235	-0.000686920537973
-21	-95	-20	-0.000393027137043	-0.000305036263788	-0.000694739033105
-19	-95	-20	-0.000388866506612	-0.000394137196594	-0.000699506148687
-17	-95	-20	-0.000384029430215	-0.000479952748347	-0.000701541992169
-15	-95	-20	-0.000378973385653	-0.000559401197909	-0.000701215986482
-13	-95	-20	-0.000374135703702	-0.000629784793925	-0.000698921633245
-11	-95	-20	-0.000369913489904	-0.000688926954876	-0.000695054449144
-9	-95	-20	-0.000366647957773	-0.000735271500634	-0.00068999460905
-7	-95	-20	-0.000364613973501	-0.000767938159047	-0.000684095318047
-5	-95	-20	-0.000364015152103	-0.000786731971226	-0.000677677357878
-3	-95	-20	-0.000364984371793	-0.000792107717977	-0.000671029658971
-1	-95	-20	-0.000367589125756	-0.000785093824026	-0.000664415184786
1	-95	-20	-0.000371840744263	-0.000767183102336	-0.000658080924798
3	-95	-20	-0.000377706225352	-0.000740199954677	-0.00065227041377
5	-95	-20	-0.000385121231672	-0.000706155082223	-0.000647236957073
7	-95	-20	-0.000394002757852	-0.000667099287576	-0.000643255663133
9	-95	-20	-0.000404260050322	-0.000624987549773	-0.000640632471313
11	-95	-20	-0.000415802563321	-0.000581563284444	-0.000639708611187
13	-95	-20	-0.000428544044779	-0.00053827068838	-0.000640859319695
15	-95	-20	-0.000442402239791	-0.00049620049291	-0.000644486147638
17	-95	-20	-0.000457294146511	-0.000456071534527	-0.000651002768349
19	-95	-20	-0.000473127224454	-0.000418247535203	-0.000660814814342
21	-95	-20	-0.000489787400734	-0.000382785610596	-0.000674294863311
23	-95	-20	-0.000507125108832	-0.000349510515554	-0.000691754223494
25	-95	-20	-0.000524940892762	-0.000318106681831	-0.000713413583857
27	-95	-20	-0.000542972288372	-0.000288218843505	-0.000739374857484
29	-95	-20	-0.00056088373193	-0.00025955156443	-0.000769596628325
31	-95	-20	-0.000578261132959	-0.00023195830032	-0.000803875496818
33	-95	-20	-0.000594612483337	-0.000205511704465	-0.000841835309452
35	-95	-20	-0.000609375470119	-0.000180548621638	-0.00088292576792
37	-95	-20	-0.000621932539357	-0.00015768546104	-0.000926431278071
39	-95	-20	-0.000631633257577	-0.000137802210507	-0.00097149016422
41	-95	-20	-0.000637823180977	-0.000121996042015	-0.0010171235978
43	-95	-20	-0.000639877820486	-0.000111508047449	-0.00106227283407
45	-95	-20	-0.000637239736754	-0.000107628928011	-0.0011058426803
47	-95	-20	-0.000629456364442	-0.00011159126039	-0.0011467485916
49	-95	-20	-0.000616215894447	-0.000124457137308	-0.00118396445421
51	-95	-20	-0.000597378469965	-0.0001470104391	-0.0012165680021
53	-95	-20	-0.000573000096279	-0.000179662704021	-0.00124378093449
55	-95	-20	-0.000543347025998	-0.000222380555718	-0.00126500115167
57	-95	-20	-0.000508898943362	-0.000274641002626	-0.00127982507775
59	-95	-20	-0.000470339996529	-0.000335418782836	-0.00128805874514
61	-95	-20	-0.000428537562899	-0.000403207466055	-0.00128971711997
63	-95	-20	-0.000384509514466	-0.000476073443406	-0.00128501198231
65	-95	-20	-0.000339381606331	-0.000551739445762	-0.0012743294724
67	-95	-20	-0.000294337370135	-0.000627692031948	-0.00125819911015
69	-95	-20	-0.000250563489632	-0.00070130575236	-0.0012372566357
71	-95	-20	-0.000209194015627	-0.000769975552726	-0.00121220336606
73	-95	-20	-0.000171256907079	-0.000831248515683	-0.00118376489414
75	-95	-20	-0.00013762625145	-0.000882946264936	-0.00115265187096
77	-95	-20	-0.000108983129942	-0.000923270239333	-0.00111952532443
79	-95	-20	-8.57874841382e-05	-0.000950883489267	-0.00108496851156
81	-95	-20	-6.82625607352e-05	-0.000964964518035	-0.00104946671921
83	-95	-20	-5.63926257162e-05	-0.000965230818158	-0.00101339577364
85	-95	-20	-4.99337218451e-05	-0.000951931954646	-0.000977019346378
87	-95	-20	-4.84363680456e-05	-0.000925814143779	-0.000940494506684
89	-95	-20	-5.1278334779e-05	-0.000888060105725	-0.000903884415198
91	-95	-20	-5.77050327414e-05	-0.00084020940302	-0.000867176618218
93	-95	-20	-6.6874663308e-05	-0.000784065427172	-0.000830305111487
95	-95	-20	-7.7905118856e-05	-0.000721595622321	-0.000793174209586
97	-95	-20	-8.99196896231e-05	-0.000654831445242	-0.000755682280876
99	-95	-20	-0.000102088911939	-0.000585774005567	-0.000717743575191
-99	-93	-20	-7.94713059295e-05	0.000310317694893	-0.000302562201393
-97	-93	-20	-8.96092339956e-05	0.000320135238481	-0.000326710131778
-95	-93	-20	-9.94762772987e-05	0.000324277186026	-0.000349093157592
-93	-93	-20	-0.000108809807438	0.000321806280133	-0.000369045186023
-91	-93	-20	-0.000117357948593	0.000311940112204	-0.000385930593748
-89	-93	-20	-0.000124896492776	0.000294120274419	-0.000399180101165
-87	-93	-20	-0.000131246193377	0.000268079147043	-0.00040832751001
-85	-93	-20	-0.000136289234072	0.000233899113743	-0.000413044992947
-83	-93	-20	-0.000139983575532	0.000192058678118	-0.000413174430512
-81	-93	-20	-0.000142373882846	0.000143460048727	-0.000408752275048
-79	-93	-20	-0.000143597843941	8.94333278833e-05	-0.000400025605756
-77	-93	-20	-0.000143886906574	3.17135058839e-05	-0.000387457430213
-75	-93	-20	-0.000143560782326	-2.76119921621e-05	-0.000371719873498
-73	-93	-20	-0.000143015473676	-8.61855031339e-05	-0.000353674645156
-71	-93	-20	-0.000142705048546	-0.000141489110803	-0.000334341037086
-69	-93	-20	-0.000143117881329	-0.000190978076034	-0.000314852618309
-67	-93	-20	-0.000144748560818	-0.00023223103911	-0.000296404681626
-65	-93	-20	-0.000148067091413	-0.000263108258219	-0.000280195286025
-63	-93	-20	-0.000153487344349	-0.000281907563381	-0.000267363354438
-61	-93	-20	-0.000161336915054	-0.000287506787922	-0.000258927667998
-59	-93	-20	-0.000171830585362	-0.000279481338646	-0.000255730701517
-57	-93	-20	-0.00018504946098	-0.000258186369904	-0.000258391049632
-55	-93	-20	-0.000200927555638	-0.000224794751503	-0.00026726770369
-53	-93	-20	-0.00021924713881	-0.00018128459947	-0.000282438686724
-51	-93	-20	-0.000239643583319	-0.000130373424045	-0.000303695592744
-49	-93	-20	-0.000261619784622	-7.53997178566e-05	-0.000330554481392
-47	-93	-20	-0.000284569526291	-2.01567768411e-05	-0.000362282437289
-45	-93	-20	-0.000307808492367	3.1312602513e-05	-0.000397938007832
-43	-93	-20	-0.000330611033191	7.49485030271e-05	-0.000436422773059
-41	-93	-20	-0.000352250328026	0.000106918652092	-0.000476540554625
-39	-93	-20	-0.000372039296762	0.000123859253636	-0.000517060297193
-37	-93	-20	-0.000389369521544	0.000123095143941	-0.000556778490307
-35	-93	-20	-0.000403745558215	0.000102823395401	-0.000594577151067
-33	-93	-20	-0.000414812339841	6.22466305732e-05	-0.00062947383907
-31	-93	-20	-0.00042237387577	1.64558751727e-06	-0.000660660882202
-29	-93	-20	-0.000426402089506	-7.76153368682e-05	-0.000687531890753
-27	-93	-20	-0.000427035365183	-0.000173151064555	-0.000709694650145
-25	-93	-20	-0.000424567126182	-0.000281683848228	-0.000726970523805
-23	-93	-20	-0.000419425488944	-0.000399228035754	-0.000739381483066
-21	-93	-20	-0.000412145662213	-0.000521319096121	-0.00074712673339
-19	-93	-20	-0.00040333724699	-0.000643271140054	-0.000750551563083
-17	-93	-20	-0.000393648898384	-0.000760445099914	-0.00075011145767
-15	-93	-20	-0.00038373291557	-0.000868509044314	-0.000746334677302
-13	-93	-20	-0.000374212225961	-0.000963672849282	-0.000739786385064
-11	-93	-20	-0.000365651936929	-0.00104288156496	-0.000731037060886
-9	-93	-20	-0.000358537171243	-0.00110395512499	-0.000720637377006
-7	-93	-20	-0.000353258321774	-0.00114566626666	-0.000709100999316
-5	-93	-20	-0.000350104207044	-0.00116775331253	-0.000696895976242
-3	-93	-20	-0.000349262936527	-0.00117086941498	-0.000684444549963
-1	-93	-20	-0.000350829658354	-0.00115647458351	-0.000672130439611
1	-93	-20	-0.000354819812967	-0.00112668092669	-0.000660311963946
3	-93	-20	-0.000361186097386	-0.00108406472999	-0.000649338843536
5	-93	-20	-0.000369837087987	-0.00103146102457	-0.000639570189411
7	-93	-20	-0.000380655394056	-0.000971757046733	-0.000631391071202
9	-93	-20	-0.000393513324676	-0.000907700418039	-0.000625225171564
11	-93	-20	-0.000408284338317	-0.000841736074179	-0.000621541367002
13	-93	-20	-0.000424848985011	-0.000775883113718	-0.000620852603676
15	-93	-20	-0.000443094610821	-0.000711659083915	-0.000623706121081
17	-93	-20	-0.000462908729648	-0.000650055082218	-0.000630664864779
19	-93	-20	-0.000484166628171	-0.000591560771001	-0.000642280760637
21	-93	-20	-0.000506714402695	-0.000536234322953	-0.000659061330961
23	-93	-20	-0.000530349179272	-0.000483808752991	-0.000681431850706
25	-93	-20	-0.000554798692088	-0.000433823318562	-0.000709695807374
27	-93	-20	-0.000579702649053	-0.000385766884242	-0.000743996788586
29	-93	-20	-0.000604598367989	-0.000339219467758	-0.000784285038342
31	-93	-20	-0.000628913005807	-0.000293978643662	-0.000830291776709
33	-93	-20	-0.000651964326657	-0.000250159019923	-0.00088151396895
35	-93	-20	-0.000672971380294	-0.000208255481204	-0.000937211582089
37	-93	-20	-0.000691075723054	-0.00016916409968	-0.000996418523659
39	-93	-20	-0.000705372961004	-0.000134158285307	-0.00105796748181
41	-93	-20	-0.000714953491032	-0.00010482158503	-0.00112052785434
43	-93	-20	-0.000718950432961	-8.29422368858e-05	-0.00118265495063
45	-93	-20	-0.000716591959838	-7.03778462063e-05	-0.00124284775931
47	-93	-20	-0.000707254617212	-6.89011192572e-05	-0.00129961187217
49	-93	-20	-0.000690513839214	-8.00392628095e-05	-0.00135152370377
51	-93	-20	-0.000666187767543	-0.000104920306651	-0.00139729198747
53	-93	-20	-0.000634370685774	-0.000144139182521	-0.0014358126784
55	-93	-20	-0.000595452897434	-0.000197654936491	-0.00146621384124
57	-93	-20	-0.000550124676588	-0.000264728084849	-0.00148788780919
59	-93	-20	-0.000499362952513	-0.000343904042148	-0.00150050881008
61	-93	-20	-0.0004444005805	-0.000433045007748	-0.00150403528971
63	-93	-20	-0.000386679306691	-0.000529408983691	-0.00149869723498
65	-93	-20	-0.000327788754255	-0.000629771013891	-0.00148496982197
67	-93	-20	-0.000269394838822	-0.000730578570282	-0.00146353560555
69	-93	-20	-0.0002131618696	-0.000828130515423	-0.00143523816056
71	-93	-20	-0.000160673133765	-0.000918767433297	-0.00140103053125
73	-93	-20	-0.000113354945665	-0.000999060455596	-0.00136192202196
75	-93	-20	-7.24089499772e-05	-0.00106598605032	-0.00131892676705
77	-93	-20	-3.87569125551e-05	-0.00111707552866	-0.0012730171739
79	-93	-20	-1.30013595558e-05	-0.00115053013161	-0.00122508478222
81	-93	-20	4.59569295917e-06	-0.00116529528203	-0.00117591038142
83	-93	-20	1.41149471257e-05	-0.00116109068747	-0.00112614444132
85	-93	-20	1.59633146938e-05	-0.00113839619036	-0.00107629810623
87	-93	-20	1.08402950261e-05	-0.00109839632109	-0.00102674424309
89	-93	-20	-3.10058061067e-07	-0.00104288918227	-0.000977727374837
91	-93	-20	-1.63580200916e-05	-0.000974167386321	-0.000929380813378
93	-93	-20	-3.60538107073e-05	-0.000894880155728	-0.000881748959867
95	-93	-20	-5.80955900798e-05	-0.000807886313039	-0.000834812574474
97	-93	-20	-8.11955881563e-05	-0.000716107744542	-0.000788514830596
99	-93	-20	-0.00010414052143	-0.000622392089537	-0.000742786141559
-99	-91	-20	-7.71998422258e-05	0.000319785413587	-0.000311179739548
-97	-91	-20	-8.84413979164e-05	0.000330382149908	-0.000338568163432
-95	-91	-20	-9.93617304095e-05	0.000334364151855	-0.000364011441277
-93	-91	-20	-0.00010963859266	0.00033057551569	-0.000386688331152
-91	-91	-20	-0.000118961407626	0.000318040398868	-0.000405807589937
-89	-91	-20	-0.000127052134873	0.000296048667547	-0.000420652706774
-87	-91	-20	-0.000133686663367	0.000264239017234	-0.000430627978514
-85	-91	-20	-0.000138715243549	0.000222673110778	-0.000435303026675
-83	-91	-20	-0.00014208035369	0.000171893873947	-0.000434452608381
-81	-91	-20	-0.000143830395169	0.000112961198274	-0.000428088550296
-79	-91	-20	-0.000144127742929	4.74589974002e-05	-0.000416480862386
-77	-91	-20	-0.000143249944864	-2.25311237296e-05	-0.000400165575021
-75	-91	-20	-0.000141583258939	-9.44924230609e-05	-0.000379937572409
-73	-91	-20	-0.000139608218908	-0.00016557222391	-0.000356827628058
-71	-91	-20	-0.000137877496094	-0.000232715416456	-0.000332063921882
-69	-91	-20	-0.000136986933643	-0.000292826968735	-0.00030701945379
-67	-91	-20	-0.000137541222113	-0.000342955288435	-0.000283147873749
-65	-91	-20	-0.000140116209529	-0.000380485737552	-0.000261911228354
-63	-91	-20	-0.000145220245528	-0.000403331650795	-0.000244703889083
-61	-91	-20	-0.000153257204903	-0.000410109077795	-0.000232777402301
-59	-91	-20	-0.000164493888836	-0.000400281340188	-0.00022717113206
-57	-91	-20	-0.000179034345395	-0.000374260475736	-0.00022865332868
-55	-91	-20	-0.000196803284789	-0.000333454751038	-0.000237676655146
-53	-91	-20	-0.000217540208057	-0.000280254580246	-0.000254351278095
-51	-91	-20	-0.00024080515671	-0.000217953207401	-0.000278437448406
-49	-91	-20	-0.000265996176876	-0.000150603121197	-0.000309358150129
-47	-91	-20	-0.000292377737525	-8.2814027499e-05	-0.000346230993249
-45	-91	-20	-0.000319118517285	-1.95029157912e-05	-0.000387917179504
-43	-91	-20	-0.000345336246901	3.43890818606e-05	-0.000433084190884
-41	-91	-20	-0.000370146727212	7.4195105232e-05	-0.00048027793281
-39	-91	-20	-0.000392713786079	9.58163288305e-05	-0.000527999481134
-37	-91	-20	-0.000412296825408	9.59906273318e-05	-0.000574781377167
-35	-91	-20	-0.000428292754591	7.25167539876e-05	-0.000619258598611
-33	-91	-20	-0.000440269500434	2.44172512985e-05	-0.000660229883723
-31	-91	-20	-0.000447988895925	-4.79726853518e-05	-0.000696705948217
-29	-91	-20	-0.000451417531985	-0.000142998061855	-0.000727942230997
-27	-91	-20	-0.00045072504406	-0.000257760501216	-0.000753455040269
-25	-91	-20	-0.000446270226344	-0.000388273979947	-0.000773021241897
-23	-91	-20	-0.000438576245672	-0.000529689792569	-0.00078666283374
-21	-91	-20	-0.000428296993459	-0.000676575514448	-0.000794618789769
-19	-91	-20	-0.000416177206888	-0.000823228735691	-0.000797307359455
-17	-91	-20	-0.000403009364419	-0.000964003814192	-0.000795282517784
-15	-91	-20	-0.000389590489322	-0.0010936290544	-0.000789188451328
-13	-91	-20	-0.000376681872816	-0.00120749262854	-0.000779715835466
-11	-91	-20	-0.000364974371057	-0.00130187813946	-0.000767563231435
-9	-91	-20	-0.000355061371893	-0.00137413476027	-0.000753406256125
-7	-91	-20	-0.000347420818315	-0.00142277203544	-0.000737876316314
-5	-91	-20	-0.000342406876772	-0.00144747526294	-0.00072154972768
-3	-91	-20	-0.000340251017013	-0.00144904341782	-0.00070494703826
-1	-91	-20	-0.000341071493031	-0.00142925733418	-0.000688541426085
1	-91	-20	-0.000344889544087	-0.00139069088005	-0.000672774215134
3	-91	-20	-0.00035165012317	-0.00133648175092	-0.000658074915191
5	-91	-20	-0.000361244646718	-0.00127008098864	-0.000644882787023
7	-91	-20	-0.00037353316704	-0.00119500123973	-0.000633666794252
9	-91	-20	-0.000388363503588	-0.00111458307022	-0.000624940937294
11	-91	-20	-0.000405585219486	-0.00103179645182	-0.000619272362861
13	-91	-20	-0.000425056867696	-0.00094909104429	-0.000617280274984
15	-91	-20	-0.000446645614912	-0.000868304434846	-0.000619624493199
17	-91	-20	-0.000470219127169	-0.000790632438942	-0.0006269834479
19	-91	-20	-0.000495630408164	-0.000716660336602	-0.000640022398941
21	-91	-20	-0.000522697054423	-0.00064644893283	-0.000659353631805
23	-91	-20	-0.000551177066338	-0.000579664979001	-0.000685491246292
25	-91	-20	-0.000580743871634	-0.000515742102996	-0.000718803831318
27	-91	-20	-0.00061096352798	-0.00045405621473	-0.000759468753278
29	-91	-20	-0.000641277137968	-0.000394098526847	-0.000807431928929
31	-91	-20	-0.000670991312986	-0.000335629895623	-0.000862376783174
33	-91	-20	-0.000699279062593	-0.000278802074134	-0.000923705608823
35	-91	-20	-0.000725192783803	-0.00022423450696	-0.000990535776867
37	-91	-20	-0.000747690121982	-0.000173039225303	-0.00106171224501
39	-91	-20	-0.000765672433132	-0.000126790899503	-0.00113583665377
41	-91	-20	-0.000778034473224	-8.74438083565e-05	-0.00121131207446
43	-91	-20	-0.000783722862018	-5.72020142597e-05	-0.00128640128157
45	-91	-20	-0.000781799908869	-3.83530294005e-05	-0.00135929536322
47	-91	-20	-0.000771508635463	-3.30784044851e-05	-0.00142818864865
49	-91	-20	-0.000752334363001	-4.32567198478e-05	-0.0014913553936
51	-91	-20	-0.000724058107684	-7.02752497251e-05	-0.00154722347206
53	-91	-20	-0.000686797281046	-0.000114866045389	-0.00159444049394
55	-91	-20	-0.000641029822838	-0.000176980389279	-0.00163192829003
57	-91	-20	-0.000587598872586	-0.000255712660249	-0.00165892253352
59	-91	-20	-0.000527696348509	-0.00034928086008	-0.00167499533145
61	-91	-20	-0.000462825257688	-0.000455066694783	-0.00168005982819
63	-91	-20	-0.000394742096447	-0.000569713537101	-0.00167435711605
65	-91	-20	-0.000325382190535	-0.000689276190015	-0.00165842694164
67	-91	-20	-0.000256772145666	-0.000809412479382	-0.00163306473687
69	-91	-20	-0.00019093461629	-0.000925603634498	-0.00159926831209
71	-91	-20	-0.000129791262008	-0.00103338840307	-0.00155817807183
73	-91	-20	-7.50699857601e-05	-0.00112859503381	-0.00151101482329
75	-91	-20	-2.82223121855e-05	-0.00120755568409	-0.00145901914545
77	-91	-20	9.64391537891e-06	-0.00126728940577	-0.00140339589888
79	-91	-20	3.78124097923e-05	-0.00130564246526	-0.00134526683379
81	-91	-20	5.5984146866e-05	-0.00132137812173	-0.00128563346098
83	-91	-20	6.42797197594e-05	-0.00131421181963	-0.00122535146231
85	-91	-20	6.32187705566e-05	-0.00128479172262	-0.00116511701159
87	-91	-20	5.36784693791e-05	-0.00123462830072	-0.00110546452276
89	-91	-20	3.68343580545e-05	-0.00116597998891	-0.00104677460348
91	-91	-20	1.40879271575e-05	-0.00108170452732	-0.00098929041275
93	-91	-20	-1.30140195587e-05	-0.000985087308801	-0.000933140230975
95	-91	-20	-4.28628780401e-05	-0.000879658821371	-0.00087836386098
97	-91	-20	-7.38694225841e-05	-0.000769013090221	-0.000824940482879
99	-91	-20	-0.0001045379342	-0.00065663798385	-0.00077281576429
-99	-89	-20	-7.35566433283e-05	0.000330802199711	-0.00031915608981
-97	-89	-20	-8.54992790548e-05	0.000342093021569	-0.000348660993979
-95	-89	-20	-9.71095921892e-05	0.000346196997956	-0.000376120683805
-93	-89	-20	-0.000108026998954	0.000341828812445	-0.000400622867417
-91	-89	-20	-0.000117902536366	0.000327898714152	-0.000421284997118
-89	-89	-20	-0.00012642224787	0.000303607881618	-0.000437304165455
-87	-89	-20	-0.000133331212229	0.000268541142074	-0.000448008620883
-85	-89	-20	-0.000138456548643	0.000222749856071	-0.000452907660256
-83	-89	-20	-0.000141727597569	0.000166817324211	-0.000451736377087
-81	-89	-20	-0.000143191475324	0.000101899191504	-0.000444491716512
-79	-89	-20	-0.000143022347105	2.97320974476e-05	-0.000431456540937
-77	-89	-20	-0.000141523061659	-4.73947215832e-05	-0.000413208952346
-75	-89	-20	-0.000139118232282	-0.000126708054911	-0.000390614930235
-73	-89	-20	-0.000136338409709	-0.000205060063059	-0.000364803383456
-71	-89	-20	-0.000133795636656	-0.00027907576186	-0.000337123910666
-69	-89	-20	-0.000132151353956	-0.000345332794527	-0.000309088828494
-67	-89	-20	-0.00013207828983	-0.000400564454009	-0.000282302257086
-65	-89	-20	-0.000134218549274	-0.000441874097606	-0.000258380143767
-63	-89	-20	-0.00013914057456	-0.000466946928465	-0.000238865957418
-61	-89	-20	-0.000147297922441	-0.000474243861715	-0.000225147315219
-59	-89	-20	-0.00015899286361	-0.000463162047548	-0.000218378950357
-57	-89	-20	-0.000174347636337	-0.000434147709377	-0.00021941716638
-55	-89	-20	-0.000193285779569	-0.000388749291932	-0.00022877025828
-53	-89	-20	-0.000215525352033	-0.000329602410899	-0.000246568354996
-51	-89	-20	-0.000240585053559	-0.00026034255028	-0.000272554828477
-49	-89	-20	-0.000267803360372	-0.000185446562862	-0.000306099922453
-47	-89	-20	-0.000296369837338	-0.000110009409973	-0.000346235699366
-45	-89	-20	-0.000325366873601	-3.94677958595e-05	-0.000391709912314
-43	-89	-20	-0.000353819280085	2.07130366697e-05	-0.000441055102113
-41	-89	-20	-0.000380748557329	6.53694980717e-05	-0.000492668202947
-39	-89	-20	-0.000405228246055	8.99647741988e-05	-0.000544895294014
-37	-89	-20	-0.000426436647733	9.08862432042e-05	-0.000596115906766
-35	-89	-20	-0.000443703362661	6.56937198791e-05	-0.000644821499286
-33	-89	-20	-0.000456546528952	1.32999469994e-05	-0.000689683315864
-31	-89	-20	-0.000464698323805	-6.59308183439e-05	-0.000729605801912
-29	-89	-20	-0.000468117154153	-0.000170174621673	-0.000763762955559
-27	-89	-20	-0.00046698594667	-0.00029623208086	-0.000791616361795
-25	-89	-20	-0.000461696966857	-0.00043970042397	-0.000812915058018
-23	-89	-20	-0.000452824570262	-0.000595222135042	-0.000827678707261
-21	-89	-20	-0.000441088137311	-0.000756793362447	-0.000836166703995
-19	-89	-20	-0.000427308099485	-0.000918110820645	-0.000838836723036
-17	-89	-20	-0.000412358378579	-0.00107293312227	-0.000836296785454
-15	-89	-20	-0.000397118703417	-0.00121543154596	-0.000829255126098
-13	-89	-20	-0.00038243013368	-0.00134050625191	-0.000818472004419
-11	-89	-20	-0.000369056725605	-0.00144404681437	-0.00080471713095
-9	-89	-20	-0.000357655657236	-0.00152312040509	-0.000788735637448
-7	-89	-20	-0.000348757347147	-0.00157607665919	-0.000771224569892
-5	-89	-20	-0.000342756217613	-0.00160256471043	-0.000752820813358
-3	-89	-20	-0.000339911845158	-0.00160346456595	-0.00073410025527
-1	-89	-20	-0.000340359382369	-0.00158074135935	-0.00071558694684
1	-89	-20	-0.000344127393638	-0.00153723657246	-0.000697770112859
3	-89	-20	-0.000351160681952	-0.00147641462049	-0.000681126156147
5	-89	-20	-0.000361345337293	-0.00140208593997	-0.000666142357278
7	-89	-20	-0.000374533135109	-0.00131812872211	-0.000653338815103
9	-89	-20	-0.000390562562305	-0.0012282306616	-0.000643285320175
11	-89	-20	-0.000409274135449	-0.00113566965296	-0.00063661029031
13	-89	-20	-0.000430518270872	-0.00104314850333	-0.00063399959255
15	-89	-20	-0.000454154722365	-0.000952693788409	-0.000636183976696
17	-89	-20	-0.000480043460437	-0.000865623381482	-0.000643914883813
19	-89	-20	-0.000508027759752	-0.000782581394863	-0.000657929488202
21	-89	-20	-0.000537911116694	-0.000703633754051	-0.000678906895997
23	-89	-20	-0.000569430365852	-0.000628412807234	-0.000707418370093
25	-89	-20	-0.000602227936888	-0.000556295620943	-0.000743875197835
27	-89	-20	-0.000635826536641	-0.000486598198741	-0.00078847829579
29	-89	-20	-0.000669609614989	-0.000418766945934	-0.000841173805062
31	-89	-20	-0.000702810755361	-0.000352549331758	-0.000901618744958
33	-89	-20	-0.000734514621723	-0.000288127793667	-0.000969160263838
35	-89	-20	-0.000763671316515	-0.000226204296438	-0.0010428311841
37	-89	-20	-0.000789125004698	-0.000168027316198	-0.00112136344153
39	-89	-20	-0.000809656505423	-0.00011535800757	-0.00120321974957
41	-89	-20	-0.000824038330466	-7.03775268587e-05	-0.00128664247663
43	-89	-20	-0.000831099454718	-3.55425077116e-05	-0.00136971741813
45	-89	-20	-0.000829796041241	-1.34001175974e-05	-0.00145044898473
47	-89	-20	-0.000819283510112	-6.37761254886e-06	-0.00152684241262
49	-89	-20	-0.000798984822767	-1.65635784824e-05	-0.00159698801134
51	-89	-20	-0.000768649716419	-4.54989226185e-05	-0.00165914225205
53	-89	-20	-0.000728399902701	-9.39950927725e-05	-0.00171180068322
55	-89	-20	-0.000678755942862	-0.000161995007996	-0.00175375822863
57	-89	-20	-0.000620642594396	-0.00024848894754	-0.00178415332349
59	-89	-20	-0.000555370820714	-0.000351493433293	-0.00180249350279
61	-89	-20	-0.000484596265235	-0.000468096299333	-0.00180866137195
63	-89	-20	-0.000410255689294	-0.000594566066755	-0.00180290125259
65	-89	-20	-0.000334484521969	-0.000726518844665	-0.00178578809497
67	-89	-20	-0.000259520130907	-0.00085913165327	-0.00175818137902
69	-89	-20	-0.000187596570514	-0.000987387654222	-0.00172116760531
71	-89	-20	-0.000120837295588	-0.00110633653788	-0.00167599554664
73	-89	-20	-6.11525772789e-05	-0.00121135241515	-0.00162400866043
75	-89	-20	-1.01480981042e-05	-0.00129837203637	-0.00156657895496
77	-89	-20	3.09495483302e-05	-0.00136409793753	-0.0015050461872
79	-89	-20	6.13459082539e-05	-0.00140615401338	-0.00144066560223
81	-89	-20	8.07072375502e-05	-0.00142318476776	-0.00137456657381
83	-89	-20	8.91632774729e-05	-0.00141489375933	-0.00130772355443
85	-89	-20	8.72847059552e-05	-0.00138202118389	-0.00124093977297
87	-89	-20	7.60374362345e-05	-0.00132626474988	-0.00117484320549
89	-89	-20	5.67174220438e-05	-0.00125015168743	-0.00110989355461
91	-89	-20	3.08707904346e-05	-0.00115687261812	-0.00104639835397
93	-89	-20	2.04880273315e-07	-0.00105008992402	-0.000984535896627
95	-89	-20	-3.3503924567e-05	-0.000933734101544	-0.00092438248119
97	-89	-20	-6.84998144683e-05	-0.000811801379959	-0.000865941469314
99	-89	-20	-0.000103129419369	-0.00068816472137	-0.000809171832311
-99	-87	-20	-6.85031548932e-05	0.000343745535594	-0.000326617558425
-97	-87	-20	-8.06811784356e-05	0.000355630624039	-0.000356962231933
-95	-87	-20	-9.25600162111e-05	0.000360174472408	-0.000385251144582
-93	-87	-20	-0.000103765552309	0.000356064403998	-0.000410553930184
-91	-87	-20	-0.000113934177706	0.000342187768364	-0.000431970014258
-89	-87	-20	-0.00012273703116	0.000317729271456	-0.000448679466263
-87	-87	-20	-0.000129904962464	0.000282265592277	-0.000459995518251
-85	-87	-20	-0.000135252491301	0.000235849949658	-0.0004654154457
-83	-87	-20	-0.000138698895554	0.000179078820483	-0.000464666222383
-81	-87	-20	-0.000140284560289	0.000113133132095	-0.000457741332363
-79	-87	-20	-0.000140180869297	3.97870399743e-05	-0.000444925379708
-77	-87	-20	-0.000138692228874	-3.86211098576e-05	-0.000426803688459
-75	-87	-20	-0.000136249268984	-0.000119258874898	-0.000404254913353
-73	-87	-20	-0.000133392845655	-0.000198911373748	-0.000378425740178
-71	-87	-20	-0.000130749133097	-0.000274131868915	-0.000350687973068
-69	-87	-20	-0.000128996795585	-0.000341425303298	-0.000322579593563
-67	-87	-20	-0.000128827911456	-0.000397455566443	-0.000295732629313
-65	-87	-20	-0.000130904925321	-0.000439264388421	-0.000271791781194
-63	-87	-20	-0.000135816372775	-0.000464487547292	-0.000252328625036
-61	-87	-20	-0.000144034405544	-0.000471552793325	-0.000238756742832
-59	-87	-20	-0.000155877207744	-0.000459843744552	-0.000232253288115
-57	-87	-20	-0.000171479216646	-0.00042981511613	-0.000233692222793
-55	-87	-20	-0.000190771644754	-0.000383047030396	-0.000243593785612
-53	-87	-20	-0.000213475165724	-0.000322229722774	-0.000262093709197
-51	-87	-20	-0.000239105816433	-0.000251074504299	-0.000288934370279
-49	-87	-20	-0.000266994240453	-0.000174152055325	-0.000323478539894
-47	-87	-20	-0.00029631742583	-9.66646157798e-05	-0.00036474481872
-45	-87	-20	-0.000326141150971	-2.41639632964e-05	-0.000411462325437
-43	-87	-20	-0.000355470524696	3.77682237699e-05	-0.000462140876718
-41	-87	-20	-0.000383305361093	8.38573634247e-05	-0.000515151863463
-39	-87	-20	-0.00040869672383	0.000109467820939	-0.000568814370753
-37	-87	-20	-0.000430800845708	0.000110906516765	-0.000621480857336
-35	-87	-20	-0.000448926792157	8.5676386074e-05	-0.000671616915902
-33	-87	-20	-0.00046257468176	3.26607295992e-05	-0.00071787025225
-31	-87	-20	-0.000471461968536	-4.77759869006e-05	-0.000759124989764
-29	-87	-20	-0.000475536173769	-0.000153779559445	-0.000794538637329
-27	-87	-20	-0.000474973457735	-0.000282091795209	-0.000823560446531
-25	-87	-20	-0.000470163461555	-0.000428225810993	-0.000845931310676
-23	-87	-20	-0.000461681841834	-0.000586719501672	-0.000861666707991
-21	-87	-20	-0.000450252785682	-0.000751450000147	-0.000871025359365
-19	-87	-20	-0.000436704462676	-0.000915987437776	-0.000874467171381
-17	-87	-20	-0.00042192079245	-0.00107396346425	-0.000872604608093
-15	-87	-20	-0.000406793052213	-0.0012194290356	-0.00086615184879
-13	-87	-20	-0.000392174711847	-0.00134717700523	-0.000855875943118
-11	-87	-20	-0.000378842482598	-0.00145300796664	-0.000842553696748
-9	-87	-20	-0.000367465937728	-0.00153392234953	-0.000826937262738
-7	-87	-20	-0.000358587266274	-0.00158822758102	-0.000809730447416
-5	-87	-20	-0.00035261182294	-0.00161555570627	-0.000791576649637
-3	-87	-20	-0.000349809213466	-0.00161679367777	-0.000773058229225
-1	-87	-20	-0.000350323781082	-0.00159393501669	-0.000754706034088
1	-87	-20	-0.000354192605684	-0.0015498672095	-0.000737016888682
3	-87	-20	-0.000361368552109	-0.0014881135926	-0.000720476129406
5	-87	-20	-0.000371745551421	-0.00141255127549	-0.000705581818535
7	-87	-20	-0.000385183195356	-0.00132712767545	-0.000692867110769
9	-87	-20	-0.000401527875852	-0.00123559744903	-0.000682917396806
11	-87	-20	-0.000420628095966	-0.00114129911917	-0.000676379295301
13	-87	-20	-0.000442342184363	-0.00104698675692	-0.000673959275009
15	-87	-20	-0.00046653741573	-0.000954727037814	-0.000676410609742
17	-87	-20	-0.000493080413791	-0.00086586628491	-0.000684508430044
19	-87	-20	-0.000521819623318	-0.00078106620605	-0.000699013754964
21	-87	-20	-0.000552561509403	-0.000700401404653	-0.000720628475827
23	-87	-20	-0.000585042903735	-0.000623506830514	-0.000749944231661
25	-87	-20	-0.000618902501737	-0.000549759511224	-0.000787388879393
27	-87	-20	-0.000653654864834	-0.000478476443575	-0.000833174750456
29	-87	-20	-0.000688670357445	-0.000409109593199	-0.000887253047901
31	-87	-20	-0.000723164226497	-0.000341419593118	-0.000949278547796
33	-87	-20	-0.000756197511951	-0.00027561186891	-0.00101858822721
35	-87	-20	-0.000786691683765	-0.000212422356285	-0.00109419657938
37	-87	-20	-0.000813457880833	-0.000153144424953	-0.00117480925437
39	-87	-20	-0.000835240450127	-9.95937146804e-05	-0.00125885536415
41	-87	-20	-0.000850773236464	-5.40129133286e-05	-0.00134453741768
43	-87	-20	-0.000858845854727	-1.89236355225e-05	-0.00142989651455
45	-87	-20	-0.000858376091265	3.06291413334e-06	-0.00151288923901
47	-87	-20	-0.000848483730389	9.46124674156e-06	-0.00159147175951
49	-87	-20	-0.000828560573	-1.86470144264e-06	-0.00166368603497
51	-87	-20	-0.000798331273612	-3.24879139647e-05	-0.00172774281154
53	-87	-20	-0.00075789990603	-8.32325521141e-05	-0.00178209628228
55	-87	-20	-0.000707777878738	-0.0001540319456	-0.00182550586265
57	-87	-20	-0.000648889923385	-0.000243842827284	-0.00185708145647
59	-87	-20	-0.000582556302117	-0.000350624017914	-0.00187630977131
61	-87	-20	-0.000510451018579	-0.000471382817609	-0.00188306058787
63	-87	-20	-0.00043453754609	-0.00060228717225	-0.00187757328121
65	-87	-20	-0.000356985264656	-0.000738836676449	-0.00186042521927
67	-87	-20	-0.000280071285381	-0.000876081053151	-0.0018324848196
69	-87	-20	-0.000206073508353	-0.00100887126301	-0.00179485294405
71	-87	-20	-0.000137161504911	-0.00113212611134	-0.00174879689277
73	-87	-20	-7.52920691919e-05	-0.00124109629863	-0.0016956814934
75	-87	-20	-2.21160207483e-05	-0.00133160834645	-0.00163690167144
77	-87	-20	2.1097921339e-05	-0.00140027264876	-0.0015738204634
79	-87	-20	5.3517569967e-05	-0.00144464286381	-0.00150771575107
81	-87	-20	7.4776918122e-05	-0.00146331769634	-0.00143973812655
83	-87	-20	8.49796567833e-05	-0.00145598048458	-0.00137088132444
85	-87	-20	8.46770223553e-05	-0.00142337652778	-0.00130196566618
87	-87	-20	7.48221577507e-05	-0.00136723240042	-0.00123363402794
89	-87	-20	5.67046779932e-05	-0.00129012526445	-0.00116635903581
91	-87	-20	3.1870307955e-05	-0.00119531314266	-0.00110045955861
93	-87	-20	2.03122675901e-06	-0.00108653906929	-0.00103612414199
95	-87	-20	-3.10269308458e-05	-0.000967822900497	-0.000973438817183
97	-87	-20	-6.55356020653e-05	-0.000843254357093	-0.000912416718747
99	-87	-20	-9.98260891959e-05	-0.000716799684051	-0.000853027134169
-99	-85	-20	-6.20395715598e-05	0.000358909889711	-0.000333712873738
-97	-85	-20	-7.39464351898e-05	0.000371281021338	-0.000363540316825
-95	-85	-20	-8.56342394795e-05	0.000376601650628	-0.00039139531128
-93	-85	-20	-9.67423860627e-05	0.000373640958017	-0.000416407136399
-91	-85	-20	-0.000106918562923	0.000361360850002	-0.000437735283988
-89	-85	-20	-0.000115842032455	0.000339006964501	-0.000454616789656
-87	-85	-20	-0.000123247677757	0.00030619694432	-0.000466415029858
-85	-85	-20	-0.000128949151421	0.000262999124729	-0.000472666917694
-83	-85	-20	-0.000132859335941	0.000209994353054	-0.000473125168385
-81	-85	-20	-0.000135006321085	0.000148313774838	-0.000467792279744
-79	-85	-20	-0.000135543246416	7.96461611457e-05	-0.000456943113048
-77	-85	-20	-0.000134750650575	6.20974603646e-06	-0.000441133473274
-75	-85	-20	-0.000133030403323	-6.93144341581e-05	-0.000421192857728
-73	-85	-20	-0.000130890848494	-0.000143888147249	-0.000398200526632
-71	-85	-20	-0.000128923419947	-0.000214258018305	-0.000373445182673
-69	-85	-20	-0.000127771661655	-0.000277128407485	-0.000348369744556
-67	-85	-20	-0.000128094233603	-0.000329356442912	-0.000324503865639
-65	-85	-20	-0.000130524060695	-0.000368157841434	-0.000303387882658
-63	-85	-20	-0.000135626228359	-0.00039131007726	-0.000286492686747
-61	-85	-20	-0.000143857499469	-0.000397338256787	-0.000275140510022
-59	-85	-20	-0.000155530388284	-0.000385668920426	-0.000270431759634
-57	-85	-20	-0.000170784560401	-0.000356738033885	-0.000273182780964
-55	-85	-20	-0.000189567934111	-0.000312041671452	-0.000283878799325
-53	-85	-20	-0.00021162925883	-0.000254121245592	-0.000302645315683
-51	-85	-20	-0.00023652318011	-0.00018647940699	-0.000329239988387
-49	-85	-20	-0.000263627924229	-0.0001134276368	-0.000363065616164
-47	-85	-20	-0.000292174816327	-3.98717110437e-05	-0.00040320336137
-45	-85	-20	-0.000321287958636	2.89537793564e-05	-0.000448463936253
-43	-85	-20	-0.000350031613367	8.77862483691e-05	-0.000497453234271
-41	-85	-20	-0.000377462225051	0.000131652233123	-0.000548647923619
-39	-85	-20	-0.000402681633326	0.000156179654217	-0.000600475907229
-37	-85	-20	-0.000424887904507	0.000157883507109	-0.000651396338243
-35	-85	-20	-0.000443420362459	0.000134404393673	-0.000699974073185
-33	-85	-20	-0.000457795816254	8.46820710642e-05	-0.000744944022888
-31	-85	-20	-0.000467733631397	9.05044102166e-06	-0.000785261767685
-29	-85	-20	-0.000473168120479	-9.07541764759e-05	-0.000820137956182
-27	-85	-20	-0.000474247670075	-0.000211673458572	-0.000849055305613
-25	-85	-20	-0.000471320996484	-0.00034949170104	-0.000871768356964
-23	-85	-20	-0.000464911853807	-0.000499073955245	-0.000888287401214
-21	-85	-20	-0.000455684328998	-0.000654661539922	-0.000898849085937
-19	-85	-20	-0.000444401485711	-0.000810204546563	-0.000903877053712
-17	-85	-20	-0.000431880514597	-0.000959708279069	-0.000903936498843
-15	-85	-20	-0.000418947684501	-0.00109756967507	-0.000899686727502
-13	-85	-20	-0.000406396261543	-0.00121888072036	-0.000891835667477
-11	-85	-20	-0.000394950187658	-0.0013196786047	-0.00088109982294
-9	-85	-20	-0.000385235723427	-0.00139712664422	-0.000868172455788
-7	-85	-20	-0.000377762514636	-0.00144961545273	-0.000853701865465
-5	-85	-20	-0.00037291470238	-0.00147678002693	-0.00083828061291
-3	-85	-20	-0.000370951832979	-0.00147943481048	-0.000822445476698
-1	-85	-20	-0.000372018507116	-0.00145943490085	-0.000806686924978
1	-85	-20	-0.000376161002663	-0.00141947687762	-0.000791466013691
3	-85	-20	-0.000383348567897	-0.00136285685248	-0.000777235946101
5	-85	-20	-0.000393496752286	-0.00129320596829	-0.000764465101686
7	-85	-20	-0.000406490045316	-0.00121422453492	-0.000753658195681
9	-85	-20	-0.000422201236271	-0.00112943524972	-0.000745372375272
11	-85	-20	-0.000440505277675	-0.00104197361716	-0.000740225484186
13	-85	-20	-0.000461286003189	-0.000954429983646	-0.000738894403287
15	-85	-20	-0.000484434773122	-0.00086875287373	-0.000742102250331
17	-85	-20	-0.000509840941084	-0.000786217956351	-0.000750594231266
19	-85	-20	-0.000537374889259	-0.000707461427684	-0.000765103000026
21	-85	-20	-0.000566865198583	-0.000632571314323	-0.000786305418969
23	-85	-20	-0.000598072235614	-0.00056122558941	-0.000814773532353
25	-85	-20	-0.000630660987027	-0.000492862403307	-0.000850923290865
27	-85	-20	-0.000664176302391	-0.00042686542035	-0.000894965028864
29	-85	-20	-0.000698023777052	-0.000362746379523	-0.000946859848639
31	-85	-20	-0.000731459298683	-0.000300307600544	-0.00100628588229
33	-85	-20	-0.000763589792857	-0.000239769163678	-0.00107261788301
35	-85	-20	-0.000793386956995	-0.000181848720422	-0.00114492277331
37	-85	-20	-0.000819714812496	-0.000127786069645	-0.00122197270459
39	-85	-20	-0.000841370796819	-7.93094163893e-05	-0.00130227594079
41	-85	-20	-0.000857138942805	-3.85452314483e-05	-0.00138412456598
43	-85	-20	-0.000865852545275	-7.87844803458e-06	-0.00146565673878
45	-85	-20	-0.000866462693147	1.02260164339e-05	-0.00154493008246
47	-85	-20	-0.000858108243728	1.34260776998e-05	-0.00162000190534
49	-85	-20	-0.000840182316935	-2.86873649842e-07	-0.00168901137062
51	-85	-20	-0.000812390252877	-3.23868606363e-05	-0.00175025852844
53	-85	-20	-0.000774794241014	-8.36385298148e-05	-0.00180227530689
55	-85	-20	-0.000727840494414	-0.00015396355797	-0.001843884117
57	-85	-20	-0.000672365875262	-0.000242360021235	-0.00187424061279
59	-85	-20	-0.000609582210246	-0.000346882445134	-0.0018928582857
61	-85	-20	-0.000541038069651	-0.000464685601324	-0.0018996138652
63	-85	-20	-0.00046855940265	-0.00059213023873	-0.00189473383701
65	-85	-20	-0.000394171992116	-0.000724944229613	-0.00187876366553
67	-85	-20	-0.000320010083614	-0.000858428453676	-0.00185252241858
69	-85	-20	-0.000248216635626	-0.00098769346443	-0.00181704635576
71	-85	-20	-0.000180841335269	-0.00110791083259	-0.00177352560002
73	-85	-20	-0.000119742762836	-0.00121456219339	-0.0017232382351
75	-85	-20	-6.65008454654e-05	-0.00130366947941	-0.00166748606159
77	-85	-20	-2.23450333638e-05	-0.00137199152732	-0.00160753582937
79	-85	-20	1.1897480265e-05	-0.00141717503001	-0.00154456909863
81	-85	-20	3.58305987076e-05	-0.00143785140579	-0.00147964303341
83	-85	-20	4.94939407475e-05	-0.00143367525232	-0.00141366348278
85	-85	-20	5.33436350512e-05	-0.00140530429615	-0.00134737073507
87	-85	-20	4.82112844948e-05	-0.00135432479225	-0.00128133741764
89	-85	-20	3.52444913051e-05	-0.00128312985986	-0.00121597722348
91	-85	-20	1.5833424174e-05	-0.00119476100882	-0.00115156252532
93	-85	-20	-8.47138052495e-06	-0.00109272494275	-0.00108824852061
95	-85	-20	-3.60444972541e-05	-0.000980798539022	-0.00102610134721
97	-85	-20	-6.52690064716e-05	-0.000862834711264	-0.000965127616178
99	-85	-20	-9.46129483655e-05	-0.000742580752345	-0.000905303001303
-99	-83	-20	-5.42076043142e-05	0.000376480894729	-0.000340606973413
-97	-83	-20	-6.53240253142e-05	0.000389229528912	-0.000368566757484
-95	-83	-20	-7.63485763685e-05	0.000395662966314	-0.000394729724999
-93	-83	-20	-8.69618719654e-05	0.000394741788089	-0.000418362312259
-91	-83	-20	-9.68495081678e-05	0.000385600265529	-0.00043876201065
-89	-83	-20	-0.000105722553529	0.000367622728357	-0.000455296715601
-87	-83	-20	-0.000113338788317	0.000340517231397	-0.000467445092062
-85	-83	-20	-0.000119523240394	0.000304380778412	-0.00047483542434
-83	-83	-20	-0.000124186445854	0.000259750011156	-0.000477280205109
-81	-83	-20	-0.000127338857367	0.000207631376504	-0.000474803700063
-79	-83	-20	-0.000129099946472	0.000149505411624	-0.000467659925493
-77	-83	-20	-0.000129700800894	8.73009639776e-05	-0.00045633890321
-75	-83	-20	-0.000129479395778	2.33368681794e-05	-0.000441559696979
-73	-83	-20	-0.000128868198094	-3.97692390426e-05	-0.000424249552713
-71	-83	-20	-0.000128374314859	-9.92227995483e-05	-0.00040550940684
-69	-83	-20	-0.000128552977523	-0.000152200108886	-0.000386567023648
-67	-83	-20	-0.000129975720278	-0.000196014612036	-0.00036871999261
-65	-83	-20	-0.000133195110162	-0.000228292068613	-0.000353271677232
-63	-83	-20	-0.000138708275054	-0.00024714318629	-0.000341463878669
-61	-83	-20	-0.000146921711774	-0.000251321308094	-0.000334410393662
-59	-83	-20	-0.000158119911346	-0.000240352626934	-0.000333035759887
-57	-83	-20	-0.000172440196676	-0.000214627287753	-0.000338023270139
-55	-83	-20	-0.000189855830672	-0.000175441641062	-0.000349775805122
-53	-83	-20	-0.000210168938331	-0.000124984758324	-0.000368392216888
-51	-83	-20	-0.000233014128945	-6.62659461806e-05	-0.000393660950806
-49	-83	-20	-0.000257872952715	-2.98415654225e-06	-0.000425071404498
-47	-83	-20	-0.000284098538135	6.06554283956e-05	-0.000461842282422
-45	-83	-20	-0.000310948995953	0.00012016810594	-0.000502965015469
-43	-83	-20	-0.000337627505598	0.000171046370464	-0.000547259272959
-41	-83	-20	-0.000363326477612	0.0002090304312	-0.00059343678445
-39	-83	-20	-0.000387272856398	0.000230374525659	-0.000640169175096
-37	-83	-20	-0.000408771521453	0.000232090553757	-0.000686155339453
-35	-83	-20	-0.000427243873148	0.000212151511628	-0.000730184044218
-33	-83	-20	-0.000442259042531	0.000169639559586	-0.000771187940281
-31	-83	-20	-0.000453555715212	0.000104827171371	-0.000808285931808
-29	-83	-20	-0.000461053262532	1.91844238481e-05	-0.000840811825483
-27	-83	-20	-0.000464851670801	-8.46892535865e-05	-0.000868328281727
-25	-83	-20	-0.000465220586117	-0.000203205058025	-0.000890626219264
-23	-83	-20	-0.000462578580519	-0.000331987427551	-0.000907710893067
-21	-83	-20	-0.000457464431684	-0.000466125562147	-0.000919776790012
-19	-83	-20	-0.000450502738986	-0.000600456514797	-0.000927174198402
-17	-83	-20	-0.000442366533501	-0.000729860238454	-0.000930370758584
-15	-83	-20	-0.000433739655523	-0.000849546214598	-0.000929911467066
-13	-83	-20	-0.000425281565949	-0.00095531210835	-0.000926380484585
-11	-83	-20	-0.00041759694163	-0.00104375722156	-0.000920367710802
-9	-83	-20	-0.000411211910305	-0.00111243715059	-0.000912442476083
-7	-83	-20	-0.000406558152623	-0.00115995069336	-0.000903135920962
-5	-83	-20	-0.000403965391204	-0.00118595530422	-0.000892932754031
-3	-83	-20	-0.000403662059019	-0.00119111283314	-0.000882272171779
-1	-83	-20	-0.000405783250893	-0.00117697246689	-0.000871556861964
1	-83	-20	-0.000410384467875	-0.00114580230484	-0.000861168262588
3	-83	-20	-0.000417459210898	-0.00110038450276	-0.000851485669106
5	-83	-20	-0.000426958202631	-0.00104379114937	-0.000842906417265
7	-83	-20	-0.000438807935462	-0.000979158856717	-0.000835864246088
9	-83	-20	-0.000452926364755	-0.000909479418349	-0.000830843075118
11	-83	-20	-0.000469233880337	-0.000837421909668	-0.000828383803936
13	-83	-20	-0.000487658171151	-0.000765198467303	-0.000829082333376
15	-83	-20	-0.000508132211239	-0.000694481971553	-0.000833577773616
17	-83	-20	-0.000530585292162	-0.0006263793112	-0.000842530686712
19	-83	-20	-0.000554927753037	-0.000561459208569	-0.000856592142069
21	-83	-20	-0.000581030756142	-0.000499829101675	-0.000876365268485
23	-83	-20	-0.000608703065526	-0.000441251668851	-0.000902361790808
25	-83	-20	-0.000637667254348	-0.00038528853521	-0.000934956672724
27	-83	-20	-0.000667538048172	-0.000331456740624	-0.000974344390588
29	-83	-20	-0.000697805572807	-0.00027938280749	-0.00102050049316
31	-83	-20	-0.000727826098014	-0.000228939758237	-0.00107315193611
33	-83	-20	-0.000756822452238	-0.000180354134543	-0.00113175921941
35	-83	-20	-0.000783895646864	-0.000134272809046	-0.0011955126257
37	-83	-20	-0.000808048429186	-9.17829243488e-05	-0.00126334390896
39	-83	-20	-0.000828220536883	-5.43823521273e-05	-0.00133395368523
41	-83	-20	-0.000843334423228	-2.39023090499e-05	-0.00140585361725
43	-83	-20	-0.000852349241716	-2.38785589169e-06	-0.00147742135705
45	-83	-20	-0.00085432000508	8.05438413855e-06	-0.00154696520929
47	-83	-20	-0.000848458147569	5.42910879164e-06	-0.00161279468976
49	-83	-20	-0.000834189291223	-1.19682087605e-05	-0.00167329264739
51	-83	-20	-0.000811203899161	-4.53800397884e-05	-0.00172698444051
53	-83	-20	-0.000779496720664	-9.54379634276e-05	-0.00177259982628
55	-83	-20	-0.000739391495042	-0.000162048917817	-0.00180912372465
57	-83	-20	-0.000691548255047	-0.000244326544138	-0.00183583281238
59	-83	-20	-0.000636951698258	-0.000340574193174	-0.0018523159219
61	-83	-20	-0.000576880393706	-0.000448322213725	-0.00185847737799
63	-83	-20	-0.000512857959578	-0.000564418000045	-0.00185452360547
65	-83	-20	-0.000446588675133	-0.000685163278082	-0.00184093448514
67	-83	-20	-0.000379881164874	-0.000806489579316	-0.00181842193161
69	-83	-20	-0.000314564715216	-0.000924160065598	-0.00178787894105
71	-83	-20	-0.00025240337312	-0.00103398404135	-0.00175032285552
73	-83	-20	-0.000195013180281	-0.00113202974952	-0.00170683678604
75	-83	-20	-0.000143787696581	-0.00121482142927	-0.00165851302886
77	-83	-20	-9.98363788617e-05	-0.00127950805555	-0.00160640192326
79	-83	-20	-6.39394557582e-05	-0.00132399353453	-0.0015514689816
81	-83	-20	-3.65217549848e-05	-0.00134702117278	-0.00149456233638
83	-83	-20	-1.76465962771e-05	-0.00134820870112	-0.00143639166672
85	-83	-20	-7.02947266177e-06	-0.00132803371893	-0.00137751886398
87	-83	-20	-4.06991760851e-06	-0.00128777283982	-0.00131835984328
89	-83	-20	-7.89879928259e-06	-0.00122940080114	-0.00125919616707
91	-83	-20	-1.74373805612e-05	-0.00115545813518	-0.00120019456585
93	-83	-20	-3.14638942863e-05	-0.00106889754681	-0.00114143205123
95	-83	-20	-4.86831373651e-05	-0.000972919831119	-0.00108292413177
97	-83	-20	-6.77946839715e-05	-0.000870810007264	-0.00102465365839
99	-83	-20	-8.75557274881e-05	-0.000765783421063	-0.000966598025857
-99	-81	-20	-4.50908758002e-05	0.000396516522271	-0.000347474212431
-97	-81	-20	-5.49177377637e-05	0.000409543516338	-0.000372319071373
-95	-81	-20	-6.4824093247e-05	0.000417403458649	-0.000395627146639
-93	-81	-20	-7.45582578913e-05	0.000419350540093	-0.000416873841207
-91	-81	-20	-8.38692302259e-05	0.000414782721059	-0.000435566896139
-89	-81	-20	-9.25226291454e-05	0.000403295710634	-0.000451273628601
-87	-81	-20	-0.000100317324596	0.000384734317822	-0.000463648505203
-85	-81	-20	-0.000107101640452	0.000359237134191	-0.00047245932845
-83	-81	-20	-0.000112787913225	0.000327270274371	-0.00047761017554
-81	-81	-20	-0.000117364183755	0.000289645987057	-0.00047915922132
-79	-81	-20	-0.000120901891483	0.000247522403409	-0.000477329718765
-77	-81	-20	-0.000123558634301	0.000202381533334	-0.000472512706563
-75	-81	-20	-0.000125575344511	0.00015598383991	-0.000465260456042
-73	-81	-20	-0.000127267597117	0.000110299266598	-0.000456270235717
-71	-81	-20	-0.000129011186282	6.74163707791e-05	-0.000446358624457
-69	-81	-20	-0.000131222548169	2.94331052055e-05	-0.000436427295446
-67	-81	-20	-0.000134335038015	-1.66536591208e-06	-0.000427421866965
-65	-81	-20	-0.000138772449283	-2.41347950217e-05	-0.000420286014119
-63	-81	-20	-0.000144921457905	-3.65976466404e-05	-0.000415913502309
-61	-81	-20	-0.000153104855058	-3.81575584976e-05	-0.000415101091272
-59	-81	-20	-0.000163557476007	-2.84933931887e-05	-0.000418505334023
-57	-81	-20	-0.000176406629212	-7.92445504893e-06	-0.000426606141528
-55	-81	-20	-0.000191658580564	2.25601657331e-05	-0.000439679604526
-53	-81	-20	-0.000209192266139	6.13130868251e-05	-0.000457781981952
-51	-81	-20	-0.000228760919472	0.000106083289789	-0.000480746022706
-49	-81	-20	-0.000250001742171	0.000154113233121	-0.000508189941328
-47	-81	-20	-0.000272453163228	0.000202274524438	-0.000539538485859
-45	-81	-20	-0.000295578669826	0.000247235155648	-0.000574054689499
-43	-81	-20	-0.000318795697159	0.000285648566316	-0.000610880155911
-41	-81	-20	-0.000341507678707	0.000314352671171	-0.000649081152011
-39	-81	-20	-0.000363137114562	0.000330565678019	-0.000687697418065
-37	-81	-20	-0.000383157435325	0.000332065181288	-0.000725790481164
-35	-81	-20	-0.000401121530363	0.000317337715618	-0.000762488381835
-33	-81	-20	-0.000416685064886	0.000285687677349	-0.000797024080728
-31	-81	-20	-0.000429623109466	0.000237297164082	-0.000828765369634
-29	-81	-20	-0.000439839115094	0.000173231655305	-0.000857234818695
-27	-81	-20	-0.000447365844358	9.53903036079e-05	-0.000882119088591
-25	-81	-20	-0.00045235846723	6.40362232598e-06	-0.000903267755828
-23	-81	-20	-0.00045508059932	-9.05147832362e-05	-0.000920682574354
-21	-81	-20	-0.000455884555751	-0.000191752404382	-0.000934498766926
-19	-81	-20	-0.000455187476257	-0.000293505263866	-0.000944960454822
-17	-81	-20	-0.000453445218237	-0.000391994258169	-0.000952392659144
-15	-81	-20	-0.000451125998138	-0.000483675512481	-0.000957172422057
-13	-81	-20	-0.000448685684879	-0.00056543045132	-0.000959701500332
-11	-81	-20	-0.000446546422354	-0.000634722985697	-0.000960382791612
-9	-81	-20	-0.000445079903729	-0.000689713870597	-0.000959602195566
-7	-81	-20	-0.000444596170148	-0.000729325670264	-0.000957717029184
-5	-81	-20	-0.000445338299479	-0.000753255600857	-0.000955051457529
-3	-81	-20	-0.000447482829245	-0.000761937485062	-0.00095189872227
-1	-81	-20	-0.000451145264358	-0.000756457830249	-0.000948529304559
1	-81	-20	-0.000456389594293	-0.000738434331842	-0.000945203597075
3	-81	-20	-0.00046324041935	-0.000709867654459	-0.000942187226301
5	-81	-20	-0.000471696086973	-0.000672978969428	-0.00093976689444
7	-81	-20	-0.000481741182103	-0.000630046322996	-0.000938264523245
9	-81	-20	-0.000493356804774	-0.00058325245558	-0.000938047587914
11	-81	-20	-0.00050652729708	-0.000534555254767	-0.000939533822749
13	-81	-20	-0.000521242433282	-0.000485589745955	-0.000943188941627
15	-81	-20	-0.000537494534548	-0.000437607610186	-0.000949516612599
17	-81	-20	-0.000555270479616	-0.000391456918341	-0.000959040612801
19	-81	-20	-0.00057453911468	-0.000347601357234	-0.000972279814456
21	-81	-20	-0.00059523507735	-0.000306174969794	-0.000989717357166
23	-81	-20	-0.000617240497976	-0.000267065591896	-0.0010117659871
25	-81	-20	-0.000640366386876	-0.000230017956869	-0.00103873203503
27	-81	-20	-0.000664335724339	-0.000194746015543	-0.00107078081571
29	-81	-20	-0.000688770316347	-0.000161043480476	-0.00110790632621
31	-81	-20	-0.000713183348998	-0.000128881972941	-0.00114990798343
33	-81	-20	-0.00073697926777	-9.84873850717e-05	-0.0011963767704
35	-81	-20	-0.000759462137605	-7.03870559528e-05	-0.00124669257874
37	-81	-20	-0.000779853034031	-4.54229317692e-05	-0.00130003377919
39	-81	-20	-0.000797316315262	-2.47288252591e-05	-0.00135539917933
41	-81	-20	-0.000810993882198	-9.67297086633e-06	-0.00141164160618
43	-81	-20	-0.000820045806809	-1.77004234747e-06	-0.0014675114556
45	-81	-20	-0.000823695061518	-2.56942264185e-06	-0.00152170775615
47	-81	-20	-0.000821273572387	-1.3528583303e-05	-0.00157293367125
49	-81	-20	-0.000812266498913	-3.58817790712e-05	-0.00161995296549
51	-81	-20	-0.000796351551292	-7.05147862051e-05	-0.00166164382698
53	-81	-20	-0.000773430312845	-0.000117856071225	-0.00169704658186
55	-81	-20	-0.000743648941087	-0.000177793599803	-0.00172540225082
57	-81	-20	-0.000707406253623	-0.000249624581412	-0.00174617954805
59	-81	-20	-0.000665348021913	-0.000332042951696	-0.00175908875635
61	-81	-20	-0.000618347236	-0.000423166526076	-0.00176408185974
63	-81	-20	-0.000567471092517	-0.000520602749541	-0.00176133929783
65	-81	-20	-0.000513936416194	-0.000621549063441	-0.00175124464391
67	-81	-20	-0.000459056071876	-0.000722921344205	-0.00173434932674
69	-81	-20	-0.000404179588263	-0.000821501843702	-0.0017113301503
71	-81	-20	-0.000350631640009	-0.000914096730646	-0.00168294277236
73	-81	-20	-0.00029965218566	-0.000997692789687	-0.00164997445489
75	-81	-20	-0.00025234192357	-0.00106960310371	-0.00161319929656
77	-81	-20	-0.000209616319761	-0.00112759258006	-0.00157333881692
79	-81	-20	-0.000172170817593	-0.00116997587399	-0.00153103022188
81	-81	-20	-0.000140459015834	-0.00119568245126	-0.00148680399223
83	-81	-20	-0.000114684670164	-0.0012042860197	-0.00144107166237
85	-81	-20	-9.48074113181e-05	-0.00119599813292	-0.00139412385978
87	-81	-20	-8.05611588689e-05	-0.00117162821736	-0.00134613791998
89	-81	-20	-7.14834136553e-05	-0.0011325144091	-0.00129719373277
91	-81	-20	-6.69529910799e-05	-0.001080431258	-0.00124729595763
93	-81	-20	-6.62333512148e-05	-0.00101748146432	-0.00119640040149
95	-81	-20	-6.85185084686e-05	-0.000945979310329	-0.00114444219559
97	-81	-20	-7.29785613e-05	-0.000868333347732	-0.00109136344009
99	-81	-20	-7.88021496092e-05	-0.000786935260011	-0.00103713819126
-99	-79	-20	-3.48124357901e-05	0.000418937664237	-0.000354491268734
-97	-79	-20	-4.29069535265e-05	0.000432164363831	-0.000375177273678
-95	-79	-20	-5.12905682387e-05	0.000441720906076	-0.000394656580715
-93	-79	-20	-5.98025679761e-05	0.000447241959579	-0.000412673994354
-91	-79	-20	-6.82777873402e-05	0.000448466864349	-0.000429008362796
-89	-79	-20	-7.6556456761e-05	0.000445264637016	-0.000443484236083
-87	-79	-20	-8.44946491139e-05	0.00043765645631	-0.000455982981243
-85	-79	-20	-9.19746436461e-05	0.000425833788131	-0.000466452673193
-83	-79	-20	-9.89144655109e-05	0.000410170228659	-0.000474916037235
-81	-79	-20	-0.000105275851456	0.00039122520596	-0.000481475725845
-79	-79	-20	-0.000111069944007	0.000369737910937	-0.000486316277836
-77	-79	-20	-0.000116360128602	0.000346610240825	-0.000489702236203
-75	-79	-20	-0.000121261596043	0.000322878129835	-0.00049197209041
-73	-79	-20	-0.000125937426358	0.000299671390293	-0.000493527951271
-71	-79	-20	-0.000130591235181	0.00027816305253	-0.000494821147583
-69	-79	-20	-0.000135456681521	0.000259510113131	-0.000496334232839
-67	-79	-20	-0.000140784385725	0.000244788504702	-0.000498560183642
-65	-79	-20	-0.000146827027261	0.000234925902548	-0.000501979832544
-63	-79	-20	-0.000153823563877	0.00023063659957	-0.000507038781355
-61	-79	-20	-0.000161983620197	0.000232363031928	-0.000514125164247
-59	-79	-20	-0.000171473123172	0.000240228561839	-0.000523549656532
-57	-79	-20	-0.000182402208661	0.000254005780954	-0.000535529045982
-55	-79	-20	-0.000194816289141	0.000273103878714	-0.000550174499358
-53	-79	-20	-0.000208690965641	0.000296577549192	-0.000567485377115
-51	-79	-20	-0.000223931202469	0.000323158546031	-0.000587349093148
-49	-79	-20	-0.000240374881398	0.000351309428817	-0.000609547110326
-47	-79	-20	-0.000257800536665	0.000379297391941	-0.000633766738594
-45	-79	-20	-0.000275938768946	0.000405284461695	-0.000659617994984
-43	-79	-20	-0.000294486570129	0.000427428927026	-0.000686654427964
-41	-79	-20	-0.00031312358319	0.000443991764795	-0.000714396532283
-39	-79	-20	-0.000331529189699	0.000453441141772	-0.000742356208412
-37	-79	-20	-0.000349399271939	0.000454547901943	-0.000770060667412
-35	-79	-20	-0.000366461540627	0.000446465317048	-0.000797074252217
-33	-79	-20	-0.000382488448018	0.000428787283244	-0.000823016833601
-31	-79	-20	-0.000397306908438	0.000401580532503	-0.000847577727535
-29	-79	-20	-0.000410804306069	0.000365388195525	-0.000870524445505
-27	-79	-20	-0.000422930561225	0.000321204069061	-0.000891706000073
-25	-79	-20	-0.000433696326894	0.000270419045142	-0.000911050910316
-23	-79	-20	-0.000443167672464	0.000214743182726	-0.000928560451411
-21	-79	-20	-0.000451457858497	0.000156108677434	-0.000944298037688
-19	-79	-20	-0.000458716996478	9.65603657795e-05	-0.000958375892241
-17	-79	-20	-0.000465120506809	3.81412721894e-05	-0.000970940319231
-15	-79	-20	-0.000470857329665	-1.72190011551e-05	-0.000982156946227
-13	-79	-20	-0.000476118805619	-6.78055522035e-05	-0.000992197241483
-11	-79	-20	-0.000481089031666	-0.000112202519319	-0.00100122744184
-9	-79	-20	-0.000485937324537	-0.000149355259344	-0.00100940076613
-7	-79	-20	-0.00049081320257	-0.000178606898504	-0.00101685345823
-5	-79	-20	-0.000495844048912	-0.000199707782157	-0.0010237048305
-3	-79	-20	-0.000501135362964	-0.000212798407354	-0.00103006109179
-1	-79	-20	-0.000506773264617	-0.00021836838067	-0.00103602237533
1	-79	-20	-0.000512828706319	-0.000217195648245	-0.00104169206125
3	-79	-20	-0.0005193626883	-0.000210271565858	-0.00104718724086
5	-79	-20	-0.000526431675245	-0.000198718219169	-0.00105264901856
7	-79	-20	-0.00053409238681	-0.000183704714858	-0.00105825130525
9	-79	-20	-0.000542405182811	-0.000166368933604	-0.00106420683203
11	-79	-20	-0.000551435384176	-0.000147750500656	-0.0010707693027
13	-79	-20	-0.000561252055258	-0.000128739563523	-0.00107823089651
15	-79	-20	-0.000571924008811	-0.000110044474968	-0.00108691470994
17	-79	-20	-0.000583513064701	-9.21797914981e-05	-0.00109716216016
19	-79	-20	-0.000596064876714	-7.54742523729e-05	-0.00110931583077
21	-79	-20	-0.000609597915922	-6.00967415837e-05	-0.00112369868463
23	-79	-20	-0.000624091440925	-4.60967844015e-05	-0.00114059096286
25	-79	-20	-0.000639473472892	-3.34549998972e-05	-0.00116020639595
27	-79	-20	-0.000655609907636	-2.21382027398e-05	-0.00118266954368
29	-79	-20	-0.000672295923507	-1.21535700097e-05	-0.00120799613101
31	-79	-20	-0.000689250774451	-3.59647454244e-06	-0.00123607814675
33	-79	-20	-0.000706116891036	3.31278752023e-06	-0.00126667521943
35	-79	-20	-0.00072246395562	8.20713709415e-06	-0.00129941339461
37	-79	-20	-0.000737798286172	1.05681733309e-05	-0.00133379193409
39	-79	-20	-0.000751577478865	9.73990730713e-06	-0.00136919817783
41	-79	-20	-0.000763229851145	4.96014761659e-06	-0.00140492989768
43	-79	-20	-0.000772177826851	-4.59260058186e-06	-0.00144022397892
45	-79	-20	-0.000777864047194	-1.97402041848e-05	-0.0014742897405
47	-79	-20	-0.000779778708205	-4.12384804922e-05	-0.00150634479506
49	-79	-20	-0.000777486444211	-6.97085224358e-05	-0.00153565109274
51	-79	-20	-0.000770651018151	-0.000105571282183	-0.00156154871511
53	-79	-20	-0.000759056153075	-0.000148990757089	-0.00158348509826
55	-79	-20	-0.000742621043945	-0.000199830527152	-0.00160103766233
57	-79	-20	-0.000721409411861	-0.000257627420468	-0.00161392828743
59	-79	-20	-0.000695631380256	-0.00032158481284	-0.00162202866723
61	-79	-20	-0.000665637931613	-0.000390586604413	-0.0016253562442
63	-79	-20	-0.00063190820496	-0.00046323137989	-0.00162406112982
65	-79	-20	-0.000595030377646	-0.000537884774788	-0.00161840508277
67	-79	-20	-0.000555677300017	-0.000612746757675	-0.00160873420224
69	-79	-20	-0.000514578384344	-0.000685929500594	-0.00159544744671
71	-79	-20	-0.000472489464235	-0.000755540824654	-0.00157896337397
73	-79	-20	-0.000430162423116	-0.00081976792129	-0.00155968759522
75	-79	-20	-0.000388316337808	-0.000876956172343	-0.00153798333922
77	-79	-20	-0.000347611705315	-0.000925678399128	-0.00151414724183
79	-79	-20	-0.00030862903777	-0.000964790704855	-0.00148839203806
81	-79	-20	-0.000271852750471	-0.000993472153227	-0.00146083727433
83	-79	-20	-0.000237660864422	-0.00101124674881	-0.00143150852504
85	-79	-20	-0.000206320632878	-0.00101798744484	-0.00140034494046
87	-79	-20	-0.000177989814151	-0.00101390309795	-0.00136721432442
89	-79	-20	-0.000152722978942	-0.000999510326092	-0.00133193438836
91	-79	-20	-0.000130481980974	-0.000975593035507	-0.00129429839382
93	-79	-20	-0.000111149547932	-0.000943152920246	-0.00125410310979
95	-79	-20	-9.45448697895e-05	-0.000903354486572	-0.00121117689183
97	-79	-20	-8.04400697004e-05	-0.000857468124362	-0.0011654057419
99	-79	-20	-6.85765278653e-05	-0.000806814471526	-0.00111675542159
-99	-77	-20	-2.35289999999e-05	0.00044353	-0.00036183
-97	-77	-20	-2.95422067481e-05	0.000456910357602	-0.000377613050985
-95	-77	-20	-3.60835263773e-05	0.000468370898185	-0.000392569243045
-93	-77	-20	-4.31012256411e-05	0.000477990507911	-0.000406756415241
-91	-77	-20	-5.05333576869e-05	0.000485907000067	-0.000420268518873
-89	-77	-20	-5.83103443662e-05	0.000492308317704	-0.000433229198297
-87	-77	-20	-6.63580277927e-05	0.00049742134749	-0.000445783805991
-85	-77	-20	-7.46010365929e-05	0.000501499070156	-0.000458090377499
-83	-77	-20	-8.29662910771e-05	0.000504806869466	-0.000470310160059
-81	-77	-20	-9.13864625863e-05	0.000507608855253	-0.000482598312191
-79	-77	-20	-9.98032059902e-05	0.000510155025286	-0.000495095368801
-77	-77	-20	-0.00010817	0.000512670000005	-0.00050792
-75	-77	-20	-0.000116454455797	0.000515343922423	-0.000521163487863
-73	-77	-20	-0.00012463998782	0.000518325936076	-0.000534886212923
-71	-77	-20	-0.000132726778207	0.000521720452487	-0.000549116292388
-69	-77	-20	-0.000140732005022	0.000525586213164	-0.000563850357202
-67	-77	-20	-0.000148689340972	0.000529937956205	-0.000579056307425
-65	-77	-20	-0.000156647761202	0.000534750328917	-0.000594677756077
-63	-77	-20	-0.000164669724402	0.000539963557308	-0.00061063976986
-61	-77	-20	-0.000172828809958	0.00054549029894	-0.000626855447477
-59	-77	-20	-0.000181206905538	0.000551223071366	-0.000643232845941
-57	-77	-20	-0.000189891045248	0.000557041663749	-0.000659681772346
-55	-77	-20	-0.00019897	0.000562820000009	-0.000676120000003
-53	-77	-20	-0.0002085307208	0.0005684320202	-0.000692478537846
-51	-77	-20	-0.000218654734186	0.000573756272602	-0.000708705672888
-49	-77	-20	-0.000229414588426	0.000578679050545	-0.000724769608476
-47	-77	-20	-0.00024087045018	0.000583096052962	-0.000740659626966
-45	-77	-20	-0.000253066954134	0.000586912684409	-0.000756385805934
-43	-77	-20	-0.000266030411923	0.000590043228353	-0.000771977404999
-41	-77	-20	-0.000279766489786	0.000592409218468	-0.000787480110686
-39	-77	-20	-0.000294258465009	0.000593937390502	-0.000802952376477
-37	-77	-20	-0.000309466166846	0.000594557618679	-0.00081846112365
-35	-77	-20	-0.000325325696371	0.000594201225075	-0.000834077076895
-33	-77	-20	-0.000341749999998	0.000592800000004	-0.000849869999999
-31	-77	-20	-0.000358630342576	0.000590286190706	-0.000865904075021
-29	-77	-20	-0.00037583868866	0.000586593611043	-0.000882233637826
-27	-77	-20	-0.000393230956371	0.000581659904821	-0.000898899447963
-25	-77	-20	-0.000410651060184	0.000575429868971	-0.000915925635328
-23	-77	-20	-0.000427935610795	0.000567859620336	-0.000933317432667
-21	-77	-20	-0.000444919096124	0.000558921281145	-0.000951059773123
-19	-77	-20	-0.000461439331904	0.000548607772919	-0.00096911680601
-17	-77	-20	-0.000477342946763	0.000536937254673	-0.000987432360751
-15	-77	-20	-0.000492490657943	0.00052395672489	-0.0010059313666
-13	-77	-20	-0.00050676210105	0.000509744331473	-0.00102452221202
-11	-77	-20	-0.000520060000001	0.000494410000021	-0.0010431
-9	-77	-20	-0.000532313499635	0.000478094095239	-0.00106155062231
-7	-77	-20	-0.000543480529865	0.000460963966625	-0.00107975553599
-5	-77	-20	-0.000553549122363	0.000443208388117	-0.00109759707963
-3	-77	-20	-0.000562537653897	0.00042503006983	-0.00111496411788
-1	-77	-20	-0.000570494039931	0.000406636584709	-0.00113175775327
1	-77	-20	-0.000577493944342	0.000388230199548	-0.00114789680116
3	-77	-20	-0.000583638103356	0.00036999721502	-0.00116332269184
5	-77	-20	-0.000589048883148	0.000352097491979	-0.00117800345004
7	-77	-20	-0.00059386620114	0.000334654863282	-0.00119193641273
9	-77	-20	-0.000598242942685	0.000317749098108	-0.00120514938468
11	-77	-20	-0.000602340000001	0.000301410000016	-0.0012177
13	-77	-20	-0.000606321051909	0.000285614086468	-0.00122967315596
15	-77	-20	-0.000610347194121	0.000270284126183	-0.00124117650853
17	-77	-20	-0.000614571522878	0.000255291614924	-0.00125233415939
19	-77	-20	-0.000619133771194	0.000240462065975	-0.00126327881234
21	-77	-20	-0.000624155097393	0.000225582795361	-0.00127414281962
23	-77	-20	-0.000629733129445	0.000210412709988	-0.00128504866384
25	-77	-20	-0.000635937374492	0.000194693473492	-0.00129609951426
27	-77	-20	-0.000642805108961	0.000178161340596	-0.00130737054755
29	-77	-20	-0.000650337868762	0.000160558922752	-0.00131890172201
31	-77	-20	-0.000658498659272	0.000141646177698	-0.00133069263764
33	-77	-20	-0.000667209999997	0.000121210000003	-0.0013427
35	-77	-20	-0.000676352908282	9.90719211263e-05	-0.00135483803981
37	-77	-20	-0.000685766910612	7.50935940494e-05	-0.00136698203082
39	-77	-20	-0.000695251150037	4.91799249637e-05	-0.00137897481021
41	-77	-20	-0.00070456663551	2.12799065717e-05	-0.00139063595682
43	-77	-20	-0.000713439655345	-8.61461163275e-06	-0.0014017730416
45	-77	-20	-0.000721566353858	-4.04718260958e-05	-0.00141219415486
47	-77	-20	-0.00072861844851	-7.4224048756e-05	-0.00142172075439
49	-77	-20	-0.000734250044191	-0.000109772368456	-0.00143019978595
51	-77	-20	-0.000738105480584	-0.000146991312781	-0.00143751401573
53	-77	-20	-0.000739828125599	-0.000185732955399	-0.00144358958996
55	-77	-20	-0.000739069999998	-0.000225830000001	-0.00144839999999
57	-77	-20	-0.000735502082899	-0.000267097500245	-0.00145196587411
59	-77	-20	-0.000728825102963	-0.00030933303554	-0.0014543503259
61	-77	-20	-0.000718780565324	-0.000352315342371	-0.00145564994007
63	-77	-20	-0.000705161701606	-0.000395801586341	-0.00145598184526
65	-77	-20	-0.000687823963953	-0.000439523636537	-0.00145546767893
67	-77	-20	-0.00066669462073	-0.000483183857047	-0.00145421556127
69	-77	-20	-0.000641780960452	-0.000526451047336	-0.00145230143607
71	-77	-20	-0.000613176581526	-0.000568957232475	-0.00144975128096
73	-77	-20	-0.000581065248608	-0.000610296017435	-0.00144652572179
75	-77	-20	-0.000545721840029	-0.000650023171671	-0.00144250849603
77	-77	-20	-0.000507510000004	-0.000687659999989	-0.00143749999999
79	-77	-20	-0.00046687624497	-0.000722699886871	-0.00143121683468
81	-77	-20	-0.000424340450737	-0.000754618182536	-0.00142329785603
83	-77	-20	-0.000380482856318	-0.000782885343495	-0.00141331676602
85	-77	-20	-0.000335927946249	-0.000806982966045	-0.00140080078709
87	-77	-20	-0.000291325797348	-0.000826422079343	-0.00138525448202
89	-77	-20	-0.000247331677844	-0.000840762818515	-0.00136618735462
91	-77	-20	-0.000204584846412	-0.000849634400862	-0.00134314352945
93	-77	-20	-0.000163687598864	-0.000852754200377	-0.00131573159165
95	-77	-20	-0.000125185638427	-0.000849944673726	-0.00128365259239
97	-77	-20	-8.95507959054e-05	-0.000841146944177	-0.00124672429995
99	-77	-20	-5.7167e-05	-0.000826429999999	-0.0012049
-99	-75	-20	-1.14216776065e-05	0.000469958266888	-0.000369650467635
-97	-75	-20	-1.51349414007e-05	0.000483491559258	-0.000380171163909
-95	-75	-20	-1.96334326304e-05	0.000496986013591	-0.000390269379276
-93	-75	-20	-2.49851899853e-05	0.000510998396621	-0.000400338099448
-91	-75	-20	-3.1241910961e-05	0.000526095266617	-0.000410808748588
-89	-75	-20	-3.8433570354e-05	0.000542807825271	-0.000422125436855
-87	-75	-20	-4.65633605309e-05	0.000561584520079	-0.000434716543357
-85	-75	-20	-5.5603374061e-05	0.000582744882134	-0.000448965450011
-83	-75	-20	-6.5491472538e-05	0.000606438371467	-0.000465182428851
-81	-75	-20	-7.61297752943e-05	0.000632612005224	-0.000483579726709
-79	-75	-20	-8.73851530262e-05	0.000660990232364	-0.000504251774523
-77	-75	-20	-9.90920217421e-05	0.00069106988674	-0.00052716217437
-75	-75	-20	-0.000111057603126	0.000722132120419	-0.000552138700196
-73	-75	-20	-0.00012306965365	0.000753272041454	-0.000578877015313
-71	-75	-20	-0.000134906475946	0.000783445432314	-0.000606953200081
-69	-75	-20	-0.000146348825185	0.000811530505939	-0.000635844543362
-67	-75	-20	-0.000157193126723	0.000836401280197	-0.000664957432911
-65	-75	-20	-0.000167265246805	0.000857007938862	-0.000693660633611
-63	-75	-20	-0.000176433923858	0.000872458614002	-0.000721321814952
-61	-75	-20	-0.000184622890215	0.000882096471967	-0.000747344917446
-59	-75	-20	-0.000191820706126	0.000885565888503	-0.000771205856403
-57	-75	-20	-0.000198087397608	0.000882861899289	-0.00079248416011
-55	-75	-20	-0.000203557138869	0.000874358011607	-0.000810888421312
-53	-75	-20	-0.000208436443286	0.000860808818648	-0.000826273883508
-51	-75	-20	-0.000212997611716	0.000843325585848	-0.000838651050831
-49	-75	-20	-0.000217567514236	0.00082332495671	-0.000848184855642
-47	-75	-20	-0.000222512126834	0.000802453003403	-0.000855184588458
-45	-75	-20	-0.000228217580408	0.000782488857605	-0.000860085436427
-43	-75	-20	-0.000235068777179	0.000765233929436	-0.000863423038419
-41	-75	-20	-0.000243426862155	0.000752394098928	-0.000865802904379
-39	-75	-20	-0.000253606982059	0.000745463114091	-0.000867866832653
-37	-75	-20	-0.000265857805035	0.000745615660707	-0.00087025857457
-35	-75	-20	-0.000280344203716	0.000753618139127	-0.000873590938592
-33	-75	-20	-0.000297134323816	0.000769764105215	-0.000878416309408
-31	-75	-20	-0.00031619198145	0.000793839674106	-0.000885202205818
-29	-75	-20	-0.00033737497545	0.000825122066277	-0.00089431305062
-27	-75	-20	-0.000360439493399	0.000862412057158	-0.000905998817481
-25	-75	-20	-0.000385050364576	0.000904098565039	-0.000920390698007
-23	-75	-20	-0.000410796503952	0.000948251181429	-0.000937503439
-21	-75	-20	-0.00043721053222	0.000992734312619	-0.000957243572143
-19	-75	-20	-0.000463791276838	0.00103533493877	-0.000979422424706
-17	-75	-20	-0.000490027680539	0.00107389494703	-0.00100377257898
-15	-75	-20	-0.000515422580262	0.00110643864761	-0.00102996634782
-13	-75	-20	-0.000539514874258	0.0011312864678	-0.00105763485082
-11	-75	-20	-0.000561898761606	0.00114714690796	-0.00108638639835
-9	-75	-20	-0.000582239000004	0.00115318054697	-0.00111582309845
-7	-75	-20	-0.000600281460608	0.00114903206197	-0.00114555487028
-5	-75	-20	-0.000615858633387	0.00113482869991	-0.0011752103498
-3	-75	-20	-0.000628890120836	0.0011111462037	-0.00120444448112
-1	-75	-20	-0.000639378520362	0.00107894564653	-0.00123294287702
1	-75	-20	-0.000647401407577	0.00103948676731	-0.00126042328239
3	-75	-20	-0.000653100370807	0.000994225061884	-0.00128663467099
5	-75	-20	-0.000656668195453	0.00094470094201	-0.00131135463841
7	-75	-20	-0.000658335347125	0.000892429654142	-0.00133438581986
9	-75	-20	-0.000658356855071	0.000838800335029	-0.0013555520609
11	-75	-20	-0.000657000560173	0.000784991610777	-0.00137469500971
13	-75	-20	-0.000654537479337	0.000731909611922	-0.00139167168958
15	-75	-20	-0.000651234770189	0.000680152314051	-0.00140635346263
17	-75	-20	-0.000647351480024	0.000630001887808	-0.00141862662373
19	-75	-20	-0.000643136955867	0.000581444436845	-0.00142839468136
21	-75	-20	-0.000638831503303	0.000534214302987	-0.00143558220312
23	-75	-20	-0.000634668633898	0.000487858197071	-0.00144013994177
25	-75	-20	-0.000630878054778	0.000441812918788	-0.00144205082283
27	-75	-20	-0.000627688445561	0.000395489469602	-0.00144133627719
29	-75	-20	-0.000625329048124	0.000348356005613	-0.00143806234667
31	-75	-20	-0.000624029168702	0.000300012339569	-0.00143234498051
33	-75	-20	-0.000624014857802	0.000250249551944	-0.0014243539749
35	-75	-20	-0.000625502283095	0.000199089633087	-0.00141431508185
37	-75	-20	-0.000628687628569	0.000146801836118	-0.00140250991984
39	-75	-20	-0.000633733718401	9.38944279127e-05	-0.00138927344709
41	-75	-20	-0.000640753949293	4.10826196937e-05	-0.00137498889751
43	-75	-20	-0.000649794489709	-1.07645293513e-05	-0.00136008021757
45	-75	-20	-0.000660816035474	-6.06936733242e-05	-0.00134500216971
47	-75	-20	-0.000673676666078	-0.000107747258593	-0.00133022837528
49	-75	-20	-0.000688117494901	-0.000151047281154	-0.00131623765412
51	-75	-20	-0.00070375282573	-0.00018987555299	-0.00130349907621
53	-75	-20	-0.000720066401949	-0.000223743564276	-0.00129245617631
55	-75	-20	-0.000736415059194	-0.000252445847716	-0.00128351080062
57	-75	-20	-0.000752040675249	-0.000276092065811	-0.00127700706162
59	-75	-20	-0.000766090773813	-0.000295114743533	-0.00127321588132
61	-75	-20	-0.000777647515658	-0.000310251518926	-0.00127232060985
63	-75	-20	-0.000785764146542	-0.000322502824262	-0.00127440421894
65	-75	-20	-0.000789507319102	-0.000333067875452	-0.00127943858862
67	-75	-20	-0.000788003122092	-0.000343263579344	-0.00128727642514
69	-75	-20	-0.000780484189949	-0.00035443232908	-0.00129764636067
71	-75	-20	-0.000766334976935	-0.000367845539641	-0.00131015177943
73	-75	-20	-0.000745132199306	-0.00038461011199	-0.00132427387681
75	-75	-20	-0.000716677596011	-0.000405584782779	-0.00133937937642
77	-75	-20	-0.000681020533954	-0.000431312542245	-0.00135473319468
79	-75	-20	-0.000638468567919	-0.000461974054701	-0.00136951614923
81	-75	-20	-0.000589584818084	-0.00049736540096	-0.00138284755949
83	-75	-20	-0.000535171893368	-0.000536901615629	-0.00139381229357
85	-75	-20	-0.000476242998054	-0.000579645566769	-0.00140149149619
87	-75	-20	-0.000413981738285	-0.000624359876378	-0.00140499591004
89	-75	-20	-0.000349692921131	-0.00066957795345	-0.00140350040994
91	-75	-20	-0.000284747247625	-0.000713688930312	-0.00139627813523
93	-75	-20	-0.000220523192576	-0.000755030448867	-0.00138273246303
95	-75	-20	-0.000158349507698	-0.000791982888187	-0.00136242503484
97	-75	-20	-9.94516725306e-05	-0.000823058767715	-0.00133509814988
99	-75	-20	-4.49052644042e-05	-0.000846981668589	-0.00130069007138
-99	-73	-20	1.31683943826e-06	0.000497793096954	-0.000378094298312
-97	-73	-20	-4.11826764737e-08	0.000511536746585	-0.00038344314021
-95	-73	-20	-2.44651068001e-06	0.000527109166869	-0.000388769876559
-93	-73	-20	-6.08883575606e-06	0.00054554311021	-0.000394799684348
-91	-73	-20	-1.11352905334e-05	0.000567832402708	-0.000402298610486
-89	-73	-20	-1.7716996078e-05	0.00059485058859	-0.000412028672881
-87	-73	-20	-2.59157809011e-05	0.000627267457112	-0.00042469920262
-85	-73	-20	-3.57520749832e-05	0.000665469685916	-0.000440917519271
-83	-73	-20	-4.71750500957e-05	0.000709492312203	-0.000461142336204
-81	-73	-20	-6.0056066479e-05	0.000758967715859	-0.000485643352145
-79	-73	-20	-7.4186384251e-05	0.000813098207388	-0.000514470275732
-77	-73	-20	-8.92799017722e-05	0.000870657142703	-0.000547434050405
-75	-73	-20	-0.00010498139687	0.00093002177152	-0.000584102320087
-73	-73	-20	-0.000120880383583	0.000989238854223	-0.00062381024751
-71	-73	-20	-0.000136530279039	0.00104612159187	-0.000665686732536
-69	-73	-20	-0.000151472132039	0.00109837378675	-0.00070869495873
-67	-73	-20	-0.000165261732489	0.00114373459828	-0.000751685112403
-65	-73	-20	-0.000177498537487	0.0011801350064	-0.000793456160068
-63	-73	-20	-0.000187854553705	0.00120585536201	-0.00083282282048
-61	-73	-20	-0.00019610114052	0.00121967238515	-0.000868683393962
-59	-73	-20	-0.00020213167033	0.00122098381255	-0.000900083959905
-57	-73	-20	-0.000205978116679	0.00120989968143	-0.00092627464204
-55	-73	-20	-0.000207819939081	0.00118729097083	-0.000946754159854
-53	-73	-20	-0.000207984083182	0.00115478893069	-0.000961299694652
-51	-73	-20	-0.000206935488934	0.00111473175234	-0.000969980135806
-49	-73	-20	-0.000205258158096	0.00107005904173	-0.000973151952892
-47	-73	-20	-0.000203627525702	0.00102415855987	-0.000971438166674
-45	-73	-20	-0.000202775552501	0.000980673571375	-0.000965692066853
-43	-73	-20	-0.000203450550168	0.000943282562095	-0.000956948353582
-41	-73	-20	-0.000206374215473	0.000915465744164	-0.000946365183224
-39	-73	-20	-0.000212198640387	0.00090027440482	-0.00093516111795
-37	-73	-20	-0.000221466152035	0.000900119594981	-0.000924551180529
-35	-73	-20	-0.000234574706359	0.000916595810488	-0.000915686094687
-33	-73	-20	-0.000251751217356	0.000950353216213	-0.000909598370069
-31	-73	-20	-0.000273034673381	0.00100102873225	-0.000907158215577
-29	-73	-20	-0.000298270213509	0.00106724217408	-0.000909041401623
-27	-73	-20	-0.000327114564014	0.00114665892961	-0.000915710218917
-25	-73	-20	-0.000359052429822	0.00123611573727	-0.000927407682301
-23	-73	-20	-0.000393422663899	0.00133180139767	-0.000944164183754
-21	-73	-20	-0.000429452361468	0.00142948009588	-0.000965814980518
-19	-73	-20	-0.000466296500059	0.00152474177676	-0.000992026268946
-17	-73	-20	-0.000503080411645	0.00161326197314	-0.00102232717999
-15	-73	-20	-0.000538942253694	0.0016910528097	-0.00105614485517
-13	-73	-20	-0.000573072747474	0.00175468765189	-0.00109283981913
-11	-73	-20	-0.000604749760845	0.00180148397953	-0.00113173913418
-9	-73	-20	-0.000633365798507	0.00182963236348	-0.00117216526603
-7	-73	-20	-0.000658447080451	0.00183826363818	-0.00121345916013
-5	-73	-20	-0.000679663584629	0.00182745114451	-0.00125499666945
-3	-73	-20	-0.000696830143415	0.00179814987513	-0.00129619813237
-1	-73	-20	-0.000709899356601	0.00175207908646	-0.00133653151963
1	-73	-20	-0.000718947663197	0.00169155907045	-0.0013755101076
3	-73	-20	-0.00072415635679	0.00161931598406	-0.00141268605449
5	-73	-20	-0.000725789603742	0.00153827067494	-0.0014476415316
7	-73	-20	-0.000724171614051	0.00145132817895	-0.00147997918083
9	-73	-20	-0.000719665020163	0.00136118396729	-0.00150931363111
11	-73	-20	-0.000712652252863	0.00127016116688	-0.00153526562043
13	-73	-20	-0.000703521291778	0.00118009004413	-0.0015574599564
15	-73	-20	-0.000692656647557	0.00109223728931	-0.00157552813478
17	-73	-20	-0.000680435847183	0.00100728838458	-0.00158911595664
19	-73	-20	-0.000667231091211	0.000925381934618	-0.00159789597768
21	-73	-20	-0.000653415180813	0.000846190637679	-0.00160158412862
23	-73	-20	-0.000639370319923	0.000769039906571	-0.00159995940103
25	-73	-20	-0.000625498024986	0.000693052293159	-0.0015928851343
27	-73	-20	-0.000612228155356	0.000617304036028	-0.00158033019511
29	-73	-20	-0.00060002503473	0.000540979364679	-0.00156238823222
31	-73	-20	-0.000589388779639	0.000463508688243	-0.00153929322594
33	-73	-20	-0.000580850282985	0.000384678412828	-0.00151142973281
35	-73	-20	-0.000574958802902	0.000304702723279	-0.00147933653793
37	-73	-20	-0.000572261749654	0.000224251012216	-0.00144370284621
39	-73	-20	-0.000573277002657	0.000144428465285	-0.00140535663488
41	-73	-20	-0.00057845887147	6.67113056288e-05	-0.00136524531392
43	-73	-20	-0.000588159576472	-7.15795864592e-06	-0.00132440935409
45	-73	-20	-0.000602588800315	-7.53065595311e-05	-0.00128395000407
47	-73	-20	-0.000621774385049	-0.000135887390031	-0.0012449925914
49	-73	-20	-0.000645527563307	-0.000187241729642	-0.00120864716044
51	-73	-20	-0.000673416169064	-0.000228055039656	-0.00117596832875
53	-73	-20	-0.000704749045696	-0.00025749256856	-0.00114791623896
55	-73	-20	-0.000738574350042	-0.000275303058635	-0.00112532035697
57	-73	-20	-0.000773693659315	-0.000281881342286	-0.00110884764058
59	-73	-20	-0.000808692766928	-0.000278283855346	-0.00109897630441
61	-73	-20	-0.000841988871424	-0.000266194809791	-0.00109597607171
63	-73	-20	-0.000871892607123	-0.000247844657623	-0.00109989546334
65	-73	-20	-0.000896682136439	-0.000225886225997	-0.00111055635834
67	-73	-20	-0.000914685427499	-0.000203237209534	-0.00112755579048
69	-73	-20	-0.000924365977286	-0.000182900306067	-0.00115027473135
71	-73	-20	-0.000924406696201	-0.000167773974346	-0.00117789345472
73	-73	-20	-0.000913786507098	-0.000160467450859	-0.00120941296963
75	-73	-20	-0.000891844462209	-0.000163133249227	-0.00124368193535
77	-73	-20	-0.000858326841304	-0.000177328930199	-0.00127942840987
79	-73	-20	-0.000813413723579	-0.000203917607313	-0.00131529571584
81	-73	-20	-0.000757722849982	-0.000243013647975	-0.00134988161756
83	-73	-20	-0.000692290109425	-0.000293976599235	-0.00138177988253
85	-73	-20	-0.000618527570315	-0.000355452797853	-0.00140962315225
87	-73	-20	-0.000538161508621	-0.000425460704751	-0.00143212588076
89	-73	-20	-0.000453154230522	-0.000501513002406	-0.00144812593723
91	-73	-20	-0.000365614542482	-0.000580766133572	-0.00145662333733
93	-73	-20	-0.000277702402319	-0.00066018640233	-0.00145681449657
95	-73	-20	-0.000191533542745	-0.000736721091112	-0.00144812041617
97	-73	-20	-0.000109089683741	-0.000807463279171	-0.00143020733685
99	-73	-20	-3.21393694813e-05	-0.000869800112009	-0.0014029986417
-99	-71	-20	1.44984096532e-05	0.000526549496855	-0.000387278504946
-97	-71	-20	1.53607976873e-05	0.000540631456674	-0.000388033915551
-95	-71	-20	1.49228880052e-05	0.000558239931114	-0.000389133799655
-93	-71	-20	1.28816689216e-05	0.000580842780915	-0.000391605557162
-91	-71	-20	8.96272216711e-06	0.000609824770084	-0.000396519796115
-89	-71	-20	2.94118743506e-06	0.000646373090911	-0.000404928024728
-87	-71	-20	-5.33731405709e-06	0.000691360880341	-0.00041779558264
-85	-71	-20	-1.5937341816e-05	0.000745237477502	-0.000435934063254
-83	-71	-20	-2.88175390112e-05	0.000807934823719	-0.000459937891127
-81	-71	-20	-4.38194186148e-05	0.000878799351471	-0.000490129794253
-79	-71	-20	-6.06625241529e-05	0.000956557861538	-0.000526519617612
-77	-71	-20	-7.89471610898e-05	0.0010393242236	-0.000568780258694
-75	-71	-20	-9.81654622929e-05	0.00112465130174	-0.00061624349789
-73	-71	-20	-0.000117721001987	0.00120962942464	-0.000667917208871
-71	-71	-20	-0.000136956541008	0.00129102918502	-0.000722523956941
-69	-71	-20	-0.000155188817386	0.00136548262064	-0.000778559439235
-67	-71	-20	-0.000171748643994	0.00142969319978	-0.000834367714264
-65	-71	-20	-0.000186023996972	0.00148066183081	-0.000888228835938
-63	-71	-20	-0.000197503331525	0.00151591365125	-0.000938453465094
-61	-71	-20	-0.000205816095569	0.00153370890656	-0.000983478374721
-59	-71	-20	-0.00021076736496	0.00153322101341	-0.00102195655803
-57	-71	-20	-0.000212363718225	0.00151466603881	-0.00105283591832
-55	-71	-20	-0.000210827905995	0.0014793703258	-0.0010754212527
-53	-71	-20	-0.00020660053112	0.00142976675148	-0.00108941538397
-51	-71	-20	-0.000200327799204	0.001369314887	-0.00109493675701
-49	-71	-20	-0.00019283536681	0.00130234581102	-0.00109251247989
-47	-71	-20	-0.000185089332347	0.00123383809289	-0.00108304752039
-45	-71	-20	-0.000178146400908	0.00116913704608	-0.00106777242597
-43	-71	-20	-0.000173096126193	0.0011136342801	-0.00104817338652
-41	-71	-20	-0.000170998813562	0.00107242840841	-0.00102590959176
-39	-71	-20	-0.000172823095434	0.00104999012874	-0.00100272356502
-37	-71	-20	-0.000179387320718	0.00104985552259	-0.000980350435091
-35	-71	-20	-0.000191308715201	0.00107437019832	-0.000960431929894
-33	-71	-20	-0.000208963778091	0.00112450386081	-0.000944440270502
-31	-71	-20	-0.000232462616154	0.00119975021916	-0.000933616177927
-29	-71	-20	-0.000261638939929	0.00129812117684	-0.000928923970912
-27	-71	-20	-0.000296056334213	0.00141623744109	-0.000931025342465
-25	-71	-20	-0.000335030257416	0.00154951057771	-0.000940271974997
-23	-71	-20	-0.000377664115524	0.00169240469768	-0.000956715804371
-21	-71	-20	-0.000422896786129	0.00183875995549	-0.000980134574602
-19	-71	-20	-0.000469558213507	0.00198215536352	-0.00101006941886
-17	-71	-20	-0.000516429215401	0.00211628547534	-0.0010458706137
-15	-71	-20	-0.000562301469865	0.00223532451177	-0.00108674740753
-13	-71	-20	-0.000606033793514	0.00233425258196	-0.0011318179167
-11	-71	-20	-0.000646601261301	0.00240912169897	-0.00118015548306
-9	-71	-20	-0.000683134408271	0.00245724405285	-0.00123082854078
-7	-71	-20	-0.000714946631779	0.0024772910878	-0.0012829318794
-5	-71	-20	-0.000741548900726	0.00246929883142	-0.00133560813458
-3	-71	-20	-0.000762651892197	0.00243458207812	-0.00138805930701
-1	-71	-20	-0.000778156632289	0.00237556685502	-0.00143954902552
1	-71	-20	-0.000788135541275	0.00229555655469	-0.0014893970646
3	-71	-20	-0.000792806411865	0.00219845174083	-0.00153696824461
5	-71	-20	-0.000792502239329	0.0020884465765	-0.00158165824545
7	-71	-20	-0.000787639950538	0.00196972588935	-0.00162287903144
9	-71	-20	-0.00077869094377	0.00184618603024	-0.0016600465118
11	-71	-20	-0.000766155971175	0.00172120001512	-0.00169257276268
13	-71	-20	-0.000750546307931	0.00159744322014	-0.00171986464017
15	-71	-20	-0.000732372408098	0.00147679050125	-0.00174132996316
17	-71	-20	-0.000712140409118	0.00136028949129	-0.00175639169089
19	-71	-20	-0.000690355983369	0.00124820849305	-0.00176450972291
21	-71	-20	-0.00066753421594	0.00114015134569	-0.0017652091711
23	-71	-20	-0.000644213479947	0.00103522636672	-0.00175811325588
25	-71	-20	-0.000620970743943	0.000932252364522	-0.00174297841902
27	-71	-20	-0.000598435429125	0.000829982078152	-0.00171972887005
29	-71	-20	-0.000577298871374	0.000727322411816	-0.00168848762694
31	-71	-20	-0.000558316651803	0.000623531539125	-0.00164960119102
33	-71	-20	-0.000542301537244	0.00051837527107	-0.00160365531031
35	-71	-20	-0.000530105496099	0.000412228802464	-0.00155147981249
37	-71	-20	-0.000522590182254	0.000306114758123	-0.0014941411906
39	-71	-20	-0.000520586347693	0.000201673955699	-0.00143292244404
41	-71	-20	-0.000524843774726	0.000101071040168	-0.00136929055031
43	-71	-20	-0.000535974420936	6.84266444568e-06	-0.00130485279614
45	-71	-20	-0.000554392448288	-7.82992494566e-05	-0.00124130396136
47	-71	-20	-0.000580255568068	-0.000151692819193	-0.00118036696301
49	-71	-20	-0.000613412591185	-0.000210961261886	-0.00112372998405
51	-71	-20	-0.000653362162588	-0.000254237954442	-0.00107298330237
53	-71	-20	-0.000699227338782	-0.000280362418438	-0.001029558995
55	-71	-20	-0.000749749930157	-0.000289030373435	-0.000994676434817
57	-71	-20	-0.000803307402284	-0.000280884582419	-0.000969296057363
59	-71	-20	-0.000857953676318	-0.000257537857999	-0.000954083302479
61	-71	-20	-0.000911483485778	-0.000221524928069	-0.000949383988549
63	-71	-20	-0.000961518160564	-0.000176185440364	-0.000955211715882
65	-71	-20	-0.00100560896255	-0.000125485764696	-0.000971247275813
67	-71	-20	-0.00104135253997	-7.37919967477e-05	-0.000996849507814
69	-71	-20	-0.00106651184197	-2.56103014654e-05	-0.00103107662758
71	-71	-20	-0.00107913506089	1.46868324805e-05	-0.00107271675662
73	-71	-20	-0.0010776649341	4.31289017956e-05	-0.00112032621354
75	-71	-20	-0.00106103108322	5.63913152416e-05	-0.00117227405903
77	-71	-20	-0.00102871898772	5.19980304758e-05	-0.00122679139231
79	-71	-20	-0.000980810625757	2.84692974542e-05	-0.00128202394174
81	-71	-20	-0.000917993659893	-1.45948208871e-05	-0.00133608654516
83	-71	-20	-0.000841538157376	-7.64996034052e-05	-0.00138711815202
85	-71	-20	-0.000753242042136	-0.000155508883011	-0.00143333598425
87	-71	-20	-0.000655348600268	-0.000248960845152	-0.0014730874673
89	-71	-20	-0.000550441229183	-0.000353436684452	-0.00150489849806
91	-71	-20	-0.000441322083353	-0.000464969045903	-0.00152751657598
93	-71	-20	-0.000330882214327	-0.000579274968031	-0.00153994731786
95	-71	-20	-0.000221971164225	-0.000691997092953	-0.00154148293477
97	-71	-20	-0.000117273737308	-0.000798937220886	-0.00153172139961
99	-71	-20	-1.92008830835e-05	-0.000896267766783	-0.0015105752906
-99	-69	-20	2.79584202456e-05	0.000555734909465	-0.000397289843407
-97	-69	-20	3.06983515135e-05	0.000570365045379	-0.000394522712354
-95	-69	-20	3.19079413432e-05	0.000589891326047	-0.000392404241873
-93	-69	-20	3.11901575887e-05	0.000616135988718	-0.000392207080469
-91	-69	-20	2.81821773165e-05	0.000650802714193	-0.0003952490894
-89	-69	-20	2.25825949527e-05	0.000695335122956	-0.000402816907891
-87	-69	-20	1.41786774574e-05	0.000750773334146	-0.000416083937338
-85	-69	-20	2.87167094915e-06	0.000817619392742	-0.000436027936669
-83	-69	-20	-1.13019812113e-05	0.000895723164344	-0.000463353920316
-81	-69	-20	-2.81556351757e-05	0.000984200219602	-0.00049842813984
-79	-69	-20	-4.73455919156e-05	0.00108139217404	-0.000541228568931
-77	-69	-20	-6.83739463858e-05	0.00118487788216	-0.000591316495291
-75	-69	-20	-9.06021410324e-05	0.00129154086386	-0.000647832587758
-73	-69	-20	-0.000113275519785	0.00139769451644	-0.000709519228588
-71	-69	-20	-0.000135558368528	0.0014992622767	-0.000774769089752
-69	-69	-20	-0.000156578070446	0.00159200526251	-0.000841698025925
-67	-69	-20	-0.000175476168368	0.00167178541539	-0.000908238508613
-65	-69	-20	-0.000191463385246	0.00173484818504	-0.000972248190754
-63	-69	-20	-0.000203875080357	0.00177810573619	-0.00103162691224
-61	-69	-20	-0.000212223276634	0.00179939986454	-0.00108443465139
-59	-69	-20	-0.000216241332097	0.00179772354785	-0.00112900267513
-57	-69	-20	-0.000215917573085	0.00177338148202	-0.00116403047547
-55	-69	-20	-0.000211514761051	0.0017280730769	-0.00118866198533
-53	-69	-20	-0.00020357310284	0.00166488607795	-0.00120253597638
-51	-69	-20	-0.000192895584879	0.0015881949578	-0.00120580734619
-49	-69	-20	-0.000180515638952	0.0015034650711	-0.00119913805482
-47	-69	-20	-0.000167648437972	0.00141697077101	-0.00118365860712
-45	-69	-20	-0.000155628370556	0.00133544266507	-0.00116090302232
-43	-69	-20	-0.000145836348439	0.00126566534822	-0.00113272202377
-41	-69	-20	-0.000139621464162	0.00121405173716	-0.00110118057883
-39	-69	-20	-0.000138222058898	0.00118622307846	-0.00106844681906
-37	-69	-20	-0.000142691427936	0.00118662448722	-0.00103667971374
-35	-69	-20	-0.000153833161295	0.00121820434039	-0.00100792264722
-33	-69	-20	-0.000172150500097	0.00128218203782	-0.000984009299086
-31	-69	-20	-0.000197813130235	0.00137792279272	-0.000966487027756
-29	-69	-20	-0.000230643607862	0.0015029306393	-0.000956561428603
-27	-69	-20	-0.000270124214754	0.00165296231859	-0.000955064014216
-25	-69	-20	-0.000315423588666	0.00182225579728	-0.000962443195166
-23	-69	-20	-0.000365441082665	0.00200385860721	-0.000978777067691
-21	-69	-20	-0.00041886559046	0.0021900336697	-0.00100380506739
-19	-69	-20	-0.000474244628431	0.00237271441304	-0.00103697442672
-17	-69	-20	-0.000530058861947	0.0025439772948	-0.0010774966469
-15	-69	-20	-0.000584797045464	0.00269649861522	-0.00112440889363
-13	-69	-20	-0.000637026521408	0.00282396385934	-0.00117663534592
-11	-69	-20	-0.000685454966976	0.00292140162359	-0.0012330440299
-9	-69	-20	-0.000728979935211	0.00298542014906	-0.00129249548902
-7	-69	-20	-0.000766723827183	0.00301433210424	-0.00135388069206
-5	-69	-20	-0.000798053158803	0.00300816190383	-0.00141614676252
-3	-69	-20	-0.000822582244201	0.00296853880984	-0.00147831032591
-1	-69	-20	-0.000840162604095	0.00289848761034	-0.00153945941848
1	-69	-20	-0.000850860428959	0.00280213612944	-0.00159874589524
3	-69	-20	-0.000854925206504	0.00268436460999	-0.00165537104854
5	-69	-20	-0.000852753107331	0.00255042569683	-0.00170856765064
7	-69	-20	-0.000844848883243	0.0024055650827	-0.00175758183746
9	-69	-20	-0.000831789867748	0.00225467180677	-0.00180165815066
11	-69	-20	-0.000814195201338	0.00210198385975	-0.00184003066778
13	-69	-20	-0.000792702680736	0.00195086947035	-0.00187192251118
15	-69	-20	-0.000767954715532	0.00180369769362	-0.00189655518901
17	-69	-20	-0.000740593844112	0.0016618042676	-0.00191316825197
19	-69	-20	-0.000711267197891	0.00152555078014	-0.00192104872413
21	-69	-20	-0.000680638294594	0.00139446763113	-0.00191956876494
23	-69	-20	-0.000649403670034	0.00126746467596	-0.00190822912294
25	-69	-20	-0.000618311197053	0.00114308829821	-0.00188670522328
27	-69	-20	-0.000588176550027	0.00101980035808	-0.00185489225256
29	-69	-20	-0.000559894195793	0.000896253223315	-0.0018129454111
31	-69	-20	-0.000534439548366	0.000771535971337	-0.00176131161637
33	-69	-20	-0.000512859512617	0.000645369746343	-0.00170074936226
35	-69	-20	-0.000496249533635	0.000518234903174	-0.00163233413855
37	-69	-20	-0.000485716410752	0.00039141857398	-0.00155744774255
39	-69	-20	-0.00048232745151	0.00026697815936	-0.00147775089862
41	-69	-20	-0.000487047934691	0.000147623414477	-0.00139513975323
43	-69	-20	-0.000500670211464	3.65266965396e-05	-0.00131168793952
45	-69	-20	-0.000523738981539	-6.29229872117e-05	-0.0012295769136
47	-69	-20	-0.000556478220522	-0.000147401723657	-0.00115101807276
49	-69	-20	-0.000598725801106	-0.000213944734436	-0.00107817070967
51	-69	-20	-0.00064988196231	-0.000260228048574	-0.00101306009847
53	-69	-20	-0.000708877387532	-0.000284813978532	-0.00095749993836
55	-69	-20	-0.000774165742989	-0.000287339335488	-0.000913023015837
57	-69	-20	-0.000843744136769	-0.000268629781119	-0.000880823334292
59	-69	-20	-0.000915203163932	-0.000230729503585	-0.000861712164449
61	-69	-20	-0.000985806125546	-0.000176842050486	-0.000856089569368
63	-69	-20	-0.00105259480413	-0.000111185109486	-0.000863932036245
65	-69	-20	-0.00111251702186	-3.87687341103e-05	-0.000884795980512
67	-69	-20	-0.00116256928582	3.48875712556e-05	-0.000917836139276
69	-69	-20	-0.00119994631143	0.000104078836278	-0.000961837284793
71	-69	-20	-0.00122218825984	0.000163256571708	-0.00101525728553
73	-69	-20	-0.00122731623372	0.000207364375726	-0.00107627932037
75	-69	-20	-0.00121394700071	0.000232143609597	-0.00114287098875
77	-69	-20	-0.00118137904557	0.000234388079747	-0.00121284811849
79	-69	-20	-0.0011296438184	0.000212130762586	-0.00128394120977
81	-69	-20	-0.00105951831654	0.000164750911975	-0.00135386262158
83	-69	-20	-0.000972497734591	9.2995938973e-05	-0.00142037276902
85	-69	-20	-0.000870729631041	-1.08125793409e-06	-0.00148134372897
87	-69	-20	-0.00075691367091	-0.000114262817023	-0.00153481873797
89	-69	-20	-0.000634173298979	-0.000242372321226	-0.0015790661157
91	-69	-20	-0.000505907494854	-0.000380530973433	-0.00161262617985
93	-69	-20	-0.000375631921444	-0.000523444684759	-0.00163434976429
95	-69	-20	-0.000246819223296	-0.000665702036961	-0.0016434270442
97	-69	-20	-0.000122747945317	-0.000802063458214	-0.0016394055421
99	-69	-20	-6.36857469954e-06	-0.000927723769136	-0.00162219645718
-99	-67	-20	4.15768704433e-05	0.000584903699202	-0.000408179743113
-97	-67	-20	4.56369932615e-05	0.000600383601676	-0.000403420067593
-95	-67	-20	4.79721085986e-05	0.000621653293322	-0.000399526109176
-93	-67	-20	4.81215141602e-05	0.000650770833415	-0.000397933979608
-91	-67	-20	4.56637444543e-05	0.000689652848935	-0.000400126399923
-89	-67	-20	4.0248052497e-05	0.000739914930443	-0.000407546833261
-87	-67	-20	3.16259569489e-05	0.000802710113775	-0.00042150748167
-85	-67	-20	1.968054917e-05	0.000878577633918	-0.000443096966081
-83	-67	-20	4.45108748925e-06	0.000967315027483	-0.000473094066337
-81	-67	-20	-1.38495786403e-05	0.00106788656781	-0.000511893997196
-79	-67	-20	-3.48269899901e-05	0.00117837981998	-0.000559453290083
-77	-67	-20	-5.79082633085e-05	0.00129601976537	-0.000615258434163
-75	-67	-20	-8.23576402609e-05	0.00141724653014	-0.000678322044135
-73	-67	-20	-0.000107304745618	0.00153785842814	-0.000747208550479
-71	-67	-20	-0.000131784965947	0.00165321706655	-0.000820089374828
-69	-67	-20	-0.000154790370478	0.0017585060217	-0.000894825412868
-67	-67	-20	-0.000175328630851	0.00184902949433	-0.000969072571574
-65	-67	-20	-0.000192486541263	0.00192053285192	-0.00104040427114
-63	-67	-20	-0.000205494078501	0.00196952350479	-0.00110644338542
-61	-67	-20	-0.000213784545865	0.00199356853619	-0.00116499519002
-59	-67	-20	-0.000217046271926	0.00199154521553	-0.00121417260449
-57	-67	-20	-0.000215261615919	0.00196382214241	-0.0012525053919
-55	-67	-20	-0.000208729668615	0.00191235231421	-0.00127902599789
-53	-67	-20	-0.000198070001852	0.00184066473236	-0.0012933262974
-51	-67	-20	-0.000184206051599	0.00175374794281	-0.0012955815468
-49	-67	-20	-0.000168328131614	0.00165782667627	-0.00128654014885
-47	-67	-20	-0.000151837559981	0.00156004092719	-0.00126748024092
-45	-67	-20	-0.000136274819621	0.00146804472866	-0.00124013641739
-43	-67	-20	-0.000123235945867	0.00138954886934	-0.00120660191241
-41	-67	-20	-0.000114282328167	0.00133183722875	-0.00116921314068
-39	-67	-20	-0.000110849738311	0.00130128975092	-0.00113042450571
-37	-67	-20	-0.000114162592479	0.00130294596382	-0.00109268177127
-35	-67	-20	-0.000125159192921	0.00134014120743	-0.00105830204016
-33	-67	-20	-0.000144432989868	0.00141424340189	-0.00102936753966
-31	-67	-20	-0.000172193806748	0.00152451153684	-0.00100763906469
-29	-67	-20	-0.000208251567428	0.00166808856967	-0.000994493209824
-27	-67	-20	-0.000252023465908	0.00184013173049	-0.00099088558365
-25	-67	-20	-0.000302563856282	0.00203407310892	-0.000997340209974
-23	-67	-20	-0.000358614549099	0.00224199366178	-0.00101396344169
-21	-67	-20	-0.000418671807777	0.0024550852288	-0.00104047908693
-19	-67	-20	-0.000481065255639	0.00266416848847	-0.00107628018784
-17	-67	-20	-0.000544043212519	0.00286023058451	-0.00112049207651
-15	-67	-20	-0.000605858727165	0.00303494476214	-0.00117204099488
-13	-67	-20	-0.00066485076694	0.00318113589212	-0.0012297227016
-11	-67	-20	-0.000719515640374	0.00329316010355	-0.00129226605471
-9	-67	-20	-0.000768564697468	0.00336717353426	-0.00135838748055
-7	-67	-20	-0.000810965585833	0.00340127387564	-0.00142683341995
-5	-67	-20	-0.000845965727601	0.00339550822177	-0.00149640917198
-3	-67	-20	-0.000873098103793	0.00335175092473	-0.00156599391883
-1	-67	-20	-0.000892170772698	0.00327346488343	-0.00163454300442
1	-67	-20	-0.000903242701505	0.00316536817825	-0.00170107965722
3	-67	-20	-0.000906589370667	0.00303303454862	-0.00176467921596
5	-67	-20	-0.000902662158255	0.00288246040511	-0.0018244494802
7	-67	-20	-0.000892045696306	0.00271963258622	-0.00187951103425
9	-67	-20	-0.000875417211593	0.00255012985164	-0.00192898127626
11	-67	-20	-0.000853511346865	0.00237878730988	-0.0019719654428
13	-67	-20	-0.000827093157104	0.00220944697386	-0.00200755719282
15	-67	-20	-0.000796940960764	0.00204480995618	-0.00203485036303
17	-67	-20	-0.000763839584006	0.00188639711035	-0.00205296240496
19	-67	-20	-0.000728583360283	0.00173461591179	-0.00206106884782
21	-67	-20	-0.000691987133531	0.00158892277753	-0.00205844699273
23	-67	-20	-0.000654902551338	0.00144806251895	-0.00204452602439
25	-67	-20	-0.000618236205679	0.00131036077714	-0.00201893990935
27	-67	-20	-0.000582965748686	0.00117404153523	-0.0019815789081
29	-67	-20	-0.000550150025821	0.00103754038889	-0.00193263531204
31	-67	-20	-0.000520929551721	0.000899785253995	-0.00187263915323
33	-67	-20	-0.000496514302071	0.000760419475973	-0.00180248012385
35	-67	-20	-0.000478156777645	0.000619947580486	-0.00172341275304
37	-67	-20	-0.000467109556151	0.000479790720461	-0.00163704296178
39	-67	-20	-0.000464567999475	0.000342246666955	-0.00154529536975
41	-67	-20	-0.000471600322072	0.000210357327193	-0.00145036206063
43	-67	-20	-0.000489068727839	8.76945986294e-05	-0.00135463481518
45	-67	-20	-0.000517546656966	-2.19177409561e-05	-0.00126062398767
47	-67	-20	-0.000557238221952	-0.000114722996148	-0.00117086813454
49	-67	-20	-0.000607906536845	-0.000187364751761	-0.0010878391309
51	-67	-20	-0.00066881776422	-0.000237206357654	-0.00101384778456
53	-67	-20	-0.000738707263553	-0.000262609693039	-0.000950954866425
55	-67	-20	-0.000815773209677	-0.000263149327871	-0.000900892040702
57	-67	-20	-0.000897701497153	-0.000239743245405	-0.000864996451235
59	-67	-20	-0.000981723742619	-0.000194687840569	-0.000844161776624
61	-67	-20	-0.00106470787656	-0.000131592426155	-0.00083880749922
63	-67	-20	-0.00114327835099	-5.52163496888e-05	-0.00084886703791
65	-67	-20	-0.00121396057858	2.87805898059e-05	-0.000873794363262
67	-67	-20	-0.00127334206836	0.00011415704356	-0.000912587822089
69	-67	-20	-0.00131824103042	0.000194455683686	-0.000963829200469
71	-67	-20	-0.0013458721536	0.000263389355955	-0.00102573557701
73	-67	-20	-0.00135399893681	0.000315220371938	-0.00109622126172
75	-67	-20	-0.00134106243521	0.000345106296456	-0.0011729670563
77	-67	-20	-0.00130627755738	0.000349388433437	-0.001253494167
79	-67	-20	-0.00124969003821	0.000325803834633	-0.00133524029829
81	-67	-20	-0.00117218976815	0.000273607635579	-0.001415635701
83	-67	-20	-0.00107547908266	0.000193599344219	-0.001492177194
85	-67	-20	-0.000961997672293	8.80537972922e-05	-0.00156249838992
87	-67	-20	-0.000834808713384	-3.94357178369e-05	-0.00162443451621
89	-67	-20	-0.000697453404459	-0.000184188731737	-0.00167608033388
91	-67	-20	-0.000553783116311	-0.000340725135026	-0.00171583973704
93	-67	-20	-0.000407779669645	-0.000503087790088	-0.00174246569583
95	-67	-20	-0.000263374753276	-0.000665177670841	-0.00175508932052
97	-67	-20	-0.000124279170776	-0.000821079409784	-0.00175323700845
99	-67	-20	6.16849081702e-06	-0.000965357171745	-0.00173683491395
-99	-65	-20	5.53005786272e-05	0.000613713948799	-0.000419959822422
-97	-65	-20	5.9916369984e-05	0.000630444621019	-0.000415123471487
-95	-65	-20	6.26575626569e-05	0.000653257978318	-0.000411264541637
-93	-65	-20	6.30404891843e-05	0.000684296622791	-0.000409880478785
-91	-65	-20	6.06250867972e-05	0.000725554675938	-0.000412515829704
-89	-65	-20	5.50480386839e-05	0.000778711442663	-0.000420672785199
-87	-65	-20	4.60559018898e-05	0.00084496312919	-0.000435715368177
-85	-65	-20	3.35357924774e-05	0.000924865323945	-0.000458773323633
-83	-65	-20	1.75410240137e-05	0.00101819987721	-0.000490652347752
-81	-65	-20	-1.69088685959e-06	0.00112387971727	-0.000531757396359
-79	-65	-20	-2.37301985852e-05	0.00123990389062	-0.000582035390357
-77	-65	-20	-4.79587955865e-05	0.00136337267348	-0.000640942682278
-75	-65	-20	-7.35871240403e-05	0.00149056903693	-0.000707441205362
-73	-65	-20	-9.96845653076e-05	0.00161710823507	-0.000780025382434
-71	-65	-20	-0.000125222611187	0.00173815210674	-0.000856779755471
-69	-65	-20	-0.000149129158344	0.001848679211	-0.000935465068504
-67	-65	-20	-0.000170351218217	0.00194379659605	-0.0010136283755
-65	-65	-20	-0.000187922433614	0.00201907430297	-0.00108873083252
-63	-65	-20	-0.000201031092354	0.00207088009432	-0.00115828533729
-61	-65	-20	-0.000209083909796	0.0020966897841	-0.00121999523698
-59	-65	-20	-0.000211760775132	0.00209534824504	-0.0012718850295
-57	-65	-20	-0.000209055954613	0.00206725786263	-0.00131241437517
-55	-65	-20	-0.000201301921131	0.00201447491216	-0.00134056779492
-53	-65	-20	-0.000189173003164	0.00194069989876	-0.00135591408097
-51	-65	-20	-0.000173667353779	0.00185115498772	-0.00135863155699
-49	-65	-20	-0.000156067240024	0.00175234977451	-0.00134949772743
-47	-65	-20	-0.000137879230537	0.00165174518775	-0.00132984435493
-45	-65	-20	-0.000120757387992	0.00155733359541	-0.00130148139768
-43	-65	-20	-0.000106413924881	0.00147716049094	-0.00126659533437
-41	-65	-20	-9.65228382843e-05	0.00141881881141	-0.00122762903913
-39	-65	-20	-9.26227051422e-05	0.00138895043408	-0.00118715142155
-37	-65	-20	-9.60250286137e-05	0.0013927903219	-0.00114772544994
-35	-65	-20	-0.000107734250683	0.00143378695884	-0.00111178291684
-33	-65	-20	-0.000128384799838	0.00151332817909	-0.00108151343051
-31	-65	-20	-0.000158199379868	0.00163059452967	-0.00105877371982
-29	-65	-20	-0.000196971217548	0.00178255341152	-0.00104502155739
-27	-65	-20	-0.000244071292926	0.00196409709588	-0.00104127659921
-25	-65	-20	-0.000298479813657	0.00216831711089	-0.00104810837929
-23	-65	-20	-0.000358839507618	0.00238689729497	-0.00106564975285
-21	-65	-20	-0.00042352683164	0.00261059885513	-0.00109363239921
-19	-65	-20	-0.000490736044921	0.00282980379673	-0.00113143969209
-17	-65	-20	-0.000558570359942	0.00303507869027	-0.00117817140086
-15	-65	-20	-0.000625134110994	0.00321771928504	-0.001232714336
-13	-65	-20	-0.000688620079509	0.00337023809598	-0.00129381318997
-11	-65	-20	-0.000747386754918	0.00348676164713	-0.00136013640615
-9	-65	-20	-0.000800021321757	0.00356331117693	-0.00143033285548
-7	-65	-20	-0.000845385451718	0.00359794970505	-0.00150307631356
-5	-65	-20	-0.00088264242692	0.00359078867887	-0.0015770960963
-3	-65	-20	-0.00091126560347	0.00354385811293	-0.00165119361185
-1	-65	-20	-0.000931029620411	0.00346085434249	-0.00172424590931
1	-65	-20	-0.00094198695932	0.00334678841815	-0.00179519845126
3	-65	-20	-0.000944433376443	0.00320756508132	-0.00186305022728
5	-65	-20	-0.000938866301593	0.00304952666445	-0.00192683490278
7	-65	-20	-0.000925940496127	0.00287899785516	-0.0019856019294
9	-65	-20	-0.000906425086756	0.00270186598561	-0.00203840142316
11	-65	-20	-0.000881165572771	0.00252322752649	-0.00208427616367
13	-65	-20	-0.000851053596031	0.00234712516279	-0.00212226332219
15	-65	-20	-0.000817006240427	0.00217639176502	-0.00215140754974
17	-65	-20	-0.000779955478327	0.00201260843107	-0.00217078592525
19	-65	-20	-0.000740847200811	0.00185617431417	-0.00217954406597
21	-65	-20	-0.000700648151902	0.00170647693064	-0.00217694153255
23	-65	-20	-0.000660358125122	0.00156214376368	-0.00216240361293
25	-65	-20	-0.000621024053392	0.00142134984434	-0.0021355757293
27	-65	-20	-0.000583752195169	0.00128215204682	-0.00209637615614
29	-65	-20	-0.000549714535956	0.00114281934752	-0.00204504251641
31	-65	-20	-0.000520145807197	0.00100212933691	-0.00198216766851
33	-65	-20	-0.000496328170824	0.000859604708506	-0.00190872110622
35	-65	-20	-0.000479561597255	0.000715668968709	-0.00182605283808
37	-65	-20	-0.000471119219763	0.000571707741047	-0.00173587782997
39	-65	-20	-0.000472188395701	0.00043003018963	-0.00164024040022
41	-65	-20	-0.000483799739404	0.000293733594951	-0.00154145934543
43	-65	-20	-0.000506747890372	0.000166482297259	-0.00144205593415
45	-65	-20	-0.000541509112608	5.22194265302e-05	-0.0013446681224
47	-65	-20	-0.000588161856592	-4.51645053499e-05	-0.00125195531881
49	-65	-20	-0.000646317036501	-0.00012217840771	-0.00116649868048
51	-65	-20	-0.000715064887859	-0.000176063671006	-0.00109070220419
53	-65	-20	-0.000792944815645	-0.000205085317972	-0.00102669977781
55	-65	-20	-0.000877943604736	-0.000208756330039	-0.000976272894517
57	-65	-20	-0.000967525778292	-0.000187975483759	-0.000940782962168
59	-65	-20	-0.00105869784179	-0.000145065848225	-0.00092112114118
61	-65	-20	-0.00114810577638	-8.37089159362e-05	-0.000917677512963
63	-65	-20	-0.00123216262046	-8.7775277257e-06	-0.000930330220047
65	-65	-20	-0.00130720050613	7.3921356298e-05	-0.000958454124546
67	-65	-20	-0.00136963931017	0.000157976027064	-0.00100094758491
69	-65	-20	-0.00141616234089	0.000236748045623	-0.00105627520963
71	-65	-20	-0.00144388838729	0.000303771841951	-0.00112252394058
73	-65	-20	-0.00145052913081	0.00035314741006	-0.00119746954893
75	-65	-20	-0.00143452142659	0.000379898439884	-0.00127865056913
77	-65	-20	-0.00139512529259	0.000380271177682	-0.00136344680651
79	-65	-20	-0.00133248051875	0.000351954100196	-0.00144915977643
81	-65	-20	-0.00124761747422	0.000294204692053	-0.00153309270964
83	-65	-20	-0.00114242074148	0.000207876693544	-0.00161262803811
85	-65	-20	-0.00101954739714	9.53485429208e-05	-0.00168530052034
87	-65	-20	-0.000882304830782	-3.96392237715e-05	-0.0017488643553
89	-65	-20	-0.000734495694211	-0.000192223680616	-0.00180135277031
91	-65	-20	-0.000580239688052	-0.000356717542421	-0.0018411286667
93	-65	-20	-0.00042378325531	-0.00052694352761	-0.0018669250004
95	-65	-20	-0.000269308768608	-0.000696581673064	-0.0018778736981
97	-65	-20	-0.000120754449009	-0.00085950665536	-0.00187352210022
99	-65	-20	1.83449033053e-05	-0.00101009428847	-0.0018538362061
-99	-63	-20	6.91653326159e-05	0.000641981743322	-0.000432597985403
-97	-63	-20	7.33881038581e-05	0.000660468647105	-0.000429874503867
-95	-63	-20	7.56374613834e-05	0.000684641118686	-0.000428125508696
-93	-63	-20	7.5456285951e-05	0.000716550401666	-0.000428793955155
-91	-63	-20	7.24348228861e-05	0.000758110323228	-0.000433369182703
-89	-63	-20	6.62423389144e-05	0.000810937406967	-0.000443300470375
-87	-63	-20	5.6658562738e-05	0.000876188952953	-0.000459904404717
-85	-63	-20	4.36025789262e-05	0.000954411322512	-0.000484271916074
-83	-63	-20	2.7156681407e-05	0.00104541155972	-0.000517181401124
-81	-63	-20	7.58271380008e-06	0.00114816538853	-0.000559024450283
-79	-63	-20	-1.46713460169e-05	0.00126077342153	-0.000609750291255
-77	-63	-20	-3.89763515562e-05	0.00138047506753	-0.000668834139704
-75	-63	-20	-6.45396422209e-05	0.00150372619416	-0.000735273254956
-73	-63	-20	-9.04356928252e-05	0.00162634225818	-0.000807612717883
-71	-63	-20	-0.000115649106252	0.00174370363317	-0.000884000904308
-69	-63	-20	-0.000139128282334	0.00185101460065	-0.000962272475483
-67	-63	-20	-0.00015984710538	0.00194360235257	-0.00104005462018
-65	-63	-20	-0.000176871114206	0.00201723783392	-0.00111489043591
-63	-63	-20	-0.000189423938194	0.00206845678153	-0.00118437189134
-61	-63	-20	-0.000196949377298	0.0020948572835	-0.00124627390065
-59	-63	-20	-0.000199164431336	0.00209534989726	-0.00129868075341
-57	-63	-20	-0.000196098877845	0.00207033799543	-0.00134009651831
-55	-63	-20	-0.000188117661528	0.00202180957787	-0.00136953205822
-53	-63	-20	-0.000175923362507	0.00195332714382	-0.00138656288128
-51	-63	-20	-0.000160537293727	0.00186990903925	-0.00139135408489
-49	-63	-20	-0.000143259250099	0.0017778035126	-0.00138465096218
-47	-63	-20	-0.000125607481476	0.00168416493475	-0.00136773624546
-45	-63	-20	-0.000109241964203	0.0015966496062	-0.00134235726452
-43	-63	-20	-9.58753757528e-05	0.00152295560622	-0.00131062831429
-41	-63	-20	-8.71772177094e-05	0.00147033660051	-0.00127491510013
-39	-63	-20	-8.46771889058e-05	0.00144512288507	-0.00123770914348
-37	-63	-20	-8.96741180844e-05	0.0014522838287	-0.00120150042145
-35	-63	-20	-0.000103156496329	0.00149506410816	-0.00116865626973
-33	-63	-20	-0.000125739916917	0.0015747217515	-0.00114131374393
-31	-63	-20	-0.000157625587483	0.00169038928582	-0.00112129130096
-29	-63	-20	-0.000198582616015	0.00183907070401	-0.00111002396079
-27	-63	-20	-0.000247955105802	0.00201577717281	-0.00110852419292
-25	-63	-20	-0.00030469336067	0.00221379417324	-0.00111736880711
-23	-63	-20	-0.00036740684126	0.00242506292053	-0.00113671027309
-21	-63	-20	-0.000434435059319	0.00264065026302	-0.00116630928951
-19	-63	-20	-0.000503931463736	0.00285127452843	-0.00120558418049
-17	-63	-20	-0.000573954643857	0.00304785053772	-0.00125367189145
-15	-63	-20	-0.000642560900117	0.00322201560427	-0.00130949501904
-13	-63	-20	-0.000707892417057	0.00336659990263	-0.00137182943456
-11	-63	-20	-0.00076825588741	0.00347600900284	-0.00143936760367
-9	-63	-20	-0.000822187411084	0.0035464932588	-0.00151077359282
-7	-63	-20	-0.000868500734189	0.00357628754306	-0.00158472688957
-5	-63	-20	-0.000906317287447	0.00356561480929	-0.00165995344245
-3	-63	-20	-0.000935077909369	0.00351655732138	-0.00173524363567
-1	-63	-20	-0.000954537480157	0.00343280927375	-0.00180945814975
1	-63	-20	-0.000964744843486	0.00331933315566	-0.00188152372975
3	-63	-20	-0.000966011272697	0.00318194891047	-0.00195042171321
5	-63	-20	-0.000958871289981	0.00302688920988	-0.00201517270909
7	-63	-20	-0.000944039846039	0.00286035571084	-0.00207482103676
9	-63	-20	-0.000922369717267	0.00268810992735	-0.0021284224261
11	-63	-20	-0.000894812508584	0.00251512849287	-0.00217503806319
13	-63	-20	-0.000862385916499	0.00234534648417	-0.00221373737888
15	-63	-20	-0.000826148979736	0.00218150466605	-0.00224361107671
17	-63	-20	-0.000787186006088	0.00202510766355	-0.00226379485196
19	-63	-20	-0.000746598801092	0.00187649090423	-0.00227350314753
21	-63	-20	-0.000705505823104	0.0017349854343	-0.0022720712106
23	-63	-20	-0.000665046030607	0.00159916208162	-0.00225900274371
25	-63	-20	-0.000626384541151	0.0014671304954	-0.00223401966679
27	-63	-20	-0.000590716842845	0.00133686476845	-0.00219710999034
29	-63	-20	-0.000559268227168	0.00120652589988	-0.00214856959639
31	-63	-20	-0.000533285364527	0.00107475234895	-0.00208903386013
33	-63	-20	-0.000514017517808	0.000940893237019	-0.00201949552175
35	-63	-20	-0.000502685757414	0.000805164068606	-0.00194130600819
37	-63	-20	-0.000500439653567	0.000668711708846	-0.00185615845065
39	-63	-20	-0.000508302204934	0.000533583200125	-0.00176605186878
41	-63	-20	-0.000527105124139	0.000402601187718	-0.00167323729652
43	-63	-20	-0.000557417931913	0.000279156593284	-0.00158014790283
45	-63	-20	-0.000599475495564	0.000166936100966	-0.00148931630604
47	-63	-20	-0.000653109566473	6.96074582078e-05	-0.00140328319846
49	-63	-20	-0.000717690417536	-9.51087989053e-06	-0.00132450201405
51	-63	-20	-0.000792084767314	-6.77678847859e-05	-0.00125524463848
53	-63	-20	-0.000874635745868	-0.000103458909137	-0.00119751306547
55	-63	-20	-0.000963169690576	-0.000116041601102	-0.00115296146292
57	-63	-20	-0.00105503308685	-0.000106269926768	-0.00112283238019
59	-63	-20	-0.00114716106519	-7.62339522098e-05	-0.00110790987642
61	-63	-20	-0.00123617665545	-2.9300497335e-05	-0.00110849127268
63	-63	-20	-0.00131851764288	3.00424177094e-05	-0.00112437812382
65	-63	-20	-0.00139058555866	9.64268889688e-05	-0.00115488596188
67	-63	-20	-0.0014489092696	0.000163915127588	-0.00119887145874
69	-63	-20	-0.00149031400237	0.000226355836826	-0.00125477494762
71	-63	-20	-0.0015120856138	0.000277761251611	-0.00132067575856
73	-63	-20	-0.00151211962402	0.000312677772524	-0.00139435756451
75	-63	-20	-0.00148904502795	0.000326523904113	-0.00147338087787
77	-63	-20	-0.00144231418876	0.000315872010343	-0.00155515994062
79	-63	-20	-0.00137225211953	0.000278654956574	-0.00163704146072
81	-63	-20	-0.00128006103428	0.00021428460765	-0.00171638290745
83	-63	-20	-0.00116777899909	0.00012367588454	-0.00179062834033
85	-63	-20	-0.00103819460294	9.1770826884e-06	-0.00185737997271
87	-63	-20	-0.000894722544169	-0.000125586144782	-0.00191446384548
89	-63	-20	-0.00074124764829	-0.000275939859408	-0.00195998810751
91	-63	-20	-0.000581946883157	-0.000436446065815	-0.00199239248716
93	-63	-20	-0.000421100256769	-0.000601221142885	-0.00201048762307
95	-63	-20	-0.000262901975776	-0.000764266199881	-0.00201348304047
97	-63	-20	-0.000111282888153	-0.000919787495262	-0.00200100274561
99	-63	-20	3.02459148543e-05	-0.00106248707561	-0.00197308769473
-99	-61	-20	8.33166645057e-05	0.00066972773732	-0.000446015095957
-97	-61	-20	8.60537032076e-05	0.000690582726124	-0.000447720600729
-95	-61	-20	8.67698713242e-05	0.000715993410575	-0.000450284592124
-93	-61	-20	8.50904873847e-05	0.000747729956012	-0.000454974561008
-91	-61	-20	8.06915786228e-05	0.000787455321984	-0.000463102168193
-89	-61	-20	7.33265498978e-05	0.000836585984465	-0.000475946675823
-87	-61	-20	6.28522851898e-05	0.000896150491544	-0.000494672769998
-85	-61	-20	4.9252697221e-05	0.00096665655175	-0.000520247973911
-83	-61	-20	3.26576096548e-05	0.00104797814222	-0.000553365352276
-81	-61	-20	1.33548818663e-05	0.00113927404697	-0.000594377299489
-79	-61	-20	-8.20610938329e-06	0.00123894818761	-0.0006432458446
-77	-61	-20	-3.14211253475e-05	0.00134466005956	-0.00069951409177
-75	-61	-20	-5.55487806707e-05	0.00145339059313	-0.000762302181382
-73	-61	-20	-7.97395170296e-05	0.00156156496949	-0.00083032957993
-71	-61	-20	-0.000103075198789	0.00166522957559	-0.000901963696851
-69	-61	-20	-0.000124617809174	0.00176027569278	-0.000975292920962
-67	-61	-20	-0.000143464860374	0.00184269805325	-0.00104822032099
-65	-61	-20	-0.000158808363121	0.00190887246048	-0.00111857261888
-63	-61	-20	-0.000169993606745	0.00195583364563	-0.00118421776365
-61	-61	-20	-0.000176573647789	0.00198153276365	-0.00124318362497
-59	-61	-20	-0.000178355346384	0.00198505368503	-0.00129377006767
-57	-61	-20	-0.000175433055689	0.00196676866257	-0.00133464699567
-55	-61	-20	-0.000168206664775	0.00192841706347	-0.00136493184867
-53	-61	-20	-0.000157381594508	0.00187309552359	-0.00138424143103
-51	-61	-20	-0.000143949495266	0.00180515382443	-0.00139271474081
-49	-61	-20	-0.000129149715223	0.00172999760456	-0.00139100550111
-47	-61	-20	-0.000114412998713	0.00165380618104	-0.00138024521265
-45	-61	-20	-0.000101290224634	0.0015831806976	-0.00136197957217
-43	-61	-20	-9.13701915624e-05	0.00152474394184	-0.00133808287625
-41	-61	-20	-8.61913942837e-05	0.00148471793123	-0.00131065641498
-39	-61	-20	-8.71533294634e-05	0.00146850829215	-0.00128191775544
-37	-61	-20	-9.54330568802e-05	0.00148032522097	-0.0012540881637
-35	-61	-20	-0.000111912501448	0.00152286926451	-0.00122928520761
-33	-61	-20	-0.000137121321232	0.00159710632602	-0.00120942686156
-31	-61	-20	-0.000171199135568	0.00170215042571	-0.00119615227814
-29	-61	-20	-0.000213879585731	0.00183526523843	-0.00119076291597
-27	-61	-20	-0.000264497194594	0.00199198686442	-0.00119418605192
-25	-61	-20	-0.000322016423767	0.00216636133513	-0.00120696100348
-23	-61	-20	-0.000385080824032	0.00235128173938	-0.00122924678094
-21	-61	-20	-0.000452078857848	0.00253890228263	-0.00126084850051
-19	-61	-20	-0.000521221943825	0.0027211006973	-0.00130125881428
-17	-61	-20	-0.000590629607824	0.00288995670178	-0.0013497099122
-15	-61	-20	-0.000658416365819	0.00303821298111	-0.00140523135313
-13	-61	-20	-0.000722775115606	0.00315968654357	-0.00146670907795
-11	-61	-20	-0.000782052347901	0.00324960218776	-0.00153294140877
-9	-61	-20	-0.000834811340708	0.0033048258775	-0.0016026885796
-7	-61	-20	-0.000879880587984	0.00332398356643	-0.00167471329397
-5	-61	-20	-0.000916385932764	0.00330745980582	-0.00174781087134
-3	-61	-20	-0.000943766119062	0.00325727958652	-0.00182082863457
-1	-61	-20	-0.000961772643278	0.00317688557302	-0.00189267521715
1	-61	-20	-0.000970455785454	0.00307083048948	-0.00196232135618
3	-61	-20	-0.000970139464546	0.00294441032134	-0.00202879442527
5	-61	-20	-0.000961388045826	0.00280326776232	-0.0020911694089
7	-61	-20	-0.000944968414913	0.00265299670496	-0.00214855920459
9	-61	-20	-0.000921810529692	0.00249877748897	-0.0022001070589
11	-61	-20	-0.000892969299102	0.00234506922826	-0.00224498361252
13	-61	-20	-0.000859590065042	0.00219538016241	-0.00228239048155
15	-61	-20	-0.000822879241625	0.00205213009983	-0.00231157158017
17	-61	-20	-0.000784080862674	0.00191661122466	-0.00233183255364
19	-61	-20	-0.000744458973328	0.00178904547087	-0.00234256780271
21	-61	-20	-0.000705285041262	0.0016687289738	-0.00234329371161
23	-61	-20	-0.000667828917166	0.00155424739219	-0.00233368591153
25	-61	-20	-0.000633351392785	0.00144374066065	-0.00231361778419
27	-61	-20	-0.000603096126662	0.00133519236118	-0.00228319699335
29	-61	-20	-0.000578278658218	0.00122671761551	-0.00224279666603
31	-61	-20	-0.000560070421217	0.00111682425018	-0.0021930779557
33	-61	-20	-0.000549576094081	0.00100462485929	-0.00213500110673
35	-61	-20	-0.000547803266986	0.000889982014016	-0.00206982278334
37	-61	-20	-0.000555624227899	0.00077357484161	-0.00199907828244
39	-61	-20	-0.000573730619139	0.000656882018333	-0.00192454825401
41	-61	-20	-0.000602582725071	0.000542083333629	-0.0018482106257
43	-61	-20	-0.000642356140255	0.000431888813272	-0.00177217948262
45	-61	-20	-0.000692889447385	0.00032931039675	-0.00169863360075
47	-61	-20	-0.000753637215143	0.000237395878832	-0.00162973809339
49	-61	-20	-0.000823633021923	0.000158947885968	-0.00156756314244
51	-61	-20	-0.000901467250168	9.62518390032e-05	-0.00151400400864
53	-61	-20	-0.000985284027814	5.08360806559e-05	-0.00147070643557
55	-61	-20	-0.00107280089827	2.32847023759e-05	-0.0014390011952
57	-61	-20	-0.0011613535951	1.31193224258e-05	-0.00141985090954
59	-61	-20	-0.00124796673839	1.8760506848e-05	-0.0014138114866
61	-61	-20	-0.00132944945251	3.75731482127e-05	-0.00142100960427
63	-61	-20	-0.00140251295944	6.59934458332e-05	-0.00144113674569
65	-61	-20	-0.00146390528465	9.97287058132e-05	-0.00147345941123
67	-61	-20	-0.0015105564916	0.000134015513788	-0.00151684437005
69	-61	-20	-0.00153972650335	0.000163917372929	-0.00156979721606
71	-61	-20	-0.00154914672141	0.000184639985256	-0.00163051208204
73	-61	-20	-0.00153714642423	0.000191841194024	-0.00169693014276
75	-61	-20	-0.00150275538286	0.00018191325983	-0.00176680448292
77	-61	-20	-0.0014457752706	0.000152217523225	-0.0018377689816
79	-61	-20	-0.00136681420977	0.000101255381956	-0.00190740902625
81	-61	-20	-0.0012672810695	2.87645331767e-05	-0.00197333206843
83	-61	-20	-0.00114933873604	-6.42648339726e-05	-0.0020332362291
85	-61	-20	-0.00101581831281	-0.000175653242645	-0.00208497532369
87	-61	-20	-0.000870098849439	-0.000302168161587	-0.00212661879302
89	-61	-20	-0.000715959527905	-0.000439721883257	-0.00215650509905
91	-61	-20	-0.000557413056699	-0.000583615716241	-0.00217328719329
93	-61	-20	-0.000398530192421	-0.000728812551542	-0.00217596872108
95	-61	-20	-0.00024326573285	-0.00087021873154	-0.00216392972168
97	-61	-20	-9.52959837174e-05	-0.0010029565109	-0.00213694075622
99	-61	-20	4.21233613733e-05	-0.00112261013698	-0.00209516466748
-99	-59	-20	9.80278700862e-05	0.000697210824025	-0.000460082237676
-97	-59	-20	9.81005828666e-05	0.000721150552353	-0.000468484607975
-95	-59	-20	9.61509087942e-05	0.000747795768849	-0.000477530013167
-93	-59	-20	9.19455576739e-05	0.000778444980113	-0.000488194331517
-91	-59	-20	8.53052153723e-05	0.000814338399529	-0.000501493648962
-89	-59	-20	7.61225864965e-05	0.000856553424007	-0.000518424115
-87	-59	-20	6.43793511166e-05	0.000905897779555	-0.000539897172491
-85	-59	-20	5.01606520189e-05	0.000962808432948	-0.00056667427097
-83	-59	-20	3.36656520012e-05	0.00102726497409	-0.000599305573338
-81	-59	-20	1.52127325259e-05	0.00109872612344	-0.000638077241643
-79	-59	-20	-4.76193721161e-06	0.00117609723281	-0.000682971607067
-77	-59	-20	-2.57134402947e-05	0.0012577351053	-0.000733643889534
-75	-59	-20	-4.70053194526e-05	0.00134149420513	-0.000789418162369
-73	-59	-20	-6.79349762134e-05	0.00142481547582	-0.000849304017078
-71	-59	-20	-8.77666703539e-05	0.00150485571532	-0.000912033959824
-69	-59	-20	-0.000105770872956	0.00157865200679	-0.000976120072777
-67	-59	-20	-0.000121268084243	0.00164331235278	-0.00103992702016
-65	-59	-20	-0.000133674656199	0.00169622070459	-0.00110175719222
-63	-59	-20	-0.000142547718096	0.00173524231064	-0.0011599427719
-61	-59	-20	-0.000147626043502	0.00175891398293	-0.00121293887052
-59	-59	-20	-0.000148863662129	0.00176660369785	-0.00125941167112
-57	-59	-20	-0.000146453234606	0.00175862501745	-0.00129831576799
-55	-59	-20	-0.000140836678227	0.00173629415307	-0.00132895558368
-53	-59	-20	-0.000132701239585	0.00170192099426	-0.00135102682937
-51	-59	-20	-0.00012296011531	0.00165872988475	-0.00136463536354
-49	-59	-20	-0.000112717763861	0.00161071103559	-0.00137029238512
-47	-59	-20	-0.000103221151789	0.0015624088386	-0.00136888654202
-45	-59	-20	-9.57992493214e-05	0.00151865854909	-0.00136163511011
-43	-59	-20	-9.17940422732e-05	0.00148428740004	-0.00135001777699
-41	-59	-20	-9.24870758503e-05	0.00146379977611	-0.00133569764319
-39	-59	-20	-9.90260207437e-05	0.00146106826388	-0.00132043475312
-37	-59	-20	-0.000112355904244	0.00147905295901	-0.00130599774714
-35	-59	-20	-0.000133159456955	0.00151957022994	-0.00129407907902
-33	-59	-20	-0.000161810496701	0.00158312923912	-0.00128621870129
-31	-59	-20	-0.000198343442728	0.00166885007867	-0.00128374024833
-29	-59	-20	-0.000242440989432	0.00177447170132	-0.00128770263135
-27	-59	-20	-0.00029344075486	0.00189645134593	-0.00129886870481
-25	-59	-20	-0.000350360453533	0.00203015037933	-0.00131769137899
-23	-59	-20	-0.000411939928396	0.00217009494845	-0.00134431634337
-21	-59	-20	-0.000476697309662	0.00231029409752	-0.00137859951941
-19	-59	-20	-0.000542995731254	0.00244459353387	-0.00142013655083
-17	-59	-20	-0.00060911648825	0.00256704040579	-0.0014683011072
-15	-59	-20	-0.000673334293866	0.00267223353113	-0.00152228854119
-13	-59	-20	-0.000733990394864	0.00275563457629	-0.00158116149235
-11	-59	-20	-0.000789559703974	0.00281381865257	-0.00164389433829
-9	-59	-20	-0.000838708756079	0.00284464743299	-0.00170941390943
-7	-59	-20	-0.000880342121598	0.00284735381845	-0.00177663454347
-5	-59	-20	-0.000913635835001	0.0028225339126	-0.00184448629451
-3	-59	-20	-0.000938057335106	0.00277204905154	-0.00191193586239
-1	-59	-20	-0.000953372289133	0.00269884731085	-0.00197800051131
1	-59	-20	-0.000959639419301	0.00260671974642	-0.0020417558508
3	-59	-20	-0.000957195021784	0.00250001116186	-0.00210233882072
5	-59	-20	-0.00094662923653	0.0023833080928	-0.00215894752792
7	-59	-20	-0.000928756287022	0.00226112775839	-0.00221083971655
9	-59	-20	-0.000904580874921	0.00213763090884	-0.00225733161593
11	-59	-20	-0.000875262714398	0.00201637890405	-0.00229779871314
13	-59	-20	-0.00084208086429	0.00190015124519	-0.00233167966321
15	-59	-20	-0.000806399107864	0.00179083451552	-0.00235848410707
17	-59	-20	-0.000769633185627	0.00168938771976	-0.00237780465357
19	-59	-20	-0.00073322024851	0.0015958828373	-0.00238933273402
21	-59	-20	-0.000698590503181	0.00150961351938	-0.00239287750123
23	-59	-20	-0.000667140696856	0.00142925972326	-0.00238838646
25	-59	-20	-0.00064020885639	0.00135309207192	-0.00237596612463
27	-59	-20	-0.000619049568944	0.00127919714088	-0.00235590073626
29	-59	-20	-0.00060480907566	0.00120570386817	-0.00232866696622
31	-59	-20	-0.000598499546411	0.00113099189317	-0.00229494259902
33	-59	-20	-0.000600972108462	0.00105386476216	-0.00225560743234
35	-59	-20	-0.000612888505193	0.00097367438191	-0.00221173504225
37	-59	-20	-0.000634691647429	0.00089038754963	-0.00216457461243
39	-59	-20	-0.00066657576733	0.000804590459053	-0.00211552267756
41	-59	-20	-0.000708457363644	0.000717432360152	-0.00206608533232
43	-59	-20	-0.000759948599852	0.000630514608573	-0.00201783215155
45	-59	-20	-0.000820335238975	0.000545735782249	-0.00197234369517
47	-59	-20	-0.00088856152071	0.000465107025534	-0.00193115497965
49	-59	-20	-0.000963224557184	0.000390554046766	-0.00189569764246
51	-59	-20	-0.00104258079518	0.000323723085796	-0.00186724367719
53	-59	-20	-0.00112456682714	0.000265807637705	-0.0018468535649
55	-59	-20	-0.00120683630855	0.000217410835246	-0.00183533137922
57	-59	-20	-0.0012868139549	0.000178455329471	-0.00183318902549
59	-59	-20	-0.00136176657323	0.000148148530448	-0.00184062122907
61	-59	-20	-0.00142888988561	0.00012500651185	-0.00185749226697
63	-59	-20	-0.00148540860524	0.000106935119252	-0.00188333479541
65	-59	-20	-0.00152868593386	9.13622376275e-05	-0.00191736051787
67	-59	-20	-0.00155633747993	7.54111335777e-05	-0.00195848190867
69	-59	-20	-0.001566343671	5.61016069417e-05	-0.0020053437891
71	-59	-20	-0.0015571541635	3.05636048411e-05	-0.00205636326182
73	-59	-20	-0.00152777762795	-3.7528845104e-06	-0.00210977634613
75	-59	-20	-0.00147785066371	-4.88873878257e-05	-0.00216368960517
77	-59	-20	-0.00140768048617	-0.000106212003308	-0.00221613508965
79	-59	-20	-0.00131825739624	-0.000176319265457	-0.00226512700874
81	-59	-20	-0.00121123480253	-0.000258962563724	-0.0023087186421
83	-59	-20	-0.00108887659518	-0.000353052785668	-0.00234505810072
85	-59	-20	-0.000953973809433	-0.000456710607783	-0.00237244160704
87	-59	-20	-0.000809734590513	-0.000567369781743	-0.00238936299336
89	-59	-20	-0.000659653305346	-0.00068192318016	-0.00239455811673
91	-59	-20	-0.000507366082359	-0.000796900541969	-0.00238704288019
93	-59	-20	-0.000356500973925	-0.000908664988255	-0.00236614356177
95	-59	-20	-0.000210531249186	-0.00101361457226	-0.00233151821583
97	-59	-20	-7.26400138206e-05	-0.00110837539689	-0.00228316805614
99	-59	-20	5.43965498321e-05	-0.0011899741028	-0.00222143797611
-99	-57	-20	0.000113713917246	0.000724944194644	-0.000474618591912
-97	-57	-20	0.000109934178189	0.000752784663054	-0.000491745055926
-95	-57	-20	0.000104164518015	0.000780832970666	-0.00050922551846
-93	-57	-20	9.63709123406e-05	0.000809738865359	-0.000527643681574
-91	-57	-20	8.65769809751e-05	0.000840159355548	-0.00054761756222
-89	-57	-20	7.48699045014e-05	0.000872701972682	-0.000569761387086
-87	-57	-20	6.14045576562e-05	0.000907865531985	-0.000594644206227
-85	-57	-20	4.64053202339e-05	0.000945982910005	-0.000622747875701
-83	-57	-20	3.01650247117e-05	0.000987170715319	-0.000654427323447
-81	-57	-20	1.30405399344e-05	0.00103129071449	-0.000689876066476
-79	-57	-20	-4.5554180372e-06	0.00107792744889	-0.000729099771465
-77	-57	-20	-2.21665067552e-05	0.00112638563088	-0.000771900244027
-75	-57	-20	-3.93090588108e-05	0.00117570966875	-0.00081787161355
-73	-57	-20	-5.54922479055e-05	0.00122472610361	-0.000866409689469
-71	-57	-20	-7.02415960307e-05	0.00127210795061	-0.00091673455716
-69	-57	-20	-8.31249676021e-05	0.00131645805138	-0.000967925526459
-67	-57	-20	-9.37798689203e-05	0.00135640671757	-0.00101896661943
-65	-57	-20	-0.000101940577948	0.00139071733798	-0.00106879996331
-63	-57	-20	-0.000107463403069	0.00141839239138	-0.00111638380998
-61	-57	-20	-0.000110348241967	0.00143877159194	-0.00116075149228
-59	-57	-20	-0.000110754609792	0.00145161379933	-0.00120106748795
-57	-57	-20	-0.000109010447834	0.00145715491105	-0.00123667691024
-55	-57	-20	-0.000105612316682	0.00145613522541	-0.00126714517029
-53	-57	-20	-0.000101216014714	0.00144979166566	-0.00129228522775
-51	-57	-20	-9.66172224324e-05	0.00143981267622	-0.00131217070786
-49	-57	-20	-9.27224206702e-05	0.00142825637407	-0.00132713414429
-47	-57	-20	-9.05110195e-05	0.0014174354539	-0.00133775062784
-45	-57	-20	-9.09903103685e-05	0.00140977516999	-0.00134480811801
-43	-57	-20	-9.5145458989e-05	0.00140765320927	-0.00134926653166
-41	-57	-20	-0.000103887235778	0.00141323220163	-0.00135220839519
-39	-57	-20	-0.00011800048702	0.00142829679265	-0.00135478428789
-37	-57	-20	-0.000138096449499	0.00145410749314	-0.00135815649023
-35	-57	-20	-0.000164571887268	0.00149128285094	-0.00136344417985
-33	-57	-20	-0.000197577684146	0.00153971987275	-0.00137167321097
-31	-57	-20	-0.000236998982145	0.0015985601504	-0.00138373301025
-29	-57	-20	-0.000282448255138	0.00166620598495	-0.00140034247677
-27	-57	-20	-0.000333271904346	0.00174038718763	-0.00142202604972
-25	-57	-20	-0.00038857012227	0.00181827544962	-0.00144910036753
-23	-57	-20	-0.0004472289625	0.00189663951826	-0.00148167124773
-21	-57	-20	-0.0005079628382	0.00197203119671	-0.00151964011746
-19	-57	-20	-0.000569365105758	0.00204098967209	-0.00156271855821
-17	-57	-20	-0.000629964010538	0.00210025009174	-0.00161044931545
-15	-57	-20	-0.000688281098233	0.00214694179461	-0.00166223197036
-13	-57	-20	-0.000742889227411	0.00217876222092	-0.0017173514675
-11	-57	-20	-0.000792467536543	0.00219411423008	-0.00177500781605
-9	-57	-20	-0.000835851086428	0.00219219722372	-0.00183434550521
-7	-57	-20	-0.000872073369502	0.00217304588531	-0.00189448146
-5	-57	-20	-0.000900400399134	0.00213751423409	-0.00195453067902
-3	-57	-20	-0.000920355613992	0.0020872067334	-0.0020136290086
-1	-57	-20	-0.000931735310928	0.00202436206625	-0.00207095279301
1	-57	-20	-0.000934614722376	0.00195169858232	-0.00212573537997
3	-57	-20	-0.000929345162607	0.00187223306648	-0.00217728064462
5	-57	-20	-0.000916542877865	0.00178908617752	-0.00222497381962
7	-57	-20	-0.000897070358299	0.00170528854074	-0.00226828998755
9	-57	-20	-0.000872010924539	0.00162360102206	-0.00230680060966
11	-57	-20	-0.000842637414546	0.00154636122838	-0.00234017844219
13	-57	-20	-0.000810375793587	0.00147536591669	-0.0023682011355
15	-57	-20	-0.000776764514825	0.00141179596735	-0.00239075373282
17	-57	-20	-0.000743410485744	0.00135618714837	-0.00240783019052
19	-57	-20	-0.000711942552829	0.00130844635359	-0.00241953393961
21	-57	-20	-0.000683963499938	0.00126790962378	-0.00242607740459
23	-57	-20	-0.000661001652842	0.00123343531669	-0.00242778029821
25	-57	-20	-0.000644463275567	0.00120352349501	-0.00242506642798
27	-57	-20	-0.000635587013819	0.00117645110333	-0.00241845868963
29	-57	-20	-0.000635401668937	0.00115041189069	-0.00240857189403
31	-57	-20	-0.000644688559872	0.00112365031048	-0.00239610308455
33	-57	-20	-0.000663949645855	0.00109457973222	-0.00238181905689
35	-57	-20	-0.000693382442489	0.00106187710247	-0.00236654089664
37	-57	-20	-0.000732862580852	0.00102454851833	-0.00235112549701
39	-57	-20	-0.000781934650404	0.000981962817447	-0.00233644420474
41	-57	-20	-0.000839811751956	0.000933853017761	-0.00232335895229
43	-57	-20	-0.000905383984845	0.000880288038804	-0.00231269645198
45	-57	-20	-0.000977235915655	0.000821619404095	-0.0023052212342
47	-57	-20	-0.00105367292838	0.000758409397461	-0.00230160848485
49	-57	-20	-0.00113275623252	0.000691348308198	-0.00230241775978
51	-57	-20	-0.00121234619097	0.000621168887055	-0.00230806871031
53	-57	-20	-0.0012901535021	0.00054856593936	-0.00231881993681
55	-57	-20	-0.00136379760501	0.000474128148811	-0.00233475199415
57	-57	-20	-0.00143087145162	0.000398287848526	-0.00235575541206
59	-57	-20	-0.0014890114903	0.000321292666102	-0.00238152437733
61	-57	-20	-0.00153597133147	0.000243200924328	-0.00241155647358
63	-57	-20	-0.00156969713303	0.000163900549991	-0.00244515860936
65	-57	-20	-0.00158840228524	8.31492013792e-05	-0.00248145900982
67	-57	-20	-0.00159063854018	6.31529450275e-07	-0.00251942491984
69	-57	-20	-0.00157536038173	-8.3971926815e-05	-0.00255788548247
71	-57	-20	-0.00154197923167	-0.000170910641806	-0.0025955591221
73	-57	-20	-0.00149040409754	-0.000260291618884	-0.00263108467757
75	-57	-20	-0.00142106553413	-0.000352015160828	-0.00266305548696
77	-57	-20	-0.00133492033761	-0.000445724821293	-0.00269005561133
79	-57	-20	-0.00123343521527	-0.000540776278339	-0.00271069738069
81	-57	-20	-0.00111854873948	-0.000636228318298	-0.00272365943741
83	-57	-20	-0.000992612135084	-0.000730857327843	-0.00272772442615
85	-57	-20	-0.000858310774199	-0.000823194811437	-0.00272181543
87	-57	-20	-0.000718569550736	-0.000911585632507	-0.00270503018122
89	-57	-20	-0.00057644646458	-0.000994263064854	-0.00267667199409
91	-57	-20	-0.000435019652245	-0.00106943546191	-0.00263627629529
93	-57	-20	-0.000297273666581	-0.00113537850202	-0.00258363158859
95	-57	-20	-0.000165990970908	-0.00119052660734	-0.00251879371186
97	-57	-20	-4.36543476498e-05	-0.00123355727939	-0.00244209234823
99	-57	-20	6.76347573294e-05	-0.00126346272065	-0.0023541289555
-99	-55	-20	0.00013094	0.000753689999999	-0.00048939
-97	-55	-20	0.000122204177618	0.000786336974118	-0.000516829609976
-95	-55	-20	0.000111526258492	0.000816181285487	-0.000544297802456
-93	-55	-20	9.91233983856e-05	0.000843075074186	-0.000571911886247
-91	-55	-20	8.52750581132e-05	0.000866956231058	-0.000599815580062
-89	-55	-20	7.03137461692e-05	0.000887850235244	-0.000628167012671
-87	-55	-20	5.46131015156e-05	0.00090586934669	-0.000657125071338
-85	-55	-20	3.85738308441e-05	0.000921209289123	-0.00068683502402
-83	-55	-20	2.26081075124e-05	0.000934143609725	-0.000717414442771
-81	-55	-20	7.12309015837e-06	0.00094501593031	-0.000748940482752
-79	-55	-20	-7.49577122851e-06	0.000954230317143	-0.000781439517719
-77	-55	-20	-2.09009999998e-05	0.000962239999989	-0.000814879999999
-75	-55	-20	-3.27983398208e-05	0.000969534673159	-0.000849169208546
-73	-55	-20	-4.29604656701e-05	0.000976626618725	-0.000884154286643
-71	-55	-20	-5.12387172091e-05	0.000984035908774	-0.000919627670532
-69	-55	-20	-5.75724866485e-05	0.000992274970965	-0.000955336694564
-67	-55	-20	-6.19959578238e-05	0.00100183283776	-0.000990996852297
-65	-55	-20	-6.46419459365e-05	0.00101315944007	-0.00102630792075
-63	-55	-20	-6.57426297653e-05	0.00102665034465	-0.00106097193873
-61	-55	-20	-6.56270053123e-05	0.00104263236363	-0.00109471188731
-59	-55	-20	-6.47149298345e-05	0.00106135047929	-0.00112728986222
-57	-55	-20	-6.3507677365e-05	0.00108295652051	-0.00115852355808
-55	-55	-20	-6.25749999993e-05	0.00110749999998	-0.00118829999999
-53	-55	-20	-6.25387899629e-05	0.00113492147185	-0.00121658564644
-51	-55	-20	-6.40535683728e-05	0.00116504870256	-0.00124343223374
-49	-55	-20	-6.77841851912e-05	0.00119759587	-0.00126897801316
-47	-55	-20	-7.43812931635e-05	0.00123216592276	-0.0012934443244
-45	-55	-20	-8.44553434677e-05	0.0012682561517	-0.00131712773031
-43	-55	-20	-9.85500253531e-05	0.00130526695315	-0.00134038818562
-41	-55	-20	-0.000117116217232	0.0013425137019	-0.00136363391211
-39	-55	-20	-0.000140487613817	0.00137924160068	-0.00138730379252
-37	-55	-20	-0.000168859227228	0.00141464332804	-0.00141184817227
-35	-55	-20	-0.000202269918885	0.00144787926156	-0.00143770897478
-33	-55	-20	-0.000240590000003	0.00147809999999	-0.0014653
-31	-55	-20	-0.000283514745749	0.00150447083781	-0.00149498820011
-29	-55	-20	-0.000330564414021	0.00152619775335	-0.00152707662487
-27	-55	-20	-0.000381091062945	0.00154255435406	-0.00156178961686
-25	-55	-20	-0.000434292145139	0.00155290908445	-0.00159926072585
-23	-55	-20	-0.000489230546319	0.00155675185103	-0.00163952371182
-21	-55	-20	-0.000544860454723	0.00155371907184	-0.00168250692099
-19	-55	-20	-0.000600058214829	0.00154361603365	-0.00172803124954
-17	-55	-20	-0.000653657146161	0.00152643536064	-0.00177581184907
-15	-55	-20	-0.000704485199259	0.00150237038546	-0.00182546366906
-13	-55	-20	-0.000751404271164	0.0014718222841	-0.00187651086327
-11	-55	-20	-0.000793349999997	0.00143539999996	-0.0019284
-9	-55	-20	-0.000829370885157	0.00139391224126	-0.00198051690192
-7	-55	-20	-0.000858665617673	0.00134835117873	-0.00203220679717
-5	-55	-20	-0.000880617537673	0.0012998678772	-0.00208279729141
-3	-55	-20	-0.000894825151825	0.00124973993646	-0.00213162347942
-1	-55	-20	-0.000901127640355	0.00119933225741	-0.00217805431901
1	-55	-20	-0.000899624267957	0.0011500522534	-0.0022215192095
3	-55	-20	-0.000890686602363	0.00110330115848	-0.00226153357307
5	-55	-20	-0.000874962462785	0.00106042331788	-0.00229772215231
7	-55	-20	-0.000853370596231	0.00102265546324	-0.00232983873055
9	-55	-20	-0.000827085240465	0.000991077972555	-0.00235778106479
11	-55	-20	-0.000797509999997	0.000966569999969	-0.00238159999999
13	-55	-20	-0.00076624084699	0.000949770153595	-0.00240150200265
15	-55	-20	-0.000735018558744	0.000941044128071	-0.00241784469551
17	-55	-20	-0.000705671497238	0.000940460394856	-0.00243112537117
19	-55	-20	-0.000680050287019	0.000947774748482	-0.00244196287853
21	-55	-20	-0.000659956604381	0.000962424226702	-0.0024510736795
23	-55	-20	-0.000647068892679	0.000983530683248	-0.00245924322935
25	-55	-20	-0.000642868302107	0.00100991409816	-0.00246729411237
27	-55	-20	-0.000648568458167	0.00104011555484	-0.00247605254228
29	-55	-20	-0.000665052744287	0.00107242967712	-0.00248631489938
31	-55	-20	-0.000692822611846	0.00110494617826	-0.00249881592141
33	-55	-20	-0.000731960000004	0.00113559999999	-0.0025142
35	-55	-20	-0.000782106278105	0.00116222928979	-0.00253299677757
37	-55	-20	-0.000842459259494	0.00118264016392	-0.00255560191542
39	-55	-20	-0.00091178884238	0.00119467683248	-0.00258226354382
41	-55	-20	-0.000988470789977	0.00119629523568	-0.00261307454006
43	-55	-20	-0.00107053715327	0.00118563789158	-0.00264797044139
45	-55	-20	-0.00115574094677	0.0011611072304	-0.00268673251179
47	-55	-20	-0.00124163197912	0.00112143434682	-0.00272899526305
49	-55	-20	-0.00132564026571	0.00106573989693	-0.00277425759238
51	-55	-20	-0.00140516323334	0.000993583855118	-0.00282189664226
53	-55	-20	-0.00147765296519	0.000905001066409	-0.00287118350779
55	-55	-20	-0.0015407	0.000800520000001	-0.00292130000001
57	-55	-20	-0.00159211064474	0.000681162823455	-0.00297135580361
59	-55	-20	-0.00162997532253	0.000548425837849	-0.00302040552586
61	-55	-20	-0.00165272609207	0.000404240382647	-0.00306746530149
63	-55	-20	-0.00165918207788	0.000250915453337	-0.00311152877939
65	-55	-20	-0.00164858209283	9.10643815337e-05	-0.00315158245851
67	-55	-20	-0.00162060418234	-7.24810895651e-05	-0.00318662045273
69	-55	-20	-0.00157537216164	-0.000236765229282	-0.00321565884308
71	-55	-20	-0.00151344946211	-0.000398806645719	-0.0032377498183
73	-55	-20	-0.00143582077328	-0.000555695746967	-0.00325199581175
75	-55	-20	-0.00134386210143	-0.000704686734113	-0.00325756381618
77	-55	-20	-0.00123929999999	-0.000843280000018	-0.00325370000001
79	-55	-20	-0.00112416089701	-0.000969291547825	-0.00323974466187
81	-55	-20	-0.00100071167256	-0.00108090697285	-0.00321514744822
83	-55	-20	-0.000871392929718	-0.00117671858339	-0.00317948262531
85	-55	-20	-0.000738746744981	-0.00125574527882	-0.00313246404864
87	-55	-20	-0.000605341047646	-0.00131743577152	-0.00307395931941
89	-55	-20	-0.000473693118798	-0.00136165656275	-0.00300400247113
91	-55	-20	-0.000346194969663	-0.00138866671184	-0.00292280440609
93	-55	-20	-0.000225043505316	-0.00139908184862	-0.00283076021893
95	-55	-20	-0.000112178361805	-0.00139383007089	-0.00272845252049
97	-55	-20	-9.23009588074e-06	-0.00137410236229	-0.00261664992527
99	-55	-20	8.25189999988e-05	-0.0013413	-0.0024963
-99	-53	-20	0.000150423689118	0.000784430176319	-0.000504108315756
-97	-53	-20	0.000135823026512	0.000822865307282	-0.000542823435458
-95	-53	-20	0.00011931851054	0.000855167315888	-0.000581251744754
-93	-53	-20	0.000101418945686	0.00088028425683	-0.000619006182637
-91	-53	-20	8.27017601654e-05	0.000897336109959	-0.000655716235501
-89	-53	-20	6.37863214416e-05	0.000905682665607	-0.000691044002833
-87	-53	-20	4.53035488173e-05	0.000904988689445	-0.000724700413607
-85	-53	-20	2.78635424534e-05	0.000895281568831	-0.000756460669827
-83	-53	-20	1.20231499198e-05	0.000876996345694	-0.00078617792072
-81	-53	-20	-1.7445446417e-06	0.000851003115918	-0.000813794167896
-79	-53	-20	-1.30769065832e-05	0.000818612279186	-0.000839347478185
-77	-53	-20	-2.17429359483e-05	0.000781554081364	-0.000862974739987
-75	-53	-20	-2.76576284285e-05	0.000741930287797	-0.000884909436191
-73	-53	-20	-3.08886402484e-05	0.000702137600077	-0.000905474209314
-71	-53	-20	-3.16548988475e-05	0.000664764475828	-0.00092506834226
-69	-53	-20	-3.03173350078e-05	0.000632465185933	-0.000944150644688
-67	-53	-20	-2.73624225015e-05	0.000607817071751	-0.000963218590309
-65	-53	-20	-2.33796576347e-05	0.000593168855177	-0.000982784863062
-63	-53	-20	-1.90344589599e-05	0.000590489317481	-0.00100335271066
-61	-53	-20	-1.50381922034e-05	0.000601226528858	-0.00102539164764
-59	-53	-20	-1.21171139891e-05	0.000626187948526	-0.00104931507934
-57	-53	-20	-1.09819795523e-05	0.000665451048236	-0.00107546132512
-55	-53	-20	-1.2299885689e-05	0.000718312630496	-0.001104079306
-53	-53	-20	-1.66696424281e-05	0.00078328277924	-0.00113531984158
-51	-53	-20	-2.4601614994e-05	0.000858126530173	-0.00116923309617
-49	-53	-20	-3.65025858501e-05	0.000939953079515	-0.00120577225618
-47	-53	-20	-5.26657905306e-05	0.00102534891184	-0.00124480304505
-45	-53	-20	-7.32659140252e-05	0.00111054789748	-0.00128611822882
-43	-53	-20	-9.83585251701e-05	0.00119162846912	-0.00132945587207
-41	-53	-20	-0.000127883196224	0.00126472569634	-0.00137451980507
-39	-53	-20	-0.000161669416626	0.00132624464907	-0.00142100058526
-37	-53	-20	-0.000199444368262	0.00137306102277	-0.00146859519784
-35	-53	-20	-0.00024084168058	0.00140269565066	-0.00151702384754
-33	-53	-20	-0.000285410416866	0.00141345122375	-0.00156604244033
-31	-53	-20	-0.000332623741536	0.00140450215592	-0.00161544972504
-29	-53	-20	-0.000381886962411	0.00137593186862	-0.00166508853095
-27	-53	-20	-0.000432544909405	0.00132871556096	-0.00171484106398
-25	-53	-20	-0.000483888878847	0.00126465046924	-0.00176461876977
-23	-53	-20	-0.00053516361819	0.00118623938524	-0.00181434779157
-21	-53	-20	-0.00058557502762	0.00109653648773	-0.0018639515023
-19	-53	-20	-0.00063429939351	0.000998967085358	-0.00191333193289
-17	-53	-20	-0.00068049502642	0.000897134469911	-0.00196235212142
-15	-53	-20	-0.000723317139852	0.000794627621942	-0.00201082144644
-13	-53	-20	-0.000761936665436	0.000694842967303	-0.00205848587211
-11	-53	-20	-0.000795563452265	0.000600831818359	-0.00210502472459
-9	-53	-20	-0.000823473946126	0.000515182694199	-0.0021500551539
-7	-53	-20	-0.00084504300108	0.000439944616799	-0.00219314484212
-5	-53	-20	-0.000859778963851	0.000376593989656	-0.00223383283763
-3	-53	-20	-0.000867360624002	0.000326044072829	-0.00227165767703
-1	-53	-20	-0.000867674083197	0.000288692665197	-0.00230619125715
1	-53	-20	-0.000860847116074	0.000264500660525	-0.00233707629814
3	-53	-20	-0.000847278229228	0.000253091885005	-0.00236406475131
5	-53	-20	-0.000827657428802	0.00025386321746	-0.00238705420019
7	-53	-20	-0.000802975730357	0.000266093536416	-0.00240611921762
9	-53	-20	-0.000774520723505	0.000289040552384	-0.00242153479445
11	-53	-20	-0.000743856055834	0.000322016015683	-0.00243378934853
13	-53	-20	-0.000712783519827	0.00036443201717	-0.00244358543615
15	-53	-20	-0.000683287479612	0.000415813939668	-0.00245182708134
17	-53	-20	-0.000657462601029	0.000475778844115	-0.00245959355564
19	-53	-20	-0.000637427163318	0.000543981430076	-0.00246810040981
21	-53	-20	-0.000625225529245	0.000620032927466	-0.00247864950299
23	-53	-20	-0.000622724517614	0.000703401094746	-0.00249257061482
25	-53	-20	-0.000631509342813	0.000793301683898	-0.00251115789151
27	-53	-20	-0.000652785356991	0.000888593092378	-0.0025356048096
29	-53	-20	-0.00068729197184	0.000987686323065	-0.00256694150407
31	-53	-20	-0.000735234802076	0.00108848175054	-0.00260597818438
33	-53	-20	-0.000796241255838	0.00118834255866	-0.00265325796536
35	-53	-20	-0.000869343536251	0.00128411216311	-0.00270902180181
37	-53	-20	-0.000952991394475	0.00137217963299	-0.00277318739285
39	-53	-20	-0.0010450951057	0.00144859331482	-0.00284534298518
41	-53	-20	-0.001143097171	0.00150921883086	-0.00292475603145
43	-53	-20	-0.00124406933883	0.00154993369259	-0.00301039573273
45	-53	-20	-0.00134482984794	0.00156684726952	-0.00310096768392
47	-53	-20	-0.00144207445901	0.00155653209041	-0.00319495820863
49	-53	-20	-0.00153251397534	0.00151625068995	-0.00329068555465
51	-53	-20	-0.00161301062048	0.00144416163531	-0.00338635494198
53	-53	-20	-0.00168070586213	0.00133948906719	-0.00348011450687
55	-53	-20	-0.00173313301484	0.00120264205688	-0.00357010944352
57	-53	-20	-0.00176830914292	0.00103527319097	-0.00365453206642
59	-53	-20	-0.00178480230286	0.000840269824304	-0.00373166604939
61	-53	-20	-0.00178177187449	0.000621676078016	-0.00379992368316
63	-53	-20	-0.00175898148064	0.00038454853315	-0.00385787557721
65	-53	-20	-0.00171678564485	0.000134753283672	-0.0039042727638
67	-53	-20	-0.0016560927616	-0.000121283821603	-0.00393806160847
69	-53	-20	-0.00157830806096	-0.0003768586426	-0.00395839226586
71	-53	-20	-0.00148526098601	-0.000625284689409	-0.00396462163744
73	-53	-20	-0.00137912175179	-0.000860185507399	-0.00395631188953
75	-53	-20	-0.00126231184371	-0.00107576602611	-0.00393322559182
77	-53	-20	-0.0011374128944	-0.00126704723237	-0.00389531845697
79	-53	-20	-0.00100707782848	-0.00143005146991	-0.00384273052369
81	-53	-20	-0.000873947470255	-0.00156192943586	-0.00377577645029
83	-53	-20	-0.000740575055511	-0.00166102420264	-0.00369493539277
85	-53	-20	-0.000609360350707	-0.00172687197791	-0.00360084074583
87	-53	-20	-0.000482494418115	-0.00176014346764	-0.00349426983963
89	-53	-20	-0.000361915509866	-0.00176253331347	-0.00337613351858
91	-53	-20	-0.000249276141248	-0.00173660788441	-0.00324746538893
93	-53	-20	-0.000145921078639	-0.00168562355366	-0.00310941041693
95	-53	-20	-5.28757598841e-05	-0.00161332841466	-0.0029632124953
97	-53	-20	2.91554833687e-05	-0.00152376021393	-0.00281020058001
99	-53	-20	9.978214117e-05	-0.00142105220958	-0.00265177303593
-99	-51	-20	0.000173029893872	0.000818312701787	-0.000518431698335
-97	-51	-20	0.000151975053218	0.000863575276325	-0.000568593297188
-95	-51	-20	0.000129014609754	0.000899297320998	-0.000618214955902
-93	-51	-20	0.000104972122228	0.000923471041068	-0.000666411635347
-91	-51	-20	8.07484301356e-05	0.000934347850874	-0.000712303251765
-89	-51	-20	5.72764420674e-05	0.000930575528983	-0.000755058213018
-87	-51	-20	3.54710413411e-05	0.000911332691153	-0.000793938939168
-85	-51	-20	1.61771019646e-05	0.000876450623542	-0.000828346641045
-83	-51	-20	1.18926506351e-07	0.00082651185551	-0.000857862385273
-81	-51	-20	-1.21455029767e-05	0.000762914971654	-0.000882281440017
-79	-51	-20	-2.02622488296e-05	0.000687896177764	-0.00090163809692
-77	-51	-20	-2.410833966e-05	0.000604500087809	-0.000916218606296
-75	-51	-20	-2.38057797528e-05	0.00051649504839	-0.0009265605277
-73	-51	-20	-1.972138677e-05	0.000428231933038	-0.000933437647677
-71	-51	-20	-1.24521701102e-05	0.000344449501889	-0.000937830592031
-69	-51	-20	-2.79697779477e-06	0.000270033835495	-0.000940884287315
-67	-51	-20	8.28388320327e-06	0.000209743659641	-0.000943854421853
-65	-51	-20	1.97184902217e-05	0.000167917196137	-0.000948045935341
-63	-51	-20	3.03793811705e-05	0.000148179122471	-0.000954747248743
-61	-51	-20	3.91422116833e-05	0.000153167962115	-0.000965164367599
-59	-51	-20	4.49432004608e-05	0.000184304496708	-0.00098035910736
-57	-51	-20	4.6831721164e-05	0.000241620440345	-0.00100119547948
-55	-51	-20	4.40148276402e-05	0.000323663627144	-0.00102829775039
-53	-51	-20	3.58911671728e-05	0.000427491463798	-0.00106202287834
-51	-51	-20	2.20725859382e-05	0.000548758660466	-0.00110244900677
-49	-51	-20	2.39268942831e-06	0.000681898675868	-0.00114938052852
-47	-51	-20	-2.30973923035e-05	0.00082039139496	-0.00120236902716
-45	-51	-20	-5.41448504278e-05	0.000957102857667	-0.00126074824783
-43	-51	-20	-9.03206637245e-05	0.0010846769431	-0.00132368024599
-41	-51	-20	-0.00013105207953	0.00119595431209	-0.00139020908862
-39	-51	-20	-0.000175659123636	0.00128439105684	-0.00145931800305
-37	-51	-20	-0.000223392034708	0.00134444870054	-0.00152998571968
-35	-51	-20	-0.000273466663654	0.00137192856439	-0.00160123794665
-33	-51	-20	-0.000325095268331	0.00136422702321	-0.00167219042931
-31	-51	-20	-0.000377510731581	0.00132049356786	-0.00174208083828
-29	-51	-20	-0.000429982982609	0.0012416804771	-0.00181028773194
-27	-51	-20	-0.000481827244082	0.00113048073533	-0.00187633596752
-25	-51	-20	-0.000532404589781	0.000991158987035	-0.00193988909794
-23	-51	-20	-0.000581116109075	0.000829288131396	-0.00200073039449
-21	-51	-20	-0.000627392667585	0.000651410994898	-0.00205873509065
-19	-51	-20	-0.000670682769247	0.000464651818166	-0.00211383717285
-17	-51	-20	-0.000710441316549	0.000276305629462	-0.00216599449282
-15	-51	-20	-0.0007461221012	9.34346903222e-05	-0.00221515610602
-13	-51	-20	-0.00077717662261	-7.74999839371e-05	-0.00226123554092
-11	-51	-20	-0.000803061330966	-0.000230947385083	-0.00230409318622
-9	-51	-20	-0.000823254650049	-0.000362496146793	-0.00234353018611
-7	-51	-20	-0.000837284196514	-0.000469012309509	-0.00237929521534
-5	-51	-20	-0.000844763539883	-0.000548680001385	-0.00241110434267
-3	-51	-20	-0.000845436719397	-0.000600947595836	-0.00243867297352
-1	-51	-20	-0.000839227640726	-0.0006263892945	-0.00246175768479
1	-51	-20	-0.000826290513964	-0.000626498499256	-0.00248020472449
3	-51	-20	-0.000807056760862	-0.000603434280822	-0.00249400113313
5	-51	-20	-0.000782273401858	-0.000559745354161	-0.00250332392895
7	-51	-20	-0.000753027903486	-0.000498097015646	-0.00250858263699
9	-51	-20	-0.000720754870381	-0.000421025433265	-0.00251045066231
11	-51	-20	-0.000687220817228	-0.000330740624889	-0.0025098816067
13	-51	-20	-0.000654484531098	-0.000228994680271	-0.00250810757342
15	-51	-20	-0.000624832169859	-0.000117025679602	-0.00250661773315
17	-51	-20	-0.000600688135496	4.41916726596e-06	-0.00250711684519
19	-51	-20	-0.000584504776051	0.000134984833944	-0.00251146493371
21	-51	-20	-0.000578635945826	0.000274544805831	-0.0025216007878
23	-51	-20	-0.000585201217864	0.000422989017215	-0.00253945326571
25	-51	-20	-0.000605948926012	0.000579984674641	-0.00256684542691
27	-51	-20	-0.000642127065932	0.000744734193469	-0.00260539719947
29	-51	-20	-0.000694371290743	0.000915755430975	-0.00265643255374
31	-51	-20	-0.000762618731905	0.00109070825471	-0.00272089697055
33	-51	-20	-0.000846055153192	0.00126628829206	-0.00279929037584
35	-51	-20	-0.000943101062402	0.00143820368028	-0.00289161971468
37	-51	-20	-0.00105143998165	0.00160124413929	-0.00299737404082
39	-51	-20	-0.00116808928696	0.00174944421159	-0.00311552351218
41	-51	-20	-0.00128951108637	0.00187633463642	-0.00324454213366
43	-51	-20	-0.0014117577506	0.00197526817932	-0.0033824526029
45	-51	-20	-0.00153064417856	0.0020397994536	-0.00352689031117
47	-51	-20	-0.00164193688799	0.00206409292614	-0.00367518252607
49	-51	-20	-0.0017415487415	0.00204332987249	-0.00382443810318
51	-51	-20	-0.00182572766224	0.00197408386774	-0.00397164277202
53	-51	-20	-0.00189122810173	0.00185463562118	-0.00411375511175
55	-51	-20	-0.00193545525945	0.0016852015398	-0.00424779873659
57	-51	-20	-0.00195657401025	0.00146805609207	-0.00437094688114
59	-51	-20	-0.00195357700151	0.00120753540995	-0.00448059642776
61	-51	-20	-0.00192630922209	0.000909918034872	-0.00457442935737
63	-51	-20	-0.00187544927918	0.000583187600648	-0.00465046054152
65	-51	-20	-0.00180245041051	0.000236690830584	-0.00470707164942
67	-51	-20	-0.00170944668902	-0.000119288193449	-0.00474303166053
69	-51	-20	-0.00159913177278	-0.000474010570694	-0.0047575050173
71	-51	-20	-0.00147461879623	-0.000816791141078	-0.00475004881348
73	-51	-20	-0.00133929053672	-0.00113750078757	-0.00472060060289
75	-51	-20	-0.00119664883525	-0.00142703117764	-0.00466945845904
77	-51	-20	-0.00105017147478	-0.00167769394261	-0.0045972548549
79	-51	-20	-0.000903183442147	-0.00188353159486	-0.00450492580441
81	-51	-20	-0.000758747873439	-0.00204052429238	-0.00439367654821
83	-51	-20	-0.0006195801734	-0.00214668427274	-0.00426494490428
85	-51	-20	-0.000487986971483	-0.00220203773914	-0.00412036325618
87	-51	-20	-0.000365829875139	-0.002208501542	-0.00396172002517
89	-51	-20	-0.000254512521028	-0.00216966858151	-0.00379092136617
91	-51	-20	-0.000154988284927	-0.0020905209979	-0.00360995373436
93	-51	-20	-6.77852300068e-05	-0.0019770936069	-0.00342084788168
95	-51	-20	6.95554800505e-06	-0.00183611153939	-0.0032256447537
97	-51	-20	6.94321120456e-05	-0.00167462568746	-0.00302636366427
99	-51	-20	0.000120128161179	-0.00149966753152	-0.00282497303024
-99	-49	-20	0.000199758162999	0.000856574502205	-0.000531966039885
-97	-49	-20	0.00017211481666	0.000909738865743	-0.000592827156339
-95	-49	-20	0.000142489568325	0.000950158640482	-0.000653011072867
-93	-49	-20	0.000112020332265	0.000974882602355	-0.000711191039235
-91	-49	-20	8.19339225344e-05	0.000981299582411	-0.000766032376798
-89	-49	-20	5.34827263663e-05	0.000967343153304	-0.000816260044723
-87	-49	-20	2.78752276982e-05	0.000931693834179	-0.000860729890658
-85	-49	-20	6.20460901388e-06	0.000873963849037	-0.000898499291835
-83	-49	-20	-1.0619905885e-05	0.000794848451237	-0.000928892495495
-81	-49	-20	-2.19342083106e-05	0.000696227986999	-0.000951555904044
-79	-49	-20	-2.73684698588e-05	0.000581206376917	-0.000966498857636
-77	-49	-20	-2.68804606402e-05	0.000454074606078	-0.000974116151137
-75	-49	-20	-2.0770131323e-05	0.000320192065765	-0.000975189555781
-73	-49	-20	-9.67380318755e-06	0.000185783984314	-0.000970866936622
-71	-49	-20	5.46228008124e-06	5.76593915951e-05	-0.000962619072881
-69	-49	-20	2.34278094291e-05	-5.71393639339e-05	-0.000952175884041
-67	-49	-20	4.2811024445e-05	-0.000151738113866	-0.000941445310734
-65	-49	-20	6.20741817493e-05	-0.000219860273262	-0.000932419464545
-63	-49	-20	7.96370025879e-05	-0.000256256656142	-0.000927073723564
-61	-49	-20	9.39626147729e-05	-0.000257105626937	-0.000927265111208
-59	-49	-20	0.00010364031218	-0.000220353111401	-0.000934636487058
-57	-49	-20	0.000107459700513	-0.000145963994702	-0.000950532771738
-55	-49	-20	0.000104471463402	-3.60608675825e-05	-0.000975934637484
-53	-49	-20	9.40310145153e-05	0.000105067247051	-0.00101141387868
-51	-49	-20	7.58226145368e-05	0.000271095048225	-0.0010571131267
-49	-49	-20	4.98630178785e-05	0.000453929104217	-0.00111275081482
-47	-49	-20	1.64852503704e-05	0.000644102854523	-0.00117765047487
-45	-49	-20	-2.36954201977e-05	0.000831277400775	-0.00125079170588
-43	-49	-20	-6.98299922097e-05	0.00100481826002	-0.00133087863851
-41	-49	-20	-0.000120894416705	0.00115441144041	-0.00141642054826
-39	-49	-20	-0.000175753559602	0.00127067798	-0.00150581853766
-37	-49	-20	-0.000233225347467	0.00134574491113	-0.00159745196644
-35	-49	-20	-0.000292140236334	0.00137373267559	-0.00168975856984
-33	-49	-20	-0.00035139177017	0.00135112424583	-0.00178130294054
-31	-49	-20	-0.000409974960606	0.00127698925641	-0.00187082918866
-29	-49	-20	-0.000467010438892	0.001153046719	-0.00195729503784
-27	-49	-20	-0.000521753701856	0.000983561583362	-0.00203988624036
-25	-49	-20	-0.0005735901824	0.000775082579969	-0.0021180118657
-23	-49	-20	-0.000622018206023	0.000536040451405	-0.00219128260026
-21	-49	-20	-0.000666623038555	0.000276235893659	-0.00225947556485
-19	-49	-20	-0.000707046091535	6.25445061199e-06	-0.00232249020625
-17	-49	-20	-0.000742953855665	-0.000263149409928	-0.0023803004693
-15	-49	-20	-0.000774011230867	-0.000521655159184	-0.00243290866066
-13	-49	-20	-0.000799863594233	-0.000759923929046	-0.00248030616052
-11	-49	-20	-0.000820131206472	-0.000970054089394	-0.00252244544752
-9	-49	-20	-0.000834418446914	-0.00114591559018	-0.00255922682852
-7	-49	-20	-0.000842338959923	-0.00128334405115	-0.00259050189278
-5	-49	-20	-0.000843556191547	-0.00138018697536	-0.00261609414467
-3	-49	-20	-0.000837837115389	-0.00143620623636	-0.00263583563257
-1	-49	-20	-0.00082511532614	-0.00145285218903	-0.00264961681265
1	-49	-20	-0.000805558258613	-0.00143293448835	-0.00265744549181
3	-49	-20	-0.000779632205448	-0.00138022220988	-0.00265950960146
5	-49	-20	-0.000748158178462	-0.00129901058559	-0.00265623785937
7	-49	-20	-0.00071235158083	-0.00119369326367	-0.00264835215004
9	-49	-20	-0.000673839186832	-0.00106837739137	-0.00263690572979
11	-49	-20	-0.000634648074373	-0.000926574179829	-0.00262330213742
13	-49	-20	-0.000597162883066	-0.000770990346758	-0.00260929092035
15	-49	-20	-0.000564049984443	-0.000603436556634	-0.00259693788688
17	-49	-20	-0.000538149707448	-0.000424858444931	-0.00258856945068
19	-49	-20	-0.000522340475476	-0.000235484873394	-0.0025866926012
21	-49	-20	-0.000519381364131	-3.50775920453e-05	-0.00259389395698
23	-49	-20	-0.000531741951199	0.000176742681592	-0.00261272307924
25	-49	-20	-0.000561430177827	0.000400125877585	-0.00264556659566
27	-49	-20	-0.000609830075184	0.00063461449064	-0.00269452058982
29	-49	-20	-0.000677561484423	0.000878795892935	-0.00276126906922
31	-49	-20	-0.000764373224946	0.00113002145797	-0.00284697609944
33	-49	-20	-0.000869079539963	0.00138422415687	-0.00295219839989
35	-49	-20	-0.000989547146157	0.00163585879096	-0.00307682390272
37	-49	-20	-0.0011227369947	0.00187797933686	-0.00322004009111
39	-49	-20	-0.00126480114474	0.00210245674155	-0.00338033399928
41	-49	-20	-0.0014112312428	0.00230032878665	-0.00355552373643
43	-49	-20	-0.001557051307	0.0024622622816	-0.0037428194579
45	-49	-20	-0.00169704415133	0.00257909777828	-0.00393891000204
47	-49	-20	-0.00182599814055	0.00264243907446	-0.00414007006642
49	-49	-20	-0.00193895927543	0.00264524468675	-0.00434228189892
51	-49	-20	-0.00203147302447	0.00258237670222	-0.00454136506706
53	-49	-20	-0.00209980090302	0.00245106417496	-0.00473310793445
55	-49	-20	-0.00214109851036	0.00225124344166	-0.00491339496334
57	-49	-20	-0.0021535444309	0.0019857460199	-0.00507832478814
59	-49	-20	-0.00213641285986	0.00166031548985	-0.00522431505508
61	-49	-20	-0.0020900867379	0.00128344709478	-0.00534819117685
63	-49	-20	-0.00201601224653	0.000866056733043	-0.00544725729464
65	-49	-20	-0.00191659939702	0.000420998503465	-0.00551934877718
67	-49	-20	-0.00179507683412	-3.75390104276e-05	-0.0055628664498
69	-49	-20	-0.0016553116227	-0.000494718863148	-0.00557679340078
71	-49	-20	-0.00150160651287	-0.000935779793369	-0.00556069565446
73	-49	-20	-0.00133848790064	-0.00134675153615	-0.00551470825469
75	-49	-20	-0.0011704974195	-0.00171511614158	-0.00543950841248
77	-49	-20	-0.00100199890388	-0.00203037481662	-0.00533627739018
79	-49	-20	-0.000837010519573	-0.0022844874851	-0.0052066527735
81	-49	-20	-0.000679069373227	-0.00247216213107	-0.00505267276303
83	-49	-20	-0.000531133135285	-0.00259098217913	-0.00487671412584
85	-49	-20	-0.000395520382814	-0.00264137172173	-0.00468142549136
87	-49	-20	-0.000273888717889	-0.00262640938904	-0.00446965774579
89	-49	-20	-0.000167247430118	-0.00255151122926	-0.004244393352
91	-49	-20	-7.59996851403e-05	-0.00242401045008	-0.00400867646891
93	-49	-20	-8.01187102678e-09	-0.00225266681097	-0.00376554573472
95	-49	-20	6.13237507115e-05	-0.00204714063965	-0.00351797149091
97	-49	-20	0.000108958935249	-0.00181746591346	-0.00326879904516
99	-49	-20	0.000144133406225	-0.00157355386335	-0.00302069930379
-99	-47	-20	0.000231722193827	0.000900444282205	-0.000544267763581
-97	-47	-20	0.000197953552626	0.000962593110546	-0.000614087907076
-95	-47	-20	0.000162015218307	0.00100929731406	-0.000683259076606
-93	-47	-20	0.000125329430983	0.00103674447592	-0.000750121103523
-91	-47	-20	8.94223955092e-05	0.00104152858112	-0.000812992396184
-89	-47	-20	5.58451080564e-05	0.00102091512404	-0.000870255161103
-87	-47	-20	2.6086749735e-05	0.000973104145339	-0.00092044569639
-85	-47	-20	1.4859420093e-06	0.000897471787135	-0.000962344324795
-83	-47	-20	-1.68543029999e-05	0.000794769607743	-0.000995059022938
-81	-47	-20	-2.81419878619e-05	0.000667261087217	-0.00101809671549
-79	-47	-20	-3.19562846874e-05	0.000518776689931	-0.00103141658389
-77	-47	-20	-2.82876354375e-05	0.000354672605356	-0.00103546059567
-75	-47	-20	-1.75542129022e-05	0.000181683775927	-0.00103115775584
-73	-47	-20	-5.92713385664e-07	7.6687823141e-06	-0.00101990023874
-71	-47	-20	2.13767694574e-05	-0.000158747836602	-0.00100349145905
-69	-47	-20	4.68101774585e-05	-0.000308621774055	-0.000984068141069
-67	-47	-20	7.3919818998e-05	-0.000433201335342	-0.000964000382274
-65	-47	-20	0.000100770609982	-0.000524476369208	-0.000945775417147
-63	-47	-20	0.000125386008364	-0.00057572846764	-0.000931872119798
-61	-47	-20	0.00014585665787	-0.00058204382161	-0.000924634114849
-59	-47	-20	0.000160444519386	-0.000540749598631	-0.000926149613389
-57	-47	-20	0.000167675588415	-0.000451737276605	-0.000938145720054
-55	-47	-20	0.000166415152778	-0.000317642056329	-0.000961903987612
-53	-47	-20	0.000155920869441	-0.000143856035664	-0.000998202498314
-51	-47	-20	0.00013587062543	6.16362575875e-05	-0.00104728784446
-49	-47	-20	0.000106364057254	0.000288598871295	-0.00110887821806
-47	-47	-20	6.78985791171e-05	0.000525047722302	-0.00118219657761
-45	-47	-20	2.13226506842e-05	0.000757889196544	-0.00126603072124
-43	-47	-20	-3.22293523677e-05	0.000973655842942	-0.0013588152336
-41	-47	-20	-9.14150480104e-05	0.00115929221545	-0.00145872883608
-39	-47	-20	-0.000154768343347	0.00130293851331	-0.00156379976703
-37	-47	-20	-0.000220783477699	0.00139465816672	-0.00167201151462
-35	-47	-20	-0.000287992477369	0.00142705817033	-0.00178140153143
-33	-47	-20	-0.00035503050241	0.00139575768622	-0.00189014643927
-31	-47	-20	-0.000420684822481	0.00129967077482	-0.00199662860001
-29	-47	-20	-0.000483924748316	0.00114108230038	-0.0020994806604
-27	-47	-20	-0.000543911634074	0.000925511068986	-0.00219760662801
-25	-47	-20	-0.0005999899062	0.000661369893641	-0.0022901800384
-23	-47	-20	-0.000651661815357	0.000359447273304	-0.00237662166889
-21	-47	-20	-0.000698550106572	3.22484950541e-05	-0.00245656089259
-19	-47	-20	-0.000740353934538	-0.0003067558553	-0.00252978602242
-17	-47	-20	-0.00077680401866	-0.000643919590492	-0.00259618977562
-15	-47	-20	-0.00080762317259	-0.000966192337079	-0.00265571624103
-13	-47	-20	-0.000832497931276	-0.00126181851875	-0.00270831543931
-11	-47	-20	-0.00085106605125	-0.00152091632617	-0.00275391075922
-9	-47	-20	-0.000862923234882	-0.00173589932152	-0.00279238329542
-7	-47	-20	-0.000867650622575	-0.00190171635192	-0.00282357550374
-5	-47	-20	-0.000864862538367	-0.00201590018281	-0.00284731475442
-3	-47	-20	-0.000854271820577	-0.00207843049868	-0.00286345544366
-1	-47	-20	-0.000835767993281	-0.00209143141855	-0.00287193647052
1	-47	-20	-0.000809501715779	-0.00205873628094	-0.00287284924913
3	-47	-20	-0.000775967557569	-0.00198536218138	-0.00286651013971
5	-47	-20	-0.000736076336628	-0.00187694285639	-0.00285353036145
7	-47	-20	-0.000691208145121	-0.00173917056177	-0.00283487617477
9	-47	-20	-0.000643237837877	-0.00157729548141	-0.0028119124321
11	-47	-20	-0.000594526186499	-0.00139572514546	-0.002786423491
13	-47	-20	-0.000547872052975	-0.00119775686197	-0.00276060690932
15	-47	-20	-0.000506423692642	-0.000985464062514	-0.00273703720396
17	-47	-20	-0.000473550476447	-0.00075974371701	-0.00271859911574
19	-47	-20	-0.000452679693902	-0.000520517691484	-0.00270839211816
21	-47	-20	-0.000447106391265	-0.000267067249626	-0.00270961015372
23	-47	-20	-0.000459787129206	1.53207201027e-06	-0.00272540259496
25	-47	-20	-0.000493130833611	0.000285917288853	-0.00275872403847
27	-47	-20	-0.000548801319866	0.000585934441049	-0.00281218161095
29	-47	-20	-0.000627546411698	0.000900174603702	-0.00288788890284
31	-47	-20	-0.000729067747649	0.00122559713156	-0.00298733540765
33	-47	-20	-0.000851943364699	0.00155728162579	-0.00311127945259
35	-47	-20	-0.000993612065361	0.00188834031923	-0.00325967113613
37	-47	-20	-0.00115042460836	0.00221000992906	-0.00343160986803
39	-47	-20	-0.00131776219834	0.00251192748845	-0.00362533890288
41	-47	-20	-0.0014902179382	0.00278257938132	-0.00383827695733
43	-47	-20	-0.00166183223608	0.00300989799112	-0.00406708479353
45	-47	-20	-0.00182636901896	0.00318196725197	-0.00430776271083
47	-47	-20	-0.00197761635165	0.00328778806433	-0.00455577335373
49	-47	-20	-0.002109692983	0.00331804790985	-0.00480618320985
51	-47	-20	-0.00221734163174	0.0032658366885	-0.00505381567526
53	-47	-20	-0.002296190557	0.00312725307631	-0.00529340859014
55	-47	-20	-0.00234296708452	0.00290185245867	-0.00551976962831
57	-47	-20	-0.00235565010564	0.00259289824716	-0.00572792375597
59	-47	-20	-0.00233355285572	0.00220739231135	-0.00591324803132
61	-47	-20	-0.00227733215416	0.00175587624404	-0.00607159016484
63	-47	-20	-0.00218892534602	0.00125201194085	-0.00619936837987
65	-47	-20	-0.00207142101528	0.000711966149569	-0.00629365111038
67	-47	-20	-0.00192887376097	0.000153637917104	-0.00635221588777
69	-47	-20	-0.00176607662535	-0.000404220917792	-0.0063735873803
71	-47	-20	-0.00158830691343	-0.000942934750333	-0.00635705497397
73	-47	-20	-0.00140106203171	-0.00144482250173	-0.00630267056558
75	-47	-20	-0.00120980160006	-0.00189404672506	-0.00621122743822
77	-47	-20	-0.00101971056133	-0.00227734123974	-0.00608422127165
79	-47	-20	-0.000835495529511	-0.00258457492734	-0.00592379455864
81	-47	-20	-0.000661223443739	-0.00280912207216	-0.00573266598841
83	-47	-20	-0.000500208039654	-0.00294802408646	-0.00551404672912
85	-47	-20	-0.000354946021524	-0.00300194239571	-0.00527154597333
87	-47	-20	-0.000227101410279	-0.00297491645917	-0.00500906856229
89	-47	-20	-0.000117533597047	-0.00287395327936	-0.00473070791834
91	-47	-20	-2.63623295026e-05	-0.00270848443319	-0.00444063782666
93	-47	-20	4.69386944248e-05	-0.00248973304845	-0.00414300676026
95	-47	-20	0.00010342872315	-0.00223003597624	-0.00384183839313
97	-47	-20	0.000144576465532	-0.00194216571861	-0.00354094167647
99	-47	-20	0.000172134732085	-0.00163869280218	-0.00324383336833
-99	-45	-20	0.000270121762177	0.000951030558685	-0.000554848261139
-97	-45	-20	0.0002314328871	0.00102322430477	-0.000630878801562
-95	-45	-20	0.00019023781367	0.00107807840271	-0.000706493792172
-93	-45	-20	0.000148177600362	0.00111107233643	-0.00077985821248
-91	-45	-20	0.000107016037077	0.00111813580642	-0.000849102465315
-89	-45	-20	6.85490600527e-05	0.00109596172097	-0.000912416086888
-87	-45	-20	3.45055304078e-05	0.00104231778247	-0.000968147423119
-85	-45	-20	6.44541870007e-06	0.000956333784384	-0.00101490331259
-83	-45	-20	-1.43379447145e-05	0.00083874012519	-0.00105164224796
-81	-45	-20	-2.6904758023e-05	0.000692033249004	-0.00107775438354
-79	-45	-20	-3.07383682061e-05	0.000520545982492	-0.001093122166
-77	-45	-20	-2.57921281029e-05	0.000330405138571	-0.00109815629465
-75	-45	-20	-1.25093820288e-05	0.000129365194529	-0.00109380312631
-73	-45	-20	8.18575858109e-06	-7.34849814269e-05	-0.00108152144124
-71	-45	-20	3.49271655062e-05	-0.000268135989888	-0.00106322855293
-69	-45	-20	6.59731683272e-05	-0.000444176040387	-0.00104121791763
-67	-45	-20	9.92969101477e-05	-0.000591387376962	-0.00101805250272
-65	-45	-20	0.000132694946611	-0.000700386418018	-0.000996440029525
-63	-45	-20	0.000163907055812	-0.000763266423189	-0.000979097652136
-61	-45	-20	0.000190739354713	-0.000774197593356	-0.00096861453878
-59	-45	-20	0.000211182547897	-0.000729938886044	-0.000967321096367
-57	-45	-20	0.000223517495946	-0.000630218814407	-0.000977173188782
-55	-45	-20	0.00022640125876	-0.000477949124773	-0.000999658666231
-53	-45	-20	0.000218928267051	-0.000279245224721	-0.00103573192544
-51	-45	-20	0.000200663181003	-4.32399529276e-05	-0.00108578018616
-49	-45	-20	0.000171644152092	0.000218308146444	-0.00114962286399
-47	-45	-20	0.000132357434663	0.000491595565747	-0.00122654303164
-45	-45	-20	8.36864153931e-05	0.000761512287466	-0.00131534768554
-43	-45	-20	2.68399688714e-05	0.00101249356689	-0.0014144515554
-41	-45	-20	-3.6733541029e-05	0.00122943049637	-0.00152197766721
-39	-45	-20	-0.000105439421501	0.00139857851486	-0.00163586691076
-37	-45	-20	-0.00017762951054	0.00150840127848	-0.00175398853709
-35	-45	-20	-0.000251687620884	0.00155029039821	-0.00187424382995
-33	-45	-20	-0.000326101380869	0.00151910936714	-0.00199465611744
-31	-45	-20	-0.000399515710739	0.00141352202405	-0.00211344172379
-29	-45	-20	-0.000470764975156	0.00123608123655	-0.00222905827782
-27	-45	-20	-0.000538882880719	0.000993070944403	-0.00234022883648
-25	-45	-20	-0.000603091274198	0.000694112884046	-0.00244594237957
-23	-45	-20	-0.000662770971646	0.000351566745717	-0.00254543321497
-21	-45	-20	-0.000717419448147	-2.02322324437e-05	-0.00263814354767
-19	-45	-20	-0.000766601500198	-0.000405842405467	-0.00272367477968
-17	-45	-20	-0.000809899745669	-0.000789628344111	-0.00280173392448
-15	-45	-20	-0.000846871975969	-0.00115665125761	-0.00287208178346
-13	-45	-20	-0.00087702189159	-0.00149347428735	-0.00293448922648
-11	-45	-20	-0.000899788652514	-0.00178882742295	-0.00298870707414
-9	-45	-20	-0.000914559023361	-0.00203408874407	-0.00303445376145
-7	-45	-20	-0.000920703798829	-0.00222355390785	-0.0030714232748
-5	-45	-20	-0.000917637806769	-0.00235448301994	-0.00309931392546
-3	-45	-20	-0.000904900284657	-0.00242693183278	-0.00311787650236
-1	-45	-20	-0.000882250011498	-0.00244339116453	-0.00312697839294
1	-45	-20	-0.000849767460213	-0.00240827317099	-0.00312667852972
3	-45	-20	-0.000807954616683	-0.00232729447334	-0.00311730665611
5	-45	-20	-0.000757822168161	-0.00220681327455	-0.00309953952848
7	-45	-20	-0.000700953633151	-0.00205317996513	-0.00307446636942
9	-45	-20	-0.000639536769051	-0.00187215818854	-0.00304363620468
11	-45	-20	-0.000576354267372	-0.00166846615768	-0.00300908065048
13	-45	-20	-0.000514728268472	-0.00144547680157	-0.0029733072163
15	-45	-20	-0.000458416459739	-0.00120510099885	-0.00293926014974
17	-45	-20	-0.000411461251509	-0.000947861881573	-0.0029102481315
19	-45	-20	-0.000377997480227	-0.000673151276616	-0.00288984055472
21	-45	-20	-0.000362027952407	-0.000379643146269	-0.00288173650132
23	-45	-20	-0.000367179580966	-6.58246953797e-05	-0.00288961266412
25	-45	-20	-0.000396455553261	0.000269405219395	-0.00291695818045
27	-45	-20	-0.000452000623864	0.00062612769923	-0.00296690549597
29	-45	-20	-0.000534897031007	0.00100284502791	-0.00304206687021
31	-45	-20	-0.000645007574709	0.00139602845362	-0.00314438592943
33	-45	-20	-0.000780880060264	0.00179982201975	-0.00327501279089
35	-45	-20	-0.000939723717007	0.00220594020503	-0.0034342098092
37	-45	-20	-0.0011174635801	0.00260378198401	-0.00362129306537
39	-45	-20	-0.00130887350597	0.00298076650596	-0.00383461250527
41	-45	-20	-0.00150778289007	0.00332287727746	-0.00407157132863
43	-45	-20	-0.00170734672048	0.00361538398868	-0.00432868302429
45	-45	-20	-0.00190036378606	0.00384369540457	-0.00460166251153
47	-45	-20	-0.00207962407614	0.00399428437536	-0.00488554631489
49	-45	-20	-0.00223826399284	0.00405561809079	-0.00517483564982
51	-45	-20	-0.00237010716552	0.00401902394696	-0.00546365575672
53	-45	-20	-0.00246996949575	0.00387942414027	-0.00574592475836
55	-45	-20	-0.00253390950661	0.00363588022	-0.00601552565499
57	-45	-20	-0.00255940892427	0.00329190173735	-0.00626647570068
59	-45	-20	-0.00254547335722	0.00285548983097	-0.00649308819917
61	-45	-20	-0.00249264854837	0.00233890575978	-0.00669012259393
63	-45	-20	-0.00240295349075	0.00175817448667	-0.00685291950552
65	-45	-20	-0.00227973724813	0.00113235279881	-0.00697751802038
67	-45	-20	-0.00212747117065	0.000482608547467	-0.00706075303412
69	-45	-20	-0.00195149198326	-0.000168828972246	-0.00710033081264
71	-45	-20	-0.00175771369677	-0.000799778756985	-0.00709488120684
73	-45	-20	-0.00155232731913	-0.00138920582963	-0.0070439852128
75	-45	-20	-0.00134150692932	-0.00191823700961	-0.0069481768886
77	-45	-20	-0.00113113894355	-0.00237103213322	-0.00680891909066
79	-45	-20	-0.000926588581869	-0.00273545999911	-0.00662855312203
81	-45	-20	-0.000732513938865	-0.00300354356061	-0.00641022320264
83	-45	-20	-0.000552734022374	-0.00317165616968	-0.00615777764839
85	-45	-20	-0.000390153004214	-0.00324046853088	-0.00587564971593
87	-45	-20	-0.000246739057062	-0.00321466299769	-0.00556872213919
89	-45	-20	-0.000123552807254	-0.00310244663879	-0.00524218034063
91	-45	-20	-2.08178183019e-05	-0.00291490607351	-0.00490136003623
93	-45	-20	6.19762465553e-05	-0.00266525471773	-0.00455159537343
95	-45	-20	0.000125948018166	-0.00236802646595	-0.00419807378165
97	-45	-20	0.000172686651881	-0.00203826901717	-0.00384570335164
99	-45	-20	0.000204111489349	-0.00169078543592	-0.00349899780821
-99	-43	-20	0.00031620760994	0.00100920194057	-0.000563180259838
-97	-43	-20	0.000274685280837	0.00109244495249	-0.000641717137372
-95	-43	-20	0.000230136362702	0.00115753765158	-0.000720300856757
-93	-43	-20	0.000184314467297	0.00119947135863	-0.000797124441132
-91	-43	-20	0.000139118346832	0.00121370148252	-0.000870334764892
-89	-43	-20	9.64967610908e-05	0.00119649076696	-0.000938123187226
-87	-43	-20	5.83437051397e-05	0.00114525208867	-0.000998822379709
-85	-43	-20	2.63903021433e-05	0.00105886580891	-0.00105100362808
-83	-43	-20	2.10032265104e-06	0.000937944897511	-0.00109356833312
-81	-43	-20	-1.34235546461e-05	0.000785021246019	-0.00112582732613
-79	-43	-20	-1.95160183505e-05	0.000604629027343	-0.0011475619972
-77	-43	-20	-1.60021494727e-05	0.000403265732999	-0.00115906211399
-75	-43	-20	-3.22283729063e-06	0.000189218508981	-0.00116113654528
-73	-43	-20	1.79699508184e-05	-2.77477191028e-05	-0.00115509481268
-71	-43	-20	4.62485013803e-05	-0.000236833642189	-0.00114269935419
-69	-43	-20	7.98735679995e-05	-0.000426763003007	-0.0011260904418
-67	-43	-20	0.000116783649703	-0.000586426070769	-0.00110768768707
-65	-43	-20	0.000154703678435	-0.000705571847491	-0.00109007382411
-63	-43	-20	0.000191266030771	-0.000775504515102	-0.00107586782705
-61	-43	-20	0.000224135884107	-0.000789735383623	-0.00106759527629
-59	-43	-20	0.000251132655349	-0.000744540902558	-0.00106756415258
-57	-43	-20	0.000270339617178	-0.000639380499838	-0.00107775388173
-55	-43	-20	0.000280194755353	-0.00047713514464	-0.00109972449612
-53	-43	-20	0.000279557430125	-0.000264138274443	-0.00113455129974
-51	-43	-20	0.000267747310566	-9.98442354061e-06	-0.00118278854019
-49	-43	-20	0.000244554203462	0.000272883421911	-0.00124446345985
-47	-43	-20	0.000210219619913	0.000569790232962	-0.00131909989468
-45	-43	-20	0.000165393030123	0.000864615651177	-0.0014057684928
-43	-43	-20	0.000111067579237	0.00114070348114	-0.00150315880482
-41	-43	-20	4.85014292417e-05	0.00138183550785	-0.0016096670962
-39	-43	-20	-2.08682535441e-05	0.00157320442326	-0.00172349285311
-37	-43	-20	-9.5511391092e-05	0.00170231876291	-0.00184273665602
-35	-43	-20	-0.000173884249436	0.00175977606381	-0.00196549238781
-33	-43	-20	-0.000254495873011	0.00173984883385	-0.00208992758623
-31	-43	-20	-0.000335957137953	0.00164084081175	-0.00221434705934
-29	-43	-20	-0.000417009661782	0.00146518743241	-0.00233723653933
-27	-43	-20	-0.000496533827069	0.00121929311538	-0.00245728501094
-25	-43	-20	-0.000573537254313	0.000913117466187	-0.00257338626138
-23	-43	-20	-0.000647127023819	0.000559541142192	-0.00268462200517
-21	-43	-20	-0.000716470634623	0.000173558458222	-0.00279023049798
-19	-43	-20	-0.000780751955722	-0.000228643548811	-0.00288956574941
-17	-43	-20	-0.000839129154996	-0.000630651948946	-0.00298205318666
-15	-43	-20	-0.000890701704883	-0.00101677042612	-0.00306714785587
-13	-43	-20	-0.00093449302527	-0.00137287023343	-0.00314430095965
-11	-43	-20	-0.000969454144621	-0.00168709064088	-0.0032129397415
-9	-43	-20	-0.000994492000922	-0.00195034277713	-0.00327246449949
-7	-43	-20	-0.00100852377319	-0.00215658713189	-0.00332226493417
-5	-43	-20	-0.00101055608485	-0.00230287350262	-0.00336175622798
-3	-43	-20	-0.000999785241641	-0.00238915132204	-0.00339043335234
-1	-43	-20	-0.00097571207336	-0.00241787653674	-0.00340794025214
1	-43	-20	-0.000938262668396	-0.0023934570634	-0.00341414891293
3	-43	-20	-0.000887904543994	-0.00232159107164	-0.00340924201248
5	-43	-20	-0.000825746782972	-0.00220855998512	-0.00339379201104
7	-43	-20	-0.000753612545875	-0.00206054057932	-0.00336882922968
9	-43	-20	-0.000674073233282	-0.00188299772606	-0.00333589174957
11	-43	-20	-0.000590435448308	-0.00168021145057	-0.00329705083592
13	-43	-20	-0.000506674731766	-0.00145497968102	-0.00325490700101
15	-43	-20	-0.000427313661193	-0.00120852237918	-0.0032125536759
17	-43	-20	-0.000357246085809	-0.00094059490127	-0.00317350762326
19	-43	-20	-0.000301513707192	-0.000649799877195	-0.00314160752886
21	-43	-20	-0.000265045555367	-0.000334069098366	-0.00312088447281
23	-43	-20	-0.000252374775479	8.72869403014e-06	-0.00311541002092
25	-43	-20	-0.000267350166157	0.000380110351341	-0.00312912932603
27	-43	-20	-0.000312861777514	0.000780295046352	-0.00316568775677
29	-43	-20	-0.000390600344669	0.00120758148685	-0.00322826009122
31	-43	-20	-0.000500869268918	0.00165784887971	-0.00331939119658
33	-43	-20	-0.000642465257865	0.00212423653905	-0.00344085639106
35	-43	-20	-0.000812639728105	0.00259704387985	-0.00359354843566
37	-43	-20	-0.00100714792085	0.00306387555991	-0.00377739645869
39	-43	-20	-0.00122038675735	0.0035100370139	-0.00399132023534
41	-43	-20	-0.00144561622619	0.00391916508643	-0.00423322129806
43	-43	-20	-0.00167525305146	0.00427405856358	-0.00450001050505
45	-43	-20	-0.00190122004218	0.00455765576443	-0.00478767007972
47	-43	-20	-0.00211533032264	0.00475409248088	-0.00509134685179
49	-43	-20	-0.00230968295296	0.00484976466917	-0.00540547252531
51	-43	-20	-0.00247704550412	0.00483431723768	-0.00572390626818
53	-43	-20	-0.00261120003652	0.00470148341115	-0.00604009470823
55	-43	-20	-0.00270723156972	0.0044497083408	-0.0063472444489
57	-43	-20	-0.00276174229697	0.004082505215	-0.00663850237752
59	-43	-20	-0.00277298013212	0.00360851098751	-0.0069071392291
61	-43	-20	-0.00274087622626	0.0030412304802	-0.00714673200291
63	-43	-20	-0.00266699235107	0.0023984802912	-0.00735134085935
65	-43	-20	-0.00255438500842	0.00170156580345	-0.00751567604105
67	-43	-20	-0.00240739832611	0.000974243868783	-0.00763525020473
69	-43	-20	-0.00223140185987	0.000241538889832	-0.00770651139369
71	-43	-20	-0.00203249207957	-0.000471510149217	-0.0077269518281
73	-43	-20	-0.00181717744658	-0.00114109035804	-0.00769518785137
75	-43	-20	-0.00159206660105	-0.0017457644084	-0.0076110068435
77	-43	-20	-0.00136357741466	-0.0022674581945	-0.00747537776289
79	-43	-20	-0.00113768177441	-0.00269222944137	-0.00729042322545
81	-43	-20	-0.000919697270003	-0.00301077717813	-0.00705935263888
83	-43	-20	-0.000714132826885	-0.00321867143856	-0.0067863577882
85	-43	-20	-0.000524591124116	-0.00331630263058	-0.00647647427784
87	-43	-20	-0.000353726697869	-0.00330856910208	-0.00613541420363
89	-43	-20	-0.000203255233157	-0.00320433806079	-0.00576937717299
91	-43	-20	-7.40068877568e-05	-0.00301572801345	-0.00538484814115
93	-43	-20	3.39853149286e-05	-0.00275726948185	-0.00498839134667
95	-43	-20	0.000121371917583	-0.00244500456667	-0.00458644982291
97	-43	-20	0.000189358283702	-0.00209558502879	-0.00418515950532
99	-43	-20	0.000239570067455	-0.00172542339798	-0.00379018588526
-99	-41	-20	0.000371240114022	0.00107546806229	-0.000568706411402
-97	-41	-20	0.000329980971708	0.00117067205388	-0.000645212013644
-95	-41	-20	0.000284960254605	0.00124823478283	-0.000722457974233
-93	-41	-20	0.000237892696593	0.00130293700247	-0.000798902457923
-91	-41	-20	0.000190663770721	0.00133000129484	-0.000872949025442
-89	-41	-20	0.000145239496719	0.00132544358903	-0.000943020862582
-87	-41	-20	0.000103565952097	0.00128642550297	-0.00100764061446
-85	-41	-20	6.74643901771e-05	0.00121158208504	-0.00106551122227
-83	-41	-20	3.85285088265e-05	0.00110129768745	-0.00111559270062
-81	-41	-20	1.80305816515e-05	0.000957902871451	-0.00115716969282
-79	-41	-20	6.8428214798e-06	0.000785767688578	-0.00118990493597
-77	-41	-20	5.37950053338e-06	0.000591271491067	-0.0012138744585
-75	-41	-20	1.35640538408e-05	0.000382636476938	-0.0012295813874
-73	-41	-20	3.08237350574e-05	0.000169621127064	-0.00123794659136
-71	-41	-20	5.6112504123e-05	-3.69200155807e-05	-0.00124027593075
-69	-41	-20	8.79608547208e-05	-0.000225592884617	-0.00123820550609
-67	-41	-20	0.00012454939692	-0.000385108797614	-0.00123362786023
-65	-41	-20	0.000163801352712	-0.000504980393779	-0.00122860346572
-63	-41	-20	0.000203487836489	-0.00057622401421	-0.00122526289988
-61	-41	-20	0.00024133898445	-0.000592019636768	-0.00122570578184
-59	-41	-20	0.000275153730917	-0.000548278740889	-0.00123190275921
-57	-41	-20	0.000302901323329	-0.00044407364953	-0.00124560656656
-55	-41	-20	0.000322808490751	-0.000281888999335	-0.00126827745434
-53	-41	-20	0.000333427458061	-6.76667023729e-05	-0.00130102716611
-51	-41	-20	0.000333681616658	0.000189370580678	-0.00134458421918
-49	-41	-20	0.000322887483004	0.000477116799757	-0.00139928163746
-47	-41	-20	0.000300753444529	0.000781183628751	-0.00146506663048
-45	-41	-20	0.00026735755344	0.00108567237272	-0.00154153014347
-43	-41	-20	0.000223108140417	0.00137406971129	-0.00162795284704
-41	-41	-20	0.000168692162879	0.00163020944768	-0.00172336309498
-39	-41	-20	0.00010501689033	0.00183923570517	-0.0018266017315
-37	-41	-20	3.31507142112e-05	0.00198850112939	-0.00193638841633
-35	-41	-20	-4.57314553023e-05	0.00206833692117	-0.00205138436081
-33	-41	-20	-0.000130393544997	0.00207263981118	-0.002170247001
-31	-41	-20	-0.000219570975335	0.00199923383299	-0.0022916731103
-29	-41	-20	-0.000311988682899	0.00184998099899	-0.00241442808737
-27	-41	-20	-0.000406364273048	0.00163063346187	-0.00253736053936
-25	-41	-20	-0.000501397812825	0.00135043897344	-0.00265940270146
-23	-41	-20	-0.000595751421685	0.00102152986822	-0.00277955857853
-21	-41	-20	-0.000688023227203	0.000658141895096	-0.00289688285708
-19	-41	-20	-0.000776721296532	0.000275721673022	-0.00301045452654
-17	-41	-20	-0.000860243724991	-0.000110010665429	-0.0031193496984
-15	-41	-20	-0.000936871082191	-0.000483974589302	-0.00322261827604
-13	-41	-20	-0.00100477684067	-0.00083255199111	-0.00331926889146
-11	-41	-20	-0.00106206024051	-0.00114426189133	-0.00340826589776
-9	-41	-20	-0.00110680431998	-0.00141024196337	-0.00348854123057
-7	-41	-20	-0.00113715965892	-0.0016245080504	-0.00355902269198
-5	-41	-20	-0.00115145187489	-0.00178398121212	-0.00361867875691
-3	-41	-20	-0.00114830826364	-0.00188829083831	-0.00366657846106
-1	-41	-20	-0.00112679639408	-0.00193938045558	-0.00370196341876
1	-41	-20	-0.00108656518698	-0.00194095857975	-0.00372432766036
3	-41	-20	-0.00102797725761	-0.00189784907473	-0.0037334998862
5	-41	-20	-0.000952220299902	-0.00181530301174	-0.0037297220088
7	-41	-20	-0.000861385209784	-0.00169833639283	-0.00371371757022
9	-41	-20	-0.000758499600442	-0.00155115512992	-0.00368674382046
11	-41	-20	-0.000647507389156	-0.00137672059806	-0.00365062192796
13	-41	-20	-0.00053318817668	-0.00117649654792	-0.00360774092724
15	-41	-20	-0.000421014042558	-0.000950402158577	-0.00356103251218
17	-41	-20	-0.000316945896147	-0.000696977800102	-0.00351391554635
19	-41	-20	-0.00022717632641	-0.000413751101551	-0.00347021104379
21	-41	-20	-0.000157830599829	-9.77727011215e-05	-0.00343403022857
23	-41	-20	-0.000114641655524	0.000253724928154	-0.00340963996055
25	-41	-20	-0.000102618241301	0.000642604603339	-0.00340131118995
27	-41	-20	-0.000125727375621	0.00106910431283	-0.00341315707626
29	-41	-20	-0.000186612847043	0.00153118906438	-0.0034489679216
31	-41	-20	-0.000286370331725	0.00202404061204	-0.00351205011292
33	-41	-20	-0.0004243969177	0.00253974208746	-0.00360507587986
35	-41	-20	-0.000598328516729	0.00306720065131	-0.00372994992917
37	-41	-20	-0.000804073107561	0.00359233333275	-0.00388769802085
39	-41	-20	-0.00103594139702	0.00409852058055	-0.00407838142248
41	-41	-20	-0.00128686980381	0.00456731031368	-0.00430104003683
43	-41	-20	-0.00154872420416	0.00497933417374	-0.00455366594013
45	-41	-20	-0.00181266716285	0.00531537899147	-0.00483320816341
47	-41	-20	-0.00206956688378	0.00555754178248	-0.00513560882154
49	-41	-20	-0.00231042322702	0.00569038719322	-0.00545587013019
51	-41	-20	-0.00252678508833	0.00570202313039	-0.00578815139418
53	-41	-20	-0.00271113429716	0.00558501372754	-0.00612589462377
55	-41	-20	-0.00285721386614	0.00533705868464	-0.00646197694635
57	-41	-20	-0.00296028266758	0.00496138366483	-0.0067888873493
59	-41	-20	-0.00301728403839	0.00446680664832	-0.00709892446084
61	-41	-20	-0.00302692194965	0.00386746832613	-0.00738441103752
63	-41	-20	-0.00298964470188	0.00318223889601	-0.00763791961925
65	-41	-20	-0.00290754210874	0.0024338370275	-0.00785250252881
67	-41	-20	-0.00278416735023	0.001647717393	-0.0080219181703
69	-41	-20	-0.002624298747	0.00085079935974	-0.00814084458979
71	-41	-20	-0.00243365938676	7.01199406563e-05	-0.00820507067644
73	-41	-20	-0.00221861371812	-0.000668501853778	-0.00821165536424
75	-41	-20	-0.00198585994914	-0.00134170473122	-0.00815904585801
77	-41	-20	-0.00174213550438	-0.00192965326084	-0.00804714730551
79	-41	-20	-0.00149395016041	-0.00241687307609	-0.00787733844325
81	-41	-20	-0.00124735811503	-0.00279281009053	-0.00765243044961
83	-41	-20	-0.00100777649819	-0.00305209142779	-0.00737656936015
85	-41	-20	-0.000779854042672	-0.003194487177	-0.00705508569475
87	-41	-20	-0.000567390101188	-0.00322459242451	-0.006694298139
89	-41	-20	-0.000373301161656	-0.00315126672825	-0.00630128093401
91	-41	-20	-0.000199629635847	-0.00298688205339	-0.00588360681071
93	-41	-20	-4.75880575805e-05	-0.0027464393426	-0.00544907866273
95	-41	-20	8.23690714154e-05	-0.00244661796918	-0.00500546357185
97	-41	-20	0.000190453769144	-0.00210482139266	-0.00456024225638
99	-41	-20	0.000277441026055	-0.00173827689283	-0.00412038557161
-99	-39	-20	0.000436442798861	0.00114987038535	-0.000570850372152
-97	-39	-20	0.000399661503244	0.00125781613553	-0.000640141475665
-95	-39	-20	0.000358145133653	0.00135011968272	-0.00071107336179
-93	-39	-20	0.000313369726784	0.00142167238792	-0.000782626672285
-91	-39	-20	0.000267009940201	0.0014677446521	-0.000853723924831
-89	-39	-20	0.00022086602631	0.00148432047991	-0.000923273107057
-87	-39	-20	0.00017678036812	0.00146843446393	-0.000990215353432
-85	-39	-20	0.000136548232456	0.00141848727187	-0.00105357414861
-83	-39	-20	0.000101827947377	0.00133451394257	-0.00111250322638
-81	-39	-20	7.40558864646e-05	0.00121837940823	-0.0011663302584
-79	-39	-20	5.43714193644e-05	0.00107387790703	-0.00121459356881
-77	-39	-20	4.35563765857e-05	0.000906717408969	-0.00125706946948
-75	-39	-20	4.19926230754e-05	0.000724376732942	-0.00129378836302
-73	-39	-20	4.96401160402e-05	0.000535831359034	-0.00132503846906
-71	-39	-20	6.60364383949e-05	0.000351153512465	-0.00135135683644
-69	-39	-20	9.03173647116e-05	0.000181002220735	-0.00137350814671
-67	-39	-20	0.00012125664967	3.60289067344e-05	-0.0013924526208
-65	-39	-20	0.000157322040014	-7.37671922534e-05	-0.00140930504664
-63	-39	-20	0.000196743592164	-0.000139692745059	-0.00142528749119
-61	-39	-20	0.000237589794972	-0.000154978132912	-0.00144167860327
-59	-39	-20	0.000277846785194	-0.000115313554186	-0.00145976252909
-57	-39	-20	0.000315496102902	-1.92605021558e-05	-0.00148078034505
-55	-39	-20	0.000348586933722	0.000131497839569	-0.00150588657934
-53	-39	-20	0.000375299564949	0.000332093966417	-0.00153611287765
-51	-39	-20	0.000393997762252	0.000574615410122	-0.00157234021935
-49	-39	-20	0.000403268859192	0.000848446049099	-0.00161528036581
-47	-39	-20	0.000401951445292	0.00114079437453	-0.00166546648552
-45	-39	-20	0.000389151546679	0.0014373792571	-0.00172325221199
-43	-39	-20	0.000364249035241	0.00172323102747	-0.00178881780419
-41	-39	-20	0.000326896613958	0.00198355579944	-0.00186218164017
-39	-39	-20	0.000277014065155	0.00220460484598	-0.00194321501046
-37	-39	-20	0.000214780494687	0.00237448910844	-0.00203165810602
-35	-39	-20	0.000140627060886	0.00248388184379	-0.00212713521239
-33	-39	-20	5.523216541e-05	0.00252655986538	-0.00222916741528
-31	-39	-20	-4.04796550396e-05	0.00249974529322	-0.00233718156274
-29	-39	-20	-0.000145334805168	0.00240422433	-0.00245051478064
-27	-39	-20	-0.000257904353585	0.00224423616926	-0.00256841445548
-25	-39	-20	-0.000376496110193	0.00202714238751	-0.00269003423499
-23	-39	-20	-0.000499147734731	0.0017629036694	-0.00281442720196
-21	-39	-20	-0.000623624367547	0.00146340511319	-0.0029405379039
-19	-39	-20	-0.000747424847033	0.00114168247889	-0.00306719532557
-17	-39	-20	-0.00086780082694	0.000811108663222	-0.00319310913637
-15	-39	-20	-0.000981792959695	0.000484601847337	-0.00331687160123
-13	-39	-20	-0.0010862877171	0.000173913997122	-0.00343696739377
-11	-39	-20	-0.00117809735368	-0.000110949063337	-0.00355179319029
-9	-39	-20	-0.00125406399225	-0.000362136315082	-0.00365968836224
-7	-39	-20	-0.00131118688124	-0.000574163906223	-0.00375897735
-5	-39	-20	-0.00134676963992	-0.000743922747289	-0.00384802343493
-3	-39	-20	-0.0013585819192	-0.000870490018971	-0.00392529268654
-1	-39	-20	-0.00134502755168	-0.000954769596003	-0.00398942591639
1	-39	-20	-0.00130530916366	-0.000999000575714	-0.00403931559575
3	-39	-20	-0.00123957760766	-0.00100618399659	-0.00407418396535
5	-39	-20	-0.00114905367001	-0.000979484553971	-0.00409365805137
7	-39	-20	-0.00103610950718	-0.0009216661071	-0.00409783705675
9	-39	-20	-0.000904298300755	-0.000834616833523	-0.00408734765151
11	-39	-20	-0.000758322748588	-0.000719012217324	-0.00406338304831
13	-39	-20	-0.000603936188516	-0.000574152220214	-0.00402772239555
15	-39	-20	-0.000447774232215	-0.000397993875042	-0.00398272790244
17	-39	-20	-0.00029711952295	-0.000187383322976	-0.00393131815624
19	-39	-20	-0.000159607281912	6.15266621667e-05	-0.00387691721719
21	-39	-20	-4.28842707261e-05	0.000352704918621	-0.00382338019134
23	-39	-20	4.57617616341e-05	0.00068956236769	-0.00377489700542
25	-39	-20	9.97815848368e-05	0.00107422297569	-0.00373587697591
27	-39	-20	0.000113730205994	0.00150681081794	-0.00371081743903
29	-39	-20	8.35954780017e-05	0.00198482099309	-0.00370416018113
31	-39	-20	7.06743478968e-06	0.0025026387048	-0.00372013970121
33	-39	-20	-0.000116270904981	0.00305126190349	-0.0037626274946
35	-39	-20	-0.000284846034733	0.00361826898608	-0.00383497663027
37	-39	-20	-0.000495098759586	0.00418805513414	-0.00393987096633
39	-39	-20	-0.000741593690958	0.00474234024587	-0.00407918346046
41	-39	-20	-0.00101722889659	0.00526092967545	-0.00425384821117
43	-39	-20	-0.00131353447408	0.00572268787801	-0.00446375110462
45	-39	-20	-0.00162104291041	0.00610666632822	-0.00470764419375
47	-39	-20	-0.00192970945172	0.00639331235419	-0.00498308911868
49	-39	-20	-0.00222935770402	0.00656567614472	-0.00528643487879
51	-39	-20	-0.00251012453527	0.00661053007316	-0.00561283496201
53	-39	-20	-0.00276287910549	0.00651931805693	-0.00595630810857
55	-39	-20	-0.00297959339368	0.00628886280102	-0.00630984574496
57	-39	-20	-0.00315364564938	0.00592177475449	-0.00666556732756
59	-39	-20	-0.00328004337583	0.00542652722979	-0.00701492251163
61	-39	-20	-0.0033555582776	0.00481718576449	-0.00734893630791
63	-39	-20	-0.00337877157397	0.00411280454233	-0.00765849038322
65	-39	-20	-0.00335003370461	0.00333652652503	-0.00793463064044
67	-39	-20	-0.0032713473198	0.00251444494299	-0.00816888845957
69	-39	-20	-0.00314618623505	0.00167430026804	-0.0083536007908
71	-39	-20	-0.00297926554893	0.000844097460205	-0.00848221293704
73	-39	-20	-0.00277627931256	5.07323747589e-05	-0.00854954756769
75	-39	-20	-0.00254362206572	-0.000681286457069	-0.00855202440052
77	-39	-20	-0.0022881093887	-0.00133094350978	-0.00848781709983
79	-39	-20	-0.00201671060806	-0.00188158674525	-0.00835693717137
81	-39	-20	-0.00173630422702	-0.00232151882755	-0.00816123877811
83	-39	-20	-0.00145346382356	-0.00264428604011	-0.00790434314473
85	-39	-20	-0.00117427934036	-0.00284866356204	-0.00759148618478
87	-39	-20	-0.000904216103211	-0.00293835634577	-0.00722929776076
89	-39	-20	-0.000648011703767	-0.00292145275486	-0.0068255251763
91	-39	-20	-0.000409609154518	-0.00280968212549	-0.00638871675473
93	-39	-20	-0.000192123489285	-0.00261753667409	-0.00592788342236
95	-39	-20	2.16179563165e-06	-0.00236132231398	-0.00545215694576
97	-39	-20	0.000171772459853	-0.00205820205159	-0.00497046285117
99	-39	-20	0.000315999505728	-0.00172529021011	-0.00449122418795
-99	-37	-20	0.000512951941974	0.00123189221559	-0.000569030588602
-97	-37	-20	0.000486060292492	0.0013531905662	-0.00062552421468
-95	-37	-20	0.000453206512229	0.00146242290643	-0.000684712040066
-93	-37	-20	0.000415378016021	0.00155493764385	-0.000746357629003
-91	-37	-20	0.000373789607934	0.00162635678414	-0.000810169907733
-89	-37	-20	0.000329842602768	0.0016728665099	-0.000875802029984
-87	-37	-20	0.000285074072056	0.00169151209396	-0.00094285179732
-85	-37	-20	0.000241098594375	0.00168047680072	-0.00101086403357
-83	-37	-20	0.000199545261126	0.00163932285825	-0.00107933531234
-81	-37	-20	0.000161992863113	0.00156917261285	-0.00114772140543
-79	-37	-20	0.000129906158744	0.00147280981124	-0.00121544775071
-77	-37	-20	0.000104575919377	0.00135468465481	-0.00128192312475
-75	-37	-20	8.70650954906e-05	0.00122081173109	-0.00134655654623
-73	-37	-20	7.81629950628e-05	0.00107855687215	-0.00140877723244
-71	-37	-20	7.83488643204e-05	0.000936316973925	-0.00146805719199
-69	-37	-20	8.77657616901e-05	0.000803105251653	-0.00152393577343
-67	-37	-20	0.000106205161794	0.000688062624312	-0.0015760452247
-65	-37	-20	0.000133102349286	0.000599923193694	-0.0016241360721
-63	-37	-20	0.000167542378535	0.000546467414842	-0.00166810093001
-61	-37	-20	0.000208276185082	0.000533999937654	-0.00170799522698
-59	-37	-20	0.000253746324381	0.000566889784481	-0.00174405330447
-57	-37	-20	0.000302121757739	0.000647208273344	-0.00177669842705
-55	-37	-20	0.000351341073783	0.000774494903394	-0.00180654544419
-53	-37	-20	0.000399163495322	0.000945673550373	-0.00183439515898
-51	-37	-20	0.000443226950239	0.00115513128668	-0.00186121987328
-49	-37	-20	0.00048111236489	0.00139496067108	-0.00188814006346
-47	-37	-20	0.000510413164981	0.00165535433466	-0.00191639266106
-45	-37	-20	0.000528808750064	0.00192512909618	-0.00194729192638
-43	-37	-20	0.000534140461951	0.00219234664649	-0.00198218436852
-41	-37	-20	0.000524488319599	0.00244498993601	-0.00202239954239
-39	-37	-20	0.000498246569939	0.0026716495005	-0.00206919881243
-37	-37	-20	0.000454195929259	0.00286217254793	-0.00212372429298
-35	-37	-20	0.000391570278494	0.00300822989596	-0.00218695015117
-33	-37	-20	0.000310115533382	0.00310376167714	-0.0022596382983
-31	-37	-20	0.000210138431139	0.00314527169438	-0.0023423002216
-29	-37	-20	9.25430448501e-05	0.00313195171584	-0.00243516635122
-27	-37	-20	-4.11470632437e-05	0.00306562993597	-0.002538163957
-25	-37	-20	-0.000188783024109	0.00295055124902	-0.00265090416494
-23	-37	-20	-0.000347603033404	0.00279300978779	-0.00277267831034
-21	-37	-20	-0.00051426463054	0.00260086532368	-0.00290246353341
-19	-37	-20	-0.000684898429585	0.00238298368917	-0.003038937288
-17	-37	-20	-0.000855184589636	0.00214864666987	-0.0031805002819
-15	-37	-20	-0.00102045291559	0.00190697838588	-0.00332530728729
-13	-37	-20	-0.00117580688046	0.00166643291552	-0.00347130523383
-11	-37	-20	-0.00131627099998	0.00143438199177	-0.00361627799927
-9	-37	-20	-0.00143695983189	0.00121683250591	-0.00375789731386
-7	-37	-20	-0.00153326541221	0.00101829201897	-0.00389377917062
-5	-37	-20	-0.00160105822037	0.000841787443738	-0.00402154506493
-3	-37	-20	-0.0016368948793	0.000689028572174	-0.00413888726534
-1	-37	-20	-0.00163822389042	0.00056069527955	-0.00424363714528
1	-37	-20	-0.00160357897182	0.000456816088912	-0.00433383539515
3	-37	-20	-0.0015327482303	0.000377197255122	-0.00440780270649
5	-37	-20	-0.00142690668556	0.000321856360773	-0.00446420929617
7	-37	-20	-0.00128869978572	0.000291413091282	-0.00450214144171
9	-37	-20	-0.00112226666696	0.000287392568223	-0.00452116304293
11	-37	-20	-0.000933194097375	0.000312403254503	-0.00452137011807
13	-37	-20	-0.000728395289309	0.000370161580019	-0.00450343608111
15	-37	-20	-0.000515911934299	0.000465348363979	-0.00446864562215
17	-37	-20	-0.00030464266954	0.0006032968791	-0.00441891501144
19	-37	-20	-0.000104006382335	0.000789527880747	-0.00435679665998
21	-37	-20	7.64461152707e-05	0.00102916187448	-0.00428546579563
23	-37	-20	0.000227453906707	0.00132625206761	-0.00420868716698
25	-37	-20	0.000340479514305	0.0016830916754	-0.00413075980117
27	-37	-20	0.000408130111579	0.00209955553948	-0.00405643806531
29	-37	-20	0.000424541709568	0.00257253764227	-0.00399082767866
31	-37	-20	0.000385702777192	0.00309554268465	-0.00393925596021
33	-37	-20	0.000289696699554	0.00365848144932	-0.0039071165337
35	-37	-20	0.000136847040066	0.00424770662849	-0.00389968998499
37	-37	-20	-7.02445736656e-05	0.00484630899042	-0.00392194357486
39	-37	-20	-0.000326771426378	0.00543467439187	-0.00397831500351
41	-37	-20	-0.000625902042756	0.00599128168902	-0.00407248729755
43	-37	-20	-0.000959057621237	0.00649370169868	-0.0042071639843
45	-37	-20	-0.00131627040267	0.00691973968766	-0.00438385562657
47	-37	-20	-0.00168660214723	0.00724864997642	-0.0046026902756
49	-37	-20	-0.00205859884966	0.00746234243064	-0.00486226121742
51	-37	-20	-0.00242075657622	0.00754649779007	-0.00515952531988
53	-37	-20	-0.00276197387363	0.00749151237208	-0.00548976416592
55	-37	-20	-0.00307196843146	0.00729320257099	-0.00584661790137
57	-37	-20	-0.00334163928517	0.00695321509026	-0.00622219835381
59	-37	-20	-0.00356336043146	0.00647910882816	-0.00660728363135
61	-37	-20	-0.00373119683839	0.00588409721729	-0.0069915913444
63	-37	-20	-0.0038410390073	0.00518646375521	-0.00736412216914
65	-37	-20	-0.00389065706449	0.00440868651158	-0.00771356012355
67	-37	-20	-0.00387967948635	0.00357632768717	-0.00802871112785
69	-37	-20	-0.0038095047644	0.00271676020239	-0.00829895763008
71	-37	-20	-0.00368315648576	0.00185781357436	-0.008514704695
73	-37	-20	-0.00350509345028	0.00102642526602	-0.00866779227293
75	-37	-20	-0.00328098667863	0.000247381085531	-0.00875184953346
77	-37	-20	-0.00301747467034	-0.000457780531323	-0.00876257015157
79	-37	-20	-0.00272190727233	-0.001071639504	-0.00869789208099
81	-37	-20	-0.00240208724682	-0.00158149740116	-0.00855807129683
83	-37	-20	-0.00206601728688	-0.00197969030685	-0.00834564576367
85	-37	-20	-0.00172165897432	-0.00226360933271	-0.00806529293444
87	-37	-20	-0.00137670910003	-0.00243544657778	-0.0077235908305
89	-37	-20	-0.00103839789993	-0.00250170149057	-0.00732869864956
91	-37	-20	-0.000713313070384	-0.00247249598618	-0.00688997743362
93	-37	-20	-0.000407252845963	-0.00236075553505	-0.00641757427532
95	-37	-20	-0.000125110856922	-0.00218131743072	-0.00592199467354
97	-37	-20	0.000129205155149	-0.00195002665755	-0.00541368696562
99	-37	-20	0.000352819468212	-0.00168287470755	-0.00490266042018
-99	-35	-20	0.000601763663626	0.00132039667439	-0.000562676908572
-97	-35	-20	0.000591411127361	0.00145545007673	-0.000600681195891
-95	-35	-20	0.000573611355122	0.00158358117917	-0.000642501074981
-93	-35	-20	0.000548563208646	0.00170094561687	-0.000688927285199
-91	-35	-20	0.000516720705032	0.00180382503919	-0.000740708689947
-89	-35	-20	0.000478801929599	0.00188884655354	-0.000798493616184
-87	-35	-20	0.00043578954469	0.00195320870662	-0.000862769195403
-85	-35	-20	0.00038892179766	0.00199489929669	-0.000933802871794
-83	-35	-20	0.000339673015202	0.00201288908515	-0.00101159059995
-81	-35	-20	0.000289722730169	0.00200728539543	-0.00109581628691
-79	-35	-20	0.000240912852539	0.00197943079406	-0.00118582670295
-77	-35	-20	0.000195192694747	0.00193193457784	-0.00128062538183
-75	-35	-20	0.00015455220843	0.00186862856135	-0.00137888797701
-73	-35	-20	0.000120944483074	0.00179444346707	-0.00147900019108
-71	-35	-20	9.61993742993e-05	0.00171520774806	-0.00157911783957
-69	-35	-20	8.19310247532e-05	0.00163737651248	-0.00167724696039
-67	-35	-20	7.94429461366e-05	0.00156770389707	-0.00177134026769
-65	-35	-20	8.9635161703e-05	0.00151287726422	-0.00185940481151
-63	-35	-20	0.000112918569605	0.0014791355049	-0.00193961457209
-61	-35	-20	0.000149142083827	0.0014718961218	-0.00201042100284
-59	-35	-20	0.000197538157731	0.00149541635723	-0.00207065431838
-57	-35	-20	0.000256691935108	0.00155251227635	-0.0021196086439
-55	-35	-20	0.00032453847774	0.00164435644144	-0.00215710499353
-53	-35	-20	0.000398391299743	0.00177036980837	-0.00218352737482
-51	-35	-20	0.000475003853437	0.00192821709441	-0.00219982902613
-49	-35	-20	0.000550663756271	0.00211390758917	-0.00220750775117
-47	-35	-20	0.000621317554743	0.00232199578506	-0.00220855136284
-45	-35	-20	0.00068272184281	0.00254586890852	-0.00220535622109
-43	-35	-20	0.00073061474959	0.00277810204468	-0.00220062358701
-41	-35	-20	0.000760900335027	0.00301085660755	-0.00219723988054
-39	-35	-20	0.000769837406604	0.00323629483681	-0.00219814781892
-37	-35	-20	0.000754223778493	0.00344698207124	-0.00220621576811
-35	-35	-20	0.000711567069274	0.00363624984455	-0.00222411245071
-33	-35	-20	0.000640233753633	0.00379849627192	-0.00225419345905
-31	-35	-20	0.000539569273981	0.00392940546381	-0.00229840490318
-29	-35	-20	0.000409983464286	0.00402607438125	-0.00235820809705
-27	-35	-20	0.000252997198485	0.00408704307942	-0.00243452758676
-25	-35	-20	7.12478994955e-05	0.00411223205131	-0.00252772319974
-23	-35	-20	-0.000131546806153	0.0041027977389	-0.00263758527634
-21	-35	-20	-0.000350666536508	0.00406092362244	-0.00276335095576
-19	-35	-20	-0.000580504733504	0.00398956911036	-0.00290373841226
-17	-35	-20	-0.000814721440521	0.003892201339	-0.00305699532774
-15	-35	-20	-0.00104642860537	0.00377253571566	-0.00322095765843
-13	-35	-20	-0.00126840363842	0.00363430953434	-0.00339311488437
-11	-35	-20	-0.00147332639745	0.00348110936943	-0.00357067837137
-9	-35	-20	-0.00165403414529	0.00331626748532	-0.00375065015308
-7	-35	-20	-0.00180378824926	0.00314283560959	-0.00392989026913
-5	-35	-20	-0.00191654541892	0.00296363664231	-0.00410518168602
-3	-35	-20	-0.00198722512909	0.00278138683017	-0.00427329269173
-1	-35	-20	-0.00201196363329	0.00259887327506	-0.00443103741791
1	-35	-20	-0.0019883437885	0.00241916502021	-0.00457533573856
3	-35	-20	-0.00191558898986	0.00224583095635	-0.00470327417214
5	-35	-20	-0.00179470908237	0.00208313491499	-0.00481216953798
7	-35	-20	-0.00162858640551	0.00193617792801	-0.00489963696484
9	-35	-20	-0.00142199132357	0.00181095992479	-0.00496366340951
11	-35	-20	-0.00118151881613	0.001714338106	-0.0050026871198
13	-35	-20	-0.000915440964457	0.0016538666615	-0.00501568248859
15	-35	-20	-0.00063347436676	0.00163751196052	-0.00500224853204
17	-35	-20	-0.000346466420957	0.00167324820859	-0.00496269784687
19	-35	-20	-6.60096919172e-05	0.0017685500417	-0.00489814144713
21	-35	-20	0.000196001191176	0.00192980970068	-0.0048105634657
23	-35	-20	0.000427850945511	0.00216171632635	-0.00470287847232
25	-35	-20	0.000618500446975	0.00246664258913	-0.0045789632691
27	-35	-20	0.000758073665942	0.00284408846943	-0.00444365464597
29	-35	-20	0.000838308745842	0.00329023287956	-0.00430270487031
31	-35	-20	0.000852948363389	0.0037976405691	-0.00416268777726
33	-35	-20	0.00079804743724	0.00435516431463	-0.0040308502961
35	-35	-20	0.000672180802419	0.00494807104959	-0.00391490709697
37	-35	-20	0.000476539298596	0.00555840599575	-0.00382277968456
39	-35	-20	0.000214909364697	0.00616559200251	-0.00376228551777
41	-35	-20	-0.000106461852565	0.0067472434442	-0.00374078731499
43	-35	-20	-0.000479107245289	0.00728015660146	-0.00376481725243
45	-35	-20	-0.000892671907005	0.00774142294773	-0.003839694858
47	-35	-20	-0.0013353177095	0.00810959958019	-0.00396916060852
49	-35	-20	-0.00179417826982	0.00836586336225	-0.00415504913927
51	-35	-20	-0.00225584093604	0.00849507302894	-0.00439702623141
53	-35	-20	-0.0027068327145	0.0084866669567	-0.00469241212906
55	-35	-20	-0.00313408881121	0.00833533343265	-0.00503611018388
57	-35	-20	-0.00352538535707	0.00804140449	-0.00542065443598
59	-35	-20	-0.00386972154469	0.00761094265605	-0.0058363828074
61	-35	-20	-0.00415764041016	0.00705551086126	-0.00627173456737
63	-35	-20	-0.00438148145759	0.00639163760487	-0.00671366222738
65	-35	-20	-0.00453556192501	0.00564001048972	-0.00714813972227
67	-35	-20	-0.00461628650622	0.00482444971961	-0.00756074134311
69	-35	-20	-0.0046221876671	0.00397072761469	-0.00793726007239
71	-35	-20	-0.00455390033409	0.00310530952607	-0.00826433028281
73	-35	-20	-0.00441407578906	0.00225409506229	-0.008530018578
75	-35	-20	-0.00420724024957	0.00144123613672	-0.00872434803776
77	-35	-20	-0.00393960404303	0.000688100377781	-0.00883972520859
79	-35	-20	-0.00361882768732	1.24357538848e-05	-0.00887124554232
81	-35	-20	-0.00325375171251	-0.000572223937305	-0.00881686111694
83	-35	-20	-0.00285409777427	-0.00105689132349	-0.00867740370031
85	-35	-20	-0.00243014951435	-0.00143719281943	-0.0084564657762
87	-35	-20	-0.00199242263279	-0.00171318620068	-0.00816015126357
89	-35	-20	-0.00155133460365	-0.00188895889274	-0.00779671560339
91	-35	-20	-0.00111688520552	-0.00197204949508	-0.00737612106986
93	-35	-20	-0.000698359359841	-0.00197274301654	-0.00690953717156
95	-35	-20	-0.000304063508114	-0.00190329391816	-0.00640881763941
97	-35	-20	5.88941934532e-05	-0.0017771304504	-0.00588598476991
99	-35	-20	0.000384771261732	-0.00160808938883	-0.00535274902506
-99	-33	-20	0.00070368	0.0014136	-0.000551249999999
-97	-33	-20	0.000717746023373	0.00156256601046	-0.000565283147066
-95	-33	-20	0.000722628859845	0.00171120690916	-0.000584206039759
-93	-33	-20	0.000717391085758	0.00185681609256	-0.000610044418397
-91	-33	-20	0.000701374850469	0.00199662659218	-0.000644806576604
-89	-33	-20	0.000674280674972	0.00212793393884	-0.000690356874699
-87	-33	-20	0.00063624043858	0.00224822800742	-0.000748282713894
-85	-33	-20	0.000587878624147	0.00235532670979	-0.000819763534575
-83	-33	-20	0.000530355564909	0.00244750365415	-0.000905451184204
-81	-33	-20	0.000465386562254	0.00252360167649	-0.00100537111639
-79	-33	-20	0.000395231399579	0.00258312453051	-0.00111885325787
-77	-33	-20	0.000322649999998	0.00262630000002	-0.0012445
-75	-33	-20	0.000250821752517	0.00265410922149	-0.00138019668766
-73	-33	-20	0.000183228293788	0.00266827897224	-0.00152316731097
-71	-33	-20	0.000123502154518	0.002671235942	-0.00167007503457
-69	-33	-20	7.52464821909e-05	0.0026660243862	-0.00181716395406
-67	-33	-20	4.18338151989e-05	0.00265619086416	-0.00196043531024
-65	-33	-20	2.61943638456e-05	0.00264564180784	-0.00209584858426
-63	-33	-20	3.06062055026e-05	0.00263848128453	-0.00221953569162
-61	-33	-20	5.65010016173e-05	0.00263883738557	-0.00232801509686
-59	-33	-20	0.000104299117849	0.00265068612442	-0.0024183922281
-57	-33	-20	0.00017328726928	0.00267768154771	-0.00248853314683
-55	-33	-20	0.000261550000002	0.00272300000003	-0.00253720000001
-53	-33	-20	0.000365963514427	0.00278920523533	-0.00256413923778
-51	-33	-20	0.0004822567739	0.00287813947224	-0.00257011673035
-49	-33	-20	0.00060514060686	0.00299084370982	-0.00255689750906
-47	-33	-20	0.000728501166805	0.0031275088189	-0.00252717159641
-45	-33	-20	0.000845649756805	0.00328745725801	-0.0024844309737
-43	-33	-20	0.00094961717139	0.00346915385513	-0.00243280587501
-41	-33	-20	0.00103347760205	0.00367024303419	-0.00237687104779
-39	-33	-20	0.00109068506247	0.00388760918793	-0.00232143420336
-37	-33	-20	0.00111540437388	0.00411745660079	-0.00227131949741
-35	-33	-20	0.00110281906249	0.00435540536157	-0.00223115851893
-33	-33	-20	0.0010494	0.00459660000001	-0.0022052
-31	-33	-20	0.000953121101334	0.00483582804152	-0.0021971474391
-29	-33	-20	0.000813611631379	0.00506764620264	-0.00221003126334
-27	-33	-20	0.000632238360673	0.005286512459	-0.00224611928517
-25	-33	-20	0.000412114623299	0.00548692263621	-0.00230686629105
-23	-33	-20	0.000158036961152	0.00566355045349	-0.00239290087872
-21	-33	-20	-0.000123646769574	0.00581139006632	-0.00250404534396
-19	-33	-20	-0.000425231379382	0.00592590010012	-0.00263936267138
-17	-33	-20	-0.000737902090453	0.00600314795147	-0.00279722360605
-15	-33	-20	-0.00105202653684	0.00603995276923	-0.0029753864133
-13	-33	-20	-0.00135748091401	0.00603402502991	-0.00317108225051
-11	-33	-20	-0.001644	0.00598410000007	-0.0033811
-9	-33	-20	-0.00190154082861	0.00589006164223	-0.00360186582897
-7	-33	-20	-0.00212064989356	0.00575305268227	-0.00382951450099
-5	-33	-20	-0.00229282375097	0.00557556563845	-0.00405995140037
-3	-33	-20	-0.00241085268415	0.00536150866265	-0.00428890617504
-1	-33	-20	-0.00246913670633	0.00511623914204	-0.00451198069158
1	-33	-20	-0.0024639626998	0.00484655727265	-0.00472469547674
3	-33	-20	-0.0023937311013	0.00456065140188	-0.00492253986169
5	-33	-20	-0.00225912047588	0.00426798703153	-0.0051010315399
7	-33	-20	-0.0020631788239	0.00397913217436	-0.00525579111923
9	-33	-20	-0.00181133176524	0.00370551344748	-0.00538263644602
11	-33	-20	-0.0015113	0.00345910000005	-0.00547770000001
13	-33	-20	-0.00117292171118	0.00325201616168	-0.00553757054056
15	-33	-20	-0.000807879782382	0.00309608849835	-0.00555945752057
17	-33	-20	-0.000429338644963	0.0030023385757	-0.00554137372163
19	-33	-20	-5.15009147441e-05	0.00298043880867	-0.00548232830816
21	-33	-20	0.000310900697254	0.00303815484242	-0.00538251930889
23	-33	-20	0.000643155889583	0.00318080337402	-0.00524351171119
25	-33	-20	0.000931149526678	0.0034107585444	-0.0050683852209
27	-33	-20	0.00116192801671	0.00372704236833	-0.00486183461619
29	-33	-20	0.00132423190564	0.00412503457172	-0.00463020578932
31	-33	-20	0.00140896834829	0.00459633427244	-0.00438145223434
33	-33	-20	0.0014096	0.00512880000001	-0.004125
35	-33	-20	0.00132243136876	0.00570678570425	-0.0038715139499
37	-33	-20	0.00114677941688	0.00631157905332	-0.00363256436131
39	-33	-20	0.000885021721253	0.00692203516532	-0.00342020009748
41	-33	-20	0.000542522247124	0.00751538489891	-0.00324644230467
43	-33	-20	0.000127441209975	0.00806818307544	-0.00312272019877
45	-33	-20	-0.000349558898126	0.0085573497223	-0.0030592773345
47	-33	-20	-0.000875694641178	0.00896124778369	-0.00306458210488
49	-33	-20	-0.00143651088911	0.00926073475125	-0.00314477947611
51	-33	-20	-0.00201637708043	0.00944012406343	-0.00330322163409
53	-33	-20	-0.00259900953822	0.00948799528796	-0.00354011300873
55	-33	-20	-0.00316799999999	0.00939779999998	-0.00385229999998
57	-33	-20	-0.00370733248915	0.00916822242986	-0.00423322786978
59	-33	-20	-0.00420187309943	0.00880326950838	-0.00467307716583
61	-33	-20	-0.00463781982582	0.00831208268485	-0.0051590804204
63	-33	-20	-0.00500310196216	0.00770848241567	-0.00567600761176
65	-33	-20	-0.00528772060266	0.00701027401378	-0.00620679697753
67	-33	-20	-0.00548402336149	0.00623835916578	-0.00673329722871
69	-33	-20	-0.00558690761112	0.00541570961344	-0.00723707893807
71	-33	-20	-0.00559394749043	0.00456626732369	-0.00770026759885
73	-33	-20	-0.00550544086654	0.00371383839668	-0.00810634904546
75	-33	-20	-0.00532437359276	0.0028810458893	-0.00844089976898
77	-33	-20	-0.00505630000001	0.00208840000004	-0.00869219999997
79	-33	-20	-0.0047091407318	0.00135353340208	-0.00885169580798
81	-33	-20	-0.0042929018164	0.000690635961973	-0.00891428716392
83	-33	-20	-0.00381932217633	0.000110107873022	-0.00887843101252
85	-33	-20	-0.00330146039602	-0.000381565331524	-0.00874606089698
87	-33	-20	-0.00275323519835	-0.000781727091521	-0.00852233655073
89	-33	-20	-0.00218893735198	-0.00109127736097	-0.0082152472012
91	-33	-20	-0.00162273326656	-0.00131424716792	-0.00783510037412
93	-33	-20	-0.00106818198984	-0.001457260544	-0.00739393323924
95	-33	-20	-0.000537787446379	-0.00152892721146	-0.00690488576615
97	-33	-20	-4.26064205067e-05	-0.00153920905061	-0.00638157420815
99	-33	-20	0.000408069999997	-0.0014988	-0.0058375
-99	-31	-20	0.000819255550765	0.00150908549517	-0.00053426337581
-97	-31	-20	0.000866784535495	0.001671843725	-0.000519380715661
-95	-31	-20	0.000903162930344	0.00184210820967	-0.000510272759321
-93	-31	-20	0.000925926058001	0.00201859730093	-0.000510351908103
-91	-31	-20	0.000932907156498	0.00219975000818	-0.00052305162379
-89	-31	-20	0.000922408268727	0.00238373038826	-0.00055162546954
-87	-31	-20	0.000893369243191	0.00256844353084	-0.000598934181275
-85	-31	-20	0.000845522597474	0.0027515652381	-0.000667234103797
-83	-31	-20	0.000779521118955	0.00293058733739	-0.000757981581627
-81	-31	-20	0.000697025148888	0.00310288020152	-0.000871668113555
-79	-31	-20	0.000600737649086	0.00326577343661	-0.00100770014959
-77	-31	-20	0.000494377434776	0.00341665479767	-0.00116433531151
-75	-31	-20	0.000382584322784	0.00355308619541	-0.00133868363881
-73	-31	-20	0.000270754234244	0.00367293418338	-0.00152677838896
-71	-31	-20	0.000164807244372	0.00377451062165	-0.00172371623672
-69	-31	-20	7.08968370495e-05	0.00385671740342	-0.00192386177416
-67	-31	-20	-4.92621748522e-06	0.00391918735034	-0.00212110640821
-65	-31	-20	-5.7077335469e-05	0.00396241180987	-0.0023091674896
-63	-31	-20	-8.08072991638e-05	0.00398784433013	-0.00248191015911
-61	-31	-20	-7.25532578862e-05	0.00399796924989	-0.00263367227229
-59	-31	-20	-3.0247091144e-05	0.00399632431348	-0.00275957206936
-57	-31	-20	4.6442070096e-05	0.00398746764645	-0.00285577908314
-55	-31	-20	0.000155951273905	0.00397688168058	-0.00291973107903
-53	-31	-20	0.000294768460752	0.00397080988204	-0.002950283425
-51	-31	-20	0.000457487638326	0.00397602629217	-0.00294778190574
-49	-31	-20	0.000636976615929	0.00399954271121	-0.00291405524659
-47	-31	-20	0.000824651931084	0.0040482635129	-0.00285232906579
-45	-31	-20	0.00101084834237	0.00412860316816	-0.00276706818439
-43	-31	-20	0.00118526379574	0.00424608612633	-0.0026637587743
-41	-31	-20	0.00133745561843	0.00440495229399	-0.00254864536568
-39	-31	-20	0.0014573602633	0.00460779354676	-0.00242844001451
-37	-31	-20	0.00153580746979	0.00485524717474	-0.00231002181333
-35	-31	-20	0.00156500030158	0.00514577069613	-0.0022001444063
-33	-31	-20	0.00153893505583	0.00547551902956	-0.00210516735613
-31	-31	-20	0.00145373923579	0.00583833972992	-0.00203082432654
-29	-31	-20	0.00130791122186	0.00622589517398	-0.00198203738741
-27	-31	-20	0.00110245145793	0.00662791270138	-0.00196278267205
-25	-31	-20	0.000840881350896	0.00703255536325	-0.00197600847779
-23	-31	-20	0.00052915214332	0.0074268977642	-0.00202360304996
-21	-31	-20	0.000175451326349	0.00779748416888	-0.00210640602121
-19	-31	-20	-0.000210081605816	0.00813094018897	-0.00222425502354
-17	-31	-20	-0.000615715265135	0.00841460545506	-0.00237605749558
-15	-31	-20	-0.00102854580952	0.00863715302413	-0.00255987723262
-13	-31	-20	-0.00143495856915	0.00878916198671	-0.00277302574686
-11	-31	-20	-0.00182111499406	0.00886361271111	-0.00301214992146
-9	-31	-20	-0.00217344892206	0.00885627908533	-0.00327330959231
-7	-31	-20	-0.00247915729949	0.0087659985146	-0.00355204137224
-5	-31	-20	-0.00272667160813	0.00859480771431	-0.00384340800535
-3	-31	-20	-0.00290609716319	0.00834793987068	-0.0041420355578
-1	-31	-20	-0.00300960806031	0.00803368591757	-0.00444214356299
1	-31	-20	-0.00303178590104	0.00766312898205	-0.00473757560463
3	-31	-20	-0.00296989066429	0.00724976611586	-0.00502183952183
5	-31	-20	-0.00282405245235	0.0068090350632	-0.00528816726735
7	-31	-20	-0.0025973736028	0.00635776601549	-0.00552960429816
9	-31	-20	-0.00229593209386	0.00591357923639	-0.00573913713347
11	-31	-20	-0.00192867949007	0.00549424940136	-0.00590986535488
13	-31	-20	-0.00150722998245	0.0051170568543	-0.00603522089986
15	-31	-20	-0.00104554133725	0.00479814511203	-0.00610923315987
17	-31	-20	-0.000559493596233	0.00455190316105	-0.00612683337977
19	-31	-20	-6.63768430634e-05	0.0043903905891	-0.00608418650625
21	-31	-20	0.000415695170068	0.00432282342441	-0.00597903337337
23	-31	-20	0.000868423748948	0.00435513860355	-0.00581102143223
25	-31	-20	0.00127399054123	0.00448965498937	-0.00558199864421
27	-31	-20	0.0016157209884	0.0047248484433	-0.00529624316368
29	-31	-20	0.0018787166905	0.00505525720053	-0.00496060146493
31	-31	-20	0.0020504284378	0.00547153131146	-0.00458450992592
33	-31	-20	0.00212114450871	0.00596063590565	-0.00417987969745
35	-31	-20	0.00208437328858	0.00650621238338	-0.00376083187662
37	-31	-20	0.00193710494333	0.00708909443636	-0.00334327924653
39	-31	-20	0.00167994328422	0.00768796737047	-0.00294436158478
41	-31	-20	0.00131710553253	0.00828015010189	-0.00258175301592
43	-31	-20	0.000856293897171	0.00884247015471	-0.00227287116857
45	-31	-20	0.000308448255206	0.00935219384581	-0.00203402799786
47	-31	-20	-0.000312606551248	0.00978796745879	-0.00187957006084
49	-31	-20	-0.000990602380914	0.0101307213612	-0.00182106091489
51	-31	-20	-0.00170734039724	0.0103644883021	-0.00186655948028
53	-31	-20	-0.00244325611637	0.0104770898737	-0.00202004529646
55	-31	-20	-0.00317801878239	0.0104606513538	-0.00228103457957
57	-31	-20	-0.00389114782445	0.0103119145356	-0.00264442020564
59	-31	-20	-0.0045626301635	0.0100323300775	-0.00310055490413
61	-31	-20	-0.00517352299698	0.00962792445326	-0.00363558106773
63	-31	-20	-0.00570652721741	0.00910895068502	-0.00423199390389
65	-31	-20	-0.00614651677039	0.00848934555493	-0.00486940852348
67	-31	-20	-0.00648100913861	0.00778602780525	-0.00552548731823
69	-31	-20	-0.00670056198484	0.00701808101937	-0.00617697281654
71	-31	-20	-0.00679908112593	0.00620587072395	-0.00680076406026
73	-31	-20	-0.00677402579986	0.00537014738533	-0.00737497200175
75	-31	-20	-0.00662649895313	0.0045311853497	-0.00787989165751
77	-31	-20	-0.00636121324818	0.00370800268845	-0.00829883553353
79	-31	-20	-0.00598632774951	0.00291769894163	-0.00861878352122
81	-31	-20	-0.00551315569883	0.00217493770767	-0.00883081809111
83	-31	-20	-0.00495575014949	0.00149158983987	-0.00893032899501
85	-31	-20	-0.0043303810528	0.000876541644771	-0.00891698752657
87	-31	-20	-0.00365492410514	0.000335661840424	-0.00879450540386
89	-31	-20	-0.00294818765056	-0.000128088118225	-0.00857020637821
91	-31	-20	-0.00222920858217	-0.0005144228406	-0.00825444883154
93	-31	-20	-0.00151655097969	-0.000825408149894	-0.00785994429377
95	-31	-20	-0.000827641802729	-0.0010650720684	-0.00740101973268
97	-31	-20	-0.000178176170815	-0.001238981066	-0.00689287072031
99	-31	-20	0.000418379325801	-0.00135380892578	-0.00635084855056
-99	-29	-20	0.000948746383666	0.00160386079883	-0.000511307596045
-97	-29	-20	0.0010398174205	0.0017799848661	-0.000463415227875
-95	-29	-20	0.00111757039129	0.0019723626996	-0.000421830699119
-93	-29	-20	0.0011775862797	0.00218135914758	-0.000391430831122
-91	-29	-20	0.00121575326302	0.00240681700191	-0.000377168396218
-89	-29	-20	0.00122855353676	0.00264792630165	-0.000383794713491
-87	-29	-20	0.00121335370248	0.00290310793267	-0.000415564109821
-85	-29	-20	0.00116867856875	0.00316992410139	-0.000475938399143
-83	-29	-20	0.00109444663893	0.00344502877664	-0.00056731128304
-81	-29	-20	0.000992145550189	0.00372417066496	-0.000690772915383
-79	-29	-20	0.000864927489249	0.00400225954905	-0.000845933654113
-77	-29	-20	0.000717608205357	0.00427350379861	-0.00103082322428
-75	-29	-20	0.000556558572539	0.00453162259059	-0.00124187725858
-73	-29	-20	0.000389484453028	0.00477013101012	-0.00147401772433
-71	-29	-20	0.000225098452523	0.0049826900377	-0.00172082747174
-69	-29	-20	7.26954695157e-05	0.00516350688158	-0.00197481252487
-67	-29	-20	-5.8347934457e-05	0.00530776471427	-0.00222773931432
-65	-29	-20	-0.000159123078553	0.00541205521369	-0.00247102835776
-63	-29	-20	-0.000221754677652	0.0054747830121	-0.00269618142277
-61	-29	-20	-0.000239945852831	0.00549650879799	-0.0028952163582
-59	-29	-20	-0.000209465204137	0.0054801978788	-0.00306108282159
-57	-29	-20	-0.000128540359513	0.00543134381247	-0.00318803316916
-55	-29	-20	1.87294195343e-06	0.00535794235781	-0.00327192574199
-53	-29	-20	0.000177969986985	0.00527029933083	-0.00331044244138
-51	-29	-20	0.000393138957437	0.00518066657587	-0.00330320845098
-49	-29	-20	0.000638169431688	0.00510271250049	-0.00325180873511
-47	-29	-20	0.000901620258552	0.00505084660069	-0.00315970295938
-45	-29	-20	0.00117032872595	0.00503943008474	-0.00303204716554
-43	-29	-20	0.00143003333877	0.0050819159884	-0.00287543635662
-41	-29	-20	0.00166607489138	0.00518997099371	-0.00269758666844
-39	-29	-20	0.00186413546428	0.00537263658535	-0.00250697870697
-37	-29	-20	0.00201097285367	0.00563558850607	-0.00231248475853
-35	-29	-20	0.00209510885556	0.00598055032599	-0.00212300193323
-33	-29	-20	0.00210743360185	0.00640490931327	-0.00194711103513
-31	-29	-20	0.00204169436374	0.00690157107409	-0.00179277735302
-29	-29	-20	0.00189484528227	0.0074590743886	-0.00166710501461
-27	-29	-20	0.00166724360682	0.00806197039855	-0.00157615148617
-25	-29	-20	0.00136268742485	0.00869145213463	-0.00152480368137
-23	-29	-20	0.000988298787172	0.0093262027569	-0.00151671239662
-21	-29	-20	0.000554263923897	0.00994341525839	-0.00155427778146
-19	-29	-20	7.34484307875e-05	0.0105199240415	-0.00163867556284
-17	-29	-20	-0.000439090380046	0.0110333807374	-0.00176991195275
-15	-29	-20	-0.000966669369592	0.0114634035477	-0.00194689465262
-13	-29	-20	-0.00149159845255	0.0117926314651	-0.00216750810049
-11	-29	-20	-0.00199582798695	0.0120076217258	-0.00242868296917
-9	-29	-20	-0.00246160194563	0.0120995401073	-0.00272645272451
-7	-29	-20	-0.0028720964198	0.0120646081828	-0.00305599354181
-5	-29	-20	-0.00321202537633	0.0119042880977	-0.00341164776436
-3	-29	-20	-0.00346819772465	0.0116252024602	-0.0037869350556
-1	-29	-20	-0.00363001145677	0.011238803155	-0.00417455911812
1	-29	-20	-0.00368987187544	0.0107608170692	-0.00456642100676
3	-29	-20	-0.00364352184463	0.0102105079105	-0.00495365234154
5	-29	-20	-0.00349027283073	0.00960980088397	-0.00532668285622
7	-29	-20	-0.00323312656838	0.00898232074104	-0.00567535647708
9	-29	-20	-0.00287877881025	0.00835239376846	-0.00598910836222
11	-29	-20	-0.00243749907313	0.00774406112729	-0.0062572119879
13	-29	-20	-0.00192288373169	0.00718014529167	-0.00646910050581
15	-29	-20	-0.00135148423904	0.00668140404739	-0.00661476040633
17	-29	-20	-0.000742317501009	0.00626579847783	-0.00668518835083
19	-29	-20	-0.000116271171705	0.0059478934055	-0.00667289436105
21	-29	-20	0.000504577586276	0.0057384015174	-0.00657242698701
23	-29	-20	0.00109770604745	0.00564387630423	-0.006380889315
25	-29	-20	0.00164092447914	0.00566655415846	-0.00609840946278
27	-29	-20	0.00211315842403	0.00580434244044	-0.00572852624814
29	-29	-20	0.00249520284405	0.00605094777802	-0.00527845061435
31	-29	-20	0.00277041722777	0.0063961369344	-0.00475916657107
33	-29	-20	0.00292533362347	0.00682612084111	-0.00418534203237
35	-29	-20	0.00295015405504	0.00732405047211	-0.00357502986619
37	-29	-20	0.00283911948604	0.00787061086937	-0.00294915224751
39	-29	-20	0.00259073888645	0.00844469672491	-0.00233077623981
41	-29	-20	0.00220787345569	0.0090241495711	-0.00174420434654
43	-29	-20	0.00169767713062	0.00958653310247	-0.00121391930662
45	-29	-20	0.00107139972976	0.0101099198596	-0.000763436288953
47	-29	-20	0.000344063184793	0.0105736599409	-0.000414126541551
49	-29	-20	-0.000465975797318	0.0109591010654	-0.000184083309238
51	-29	-20	-0.00133756151363	0.0112502296122	-8.71025852133e-05
53	-29	-20	-0.00224735742695	0.0114342044762	-0.000131847543153
55	-29	-20	-0.00317053021978	0.0115017598017	-0.000321256315129
57	-29	-20	-0.00408148293501	0.0114474587184	-0.000652238639057
59	-29	-20	-0.00495461985887	0.0112697877765	-0.0011156887685
61	-29	-20	-0.00576512481404	0.0109710902962	-0.00169682128153
63	-29	-20	-0.00648973303068	0.0105573456585	-0.00237581468237
65	-29	-20	-0.00710747487399	0.0100378099469	-0.00312872672275
67	-29	-20	-0.00760036773147	0.00942454062549	-0.00392862689999
69	-29	-20	-0.00795403074374	0.00873183351895	-0.00474687713199
71	-29	-20	-0.00815819631813	0.00797560385158	-0.00555448232995
73	-29	-20	-0.0082070930092	0.00717274429306	-0.0063234291932
75	-29	-20	-0.0080996768045	0.00634049188108	-0.00702793421853
77	-29	-20	-0.00783969236865	0.00549583257523	-0.00764553029965
79	-29	-20	-0.00743555239404	0.00465496744893	-0.00815793455108
81	-29	-20	-0.00690003163916	0.00383285867037	-0.00855165689125
83	-29	-20	-0.00624978201019	0.00304286703462	-0.00881832795915
85	-29	-20	-0.00550468544218	0.00229648645174	-0.00895474449851
87	-29	-20	-0.00468707150295	0.00160317496187	-0.00896264884554
89	-29	-20	-0.00382083566318	0.000970276919118	-0.00884827520398
91	-29	-20	-0.00293050118521	0.000403027200201	-0.00862170789406
93	-29	-20	-0.00204027187079	-9.53742527418e-05	-0.00829610500919
95	-29	-20	-0.00117312399362	-0.00052363059158	-0.00788684461734
97	-29	-20	-0.000349983444861	-0.000882172250959	-0.00741064992642
99	-29	-20	0.000410971432356	-0.00117294994603	-0.00688474518366
-99	-27	-20	0.00109206298333	0.00169445812243	-0.00048207595593
-97	-27	-20	0.00123758846401	0.00188319412275	-0.000398209269205
-95	-27	-20	0.00136747077093	0.00209744463155	-0.000320656990737
-93	-27	-20	0.00147488313039	0.00233935762509	-0.000255749968414
-91	-27	-20	0.00155330308352	0.00261030371462	-0.000209968331393
-89	-27	-20	0.00159694012636	0.00291060052678	-0.000189591135629
-87	-27	-20	0.00160117406601	0.00323925406453	-0.00020032118032
-85	-27	-20	0.00156297440462	0.00359374083159	-0.000246907637068
-83	-27	-20	0.0014812686295	0.00396985574777	-0.000332791366792
-81	-27	-20	0.00135722716723	0.00436165018386	-0.000459798275121
-79	-27	-20	0.00119443523957	0.00476148151705	-0.000627904594684
-77	-27	-20	0.000998927018058	0.00516019032931	-0.000835094562835
-75	-27	-20	0.000779065156694	0.0055474138199	-0.00107732574101
-73	-27	-20	0.000545258583807	0.00591203448985	-0.00134861052342
-71	-27	-20	0.000309522724601	0.00624275222169	-0.00164121468476
-69	-27	-20	8.48982794426e-05	0.00652875628179	-0.00194596570899
-67	-27	-20	-0.000115243649976	0.00676046244859	-0.00225265577519
-65	-27	-20	-0.000277971913213	0.00693027045563	-0.00255051730817
-63	-27	-20	-0.000391594828225	0.00703328929314	-0.0028287435251
-61	-27	-20	-0.000446437466485	0.00706797361056	-0.00307702290538
-59	-27	-20	-0.000435543880667	0.00703661429452	-0.00328605529095
-57	-27	-20	-0.000355253978953	0.00694563076357	-0.00344801850605
-55	-27	-20	-0.00020561120826	0.00680562175729	-0.00355695787246
-53	-27	-20	9.43277950145e-06	0.00663114511809	-0.00360907649265
-51	-27	-20	0.000282037437751	0.00644021454617	-0.00360291120615
-49	-27	-20	0.000600722819133	0.00625352142258	-0.00353938709383
-47	-27	-20	0.000950839974354	0.006093411069	-0.00342175164067
-45	-27	-20	0.00131523799334	0.00598266354793	-0.00325539749154
-43	-27	-20	0.00167509014437	0.00594314751313	-0.00304758952984
-41	-27	-20	0.00201083104166	0.00599442998434	-0.00280711726796
-39	-27	-20	0.00230314981023	0.00615243376559	-0.0025438969132
-37	-27	-20	0.00253398130507	0.00642823647204	-0.00226854879537
-35	-27	-20	0.00268743870008	0.00682710020974	-0.00199197513198
-33	-27	-20	0.00275063594346	0.00734780890205	-0.00172496055978
-31	-27	-20	0.00271435709635	0.00798237173458	-0.00147781381768
-29	-27	-20	0.00257354057672	0.00871612745333	-0.0012600638727
-27	-27	-20	0.00232755879648	0.00952825705402	-0.00108021814094
-25	-27	-20	0.00198028651459	0.0103926838587	-0.000945584782248
-23	-27	-20	0.00153996339364	0.0112793123772	-0.000862155816601
-21	-27	-20	0.00101886685428	0.0121555329492	-0.000834543426378
-19	-27	-20	0.000432819718352	0.0129878999745	-0.000865958577496
-17	-27	-20	-0.000199437048858	0.0137438791384	-0.00095821920818
-15	-27	-20	-0.000856973012837	0.0143935544387	-0.00111177477627
-13	-27	-20	-0.00151746413549	0.0149111893349	-0.0013257348953
-11	-27	-20	-0.00215802286739	0.0152765475953	-0.00159789200085
-9	-27	-20	-0.00275603218291	0.0154758973711	-0.00192473126519
-7	-27	-20	-0.00328995674597	0.0155026450774	-0.00230142504942
-5	-27	-20	-0.00374010806314	0.01535757181	-0.0027218137264
-3	-27	-20	-0.00408934387559	0.0150486720768	-0.00317837936804
-1	-27	-20	-0.00432368486603	0.0145906203858	-0.00366222318493
1	-27	-20	-0.00443283391981	0.0140039137301	-0.00416306134307
3	-27	-20	-0.00441058478867	0.0133137556683	-0.00466925647551
5	-27	-20	-0.00425510832884	0.0125487594499	-0.00516790349407
7	-27	-20	-0.00396910589285	0.0117395530013	-0.00564498788292
9	-27	-20	-0.00355982133876	0.0109173677022	-0.00608563229552
11	-27	-20	-0.00303890581905	0.0101126863884	-0.00647444287829
13	-27	-20	-0.00242213323642	0.00935401502709	-0.00679596035804
15	-27	-20	-0.00172896904177	0.00866682838505	-0.00703521278899
17	-27	-20	-0.000982000739591	0.00807272426699	-0.00717835739307
19	-27	-20	-0.000206244710449	0.00758880500107	-0.00721338877381
21	-27	-20	0.000571649736077	0.00722729007394	-0.00713088074612
23	-27	-20	0.00132427238012	0.0069953511692	-0.00692472003126
25	-27	-20	0.0020243687989	0.00689515097788	-0.00659278310216
27	-27	-20	0.00264576729582	0.00692406029727	-0.00613750347476
29	-27	-20	0.00316428045128	0.00707502403651	-0.00556627652561
31	-27	-20	0.00355854665738	0.00733704544519	-0.00489165303176
33	-27	-20	0.00381077997573	0.00769575862092	-0.00413128129044
35	-27	-20	0.0039074013489	0.00813406149077	-0.00330757069289
37	-27	-20	0.0038395301293	0.00863278435866	-0.00244706637313
39	-27	-20	0.00360332148048	0.00917137221751	-0.00157954397748
41	-27	-20	0.00320014184763	0.00972856193485	-0.000736854294391
43	-27	-20	0.00263658083974	0.0102830379042	4.8432220154e-05
45	-27	-20	0.00192430310264	0.0108140517537	0.00074451286269
47	-27	-20	0.00107974786971	0.0113019933045	0.00132188965515
49	-27	-20	0.000123686844949	0.0117289013556	0.00175486461776
51	-27	-20	-0.000919346907107	0.0120789042684	0.00202289969015
53	-27	-20	-0.00202174497151	0.012338581928	0.00211175227338
55	-27	-20	-0.00315360915254	0.0124972426279	0.00201430896618
57	-27	-20	-0.004283619758	0.012547110799	0.00173105796645
59	-27	-20	-0.00537996765767	0.0124834242329	0.00127016353569
61	-27	-20	-0.00641132832295	0.0123044423907	0.000647132122344
63	-27	-20	-0.00734785249896	0.0120113703269	-0.000115912872973
65	-27	-20	-0.00816214419382	0.0116082054536	-0.000991304355599
67	-27	-20	-0.00883019279726	0.0111015166034	-0.00194718631272
69	-27	-20	-0.00933222302202	0.0105001664488	-0.00294906548268
71	-27	-20	-0.00965342472191	0.00981498920863	-0.00396146364181
73	-27	-20	-0.00978452515934	0.00905843573177	-0.00494956988107
75	-27	-20	-0.00972216950112	0.00824419758365	-0.00588079537236
77	-27	-20	-0.00946908148928	0.00738682084175	-0.00672614325687
79	-27	-20	-0.00903398532113	0.00650131913953	-0.0074613223572
81	-27	-20	-0.00843128138662	0.00560279429286	-0.0080675538845
83	-27	-20	-0.00768048192727	0.00470607177895	-0.00853204333398
85	-27	-20	-0.00680542689997	0.00382535753052	-0.008848113369
87	-27	-20	-0.00583331417899	0.00297392199758	-0.00901501578381
89	-27	-20	-0.00479359048823	0.00216381717239	-0.00903745994654
91	-27	-20	-0.00371675898413	0.00140563215771	-0.0089249101708
93	-27	-20	-0.00263316528507	0.000708292725787	-0.00869071442819
95	-27	-20	-0.00157182535844	7.89099903814e-05	-0.00835113138037
97	-27	-20	-0.000559355817523	-0.000477317358835	-0.00792432205185
99	-27	-20	0.000380939956284	-0.00095714394002	-0.00742936718473
-99	-25	-20	0.00124872915345	0.0017770738806	-0.000446390685766
-97	-25	-20	0.00146017927931	0.00197732677982	-0.000324937648845
-95	-25	-20	0.00165355539515	0.00221240095988	-0.000209102838974
-93	-25	-20	0.0018191556705	0.0024862645874	-0.00010656314905
-91	-25	-20	0.00194756454721	0.00280185341675	-2.52381736229e-05
-89	-25	-20	0.00203024638247	0.00316064831541	2.71236455479e-05
-87	-25	-20	0.00206015879483	0.00356227232665	4.33906796866e-05
-85	-25	-20	0.00203234484567	0.00400414237452	1.74991863336e-05
-83	-25	-20	0.00194445973572	0.00448121270094	-5.51192663924e-05
-81	-25	-20	0.00179718743178	0.00498584625932	-0.000177163710798
-79	-25	-20	0.00159450594447	0.00550784616311	-0.000349171086324
-77	-25	-20	0.00134376695103	0.00603467173387	-0.00056932911126
-75	-25	-20	0.00105556587013	0.00655185283866	-0.000833412919114
-73	-25	-20	0.000743391787544	0.00704360251176	-0.00113485599489
-71	-25	-20	0.000423061932022	0.00749361211471	-0.00146495714155
-69	-25	-20	0.000111961585994	0.00788599660321	-0.00181321594143
-67	-25	-20	-0.000171873903433	0.00820634118189	-0.00216778019715
-65	-25	-20	-0.000410784316668	0.00844278622266	-0.00251598088485
-63	-25	-20	-0.000588555257641	0.00858707630161	-0.00284492389813
-61	-25	-20	-0.000691465765963	0.00863549294582	-0.00314210383496
-59	-25	-20	-0.000709242265922	0.00858959027449	-0.00339600361958
-57	-25	-20	-0.000635851567034	0.00845665885515	-0.0035966449711
-55	-25	-20	-0.000470074152431	0.00824985593909	-0.00373605850483
-53	-25	-20	-0.000215812223149	0.00798795936502	-0.00380864823475
-51	-25	-20	0.000117896035333	0.00769472679144	-0.0038114328965
-49	-25	-20	0.000517165027135	0.00739786993652	-0.00374415516017
-47	-25	-20	0.000963841811227	0.00712768310717	-0.00360925870969
-45	-25	-20	0.00143634658437	0.00691539411622	-0.00341174159577
-43	-25	-20	0.00191072504839	0.00679133124086	-0.00315890156139
-41	-25	-20	0.00236185030803	0.00678301980352	-0.00285999466369
-39	-25	-20	0.00276470281049	0.00691333424002	-0.00252583212296
-37	-25	-20	0.00309565300748	0.0071988346906	-0.00216834176582
-35	-25	-20	0.00333367303799	0.00764841045831	-0.00180011974454
-33	-25	-20	0.00346141045543	0.00826233620411	-0.00143399563941
-31	-25	-20	0.00346606808343	0.00903182142112	-0.00108262996374
-29	-25	-20	0.00334004836198	0.00993910129452	-0.000758157969995
-27	-25	-20	0.00308133670109	0.0109580799288	-0.000471888026815
-25	-25	-20	0.00269361497675	0.0120554980083	-0.000234057223453
-23	-25	-20	0.00218611203725	0.0131925593752	-5.36417365544e-05
-21	-25	-20	0.00157321178979	0.0143269178366	6.17847409529e-05
-19	-25	-20	0.000873850267576	0.0154148994732	0.000106154265631
-17	-25	-20	0.000110740562275	0.0164138189735	7.49810585326e-05
-15	-25	-20	-0.000690531441655	0.0172842424023	-3.45772069708e-05
-13	-25	-20	-0.00150249670672	0.0179920537644	-0.000223662648793
-11	-25	-20	-0.00229683595368	0.0185101982358	-0.000491656759936
-9	-25	-20	-0.00304541733081	0.0188199995668	-0.000836111626658
-7	-25	-20	-0.0037213049725	0.0189119807586	-0.00125267238216
-5	-25	-20	-0.00429970951528	0.0187861529358	-0.00173499531121
-3	-25	-20	-0.00475885624943	0.0184517744003	-0.0022746709799
-1	-25	-20	-0.00508075047144	0.0179266171365	-0.00286116646415
1	-25	-20	-0.00525182262082	0.0172358088429	-0.00348180475341
3	-25	-20	-0.00526343804056	0.0164103426719	-0.00412180226095
5	-25	-20	-0.00511225799995	0.0154853627588	-0.00476438663588
7	-25	-20	-0.00480044039843	0.0144983406006	-0.00539101634558
9	-25	-20	-0.00433567080267	0.0134872554942	-0.00598172047426
11	-25	-20	-0.00373101756675	0.0124888824136	-0.00651557169276
13	-25	-20	-0.00300460901514	0.0115372743525	-0.00697129742201
15	-25	-20	-0.00217913609141	0.0106625051874	-0.00732802409034
17	-25	-20	-0.00128119032186	0.00988971562929	-0.00756613759018
19	-25	-20	-0.000340454024268	0.00923848096109	-0.00766823034557
21	-25	-20	0.000611233154746	0.00872249691814	-0.00762009281596
23	-25	-20	0.00154090072097	0.0083495608411	-0.00741169595705
25	-25	-20	0.00241553085286	0.00812181022255	-0.00703810238547
27	-25	-20	0.00320315946134	0.0080361705919	-0.00650023895182
29	-25	-20	0.0038739539628	0.00808495944135	-0.00580546313808
31	-25	-20	0.00440122795411	0.00825659225514	-0.0049678608663
33	-25	-20	0.00476235622631	0.00853633998262	-0.00400822420931
35	-25	-20	0.00493955867856	0.00890709358086	-0.0029536738871
37	-25	-20	0.00492052814845	0.00935009952549	-0.00183691251587
39	-25	-20	0.00469888430018	0.00984563943791	-0.000695119020483
41	-25	-20	0.00427444283527	0.0103736362912	0.000431479359448
43	-25	-20	0.00365329582362	0.010914178294	0.00150129553938
45	-25	-20	0.00284770447851	0.0114479589671	0.00247324684953
47	-25	-20	0.00187581002682	0.0119566377961	0.00330869252711
49	-25	-20	0.000761171511167	0.0124231300114	0.00397333073304
51	-25	-20	-0.000467858315364	0.0128318365497	0.0044389382855
53	-25	-20	-0.00177890593441	0.0131688261988	0.00468484192367
55	-25	-20	-0.00313648377183	0.0134219815499	0.00469902416169
57	-25	-20	-0.00450301300064	0.0135811189048	0.00447878879439
59	-25	-20	-0.00583994123654	0.0136380899899	0.00403093927249
61	-25	-20	-0.00710892933919	0.0135868704611	0.00337145529487
63	-25	-20	-0.00827307604798	0.0134236370178	0.00252468649339
65	-25	-20	-0.00929814324834	0.0131468317263	0.00152211429328
67	-25	-20	-0.0101537389869	0.0127572091461	0.000400761308279
69	-25	-20	-0.0108144108081	0.0122578593092	-0.000798650276818
71	-25	-20	-0.011260599503	0.0116541977645	-0.00203367565574
73	-25	-20	-0.0114794038002	0.0109539129917	-0.00326213860704
75	-25	-20	-0.0114651105246	0.0101668616705	-0.00444401949057
77	-25	-20	-0.0112194526153	0.00930490367241	-0.00554313456671
79	-25	-20	-0.0107515690266	0.00838167120857	-0.00652852024375
81	-25	-20	-0.0100776553928	0.00741227021263	-0.00737546013793
83	-25	-20	-0.00922031146988	0.00641291652066	-0.0080661200992
85	-25	-20	-0.00820760948489	0.00540051438309	-0.00858978427138
87	-25	-20	-0.0070719251334	0.00439218987451	-0.00894271157324
89	-25	-20	-0.00584858853592	0.00340479637163	-0.00912765476524
91	-25	-20	-0.00457442456206	0.00245441297252	-0.00915310201616
93	-25	-20	-0.00328625942243	0.00155585910671	-0.009032312676
95	-25	-20	-0.00201947256903	0.00072224932407	-0.00878222445867
97	-25	-20	-0.000806669486727	-3.53888183685e-05	-0.00842230867149
99	-25	-20	0.000323457833537	-0.000708413719658	-0.00797344421955
-99	-23	-20	0.00141784891312	0.00184774101884	-0.000404228406877
-97	-23	-20	0.00170690287574	0.00205807017325	-0.000245080600321
-95	-23	-20	0.00197540543364	0.0023120681217	-8.9986706646e-05
-93	-23	-20	0.00221031350741	0.00261545193393	5.22394549609e-05
-91	-23	-20	0.00239883437634	0.00297266533286	0.000172426771115
-89	-23	-20	0.00252920997615	0.00338631600835	0.000261508664805
-87	-23	-20	0.00259153180111	0.00385663478042	0.000311023715476
-85	-23	-20	0.00257853277319	0.00438100249686	0.000313626076618
-83	-23	-20	0.00248629780972	0.0049535932442	0.000263573675714
-81	-23	-20	0.00231483437591	0.00556518143036	0.000157161400888
-79	-23	-20	0.0020684485402	0.00620315503681	-6.93184366627e-06
-77	-23	-20	0.00175588107449	0.00685176762358	-0.000227409187678
-75	-23	-20	0.0013901716472	0.0074926476784	-0.000500255528163
-73	-23	-20	0.000988236403452	0.00810556623443	-0.00081878330103
-71	-23	-20	0.000570164071207	0.00866944337406	-0.00117382720259
-69	-23	-20	0.000158256710614	0.00916355271556	-0.00155408084608
-67	-23	-20	-0.000224138337099	0.0095688619765	-0.00194655872845
-65	-23	-20	-0.000553940581128	0.00986942913108	-0.00233715837835
-63	-23	-20	-0.000809713627315	0.0100537594488	-0.00271129085747
-61	-23	-20	-0.000973019632693	0.0101160205709	-0.00305454344025
-59	-23	-20	-0.00102966041571	0.0100570121408	-0.00335333663553
-57	-23	-20	-0.000970718798341	0.00988479421608	-0.00359553883278
-55	-23	-20	-0.000793324566341	0.00961489494395	-0.00377100560036
-53	-23	-20	-0.00050108624552	0.00927004222262	-0.00387201664858
-51	-23	-20	-0.000104151484766	0.0088793949581	-0.0038935911238
-49	-23	-20	0.000381116448669	0.00847728502632	-0.00383367052079
-47	-23	-20	0.000932832672595	0.00810151853165	-0.00369316733447
-45	-23	-20	0.00152461681855	0.00779132141688	-0.00347588588413
-43	-23	-20	0.00212689081778	0.00758504679498	-0.00318832888974
-41	-23	-20	0.00270837039987	0.00751778656504	-0.00283940886583
-39	-23	-20	0.00323766080443	0.00761904541233	-0.00244008691378
-37	-23	-20	0.00368486233613	0.00791063934417	-0.00200296293321
-35	-23	-20	0.00402309336736	0.00840497255815	-0.00154184072624
-33	-23	-20	0.00422984676753	0.00910382579568	-0.00107128919701
-31	-23	-20	0.00428810952724	0.00999775759424	-0.000606217240717
-29	-23	-20	0.00418719313857	0.0110661792188	-0.000161475440645
-27	-23	-20	0.0039232424092	0.0122781175738	0.000248507159086
-25	-23	-20	0.00349941105974	0.0135936317099	0.000610047691096
-23	-23	-20	0.00292571200421	0.0149658015563	0.000910496243833
-21	-23	-20	0.00221856722403	0.0163431660764	0.00113848892413
-19	-23	-20	0.0014000955797	0.0176724555609	0.00128417369299
-17	-23	-20	0.000497186183153	0.0189014419285	0.00133941661823
-15	-23	-20	-0.000459590021136	0.0199817233588	0.00129799610578
-13	-23	-20	-0.00143717670829	0.0208712658956	0.00115579138807
-11	-23	-20	-0.00240128501347	0.0215365441536	0.000910969161474
-9	-23	-20	-0.00331765553532	0.0219541541849	0.000564168928206
-7	-23	-20	-0.00415328800221	0.0221118111729	0.000118683517444
-5	-23	-20	-0.00487760319062	0.0220086895417	-0.000419373305257
-3	-23	-20	-0.00546350738081	0.0216551095167	-0.00104092496074
-1	-23	-20	-0.00588833444602	0.021071618416	-0.00173383324152
1	-23	-20	-0.00613464441902	0.0202875535407	-0.00248286373289
3	-23	-20	-0.00619086018411	0.0193392036917	-0.00326973932305
5	-23	-20	-0.00605172617176	0.018267706137	-0.00407330665712
7	-23	-20	-0.00571857510877	0.017116824329	-0.00486983921987
9	-23	-20	-0.005199391565	0.0159307489114	-0.005633496985
11	-23	-20	-0.00450866472973	0.0147520515731	-0.00633695598978
13	-23	-20	-0.00366702786596	0.0136198999069	-0.00695221175399
15	-23	-20	-0.00270068830171	0.0125686140012	-0.00745154841581
17	-23	-20	-0.00164065942376	0.0116266147169	-0.00780865138167
19	-23	-20	-0.000521814479733	0.0108157822129	-0.00799982609043
21	-23	-20	0.0006182095919	0.0101512138161	-0.00800527037718
23	-23	-20	0.00174022236829	0.00964134489453	-0.00781033431241
25	-23	-20	0.00280476199994	0.00928837656019	-0.00740669081303
27	-23	-20	0.00377340280391	0.00908894071882	-0.00679333424914
29	-23	-20	0.00461004050529	0.0090349264921	-0.00597732396291
31	-23	-20	0.00528210838834	0.00911439204724	-0.00497419594769
33	-23	-20	0.00576168134156	0.00931249158505	-0.00380797924731
35	-23	-20	0.00602643065277	0.00961235749474	-0.00251077363325
37	-23	-20	0.00606039978156	0.00999589110436	-0.00112187082522
39	-23	-20	0.0058545794408	0.0104444305913	0.00031356868792
41	-23	-20	0.00540726838058	0.0109392800727	0.00174623947509
43	-23	-20	0.00472421362232	0.0114620984372	0.00312474084061
45	-23	-20	0.00381853008209	0.0119951590968	0.00439784986587
47	-23	-20	0.00271040436278	0.0125215018002	0.00551689358516
49	-23	-20	0.00142659108967	0.0130250044894	0.00643808248155
51	-23	-20	-2.87126590265e-07	0.0134904067271	0.0071246636536
53	-23	-20	-0.00153262264568	0.0139033165124	0.00754875869792
55	-23	-20	-0.00312887257208	0.0142502296235	0.00769276843299
57	-23	-20	-0.00474475576223	0.0145185853883	0.00755025297194
59	-23	-20	-0.00633457276953	0.014696875581	0.00712622938791
61	-23	-20	-0.00785261839688	0.0147748146046	0.00643686766234
63	-23	-20	-0.00925464940071	0.0147435699977	0.00550860567119
65	-23	-20	-0.0104993622604	0.0145960433053	0.0043767423952
67	-23	-20	-0.0115498286745	0.0143271832384	0.00308360223963
69	-23	-20	-0.0123748306532	0.0139343064545	0.00167638966115
71	-23	-20	-0.0129500338766	0.0134173968168	0.000204870261433
73	-23	-20	-0.0132589384152	0.012779352041	-0.00128097898435
75	-23	-20	-0.0132935507088	0.0120261474735	-0.00273321179979
77	-23	-20	-0.0130547302359	0.0111668903823	-0.00410792236742
79	-23	-20	-0.0125521784187	0.0102137443772	-0.00536692037839
81	-23	-20	-0.01180405533	0.00918171198215	-0.00647899723584
83	-23	-20	-0.0108362305165	0.008088273302	-0.00742074097872
85	-23	-20	-0.00968119617916	0.00695288936692	-0.00817688990126
87	-23	-20	-0.00837669223479	0.00579638919752	-0.00874024535678
89	-23	-20	-0.00696411158339	0.00464026899983	-0.00911119061911
91	-23	-20	-0.00548676851678	0.00350593933985	-0.0092968832374
93	-23	-20	-0.0039881222615	0.00241396098114	-0.00931020201875
95	-23	-20	-0.0025100502814	0.00138331184596	-0.00916853625278
97	-23	-20	-0.00109126188475	0.000430726105931	-0.00889250434703
99	-23	-20	0.000234067781469	-0.000429858159053	-0.00850468251986
-99	-21	-20	0.00159808354801	0.00190252455958	-0.000355743335262
-97	-21	-20	0.00197621267529	0.00212114929304	-0.000160362204247
-95	-21	-20	0.00233133022425	0.00239131788607	3.35389928025e-05
-93	-21	-20	0.00264660401744	0.00272031468289	0.00021631672184
-91	-21	-20	0.00290539626586	0.00311393788047	0.000377834033784
-89	-21	-20	0.00309226170044	0.00357581198787	0.000507949065525
-87	-21	-20	0.00319398913665	0.00410672408702	0.000597049033166
-85	-21	-20	0.00320061858835	0.00470403934899	0.000636599667343
-83	-21	-20	0.00310636008458	0.00536125458609	0.00061967678154
-81	-21	-20	0.00291033968022	0.00606774746739	0.0005414457234
-79	-21	-20	0.00261710339752	0.00680877276136	0.000399556047791
-77	-21	-20	0.00223682112483	0.00756574534447	0.000194422863778
-75	-21	-20	0.0017851494282	0.00831683294498	-7.0627286568e-05
-73	-21	-20	0.00128273385581	0.00903786040748	-0.000389359908165
-71	-21	-20	0.000754356190849	0.00970350291353	-0.000752789811126
-69	-21	-20	0.000227758391196	0.0102887197913	-0.00114948662487
-67	-21	-20	-0.000267799451849	0.0107703553685	-0.00156601343635
-65	-21	-20	-0.00070316706759	0.0111288110515	-0.00198747492215
-63	-21	-20	-0.00105101996857	0.011349675739	-0.00239814463619
-61	-21	-20	-0.00128755429757	0.011425191891	-0.00278213670898
-59	-21	-20	-0.00139404804525	0.01135543372	-0.00312408540902
-57	-21	-20	-0.00135818114328	0.0111490830642	-0.0034097968674
-55	-21	-20	-0.00117502022804	0.010823707765	-0.00362684058677
-53	-21	-20	-0.00084759457026	0.0104054761152	-0.00376505374408
-51	-21	-20	-0.00038701625144	0.00992827757942	-0.00381693818295
-49	-21	-20	0.000187871922451	0.0094322620811	-0.00377793770244
-47	-21	-20	0.000851305458093	0.00896185457412	-0.00364659108264
-45	-21	-20	0.00157181816214	0.00856334482213	-0.00342456358333
-43	-21	-20	0.00231379996002	0.00828219057871	-0.00311656585891
-41	-21	-20	0.00303929798557	0.0081602021942	-0.0027301739554
-39	-21	-20	0.00370995219301	0.00823279508215	-0.00227556708103
-37	-21	-20	0.00428895072033	0.00852650131361	-0.0017652011455
-35	-21	-20	0.00474289254726	0.00905692179883	-0.00121343579167
-33	-21	-20	0.00504345507955	0.00982727622055	-0.000636131074812
-31	-21	-20	0.00516878093638	0.0108276705216	-5.02274493496e-05
-29	-21	-20	0.00510451969231	0.0120351539314	0.000526680295781
-27	-21	-20	0.00484448458486	0.0134145828398	0.00107676765968
-25	-21	-20	0.00439090910277	0.0149202515748	0.00158239904881
-23	-21	-20	0.00375431189889	0.0164981949275	0.00202653827954
-21	-21	-20	0.00295299892613	0.0180890185955	0.0023931506276
-19	-21	-20	0.00201224784182	0.0196310755965	0.00266759708919
-17	-21	-20	0.00096323089044	0.0210637822645	0.00283702170481
-15	-21	-20	-0.000158261444368	0.0223308586556	0.00289073217518
-13	-21	-20	-0.00131323230627	0.023383285669	0.00282057260682
-11	-21	-20	-0.00246096453694	0.0241817941796	0.00262128511805
-9	-21	-20	-0.00356052475163	0.0246987378688	0.00229085428747
-7	-21	-20	-0.00457223585792	0.0249192480594	0.00183082513867
-5	-21	-20	-0.00545907550155	0.024841621697	0.00124658167337
-3	-21	-20	-0.00618796448797	0.0244769482668	0.000547569113167
-1	-21	-20	-0.00673091474646	0.0238480334673	-0.000252560703151
1	-21	-20	-0.00706601068311	0.0229877228417	-0.00113590447739
3	-21	-20	-0.00717820097197	0.0219367639978	-0.0020803889682
5	-21	-20	-0.00705988041326	0.0207413692232	-0.00306000512117
7	-21	-20	-0.00671124407222	0.0194506500849	-0.00404521929444
9	-21	-20	-0.00614039917417	0.018114092041	-0.00500358154221
11	-21	-20	-0.00536322474813	0.0167792213495	-0.00590054329373
13	-21	-20	-0.00440297514567	0.0154895907585	-0.00670048592501
15	-21	-20	-0.00328963138168	0.0142831773917	-0.0073679478898
17	-21	-20	-0.00205901348965	0.0131912490981	-0.00786902187071
19	-21	-20	-0.000751677187298	0.0122377175877	-0.0081728758512
21	-21	-20	0.00058837169109	0.0114389609702	-0.00825333448361
23	-21	-20	0.00191510224913	0.0108040674615	-0.00809044130811
25	-21	-20	0.00318197281876	0.0103354279708	-0.00767191006749
27	-21	-20	0.00434347929016	0.0100295892427	-0.00699436632553
29	-21	-20	0.00535668041277	0.00987827166084	-0.00606428034177
31	-21	-20	0.00618264437881	0.00986945642381	-0.00489849973791
33	-21	-20	0.00678776544983	0.00998845469247	-0.00352430633125
35	-21	-20	0.00714490638474	0.0102188850985	-0.00197894526858
37	-21	-20	0.00723433119968	0.0105435039991	-0.000308605117856
39	-21	-20	0.00704440241772	0.0109448532356	0.00143313706926
41	-21	-20	0.00657202653006	0.0114057110766	0.00318735410867
43	-21	-20	0.00582284010415	0.0119093518303	0.00489220201878
45	-21	-20	0.00481113629855	0.0124396368687	0.00648562708618
47	-21	-20	0.00355953726416	0.0129809734172	0.00790819964131
49	-21	-20	0.00209842215059	0.013518186684	0.00910591141591
51	-21	-20	0.000465123624742	0.0140363553608	0.0100327687674
53	-21	-20	-0.00129709141155	0.0145206601999	0.0106530218849
55	-21	-20	-0.00314023811976	0.0149562905857	0.0109428901409
57	-21	-20	-0.00501300417704	0.0153284453583	0.0108916747145
59	-21	-20	-0.00686228601575	0.0156224524702	0.0105021891714
61	-21	-20	-0.00863483543058	0.0158240183639	0.00979048371779
63	-21	-20	-0.0102789728105	0.0159196034009	0.00878488571713
65	-21	-20	-0.0117463143455	0.0158969054207	0.00752442396347
67	-21	-20	-0.0129934520982	0.0157454207271	0.00605674354245
69	-21	-20	-0.0139835190764	0.0154570415277	0.00443564880317
71	-21	-20	-0.014687567722	0.0150266419742	0.00271843176693
73	-21	-20	-0.0150856907275	0.0144526020695	0.000963150969229
75	-21	-20	-0.0151678186916	0.0137372201501	-0.000773978872857
77	-21	-20	-0.0149341402226	0.0128869703718	-0.00244094192639
79	-21	-20	-0.014395106516	0.0119125712353	-0.00399190203461
81	-21	-20	-0.0135710033818	0.0108288439642	-0.00538872257049
83	-21	-20	-0.0124910978056	0.0096543544612	-0.00660197492479
85	-21	-20	-0.0111923915798	0.00841084840756	-0.007611422199
87	-21	-20	-0.00971803924835	0.00712250451139	-0.00840599946743
89	-21	-20	-0.00811550941173	0.00581504464212	-0.00898334203319
91	-21	-20	-0.00643458538533	0.00451475045551	-0.00934893653215
93	-21	-20	-0.00472531170445	0.0032474431968	-0.00951498538595
95	-21	-20	-0.00303599602992	0.00203748609746	-0.00949908260002
97	-21	-20	-0.00141137129825	0.000906866969607	-0.0093227986076
99	-21	-20	0.000108989128969	-0.000125587523807	-0.00901026475466
-99	-19	-20	0.00178764104999	0.0019377287028	-0.000301286532927
-97	-19	-20	0.0022656342954	0.00216254452752	-7.26779074471e-05
-95	-19	-20	0.00271823844148	0.00244531793391	0.00015813913929
-93	-19	-20	0.00312442172689	0.00279461382123	0.00038108675894
-91	-19	-20	0.00346326930616	0.00321733958765	0.000585436550267
-89	-19	-20	0.00371521591507	0.00371795637899	0.000760298357936
-87	-19	-20	0.00386333666072	0.00429771562278	0.000895160700609
-85	-19	-20	0.00389461250571	0.00495398402417	0.000980453598511
-83	-19	-20	0.00380107958522	0.00567972404062	0.00100810122475
-81	-19	-20	0.00358077057745	0.00646319559713	0.000972030704214
-79	-19	-20	0.00323836268205	0.00728793773632	0.000868604717995
-77	-19	-20	0.00278546049799	0.00813307573812	0.000696949317265
-75	-19	-20	0.0022404627285	0.00897398024105	0.00045915426681
-73	-19	-20	0.00162798800748	0.00978328088495	0.000160330883247
-71	-19	-20	0.000977865465574	0.0105322093927	-0.000191478898317
-69	-19	-20	0.000323727681133	0.0111922177609	-0.000585539311199
-67	-19	-20	-0.000298725164836	0.0117367886927	-0.00100879162342
-65	-19	-20	-0.000853693425561	0.0121433301575	-0.00144633948487
-63	-19	-20	-0.00130736018765	0.0123950266014	-0.00188202295829
-61	-19	-20	-0.00162995560627	0.0124825082033	-0.00229905129007
-59	-19	-20	-0.00179766723562	0.0124051985359	-0.00268066260012
-57	-19	-20	-0.00179426615911	0.0121722111875	-0.00301077905923
-55	-19	-20	-0.00161233464323	0.0118026875571	-0.00327462856137
-53	-19	-20	-0.00125400587141	0.0113255003824	-0.00345930799069
-51	-19	-20	-0.000731158206435	0.0107782887881	-0.00355426840952
-49	-19	-20	-6.5042890714e-05	0.0102058379989	-0.00355170827116
-47	-19	-20	0.000714637782007	0.00965786683908	-0.00344686652052
-45	-19	-20	0.00157114804924	0.00918633472258	-0.00323821268635
-43	-19	-20	0.00246254579777	0.00884242287085	-0.00292753541866
-41	-19	-20	0.00334380734922	0.00867337803205	-0.00251993416358
-39	-19	-20	0.00416912105434	0.00871942768056	-0.00202372074318
-37	-19	-20	0.00489421356455	0.00901098114527	-0.00145023861547
-35	-19	-20	0.00547857527156	0.00956632016337	-0.000813607745125
-33	-19	-20	0.00588746322993	0.0103899551698	-0.000130402606784
-31	-19	-20	0.00609357943721	0.0114717818188	0.000580729822273
-29	-19	-20	0.00607834758075	0.0127871187236	0.00129950586209
-27	-19	-20	0.00583273984615	0.0142976462329	0.00200448890064
-25	-19	-20	0.00535763459421	0.0159532020342	0.00267361533566
-23	-19	-20	0.00466371328295	0.0176943276447	0.00328475649676
-21	-19	-20	0.00377092895948	0.0194554054605	0.00381630958786
-19	-19	-20	0.00270759755017	0.0211681834501	0.00424780962689
-17	-19	-20	0.00150917627576	0.0227654573086	0.0045605531033
-15	-19	-20	0.000216800721008	0.0241846701019	0.00473822270464
-13	-19	-20	-0.00112434608013	0.0253711978359	0.0047675010217
-11	-19	-20	-0.00246676172571	0.0262811151037	0.00463865961749
-9	-19	-20	-0.00376238449556	0.0268832756595	0.00434610818861
-7	-19	-20	-0.00496432748584	0.0271605948769	0.0038888866999
-5	-19	-20	-0.00602853667198	0.0271104801028	0.00327108130598
-3	-19	-20	-0.00691532988264	0.026744415989	0.00250214264179
-1	-19	-20	-0.00759077960088	0.0260867700215	0.0015970828471
1	-19	-20	-0.00802790706025	0.0251729341639	0.000576525820994
3	-19	-20	-0.0082076585072	0.024046958084	-0.000533415828869
5	-19	-20	-0.00811963732169	0.0227588552545	-0.00170146325586
7	-19	-20	-0.00776256868425	0.021361774015	-0.00289171682427
9	-19	-20	-0.0071444774416	0.0199092214855	-0.00406444277671
11	-19	-20	-0.00628256542018	0.0184525103177	-0.00517711076717
13	-19	-20	-0.00520278206542	0.0170385690106	-0.00618567983583
15	-19	-20	-0.00393909198675	0.0157082190264	-0.00704611500856
17	-19	-20	-0.00253245441125	0.0144949798034	-0.00771609861139
19	-19	-20	-0.0010295419785	0.0134244196668	-0.0081568807053
21	-19	-20	0.000518761241418	0.0125140300463	-0.00833519332575
23	-19	-20	0.00205903128332	0.0117735653026	-0.00822513535942
25	-19	-20	0.00353708502482	0.0112057631059	-0.00780992099315
27	-19	-20	0.00489980378931	0.0108073421419	-0.0070833767768
29	-19	-20	0.0060969312431	0.0105701655173	-0.00605107222412
31	-19	-20	0.00708277874224	0.0104824593451	-0.00473097777978
33	-19	-20	0.00781777674239	0.0105299856319	-0.00315356241721
35	-19	-20	0.00826981944467	0.0106970852173	-0.00136127072516
37	-19	-20	0.00841536057126	0.0109675281938	0.00059264523663
39	-19	-20	0.00824022994023	0.0113251338216	0.00264592301631
41	-19	-20	0.00774015222193	0.0117541472846	0.0047296558793
43	-19	-20	0.0069209599512	0.0122393846837	0.00677112536184
45	-19	-20	0.00579850187062	0.0127661786726	0.00869695964186
47	-19	-20	0.0043982547006	0.0133201737003	0.0104364472452
49	-19	-20	0.0027546515869	0.0138870309618	0.0119248169429
51	-19	-20	0.000910144241599	0.0144521083315	0.0131062893624
53	-19	-20	-0.001085981093	0.0150001796897	0.0139367148422
55	-19	-20	-0.00317901042248	0.015515251497	0.0143856351552
57	-19	-20	-0.00531040380471	0.0159805229586	0.0144376423777
59	-19	-20	-0.00741955866068	0.0163785207083	0.0140929536841
61	-19	-20	-0.00944569356482	0.0166914209553	0.0133671726043
63	-19	-20	-0.011329802552	0.0169015529448	0.012290261087
65	-19	-20	-0.0130166203508	0.0169920589445	0.0109047982107
67	-19	-20	-0.0144565297735	0.0169476692905	0.00926364645679
69	-19	-20	-0.015607335162	0.0167555376918	0.00742718160043
71	-19	-20	-0.0164358217951	0.0164060731017	0.00546026497121
73	-19	-20	-0.0169190218427	0.0158937008297	0.00342914568497
75	-19	-20	-0.0170451138065	0.0152174875293	0.00139847535303
77	-19	-20	-0.0168138948749	0.0143815721909	-0.000571400183067
79	-19	-20	-0.0162367840533	0.0133953577406	-0.00242673621003
81	-19	-20	-0.0153363374306	0.0122734343101	-0.00412217214573
83	-19	-20	-0.0141452839837	0.0110352243876	-0.0056219435176
85	-19	-20	-0.0127051188655	0.00970436028793	-0.00690050583531
87	-19	-20	-0.011064318823	0.00830782403234	-0.00794259234503
89	-19	-20	-0.00927626884175	0.00687489714421	-0.00874276138256
91	-19	-20	-0.00739700809536	0.00543598162876	-0.00930451533238
93	-19	-20	-0.00548291503458	0.00402136238291	-0.00963909079625
95	-19	-20	-0.00358845484302	0.00265998480853	-0.00976402809688
97	-19	-20	-0.00176410715876	0.00137831928461	-0.00970162812416
99	-19	-20	-5.45783465558e-05	0.000199376707411	-0.00947739688438
-99	-17	-20	0.00198428015983	0.00195010243512	-0.000241419409423
-97	-17	-20	0.00257172767154	0.00217870811213	1.59844090321e-05
-95	-17	-20	0.0031315552261	0.00246979112128	0.000280455361057
-93	-17	-20	0.00363817851707	0.00283281754255	0.000541948334793
-91	-17	-20	0.00406603066776	0.00327547777998	0.000789591002664
-89	-17	-20	0.00439104661332	0.0038028275412	0.00101214259882
-87	-17	-20	0.00459222200839	0.00441645502445	0.00119850963292
-85	-17	-20	0.00465314662731	0.00511374280624	0.00133829226595
-83	-17	-20	0.0045634032076	0.00588729712186	0.0014223318148
-81	-17	-20	0.00431972147895	0.00672461591082	0.00144322859761
-79	-17	-20	0.00392678459471	0.00760805938638	0.00139580022867
-77	-17	-20	0.00339760151	0.00851517268128	0.00127745347332
-75	-17	-20	0.00275338341454	0.00941938959181	0.0010884476406
-73	-17	-20	0.00202289372244	0.010291120496	0.000832033817635
-71	-17	-20	0.00124127722201	0.0110991976928	0.000514461496563
-69	-17	-20	0.000448412103177	0.0118126198042	0.000144851705538
-67	-17	-20	-0.000313134333784	0.0124025060446	-0.000265056985299
-65	-17	-20	-0.0010004325543	0.0128441438753	-0.000701276809814
-63	-17	-20	-0.00157266066775	0.0131189926301	-0.00114803562424
-61	-17	-20	-0.00199356139436	0.0132164936443	-0.0015883167862
-59	-17	-20	-0.0022337250964	0.0131355362491	-0.0020044508205
-57	-17	-20	-0.00227254473874	0.0128854399249	-0.00237873531818
-55	-17	-20	-0.00209970728918	0.0124863361793	-0.00269406057305
-53	-17	-20	-0.00171611519949	0.011968868497	-0.00293452049192
-51	-17	-20	-0.00113416902028	0.0113731730368	-0.00308599090199
-49	-17	-20	-0.00037738495423	0.0107471536694	-0.00313666010389
-47	-17	-20	0.000520634174121	0.0101441186743	-0.00307749902861
-45	-17	-20	0.00151781303186	0.00961989863109	-0.00290266040833
-43	-17	-20	0.00256570350165	0.00922961128657	-0.00260979786142
-41	-17	-20	0.00361194052646	0.0090242752215	-0.00220029676321
-39	-17	-20	0.00460290467341	0.0090474964003	-0.00167940939633
-37	-17	-20	0.00548643341334	0.00933245760098	-0.00105628740933
-35	-17	-20	0.00621442599835	0.00989942902133	-0.000343905359057
-33	-17	-20	0.00674520035445	0.0107539892571	0.00044112964855
-31	-17	-20	0.00704548286659	0.0118861010798	0.00127888526534
-29	-17	-20	0.00709194091299	0.0132701291555	0.00214652847014
-27	-17	-20	0.00687220069386	0.0148658213729	0.00301886423351
-25	-17	-20	0.00638532638619	0.0166202069336	0.00386898105701
-23	-17	-20	0.00564176822514	0.0184702983144	0.00466899182104
-21	-17	-20	0.00466281451331	0.0203464260385	0.00539085408397
-19	-17	-20	0.00347960419323	0.0221759896639	0.00600725008331
-17	-17	-20	0.00213177165043	0.0238873792447	0.00649250348547
-15	-17	-20	0.000665803786671	0.0254138110736	0.00682350759632
-13	-17	-20	-0.000866808254569	0.02669683051	0.00698063832087
-11	-17	-20	-0.00241154284538	0.0276892621876	0.00694862454869
-9	-17	-20	-0.00391287314032	0.0283574313899	0.00671734862401
-7	-17	-20	-0.00531627757372	0.0286825360615	0.00628254985444
-5	-17	-20	-0.00657017737808	0.0286611120067	0.00564640434951
-3	-17	-20	-0.00762775026594	0.0283045990669	0.00481795467592
-1	-17	-20	-0.00844857541397	0.0276380781573	0.0038133628536
1	-17	-20	-0.0090000693999	0.0266983031788	0.00265596029195
3	-17	-20	-0.00925867610845	0.025531194032	0.00137606880915
5	-17	-20	-0.00921077655002	0.0241889844888	1.05685211565e-05
7	-17	-20	-0.00885328793458	0.0227272301205	-0.0013978081046
9	-17	-20	-0.00819392613914	0.0212018768673	-0.00280147058806
11	-17	-20	-0.00725111265411	0.0196665715298	-0.00414925829097
13	-17	-20	-0.00605351661561	0.0181703639638	-0.00538801383037
15	-17	-20	-0.00463923461507	0.0167559104095	-0.00646441743224
17	-17	-20	-0.0030546251489	0.015458242021	-0.00732703795452
19	-17	-20	-0.00135282992211	0.0143041162276	-0.00792853482653
21	-17	-20	0.000407970468473	0.0133119248118	-0.00822792353815
23	-17	-20	0.00216650505049	0.0124920947238	-0.0081927976878
25	-17	-20	0.00386049263268	0.0118478881579	-0.00780138531711
27	-17	-20	0.0054287737783	0.0113764888809	-0.00704430865924
29	-17	-20	0.00681341211543	0.0110702528817	-0.00592591654055
31	-17	-20	0.007961684701	0.0109180028885	-0.0044650689494
33	-17	-20	0.00882788792764	0.0109062571395	-0.0026952743309
35	-17	-20	0.00937489604696	0.0110203013531	-0.000664111580843
37	-17	-20	0.00957542264543	0.0112450370229	0.0015680909953
39	-17	-20	0.00941295000262	0.0115655666186	0.00393030085406
41	-17	-20	0.00888230582406	0.0119675046157	0.00634348203808
43	-17	-20	0.00798988018222	0.012437030238	0.00872383466391
45	-17	-20	0.0067534867657	0.0129607213741	0.0109864128621
47	-17	-20	0.00520188131796	0.0135252277182	0.0130489270495
49	-17	-20	0.0033739565089	0.0141168536223	0.0148355152256
51	-17	-20	0.00131763692685	0.0147211267887	0.0162802619297
53	-17	-20	-0.000911498773948	0.0153224276414	0.0173302537035
55	-17	-20	-0.00325183831078	0.0159037463596	0.017947986059
57	-17	-20	-0.00563756450865	0.0164466209553	0.0181129772957
59	-17	-20	-0.00800065253191	0.0169312916558	0.0178224959673
61	-17	-20	-0.0102729885159	0.0173370857207	0.0170913672581
63	-17	-20	-0.0123885536507	0.0176430244306	0.0159508842574
65	-17	-20	-0.0142856080895	0.0178286221356	0.0144469081891
67	-17	-20	-0.015908799743	0.0178748277288	0.0126372924254
69	-17	-20	-0.017211115575	0.0177650433284	0.0105888046937
71	-17	-20	-0.018155589048	0.0174861446102	0.00837374744387
73	-17	-20	-0.0187166783502	0.0170294230513	0.00606648637942
75	-17	-20	-0.0188812370856	0.0163913727281	0.00374009158156
77	-17	-20	-0.0186490127408	0.0155742531464	0.00146327572486
79	-17	-20	-0.01803262831	0.0145863741995	-0.000702217955385
81	-17	-20	-0.0170570280046	0.0134420685932	-0.00270366573132
83	-17	-20	-0.0157583973767	0.012161339382	-0.00449878450304
85	-17	-20	-0.0141825992303	0.0107691937869	-0.00605650306709
87	-17	-20	-0.0123831968257	0.00929469725802	-0.00735710587449
89	-17	-20	-0.0104191624792	0.00776980193142	-0.0083918089311
91	-17	-20	-0.00835239029875	0.00622801954044	-0.00916185657611
93	-17	-20	-0.00624514454076	0.00470301924251	-0.00967724737838
95	-17	-20	-0.004157578689	0.00322723493517	-0.00995520692967
97	-17	-20	-0.00214545443373	0.00183056428332	-0.0100185253954
99	-17	-20	-0.000258174747281	0.000539233236438	-0.0098938695513
-99	-15	-20	0.00218533106454	0.00193703017024	-0.000176919703747
-97	-15	-20	0.00289008682359	0.00216676538956	0.000103625128063
-95	-15	-20	0.00356519802584	0.00246125683015	0.000397263549776
-93	-15	-20	0.00418025286602	0.00283041876395	0.000694499437319
-91	-15	-20	0.00470473604909	0.00328233414107	0.000984815809134
-89	-15	-20	0.00510977752379	0.0038223620347	0.00125707079407
-87	-15	-20	0.00536999360551	0.0044522715801	0.00149995478409
-85	-15	-20	0.00546530310472	0.00516947336841	0.00170248774052
-83	-15	-20	0.00538259038712	0.00596642362862	0.00185453264014
-81	-15	-20	0.00511708576095	0.00683027518969	0.00194729964904
-79	-15	-20	0.00467334223325	0.00774284136041	0.0019738158803
-77	-15	-20	0.00406570668539	0.00868092418464	0.00192933745072
-75	-15	-20	0.00331821215541	0.00961703730841	0.00181168377886
-73	-15	-20	0.00246385452656	0.0105205268689	0.00162147831924
-71	-15	-20	0.00154325901436	0.011359062974	0.0013622847857
-69	-15	-20	0.000602786274201	0.012100441663	0.00104063293715
-67	-15	-20	-0.000307828830656	0.0127146053504	0.000665932769156
-65	-15	-20	-0.00113817439269	0.0131757615397	0.000250280143527
-63	-15	-20	-0.00184003301842	0.0134644579377	-0.000191839713572
-61	-15	-20	-0.00237024717201	0.0135694596163	-0.000643941875784
-59	-15	-20	-0.00269339163167	0.0134892726152	-0.00108801382079
-57	-15	-20	-0.00278407421451	0.0132331696187	-0.00150505809172
-55	-15	-20	-0.0026287073369	0.0128215973105	-0.00187569279135
-53	-15	-20	-0.00222662648015	0.0122858808432	-0.00218079636368
-51	-15	-20	-0.00159047466104	0.0116671865425	-0.00240218205049
-49	-15	-20	-0.000745821156925	0.0110147564282	-0.00252328592252
-47	-15	-20	0.000269965935431	0.0103834834882	-0.00252985042962
-45	-15	-20	0.00140952432646	0.00983095043774	-0.00241058310388
-43	-15	-20	0.00261786678192	0.00941410233472	-0.00215776764663
-41	-15	-20	0.00383516797456	0.00918576055211	-0.00176780252345
-39	-15	-20	0.00499979903032	0.00919120855711	-0.00124164084359
-37	-15	-20	0.00605142987659	0.00946508606986	-0.000585105178314
-35	-15	-20	0.00693402259042	0.0100288161909	0.000190947523312
-33	-15	-20	0.00759855412097	0.0108887602159	0.00107063237693
-31	-15	-20	0.00800533203138	0.0120352488911	0.00203323048829
-29	-15	-20	0.00812579951803	0.0134425800489	0.00305357937488
-27	-15	-20	0.00794376272494	0.0150700053496	0.00410266039407
-25	-15	-20	0.00745601098488	0.0168636585329	0.00514837437061
-23	-15	-20	0.00667233604082	0.0187593098139	0.00615648718761
-21	-15	-20	0.00561498702202	0.0206857713702	0.00709171830287
-19	-15	-20	0.00431762221301	0.0225687321673	0.00791893765773
-17	-15	-20	0.00282383557461	0.0243347704619	0.00860443078625
-15	-15	-20	0.00118534553688	0.0259152816003	0.00911718841497
-13	-15	-20	-0.00054006345752	0.0272500679262	0.00943017551298
-11	-15	-20	-0.00229075848662	0.0282903657596	0.00952153539288
-9	-15	-20	-0.00400355247744	0.0290011289388	0.00937568664476
-7	-15	-20	-0.00561600078224	0.0293624454126	0.00898427384491
-5	-15	-20	-0.00706863347822	0.0293700279443	0.00834693653141
-3	-15	-20	-0.00830706402083	0.0290347867455	0.00747186439023
-1	-15	-20	-0.00928392054373	0.0283815553883	0.00637610966596
1	-15	-20	-0.00996055022063	0.0274470967194	0.00508563050457
3	-15	-20	-0.0103084501673	0.0262775586637	0.00363504157967
5	-15	-20	-0.0103103812416	0.0249255779374	0.00206705157414
7	-15	-20	-0.00996112488092	0.0234472413578	0.00043157172594
9	-15	-20	-0.00926784886882	0.0218991096631	-0.00121551337999
11	-15	-20	-0.00825005648799	0.0203354889395	-0.00281391146312
13	-15	-20	-0.00693910533012	0.0188061024477	-0.00430080951321
15	-15	-20	-0.00537729700308	0.0173542742564	-0.00561304936288
17	-15	-20	-0.00361655646626	0.0160156895631	-0.00668953834254
19	-15	-20	-0.00171673859313	0.0148177489495	-0.00747381861717
21	-15	-20	0.000256381693828	0.0137794889242	-0.00791669567415
23	-15	-20	0.00223336242169	0.012912002252	-0.00797880536126
25	-15	-20	0.00414350387047	0.0122192613065	-0.00763298246637
27	-15	-20	0.00591731857596	0.0116992276707	-0.00686628470092
29	-15	-20	0.00748896328853	0.0113451221422	-0.00568152639113
31	-15	-20	0.0087985369383	0.0111467309805	-0.00409818784597
33	-15	-20	0.00979415705127	0.0110916356136	-0.00215258997778
35	-15	-20	0.0104337401416	0.0111662724361	0.00010274111659
37	-15	-20	0.010686428006	0.0113567546098	0.00260054988742
39	-15	-20	0.0105336199421	0.0116494165124	0.00526114556123
41	-15	-20	0.00996958903215	0.0120310711676	0.00799543769262
43	-15	-20	0.00900167731576	0.0124889992743	0.0107085817033
45	-15	-20	0.00765007880447	0.0130107132005	0.0133040548278
47	-15	-20	0.00594723030776	0.0135835588226	0.0156879450522
49	-15	-20	0.00393683790412	0.0141942311077	0.0177732120108
51	-15	-20	0.00167257211113	0.0148282851489	0.0194836720745
53	-15	-20	-0.000783531723969	0.0154697227876	0.0207574712646
55	-15	-20	-0.00336292846951	0.0161007263712	0.0215498387979
57	-15	-20	-0.00599263107457	0.0167015964382	0.0218349590003
59	-15	-20	-0.00859744405453	0.0172509305054	0.0216068566032
61	-15	-20	-0.011102309058	0.0177260572806	0.0208792554395
63	-15	-20	-0.0134347009782	0.018103716395	0.0196844380336
65	-15	-20	-0.0155270040848	0.0183609501273	0.0180711980382
67	-15	-20	-0.0173187888647	0.0184761524864	0.0161020337966
69	-15	-20	-0.0187589032116	0.0184302041928	0.0138497751926
71	-15	-20	-0.019807288002	0.0182076109599	0.0113938642962
73	-15	-20	-0.0204364285097	0.0177975580233	0.00881652150258
75	-15	-20	-0.0206323607584	0.0171947965242	0.00619902283369
77	-15	-20	-0.0203951664172	0.0164002870066	0.00361829225175
79	-15	-20	-0.0197389110561	0.0154215411892	0.00114397794962
81	-15	-20	-0.0186910075821	0.0142726240672	-0.00116386270989
83	-15	-20	-0.0172910177464	0.0129738025853	-0.00325639442319
85	-15	-20	-0.0155889374459	0.0115508525942	-0.00509692652991
87	-15	-20	-0.013643043425	0.0100340604672	-0.00666114937047
89	-15	-20	-0.0115174071308	0.00845697756099	-0.00793674756099
91	-15	-20	-0.00927920329678	0.00685500289492	-0.00892248507436
93	-15	-20	-0.0069959542594	0.00526388064643	-0.00962687834373
95	-15	-20	-0.00473285471544	0.00371820351592	-0.0100665841284
97	-15	-20	-0.00255031515223	0.00225001050838	-0.0102646291821
99	-15	-20	-0.000501846040183	0.000887558636938	-0.0102486002108
-99	-13	-20	0.00238773444674	0.00189669453388	-0.000108778353778
-97	-13	-20	0.0032153836635	0.00212468757737	0.000188310792957
-95	-13	-20	0.00401162243008	0.00241723851118	0.000505619629282
-93	-13	-20	0.00474103432706	0.00278420776026	0.00083473930747
-91	-13	-20	0.00536795886553	0.00323363760577	0.00116603312376
-89	-13	-20	0.00585851168601	0.00377086668688	0.00148893617569
-87	-13	-20	0.00618271613123	0.00439767059851	0.00179231921537
-85	-13	-20	0.00631661107885	0.00511149887047	0.00206490322634
-83	-13	-20	0.006244187501	0.00590488295424	0.00229570874173
-81	-13	-20	0.00595900433988	0.00676508852907	0.00247452239449
-79	-13	-20	0.00546534411037	0.00767407767689	0.0025923626403
-77	-13	-20	0.00477879036334	0.00860883195706	0.00264192691426
-75	-13	-20	0.00392614191263	0.00954206641848	0.00261800347622
-73	-13	-20	0.00294462063241	0.0104433380437	0.00251783262405
-71	-13	-20	0.00188037780548	0.0112805216024	0.00234140355472
-69	-13	-20	0.000786354837603	0.0120215935547	0.00209167471658
-67	-13	-20	-0.000280396412217	0.0126366330853	0.00177470688377
-65	-13	-20	-0.00126178455129	0.0130999214247	0.00139969936868
-63	-13	-20	-0.00210195721766	0.0133919991701	0.000978920861381
-61	-13	-20	-0.00275058181987	0.0135015289441	0.000527527550461
-59	-13	-20	-0.00316591593138	0.0134268094616	6.326272455e-05
-57	-13	-20	-0.00331746355663	0.0131767981455	-0.000393965698537
-55	-13	-20	-0.00318803764012	0.0127715230934	-0.000822630022072
-53	-13	-20	-0.00277508703859	0.0122418005724	-0.00120024585471
-51	-13	-20	-0.0020911947931	0.0116282193219	-0.0015041435691
-49	-13	-20	-0.0011637100484	0.010979404748	-0.00171233143671
-47	-13	-20	-3.35339063666e-05	0.0103496307415	-0.00180442613248
-45	-13	-20	0.00124686476772	0.00979589996477	-0.00176261848359
-43	-13	-20	0.00261607841842	0.00937466048593	-0.00157263503113
-41	-13	-20	0.00400687072792	0.00913836330292	-0.00122464999928
-39	-13	-20	0.00534957751226	0.00913208797316	-0.000714098443319
-37	-13	-20	0.0065755973109	0.00939046965095	-4.23403899295e-05
-35	-13	-20	0.00762077362254	0.00993514907085	0.000782871798238
-33	-13	-20	0.00842848744328	0.0107729376305	0.00174716458938
-31	-13	-20	0.00895230668115	0.0118948444921	0.00282958525565
-29	-13	-20	0.00915807506044	0.0132760547405	0.0040029344669
-27	-13	-20	0.00902536371962	0.0148768814959	0.00523439469496
-25	-13	-20	0.00854825019398	0.0166446456904	0.00648644390199
-23	-13	-20	0.00773542849679	0.0185163705501	0.00771802839034
-21	-13	-20	0.0066096878321	0.0204221191149	0.00888595443435
-19	-13	-20	0.00520682419691	0.0222887571959	0.00994644647912
-17	-13	-20	0.00357406784275	0.0240438947434	0.0108568110938
-15	-13	-20	0.00176812031283	0.0256197480236	0.0115771409638
-13	-13	-20	-0.000147101560639	0.0269566739825	0.0120719920453
-11	-13	-20	-0.00210291920957	0.0280061557522	0.012311969229
-9	-13	-20	-0.00402845354483	0.0287330618991	0.0122751607866
-7	-13	-20	-0.0058532113511	0.0291170578675	0.0119483685922
-5	-13	-20	-0.00750962193768	0.0291531113441	0.0113280886605
-3	-13	-20	-0.00893545564189	0.0288510986607	0.0104212040505
-1	-13	-20	-0.0100760606906	0.0282345815753	0.00924535904494
1	-13	-20	-0.0108863582932	0.0273388779798	0.00782898947774
3	-13	-20	-0.0113325383175	0.0262085923442	0.00621098933744
5	-13	-20	-0.0113934005705	0.0248947992356	0.0044399989088
7	-13	-20	-0.0110612908345	0.0234520846803	0.00257330563966
9	-13	-20	-0.010342587633	0.0219356454813	0.000675356700033
11	-13	-20	-0.00925770613395	0.0203986272556	-0.00118410714939
13	-13	-20	-0.00784060007608	0.0188898503961	-0.00293227250692
15	-13	-20	-0.00613776093501	0.0174520327533	-0.00449578712184
17	-13	-20	-0.00420673488975	0.0161205723895	-0.0058035430164
19	-13	-20	-0.00211420109429	0.0149229072565	-0.00678962161129
21	-13	-20	6.63225271692e-05	0.0138784248149	-0.00739628931506
23	-13	-20	0.00225705927242	0.0129988566901	-0.00757690989834
25	-13	-20	0.00437873646328	0.0122890639264	-0.00729862273886
27	-13	-20	0.00635341757403	0.011748098886	-0.00654462656647
29	-13	-20	0.0081072865295	0.0113704210284	-0.00531590920581
31	-13	-20	0.00957327052879	0.0111471454995	-0.00363227686216
33	-13	-20	0.0106933980587	0.0110672146668	-0.00153256255769
35	-13	-20	0.0114208047825	0.0111184018116	0.000926068016655
37	-13	-20	0.0117213200972	0.0112880810384	0.00366974548308
39	-13	-20	0.0115745893963	0.0115637257133	0.00661043560491
41	-13	-20	0.010974709438	0.0119331269611	0.00964930215072
43	-13	-20	0.00993037488678	0.0123843515982	0.0126807484866
45	-13	-20	0.00846455168074	0.0129054832657	0.015596939603
47	-13	-20	0.0066137065699	0.0134842097536	0.0182925647504
49	-13	-20	0.00442663182604	0.0141073323088	0.0206695749534
51	-13	-20	0.00196291020542	0.0147602783774	0.0226416223292
53	-13	-20	-0.000708931291605	0.0154266975395	0.0241379407036
55	-13	-20	-0.00351352823024	0.0160882116954	0.0251064390759
57	-13	-20	-0.00637099348708	0.016724375702	0.0255158288118
59	-13	-20	-0.00919938431362	0.0173128849011	0.0253566682619
61	-13	-20	-0.0119172614765	0.0178300429653	0.0246412797436
63	-13	-20	-0.0144462738922	0.0182514790856	0.023402567712
65	-13	-20	-0.0167136946557	0.0185530797025	0.0216918374798
67	-13	-20	-0.018654826781	0.0187120787124	0.0195757754371
69	-13	-20	-0.0202151908662	0.0187082331189	0.0171327996815
71	-13	-20	-0.0213524039962	0.0185249998953	0.0144490209625
73	-13	-20	-0.0220376611729	0.0181506253924	0.0116140661236
75	-13	-20	-0.0222567387057	0.0175790614096	0.00871700978163
77	-13	-20	-0.022010454034	0.0168106319197	0.00584263639603
79	-13	-20	-0.0213145383006	0.0158523906629	0.00306821714853
81	-13	-20	-0.0201989057742	0.0147181311093	0.000460938170549
83	-13	-20	-0.0187063361924	0.0134280349128	-0.00192393680437
85	-13	-20	-0.0168906199226	0.0120079709016	-0.00404414064838
87	-13	-20	-0.0148142487046	0.0104884817364	-0.00587073612798
89	-13	-20	-0.012545763771	0.0089035175425	-0.00738777438757
91	-13	-20	-0.0101568956218	0.00728899328969	-0.0085913789583
93	-13	-20	-0.00771964350282	0.00568125809245	-0.00948837864732
95	-13	-20	-0.00530344627906	0.0041155691126	-0.0100946241146
97	-13	-20	-0.00297258943056	0.00262466018847	-0.0104331234773
99	-13	-20	-0.000783975832413	0.00123748611343	-0.0105321233823
-99	-11	-20	0.00258810000001	0.00182819999999	-3.8185999997e-05
-97	-11	-20	0.00354146062395	0.00205142435637	0.000268245074162
-95	-11	-20	0.00446194661	0.00233642344754	0.000602984842844
-93	-11	-20	0.00530907573557	0.00269248133834	0.000959241786516
-91	-11	-20	0.0060419644698	0.003127148699	0.00132878083497
-89	-11	-20	0.0066216203681	0.00364540656243	0.00170209443234
-87	-11	-20	0.00701336551357	0.00424885507389	0.00206863945341
-85	-11	-20	0.0071892382012	0.00493499357932	0.0024171362665
-83	-11	-20	0.00713020589963	0.00569666249408	0.00273592439294
-81	-11	-20	0.00682802028184	0.00652171615491	0.00301336757462
-79	-11	-20	0.00628655608938	0.00739298853467	0.00323829951917
-77	-11	-20	0.00552249999997	0.00828859999997	0.0034005
-75	-11	-20	0.00456529252723	0.00918263347986	0.00349118919256
-73	-11	-20	0.00345627312785	0.0100461833615	0.00350352601236
-71	-11	-20	0.00224703288697	0.0108487516232	0.00343309374707
-69	-11	-20	0.00099703632874	0.0115599351865	0.00327835351667
-67	-11	-20	-0.000229370510407	0.0121513186728	0.00304104326279
-65	-11	-20	-0.00136639926515	0.0125984603788	0.00272649740419
-63	-11	-20	-0.00235050042675	0.0128828390268	0.00234386046316
-61	-11	-20	-0.00312405663784	0.012993617147	0.0019061674004
-59	-11	-20	-0.00363885014939	0.0129290757262	0.001430264636
-57	-11	-20	-0.00385907608972	0.0126975851795	0.000936549253645
-55	-11	-20	-0.00376369999997	0.0123179999999	0.000448510000025
-53	-11	-20	-0.00334800015312	0.0118193977931	-7.93751112439e-06
-51	-11	-20	-0.00262418920944	0.011240125933	-0.000405317705634
-49	-11	-20	-0.00162107143665	0.0106261679219	-0.000715647150568
-47	-11	-20	-0.000382756064526	0.0100288930729	-0.000911640583598
-45	-11	-20	0.00103349079892	0.00950230321503	-0.000968025226237
-43	-11	-20	0.00256011873135	0.00909993448202	-0.000862904606355
-41	-11	-20	0.00412270996185	0.00887160682714	-0.000579102553037
-39	-11	-20	0.0056437319118	0.00886023531379	-0.000105411266787
-37	-11	-20	0.00704640369811	0.00909892301624	0.000562334591187
-35	-11	-20	0.00825845827958	0.00960854434383	0.00142043237373
-33	-11	-20	0.00921559999996	0.010396	0.00245680000002
-31	-11	-20	0.00986448761254	0.0114532822746	0.00365082978862
-29	-11	-20	0.010165112038	0.0127574349665	0.00497364009452
-27	-11	-20	0.0100924821872	0.0142714300737	0.0063887355444
-25	-11	-20	0.00963757717935	0.0159459183694	0.00785306353201
-23	-11	-20	0.00880756556419	0.0177217483425	0.00931843190709
-21	-11	-20	0.00762532876599	0.0195330928246	0.0107332322382
-19	-11	-20	0.00612835491724	0.0213109794606	0.0120443961987
-17	-11	-20	0.00436708961081	0.0229869935169	0.0131995006637
-15	-11	-20	0.00240284199586	0.0244969115259	0.0141489306415
-13	-11	-20	0.000305349103701	0.0257840326007	0.0148480082422
-11	-11	-20	-0.00184989999999	0.0268019999998	0.015259
-9	-11	-20	-0.00398448365445	0.0275169462927	0.0153529230223
-7	-11	-20	-0.00601992075789	0.02790884766	0.0151110813527
-5	-11	-20	-0.00788051442795	0.0279720319593	0.0145262761852
-3	-11	-20	-0.00949608840864	0.0277148462413	0.0136036458637
-1	-11	-20	-0.0108045421996	0.0271585474807	0.0123611029265
1	-11	-20	-0.0117541531328	0.0263355308654	0.0108293452887
3	-11	-20	-0.0123055552413	0.0252870494149	0.00905142697307
5	-11	-20	-0.0124333270528	0.0240606043987	0.0070818811584
7	-11	-20	-0.012127124883	0.0227071967268	0.00498539565121
9	-11	-20	-0.0113923061811	0.021278625248	0.00283504944374
11	-11	-20	-0.01025	0.0198249999999	0.000710130000031
13	-11	-20	-0.00873659912948	0.018392609256	-0.00130643471163
15	-11	-20	-0.00690267053415	0.0170222418206	-0.00313097720644
17	-11	-20	-0.0048113063965	0.0157480239984	-0.00468225047111
19	-11	-20	-0.00253596556922	0.0145967876707	-0.00588474866817
21	-11	-20	-0.000157882379904	0.0135879454183	-0.00667206544294
23	-11	-20	0.00223685587681	0.0127338136024	-0.00699014392156
25	-11	-20	0.00456044207591	0.0120402970577	-0.0068002547493
27	-11	-20	0.00672655992452	0.011507831028	-0.00608152894842
29	-11	-20	0.00865353479632	0.0111324678297	-0.00483287375974
31	-11	-20	0.0102672917223	0.0109069972542	-0.00307411402273
33	-11	-20	0.011504	0.010822	-0.000846229999953
35	-11	-20	0.0123123032339	0.0108667509469	0.0017893955408
37	-11	-20	0.0126550579312	0.0110299119177	0.00475275458924
39	-11	-20	0.0125105307389	0.0112999795364	0.00794798714445
41	-11	-20	0.0118730316096	0.0116654806606	0.0112670562689
43	-11	-20	0.0107529854283	0.0121149334711	0.0145941663666
45	-11	-20	0.00917646617093	0.0126366147459	0.0178107087773
47	-11	-20	0.00718423445086	0.0132181915317	0.0208004738618
49	-11	-20	0.00483033099611	0.0138462871966	0.0234548407744
51	-11	-20	0.00218028561309	0.0145060570176	0.0256776482394
53	-11	-20	-0.000690995475899	0.0151808468156	0.0273894633301
55	-11	-20	-0.00370160000001	0.015852	0.0285309999999
57	-11	-20	-0.00676517356297	0.0164988644912	0.0290654925377
59	-11	-20	-0.00979361223061	0.0170990325068	0.0289798970723
61	-11	-20	-0.0126998167276	0.0176288246488	0.0282848712747
63	-11	-20	-0.0154004372862	0.0180640068524	0.0270135622153
65	-11	-20	-0.0178185328987	0.0183807063982	0.0252193084847
67	-11	-20	-0.0198860630266	0.0185564732138	0.0229724291241
69	-11	-20	-0.0215461251802	0.0185714167454	0.0203563236377
71	-11	-20	-0.0227548499332	0.0184093381815	0.0174631407759
73	-11	-20	-0.0234828675838	0.0180587736965	0.0143892870792
75	-11	-20	-0.0237162691994	0.0175138671316	0.0112310393451
77	-11	-20	-0.0234569999999	0.0167749999999	0.00808050000002
79	-11	-20	-0.0227226449761	0.015849122242	0.00502209403664
81	-11	-20	-0.021545594479	0.0147497475119	0.00212975504425
83	-11	-20	-0.019971609599	0.0134966003319	-0.000535109191238
85	-11	-20	-0.0180578411226	0.0121149272558	-0.00292483900649
87	-11	-20	-0.015870388914	0.0106345081812	-0.00500595485947
89	-11	-20	-0.0134815177722	0.00908842517679	-0.0067588675114
91	-11	-20	-0.0109666684108	0.00751166289223	-0.00817697133489
93	-11	-20	-0.00840141595806	0.00593962550873	-0.00926525024829
95	-11	-20	-0.00585853181556	0.00440665946201	-0.0100385380802
97	-11	-20	-0.00340529732818	0.00294466865677	-0.0105195759389
99	-11	-20	-0.00110120000002	0.00158190000001	-0.010737
-99	-9	-20	0.00278278469457	0.0017316485771	3.34916284576e-05
-97	-9	-20	0.00386147455404	0.00194698712897	0.000341829385707
-95	-9	-20	0.00490615910418	0.0022187637893	0.000687323518859
-93	-9	-20	0.00587136024782	0.00255517402046	0.00106529017315
-91	-9	-20	0.00671102886889	0.00296283513735	0.00146938314869
-89	-9	-20	0.00738110307288	0.00344604070572	0.00189160729682
-87	-9	-20	0.00784221732129	0.00400603813422	0.00232239801597
-85	-9	-20	0.00806239246837	0.00464038866748	0.00275077487371
-83	-9	-20	0.00801952083575	0.00534247262952	0.003164576376
-81	-9	-20	0.0077034578436	0.00610120165054	0.00355078117625
-79	-9	-20	0.00711754378735	0.00690099306561	0.00389591833278
-77	-9	-20	0.00627940633397	0.00772204943703	0.00418656539437
-75	-9	-20	0.00522093511312	0.00854096845665	0.00440992802065
-73	-9	-20	0.00398737197955	0.00933168610576	0.00455448856697
-71	-9	-20	0.00263552052505	0.0100667302146	0.00461070380071
-69	-9	-20	0.00123114170778	0.0107187342836	0.004571724083
-67	-9	-20	-0.000154336010972	0.0112621347963	0.0044340985624
-65	-9	-20	-0.00144760902767	0.011674951679	0.00419842396517
-63	-9	-20	-0.00257756753638	0.0119405334401	0.0038698893219
-61	-9	-20	-0.00347938780617	0.0120491380542	0.00345866635473
-59	-9	-20	-0.00409838550895	0.0119992195417	0.00298009609514
-57	-9	-20	-0.00439337819335	0.0117982994917	0.00245462724608
-55	-9	-20	-0.00433933429255	0.0114633226901	0.00190747117663
-53	-9	-20	-0.00392913208881	0.0110204258082	0.00136795218248
-51	-9	-20	-0.00317431120048	0.0105040861074	0.000868549253461
-49	-9	-20	-0.00210476664202	0.00995566076539	0.000443646091632
-47	-9	-20	-0.00076740587367	0.00942137348353	0.000128028136369
-45	-9	-20	0.000776143125443	0.00894984980087	-4.48128322982e-05
-43	-9	-20	0.00245262513753	0.0085893421893	-4.44862113151e-05
-41	-9	-20	0.00418085758728	0.00838481693486	0.000154473841786
-39	-9	-20	0.00587581079396	0.00837509397266	0.000570874897162
-37	-9	-20	0.00745282822628	0.00859023606817	0.00121533205191
-35	-9	-20	0.0088317496761	0.00904937396958	0.00208903763862
-33	-9	-20	0.00994071951579	0.00975912960044	0.00318292696374
-31	-9	-20	0.0107194946495	0.0107127615169	0.00447731250096
-29	-9	-20	0.011122108681	0.0118901084168	0.0059420333567
-27	-9	-20	0.0111187959531	0.0132583511459	0.00753713719086
-25	-9	-20	0.0106971271713	0.0147735557665	0.00921408040389
-23	-9	-20	0.00986235341965	0.0163829044942	0.0109174017587
-21	-9	-20	0.00863699439655	0.0180274722159	0.0125867970793
-19	-9	-20	0.00705973757606	0.0196453678671	0.0141595003157
-17	-9	-20	0.00518373682204	0.0211750352884	0.0155728605996
-15	-9	-20	0.00307441196573	0.0225584991975	0.0167669967534
-13	-9	-20	0.000806856172352	0.0237443491862	0.0176874101033
-11	-9	-20	-0.00153704258099	0.0246902773348	0.0182874426986
-9	-9	-20	-0.00387166373791	0.0253650210136	0.0185304798367
-7	-9	-20	-0.00611080357235	0.0257496084837	0.018391811416
-5	-9	-20	-0.00817082061607	0.025837857036	0.0178600841828
-3	-9	-20	-0.00997368990502	0.0256361272408	0.0169382946087
-1	-9	-20	-0.0114498810165	0.0251623880537	0.0156442885072
1	-9	-20	-0.0125409756619	0.0244446920786	0.0140107476765
3	-9	-20	-0.0132019411014	0.0235191950154	0.0120846556257
5	-9	-20	-0.0134029773967	0.0224278759809	0.00992624425643
7	-9	-20	-0.0131308612188	0.0212161249113	0.00760743222805
9	-9	-20	-0.0123897181234	0.0199303597009	0.00520977500389
11	-9	-20	-0.0112011699696	0.0186158202732	0.00282195769487
13	-9	-20	-0.00960382486373	0.0173146614924	0.000536875996035
15	-9	-20	-0.00765210319797	0.0160644344311	-0.00155163157178
17	-9	-20	-0.0054144236833	0.0148970091456	-0.00335231533707
19	-9	-20	-0.002970805702	0.0138379549402	-0.00478020107086
21	-9	-20	-0.000409976217787	0.0129063591363	-0.00576029753069
23	-9	-20	0.00217390190543	0.0121150351478	-0.0062311679531
25	-9	-20	0.00468474068866	0.0114710471555	-0.00614819058268
27	-9	-20	0.00702812297042	0.0109764631231	-0.00548632385667
29	-9	-20	0.00911482467304	0.010629240803	-0.00424219384151
31	-9	-20	0.0108641098377	0.0104241525628	-0.00243533717843
33	-9	-20	0.012206659708	0.0103536634953	-0.000108463214912
35	-9	-20	0.0130870201219	0.0104086920647	0.00267335620024
37	-9	-20	0.0134654803745	0.0105792018264	0.00582460356286
39	-9	-20	0.0133193288361	0.0108545946989	0.00924230736745
41	-9	-20	0.0126434631251	0.0112238989544	0.0128100064716
43	-9	-20	0.0114503629088	0.0116757667319	0.0164025163502
45	-9	-20	0.00976945931856	0.0121983148311	0.019891265245
47	-9	-20	0.00764595515155	0.0127788574919	0.0231499203136
49	-9	-20	0.00513916395115	0.013403589813	0.0260599940804
51	-9	-20	0.00232044404755	0.0140572848192	0.028516113176
53	-9	-20	-0.00072919328336	0.0147230657689	0.0304306460581
55	-9	-20	-0.00392172269528	0.0153823083306	0.0317374236023
57	-9	-20	-0.00716491382658	0.0160147153713	0.0323943435569
59	-9	-20	-0.0103652357609	0.0165985912694	0.0323847224253
61	-9	-20	-0.0134307830846	0.0171113241646	0.0317173405365
63	-9	-20	-0.0162741489788	0.0175300648641	0.0304252111806
65	-9	-20	-0.0188151684162	0.0178325718487	0.0285631858397
67	-9	-20	-0.0209834513309	0.0179981745467	0.0262045783162
69	-9	-20	-0.0227206229452	0.0180087932643	0.0234370456296
71	-9	-20	-0.0239821879452	0.0178499450846	0.0203579991352
73	-9	-20	-0.0247389386106	0.0175116615673	0.0170698335218
75	-9	-20	-0.024977835786	0.0169892466128	0.0136752542007
77	-9	-20	-0.0247023066325	0.0162838113309	0.0102729570093
79	-9	-20	-0.0239319245835	0.0154025366001	0.00695387158191
81	-9	-20	-0.0227014641361	0.0143586321477	0.00379812576076
83	-9	-20	-0.0210593544991	0.0131709819879	0.000872828246839
85	-9	-20	-0.0190655894029	0.0118634881975	-0.00176929440668
87	-9	-20	-0.0167891828293	0.0104641464521	-0.0040904275184
89	-9	-20	-0.0143052890953	0.0090039057129	-0.00606743499004
91	-9	-20	-0.0116921278888	0.00751537938363	-0.00769097163839
93	-9	-20	-0.0090278682303	0.00603148495877	-0.00896407566991
95	-9	-20	-0.00638762843252	0.00458409293891	-0.00990038887831
97	-9	-20	-0.00384074140653	0.00320276342426	-0.010522153155
99	-9	-20	-0.00144841657239	0.00191364067438	-0.0108581225628
-99	-7	-20	0.00296799001312	0.0016081619465	0.000104749552704
-97	-7	-20	0.0041680913444	0.00181247705851	0.000407710632149
-95	-7	-20	0.00533340974578	0.00206551179197	0.00075716843883
-93	-7	-20	0.00641368343876	0.00237390190649	0.00115096679925
-91	-7	-20	0.00735790269483	0.00274292583677	0.00158507166264
-89	-7	-20	0.00811712001534	0.00317588787403	0.00205340286612
-87	-7	-20	0.00864743064776	0.00367352208772	0.00254773085861
-85	-7	-20	0.00891293724857	0.00423346610863	0.00305765972826
-83	-7	-20	0.00888849499999	0.00484985688951	0.0035707178593
-81	-7	-20	0.00856203049918	0.00551309961051	0.00407257574947
-79	-7	-20	0.00793624082107	0.00620985544281	0.00454740657979
-77	-7	-20	0.00702950854564	0.00692328370412	0.00497839880918
-75	-7	-20	0.00587591302475	0.00763355922044	0.00534842133445
-73	-7	-20	0.00452427508855	0.00831866709428	0.00564083082842
-71	-7	-20	0.00303623782065	0.00895545566551	0.00584039825477
-69	-7	-20	0.00148345503226	0.0095209057461	0.00593431805813
-67	-7	-20	-5.59738712211e-05	0.00999355203592	0.00591325021069
-65	-7	-20	-0.00150162441738	0.0103549729874	0.00577233342721
-63	-7	-20	-0.00277517797107	0.0105912502878	0.00551209880466
-61	-7	-20	-0.00380488815642	0.0106942903922	0.00513920822809
-59	-7	-20	-0.00452979794108	0.0106628995987	0.0046669422593
-57	-7	-20	-0.00490343359963	0.0105035118959	0.00411536870098
-55	-7	-20	-0.00489673332269	0.0102304853909	0.00351113595063
-53	-7	-20	-0.00450001789059	0.00986590795783	0.00288685439952
-51	-7	-20	-0.0037238746291	0.00943888441142	0.00228005364338
-49	-7	-20	-0.0025988986381	0.00898431390189	0.00173173169739
-47	-7	-20	-0.00117431113185	0.00854120462575	0.00128454275765
-45	-7	-20	0.000484452421042	0.00815061027858	0.000980699953055
-43	-7	-20	0.00229902748711	0.00785330575472	0.000859696426157
-41	-7	-20	0.00418207134309	0.00768734541666	0.000955969468447
-39	-7	-20	0.00604163801967	0.00768566328168	0.00129664612374
-37	-7	-20	0.00778572029145	0.00787387889787	0.001899513021
-35	-7	-20	0.0093267048904	0.0082684646325	0.00277134731389
-33	-7	-20	0.0105855073214	0.00887540974917	0.00390672947385
-31	-7	-20	0.0114951868618	0.00968948525795	0.00528743321677
-29	-7	-20	0.0120038865274	0.010694173334	0.00688245481523
-27	-7	-20	0.0120769924574	0.011862279182	0.0086487059564
-25	-7	-20	0.0116984577464	0.0131571952044	0.0105323541278
-23	-7	-20	0.0108712831576	0.014534741079	0.0124707554224
-21	-7	-20	0.00961718813146	0.0159454626197	0.0143948896948
-19	-7	-20	0.0079755379651	0.0173372403983	0.0162321797721
-17	-7	-20	0.00600161609038	0.0186580385865	0.0179095568315
-15	-7	-20	0.00376434435519	0.0198586169103	0.0193566241118
-13	-7	-20	0.00134356041651	0.0208950344338	0.0205087708784
-11	-7	-20	-0.00117303820656	0.0217307923966	0.02131009713
-9	-7	-20	-0.00369317689227	0.0223384927445	0.0217160252681
-7	-7	-20	-0.00612341122088	0.0227009266453	0.021695495643
-5	-7	-20	-0.00837256027645	0.0228115498923	0.0212326661405
-3	-7	-20	-0.010355069503	0.0226743460609	0.020328059452
-1	-7	-20	-0.011994206937	0.0223031200472	0.0189991234796
1	-7	-20	-0.0132249956837	0.0217203009508	0.0172801892068
3	-7	-20	-0.0139967846657	0.020955361587	0.0152218258555
5	-7	-20	-0.0142753607436	0.0200429804416	0.0128896055837
7	-7	-20	-0.0140445102083	0.0190210797851	0.010362300404
9	-7	-20	-0.0133069480787	0.0179288710467	0.00772954391381
11	-7	-20	-0.0120845507412	0.0168050263974	0.00508900149307
13	-7	-20	-0.0104178515602	0.0156860755165	0.00254310631269
15	-7	-20	-0.00836478954742	0.0146051009342	0.000195435724763
17	-7	-20	-0.00599873639537	0.0135907766595	-0.00185317649221
19	-7	-20	-0.00340586473548	0.0126667655605	-0.00350867285808
21	-7	-20	-0.000681957372688	0.0118514635054	-0.00468780606492
23	-7	-20	0.00207120975079	0.0111580545964	-0.00532200732147
25	-7	-20	0.00474975205554	0.0105948234232	-0.00536090473341
27	-7	-20	0.00725165289179	0.0101656580483	-0.00477529812149
29	-7	-20	0.00948065129882	0.00987067176504	-0.00355939930508
31	-7	-20	0.0113498662974	0.00970687233754	-0.00173216370381
33	-7	-20	0.0127850003875	0.00966881377619	0.000662428673224
35	-7	-20	0.0137269917197	0.00974917669511	0.00355623751164
37	-7	-20	0.0141340181354	0.00993923766561	0.00685900611108
39	-7	-20	0.0139827938367	0.0102292043174	0.0104615496259
41	-7	-20	0.0132691375706	0.0106084098255	0.0142399782949
43	-7	-20	0.0120078268125	0.0110653765086	0.0180607739391
45	-7	-20	0.0102317829859	0.0115877723589	0.0217864735802
47	-7	-20	0.00799065655046	0.0121622954398	0.0252816636149
49	-7	-20	0.00534889707002	0.012774528502	0.0284189566573
51	-7	-20	0.00238340234742	0.0134088094272	0.0310846145073
53	-7	-20	-0.000819156568738	0.0140481620618	0.0331834963258
55	-7	-20	-0.00416523959781	0.0146743268035	0.034643050426
57	-7	-20	-0.00755748073139	0.015267921379	0.0354161283751
59	-7	-20	-0.010897785074	0.0158087503109	0.0354824766552
61	-7	-20	-0.0140903995108	0.0162762675508	0.0348488477744
63	-7	-20	-0.0170448796811	0.0166501817626	0.0335477623836
65	-7	-20	-0.0196788770641	0.0169111789875	0.0316350393972
67	-7	-20	-0.0219206698056	0.0170417241634	0.0291862855815
69	-7	-20	-0.0237113605891	0.0170268923549	0.0262925939989
71	-7	-20	-0.0250066659729	0.0168551735869	0.0230557381242
73	-7	-20	-0.0257782258744	0.0165191925817	0.019583163424
75	-7	-20	-0.0260143707816	0.0160162868695	0.0159830707863
77	-7	-20	-0.0257202988354	0.0153488936628	0.0123598584317
79	-7	-20	-0.0249176354418	0.0145247071297	0.00881014448378
81	-7	-20	-0.0236433740013	0.013556582451	0.005419536037
83	-7	-20	-0.0219482262867	0.0124621801504	0.00226024779803
85	-7	-20	-0.0198944428323	0.0112633622548	-0.000610390308048
87	-7	-20	-0.017553194785	0.00998536937178	-0.003150556718
89	-7	-20	-0.0150016361694	0.00865582329575	-0.00533376438632
91	-7	-20	-0.0123197867314	0.00730361196954	-0.00714800084966
93	-7	-20	-0.00958738819898	0.00595772153067	-0.0085943205238
95	-7	-20	-0.0068808894361	0.00464608314428	-0.00968504125291
97	-7	-20	-0.00427070798156	0.00339450020485	-0.0104416983736
99	-7	-20	-0.00181889729554	0.00222571456109	-0.0108929001244
-99	-5	-20	0.00313987612057	0.00145984811573	0.000173989962626
-97	-5	-20	0.00445372726441	0.00165005573065	0.000464814574975
-95	-5	-20	0.00573237777617	0.00187918663324	0.000811651375061
-93	-5	-20	0.00692114269583	0.00215191582707	0.00121519393688
-91	-5	-20	0.00796441107594	0.00247183883833	0.00167405258214
-89	-5	-20	0.00880868643114	0.00284101630049	0.00218438736288
-87	-5	-20	0.00940581593794	0.00325953624139	0.00273960355947
-85	-5	-20	0.00971620748418	0.00372513058632	0.00333014544928
-83	-5	-20	0.00971181466552	0.00423288457474	0.00394342517899
-81	-5	-20	0.00937866648043	0.00477507704409	0.00456392173793
-79	-5	-20	0.00871873245437	0.00534118543938	0.00517347976574
-77	-5	-20	0.00775094547026	0.00591808179043	0.00575182895749
-75	-5	-20	0.00651125237727	0.00649043489454	0.00627733218826
-73	-5	-20	0.00505162362591	0.0070413200227	0.00672795458322
-71	-5	-20	0.00343802348732	0.00755302144876	0.00708242742705
-69	-5	-20	0.00174741655334	0.00800799610447	0.00732156125484
-67	-5	-20	6.39582583279e-05	0.00838995005442	0.0074296432458
-65	-5	-20	-0.00152541889714	0.00868496476217	0.00739583693559
-63	-5	-20	-0.00293576144558	0.00888259879121	0.00721548913597
-61	-5	-20	-0.00408889928051	0.00897688402167	0.00689124157217
-59	-5	-20	-0.00491799324148	0.00896713474913	0.00643384459259
-57	-5	-20	-0.00537153263155	0.00885849383033	0.00586257836809
-55	-5	-20	-0.00541652285247	0.008662152489	0.00520520362729
-53	-5	-20	-0.00504065615113	0.00839519904389	0.00449738876378
-51	-5	-20	-0.00425332633387	0.00808007562258	0.00378159189098
-49	-5	-20	-0.00308542569226	0.00774364928403	0.00310541313435
-47	-5	-20	-0.00158794300586	0.00741593285548	0.00251947151595
-45	-5	-20	0.000170541111774	0.00712851888204	0.00207489913151
-43	-5	-20	0.00210729708254	0.00691281499473	0.00182057969022
-41	-5	-20	0.00412960906357	0.00679818846573	0.00180028574667
-39	-5	-20	0.00613940293277	0.00681013983682	0.00204988640048
-37	-5	-20	0.00803806846434	0.00696862892395	0.00259480289467
-35	-5	-20	0.00973120764602	0.00728667056618	0.00344788238393
-33	-5	-20	0.0111330619937	0.00776930233905	0.00460784024841
-31	-5	-20	0.0121704072781	0.00841300303556	0.0060583899084
-29	-5	-20	0.0127857500509	0.00920561072295	0.00776813842123
-27	-5	-20	0.0129397119758	0.0101267549111	0.0096912793394
-25	-5	-20	0.0126125404679	0.0111487815319	0.0117690650729
-23	-5	-20	0.0118047332822	0.0122381149151	0.0139319932264
-21	-5	-20	0.010536807142	0.0133569705475	0.016102598793
-19	-5	-20	0.0088482741479	0.0144653085667	0.0181987098362
-17	-5	-20	0.00679591373352	0.0155229025524	0.0201370006911
-15	-5	-20	0.00445144277608	0.016491392357	0.0218366649596
-13	-5	-20	0.00189869357062	0.017336193785	0.0232230307347
-11	-5	-20	-0.00076958912247	0.0180281513094	0.0242309514722
-9	-5	-20	-0.00345522243569	0.0185448413804	0.0248078257325
-7	-5	-20	-0.00605822424475	0.0188714612398	0.0249161249704
-5	-5	-20	-0.00848051136689	0.0190012690888	0.0245353377045
-3	-5	-20	-0.0106295519193	0.0189355733214	0.0236632678981
-1	-5	-20	-0.0124218647401	0.0186832987632	0.0223166528299
1	-5	-20	-0.0137862558492	0.0182601841153	0.0205310894939
3	-5	-20	-0.0146666795743	0.0176876852842	0.0183602778978
5	-5	-20	-0.0150246122433	0.0169916727452	0.015874604764
7	-5	-20	-0.0148408313833	0.0162010170078	0.0131591031186
9	-5	-20	-0.0141165050135	0.0153461547765	0.010310833722
11	-5	-20	-0.0128735150731	0.0144577202863	0.00743574513023
13	-5	-20	-0.0111539665331	0.0135653128048	0.00464508209776
15	-5	-20	-0.00901886851144	0.0126964540148	0.00205142824303
17	-5	-20	-0.00654601384952	0.0118757696983	-0.000235511272168
19	-5	-20	-0.0038271263297	0.0111244105531	-0.00211325853891
21	-5	-20	-0.000964386604884	0.0104597086876	-0.00349089076652
23	-5	-20	0.00193351468151	0.00989505063428	-0.0042931725137
25	-5	-20	0.00475561862984	0.0094399355339	-0.00446430028054
27	-5	-20	0.00739303800422	0.00910017899988	-0.00397105878118
29	-5	-20	0.0097431925825	0.0088782192187	-0.00280519152312
31	-5	-20	0.0117137443773	0.0087734818712	-0.000984806168655
33	-5	-20	0.0132260570176	0.00878276398341	0.00144533114629
35	-5	-20	0.0142180342342	0.00890060314199	0.00441470910613
37	-5	-20	0.0146462310033	0.0091196068265	0.0078292259348
39	-5	-20	0.0144871739899	0.00943072605691	0.0115745468615
41	-5	-20	0.0137378717481	0.00982346729149	0.01552054865
43	-5	-20	0.0124155361657	0.0102860457615	0.0195266602012
45	-5	-20	0.010556571917	0.0108054915256	0.0234478412333
47	-5	-20	0.00821491817095	0.011367725924	0.0271408886285
49	-5	-20	0.00545984546661	0.0119576304008	0.030470727531
51	-5	-20	0.0023733206203	0.0125591315908	0.0333163353926
53	-5	-20	-0.00095294520736	0.0131553260185	0.035575963568
55	-5	-20	-0.00442065380638	0.0137286647941	0.0371713621516
57	-5	-20	-0.00792817851221	0.0142612135126	0.0380507766417
59	-5	-20	-0.0113738290381	0.0147349955403	0.0381905648149
61	-5	-20	-0.0146590361976	0.015132418517	0.0375953724476
63	-5	-20	-0.0176913773182	0.0154367748521	0.0362968998713
65	-5	-20	-0.0203873682006	0.0156327979871	0.0343513802458
67	-5	-20	-0.0226749506973	0.0157072480104	0.0318359678823
69	-5	-20	-0.0244956073246	0.0156494936202	0.0288442951604
71	-5	-20	-0.0258060372361	0.0154520531296	0.0254814954941
73	-5	-20	-0.0265793330241	0.0151110557242	0.0218590054016
75	-5	-20	-0.0268056067093	0.0146265858619	0.0180894511323
77	-5	-20	-0.0264920270623	0.0140028785926	0.0142818966467
79	-5	-20	-0.0256622495017	0.013248341457	0.0105376838249
81	-5	-20	-0.0243552438933	0.0123753889805	0.00694703761751
83	-5	-20	-0.0226235534284	0.0114000878347	0.00358654409137
85	-5	-20	-0.0205310474503	0.0103416235424	0.000517543656708
87	-5	-20	-0.018150260173	0.00922161207294	-0.00221457959965
89	-5	-20	-0.0155594329799	0.00806329075156	-0.00458028433029
91	-5	-20	-0.0128393978076	0.00689063161614	-0.00656504709571
93	-5	-20	-0.0100704508049	0.00572742594068	-0.00816796712506
95	-5	-20	-0.0073293675324	0.00459639061644	-0.00939995571293
97	-5	-20	-0.00468670281917	0.00351834529227	-0.0102816667563
99	-5	-20	-0.00220450041156	0.00251150381069	-0.0108413154985
-99	-3	-20	0.00329468956109	0.00128971447559	0.00023957776115
-97	-3	-20	0.00471082924741	0.00146286017143	0.000512364333125
-95	-3	-20	0.00609170501828	0.00166347481711	0.000850498882351
-93	-3	-20	0.00737871758619	0.00189396660408	0.00125772615709
-91	-3	-20	0.00851216923738	0.00215598740067	0.0017355195743
-89	-3	-20	0.00943450522124	0.00245016386743	0.00228250644273
-87	-3	-20	0.0100937606334	0.00277584274883	0.00289395210356
-85	-3	-20	0.0104469991553	0.00313087230386	0.00356135365968
-83	-3	-20	0.0104635096928	0.00351144308566	0.00427219620365
-81	-3	-20	0.0101275232832	0.0039120107697	0.0050099226029
-79	-3	-20	0.0094402273656	0.00432532120121	0.00575416129741
-77	-3	-20	0.00842088790195	0.00474255317046	0.00648124488676
-75	-3	-20	0.00710694045492	0.00515358770334	0.0071650356439
-73	-3	-20	0.0055529761468	0.00554740415	0.00777805310853
-71	-3	-20	0.00382862290766	0.00591259355704	0.008292874728
-69	-3	-20	0.00201540095492	0.00623796939811	0.00868375476802
-67	-3	-20	0.000202707748886	0.0065132455475	0.00892838145654
-65	-3	-20	-0.00151684461257	0.00672974233256	0.00900966986131
-63	-3	-20	-0.00305246331379	0.00688107452581	0.00891747070956
-61	-3	-20	-0.00432026972934	0.00696377108698	0.00865006544778
-59	-3	-20	-0.00524813333686	0.00697777601698	0.00821531711765
-57	-3	-20	-0.00577993473954	0.00692678326062	0.00763135626371
-55	-3	-20	-0.00587898301473	0.00681836628643	0.00692670143938
-53	-3	-20	-0.00553036800905	0.0066638745124	0.00613974434589
-51	-3	-20	-0.00474209940794	0.00647808349114	0.00531756864441
-49	-3	-20	-0.00354496558785	0.00627860273487	0.0045141165227
-47	-3	-20	-0.00199112979718	0.0060850629901	0.00378776491156
-45	-3	-20	-0.000151562340756	0.00591812223003	0.00319842005964
-43	-3	-20	0.00188752111731	0.00579834513508	0.00280428103623
-41	-3	-20	0.00402898847533	0.00574502297879	0.00265845587078
-39	-3	-20	0.00616962271581	0.0057750084506	0.00280563524873
-37	-3	-20	0.00820517386668	0.00590164219374	0.00327903565399
-35	-3	-20	0.0100353520756	0.006133844318	0.00409781543375
-33	-3	-20	0.0115685038122	0.00647543495598	0.00526514363249
-31	-3	-20	0.0127257496898	0.00692473365779	0.00676706412356
-29	-3	-20	0.0134444095788	0.00747446911179	0.0085722493172
-27	-3	-20	0.0136805936152	0.00811200975748	0.0106326823025
-25	-3	-20	0.013410891474	0.00881990398523	0.0128852480867
-23	-3	-20	0.0126331425324	0.00957669755651	0.01525415825
-21	-3	-20	0.0113663129359	0.0103579773189	0.017654083213
-19	-3	-20	0.0096495399935	0.0111375756979	0.0199938261402
-17	-3	-20	0.00754042904495	0.0118888609313	0.0221803449501
-15	-3	-20	0.00511270349305	0.0125860342148	0.0241229153947
-13	-3	-20	0.00245331666236	0.0132053569898	0.025737228749
-11	-3	-20	-0.000340863216312	0.0137262391491	0.0269492310514
-9	-3	-20	-0.00316668380305	0.0141321311218	0.027698534693
-7	-3	-20	-0.00591854489519	0.0144111784225	0.0279412643366
-5	-3	-20	-0.00849232939887	0.0145566148737	0.0276522341744
-3	-3	-20	-0.0107893159078	0.014566888794	0.0268263890181
-1	-3	-20	-0.0127199555121	0.0144455335205	0.0254794747818
1	-3	-20	-0.0142073904192	0.0142008084349	0.0236479325273
3	-3	-20	-0.0151905880024	0.0138451482049	0.0213880333973
5	-3	-20	-0.0156269632832	0.013394465658	0.0187742895538
7	-3	-20	-0.0154943679694	0.0128673573629	0.0158971897159
9	-3	-20	-0.01479233696	0.0122842608047	0.0128603188138
11	-3	-20	-0.0135425049512	0.0116666084968	0.00977693171981
13	-3	-20	-0.0117881365969	0.011036018236	0.00676606296764
15	-3	-20	-0.0095927526281	0.0104135508472	0.00394826927291
17	-3	-20	-0.00703787923931	0.00981905809512	0.00144112010681
19	-3	-20	-0.00421999577254	0.00927063480036	-0.000645426977164
21	-3	-20	-0.00124680244548	0.00878418128874	-0.00221360678326
23	-3	-20	0.00176702846952	0.00837307562461	-0.00318220179914
25	-3	-20	0.00470442183575	0.00804794993011	-0.00349047494338
27	-3	-20	0.00745057227841	0.00781656155428	-0.00310147423441
29	-3	-20	0.00989749664586	0.00768374784571	-0.00200450786957
31	-3	-20	0.0119482508589	0.00765145258422	-0.000216606909831
33	-3	-20	0.0135206179916	0.00771881245306	0.00221717240602
35	-3	-20	0.0145501088218	0.00788229297028	0.00522470397986
37	-3	-20	0.0149921594453	0.00813586475566	0.00870903753017
39	-3	-20	0.0148234589984	0.00847121264126	0.0125518928274
41	-3	-20	0.0140423899022	0.00887797175826	0.0166182815322
43	-3	-20	0.0126686093624	0.00934398622566	0.020762058273
45	-3	-20	0.0107418407629	0.00985558735457	0.0248321337296
47	-3	-20	0.00831997466838	0.0103978893169	0.0286790286596
49	-3	-20	0.0054766001514	0.0109551009764	0.0321614144631
51	-3	-20	0.0022980980211	0.0115108530017	0.0351522768767
53	-3	-20	-0.00111957071653	0.0120485394252	0.0375443564145
55	-3	-20	-0.0046742533262	0.0125516724255	0.0392545616135
57	-3	-20	-0.00826105326902	0.0130042482445	0.0402271159992
59	-3	-20	-0.0117757328967	0.0133911207838	0.0404352819097
61	-3	-20	-0.0151179792027	0.0136983775947	0.0398815972615
63	-3	-20	-0.0181944524493	0.0139137107736	0.0385966574109
65	-3	-20	-0.0209215466981	0.0140267728855	0.0366365657169
67	-3	-20	-0.0232277981033	0.0140295057133	0.0340792560389
69	-3	-20	-0.0250558820022	0.0139164276792	0.0310199522932
71	-3	-20	-0.0263641446467	0.0136848645453	0.0275660701852
73	-3	-20	-0.0271276214299	0.0133351077931	0.023831882289
75	-3	-20	-0.0273385022435	0.0128704861571	0.01993325993
77	-3	-20	-0.027006017357	0.0122973382997	0.0159827760336
79	-3	-20	-0.0261557345469	0.0116248785568	0.0120854061811
81	-3	-20	-0.0248282799849	0.0108649528979	0.00833500569705
83	-3	-20	-0.0230775206342	0.0100316884057	0.00481167447284
85	-3	-20	-0.0209682729142	0.00914104621851	0.00158005422744
87	-3	-20	-0.0185736289243	0.00821029443576	-0.00131145967005
89	-3	-20	-0.015972015044	0.0072574233603	-0.00383066349932
91	-3	-20	-0.0132441157838	0.0063005300633	-0.0059607612403
93	-3	-20	-0.0104698062352	0.00535720213626	-0.00769899341678
95	-3	-20	-0.00772523791247	0.00444393130625	-0.00905483534153
97	-3	-20	-0.00508021455597	0.00357558620083	-0.0100479230288
99	-3	-20	-0.00259597691785	0.00276497003063	-0.0107058556785
-99	-1	-20	0.00342889970014	0.00110153282523	0.000299902980778
-97	-1	-20	0.00493218264601	0.00125486769871	0.000549884492373
-95	-1	-20	0.00640047588402	0.00142307062734	0.000873995814396
-93	-1	-20	0.00777191642939	0.00160609119443	0.00127909758868
-91	-1	-20	0.00898338299643	0.00180347690412	0.00176961539477
-89	-1	-20	0.00997390177913	0.0020143069342	0.00234675733509
-87	-1	-20	0.0106882721675	0.00223713616836	0.00300778598483
-85	-1	-20	0.0110806884552	0.00246995567185	0.00374541015106
-83	-1	-20	0.011118112187	0.0027101760047	0.00454736529786
-81	-1	-20	0.0107831458264	0.00295463951002	0.0053962496529
-79	-1	-20	0.0100761737394	0.00319966688442	0.00626967510905
-77	-1	-20	0.00901657132673	0.00344114188338	0.00714077770997
-75	-1	-20	0.00764283601908	0.00367463594141	0.00797911195017
-73	-1	-20	0.0060115615524	0.00389557186101	0.00875192714915
-71	-1	-20	0.0041952547574	0.00409942268161	0.00942579423663
-69	-1	-20	0.00227907612146	0.00428193857973	0.00996851947171
-67	-1	-20	0.000356665073099	0.00443939143166	0.0103512504457
-65	-1	-20	-0.00147471833943	0.00456882378362	0.0105506520099
-63	-1	-20	-0.00311944803845	0.004668286728	0.0105510083943
-61	-1	-20	-0.00448885978727	0.00473704986515	0.010346095385
-59	-1	-20	-0.00550631704159	0.0047757663765	0.0099406651276
-57	-1	-20	-0.00611169186797	0.00478657740047	0.00935139726388
-55	-1	-20	-0.00626497431496	0.00477314243887	0.00860719403933
-53	-1	-20	-0.00594878097445	0.00474058635121	0.00774873295409
-51	-1	-20	-0.00516960719008	0.00469535841762	0.00682723653004
-49	-1	-20	-0.00395775139354	0.00464500464588	0.00590247182091
-47	-1	-20	-0.0023659275145	0.00459786054646	0.00504004851676
-45	-1	-20	-0.000466665316229	0.00456267752373	0.00430813944187
-43	-1	-20	0.00165132762228	0.00454820133179	0.00377379629514
-41	-1	-20	0.00388761007689	0.00456272525187	0.00349907226119
-39	-1	-20	0.00613498596569	0.00461364337391	0.00353718794169
-37	-1	-20	0.00828472789176	0.00470703033247	0.00392898529787
-35	-1	-20	0.0102317581518	0.00484727293495	0.00469990469576
-33	-1	-20	0.0118795214244	0.00503677636717	0.00585769297807
-31	-1	-20	0.0131443202861	0.00527576327589	0.00739100756958
-29	-1	-20	0.0139589324966	0.0055621783602	0.00926902619215
-27	-1	-20	0.0142753825708	0.00589170461968	0.0114421081768
-25	-1	-20	0.0140667945064	0.00625789063638	0.013843486689
-23	-1	-20	0.013328303272	0.00665238175222	0.0163919067293
-21	-1	-20	0.0120770464254	0.00706524224344	0.0189950665436
-19	-1	-20	0.0103512919797	0.00748535099513	0.021553674309
-17	-1	-20	0.00820878372641	0.00790085001849	0.0239659007006
-15	-1	-20	0.00572440130909	0.00829962355281	0.0261319927957
-13	-1	-20	0.00298724111221	0.00866978541623	0.0279588157712
-11	-1	-20	9.7227826225e-05	0.00900015353349	0.0293641045566
-9	-1	-20	-0.00283863209142	0.00928069288181	0.0302802353223
-7	-1	-20	-0.00571024264339	0.00950291109397	0.0306573628324
-5	-1	-20	-0.00840854112738	0.00966019426126	0.0304658103083
-3	-1	-20	-0.0108296316599	0.00974807373904	0.0296976396263
-1	-1	-20	-0.0128788027901	0.00976441770409	0.0283673680858
1	-1	-20	-0.0144742954047	0.00970954368058	0.0265118312134
3	-1	-20	-0.0155506814992	0.0095862501993	0.0241892178559
5	-1	-20	-0.0160617128679	0.0093997672557	0.0214773241121
7	-1	-20	-0.0159825038694	0.00915762645357	0.0184710875049
9	-1	-20	-0.0153109262555	0.0088694528866	0.0152794740507
11	-1	-20	-0.0140681178529	0.00854668215095	0.0120218008164
13	-1	-20	-0.0122980407797	0.00820220759337	0.00882358736331
15	-1	-20	-0.0100660676959	0.00784996509403	0.00581204288213
17	-1	-20	-0.00745662390157	0.00750446536303	0.00311131261724
19	-1	-20	-0.00456996543434	0.00718028677181	0.000837627039079
21	-1	-20	-0.00151822448382	0.00689154490495	-0.00090548140503
23	-1	-20	0.00157910098541	0.00665135797021	-0.0020317088995
25	-1	-20	0.00460000070757	0.00647132956026	-0.00247605751641
27	-1	-20	0.00742491336547	0.00636107163466	-0.00219825111996
29	-1	-20	0.00994155310001	0.00632779065677	-0.0011852865666
31	-1	-20	0.0120493678059	0.00637595835637	0.000547063786233
33	-1	-20	0.0136634202864	0.00650708551992	0.00295394667045
35	-1	-20	0.0147175211921	0.00671961262986	0.00596241639112
37	-1	-20	0.0151664904148	0.00700892534269	0.00947374839352
39	-1	-20	0.0149874770264	0.00736749612343	0.0133670333738
41	-1	-20	0.014180322376	0.0077851463564	0.0175039269578
43	-1	-20	0.0127670021995	0.00824941649854	0.0217343513175
45	-1	-20	0.0107902278084	0.00874602589002	0.0259028751331
47	-1	-20	0.00831132085167	0.00925939917304	0.0298554436464
49	-1	-20	0.0054074993086	0.00977323325389	0.0334460967581
51	-1	-20	0.00216872404817	0.0102710775713	0.0365433040998
53	-1	-20	-0.00130574350193	0.0107369011171	0.0390355634884
55	-1	-20	-0.00491092935085	0.0111556220311	0.040835952505
57	-1	-20	-0.00853975067193	0.0115135793373	0.0418853890728
59	-1	-20	-0.0120865218518	0.0117989310838	0.0421544406825
61	-1	-20	-0.0154502666679	0.0120019683027	0.0416436165512
63	-1	-20	-0.0185377563096	0.0121153393494	0.0403821747771
65	-1	-20	-0.0212662063328	0.0121341838926	0.0384255695795
67	-1	-20	-0.0235655761124	0.0120561797869	0.0358517446848
69	-1	-20	-0.0253804223881	0.0118815090928	0.0327565418259
71	-1	-20	-0.0266712651984	0.0116127515577	0.029248533972
73	-1	-20	-0.0274154313462	0.0112547150157	0.0254436092504
75	-1	-20	-0.0276073490966	0.0108142125811	0.0214596237498
77	-1	-20	-0.0272582793677	0.0102997964283	0.017411411777
79	-1	-20	-0.0263954840019	0.00972145761558	0.0134063946778
81	-1	-20	-0.0250608508741	0.00909030104206	0.00954096926858
83	-1	-20	-0.0233090178644	0.00841820437716	0.00589779010922
85	-1	-20	-0.0212050616736	0.00771746974761	0.00254399218232
87	-1	-20	-0.0188218410747	0.00700047709118	-0.000469662626274
89	-1	-20	-0.0162371051758	0.00627934830208	-0.00310878614577
91	-1	-20	-0.013530493315	0.00556563145347	-0.00535462486947
93	-1	-20	-0.0107805623191	0.00487001432103	-0.00720272316139
95	-1	-20	-0.00806197763362	0.00420207599042	-0.00866114543104
97	-1	-20	-0.00544299663202	0.00357008439294	-0.00974841581289
99	-1	-20	-0.00298335549656	0.00298084612461	-0.0104913246763
-99	1	-20	0.00353933787644	0.000899665160604	0.000353447100301
-97	1	-20	0.00511123163696	0.00103071937012	0.000577192123123
-95	1	-20	0.00664872051731	0.00116346700342	0.000882921108738
-93	1	-20	0.0080874567396	0.00129533372933	0.00128053041772
-91	1	-20	0.00936169377196	0.00142371258819	0.00177734857527
-89	1	-20	0.0104078135217	0.0015461064882	0.00237715584563
-87	1	-20	0.0111680850175	0.00166027684684	0.0030792529022
-85	1	-20	0.0115944231606	0.00176438826506	0.00387765799526
-83	1	-20	0.0116518939011	0.00185713830611	0.00476051656378
-81	1	-20	0.0113217079897	0.00193786145677	0.00570980543017
-79	1	-20	0.0106034611576	0.00200659726857	0.00670140461742
-77	1	-20	0.00951641443484	0.00206411452784	0.00770559303635
-75	1	-20	0.00809966277651	0.00211188602072	0.0086880000733
-73	1	-20	0.00641110991989	0.00215201189164	0.00961101447626
-71	1	-20	0.00452524754892	0.00218709351276	0.0104356166543
-69	1	-20	0.00252982133445	0.00222006389242	0.0111235630218
-67	1	-20	0.000521548491404	0.00225398461669	0.0116398143234
-65	1	-20	-0.00139887566883	0.00229182278536	0.0119550672699
-63	1	-20	-0.00313218736634	0.00233622403406	0.0120482236245
-61	1	-20	-0.00458604855944	0.002389299234	0.0119086161499
-59	1	-20	-0.00568028132105	0.00245244261359	0.0115378089573
-57	1	-20	-0.00635151050036	0.00252619773353	0.0109508023041
-55	1	-20	-0.00655691981803	0.00261018497141	0.0101764990856
-53	1	-20	-0.00627688512153	0.002703100059	0.00925733121278
-51	1	-20	-0.00551632383396	0.0028027880179	0.00824799648052
-49	1	-20	-0.00430468544148	0.00290639091839	0.00721331692129
-47	1	-20	-0.00269459715987	0.00301056169281	0.0062252935599
-45	1	-20	-0.000759264551801	0.00311173027124	0.00535949486914
-43	1	-20	0.00141119776205	0.00320640309379	0.00469097184069
-41	1	-20	0.00371427046976	0.00329147307909	0.00428993651211
-39	1	-20	0.0060400939729	0.00336451480977	0.00421746890858
-37	1	-20	0.00827679890152	0.00342403933762	0.0045215267662
-35	1	-20	0.0103158110848	0.00346968476903	0.00523352174674
-33	1	-20	0.0120568607125	0.00350232265491	0.00636569549673
-31	1	-20	0.0134124623438	0.00352406598671	0.00790948094279
-29	1	-20	0.0143116802173	0.00353817192637	0.0098349723158
-27	1	-20	0.0147030468537	0.00354884075498	0.0120915564609
-25	1	-20	0.0145565571893	0.00356092127588	0.0146096837001
-23	1	-20	0.0138647110406	0.00357954134252	0.0173036847817
-21	1	-20	0.0126426202899	0.00360968957702	0.0200754768548
-19	1	-20	0.0109272318163	0.00365578001998	0.0228189506286
-17	1	-20	0.00877574234619	0.00372123483214	0.0254247963139
-15	1	-20	0.00626329781694	0.00380812083757	0.0277855093355
-13	1	-20	0.00348007931851	0.00391687344629	0.0298003182109
-11	1	-20	0.000527882604094	0.00404613634238	0.0313797947857
-9	1	-20	-0.00248369890895	0.00419273754055	0.0324499382168
-7	1	-20	-0.0054413745563	0.00435181250074	0.0329555647321
-5	1	-20	-0.00823242222957	0.0045170736555	0.0328628808491
-3	1	-20	-0.0107489942691	0.00468121381266	0.0321611640521
-1	1	-20	-0.0128923290936	0.0048364194015	0.0308635181727
1	1	-20	-0.0145767249062	0.00497495940288	0.0290067081139
3	1	-20	-0.015733124575	0.00508980794417	0.0266501086234
5	1	-20	-0.0163121583442	0.00517525370042	0.023873824356
7	1	-20	-0.0162864960626	0.00522744795648	0.0207760545061
9	1	-20	-0.0156523753162	0.00524484570691	0.0174697867572
11	1	-20	-0.0144301974637	0.00522850044857	0.0140789146167
13	1	-20	-0.0126641201495	0.00518218298306	0.0107338817889
15	1	-20	-0.010420621066	0.0051123069234	0.00756696902388
17	1	-20	-0.00778606090367	0.00502765776999	0.00470735388317
19	1	-20	-0.00486332978093	0.00493893728497	0.00227609195404
21	1	-20	-0.00176771648722	0.00485814925989	0.000381187795579
23	1	-20	0.00137781116434	0.00479786545963	-0.000887057233633
25	1	-20	0.00444768814536	0.00477042046979	-0.0014602185552
27	1	-20	0.00731894521018	0.00478709051866	-0.00129523517933
29	1	-20	0.00987625446238	0.0048573135219	-0.000377006806195
31	1	-20	0.0120165786864	0.00498800538248	0.00128008190928
33	1	-20	0.0136532021482	0.00518302111544	0.00363185712607
35	1	-20	0.0147189614264	0.00544279915781	0.00660536687796
37	1	-20	0.0151685464061	0.00576421408944	0.010101236744
39	1	-20	0.0149797993138	0.00614064799563	0.0139973233529
41	1	-20	0.0141539987036	0.00656227506605	0.0181535381272
43	1	-20	0.0127151708537	0.00701653900729	0.0224176346495
45	1	-20	0.0107085190183	0.00748878964124	0.0266316827523
47	1	-20	0.00819809835513	0.00796303468637	0.0306388975526
49	1	-20	0.00526388939212	0.00842275593008	0.0342904577827
51	1	-20	0.00199843526503	0.00885173622975	0.0374519388279
53	1	-20	-0.00149679138411	0.00923484510377	0.0400090036222
55	1	-20	-0.00511513499311	0.00955873581962	0.041872038304
57	1	-20	-0.00874847631993	0.00981241526504	0.0429794862181
59	1	-20	-0.0122908035354	0.00998765866731	0.0432997182548
61	1	-20	-0.0156415355675	0.0100792534084	0.0428313728196
63	1	-20	-0.0187085181422	0.0100850687145	0.0416021971448
65	1	-20	-0.0214106302941	0.010005959858	0.0396665152457
67	1	-20	-0.0236799530637	0.00984552581129	0.0371015292678
69	1	-20	-0.0254634628544	0.00960974734148	0.0340027242105
71	1	-20	-0.0267242204076	0.00930653789916	0.0304786868866
73	1	-20	-0.0274420339544	0.00894524215593	0.0266456664241
75	1	-20	-0.0276135833524	0.00853611677515	0.0226221958677
77	1	-20	-0.0272520022792	0.0080898252731	0.0185240647914
79	1	-20	-0.026385928749	0.00761697413189	0.014459885324
81	1	-20	-0.0250580506174	0.00712771126306	0.0105274338821
83	1	-20	-0.023323191866	0.00663140113409	0.0068108840757
85	1	-20	-0.02124600615	0.00613638398161	0.0033789786034
87	1	-20	-0.0188983645938	0.00564982009303	0.000284124825098
89	1	-20	-0.0163565430893	0.00517761457475	-0.00243765553983
91	1	-20	-0.0136983282434	0.00472441363788	-0.00476603443281
93	1	-20	-0.0110001688068	0.00429366037255	-0.00669508373162
95	1	-20	-0.0083344995226	0.00388769627087	-0.00823153515923
97	1	-20	-0.00576735624003	0.00350789429943	-0.00939275116599
99	1	-20	-0.00335638503032	0.00315480993434	-0.0102045551328
-99	3	-20	0.00362333224068	0.000688861548493	0.000398849724665
-97	3	-20	0.00524239483629	0.00079551336368	0.000594376645219
-95	3	-20	0.00682791309346	0.000890710275087	0.000878461996816
-93	3	-20	0.00831394128692	0.000969419560453	0.00126381322067
-91	3	-20	0.00963302026973	0.00102694391723	0.00176047391562
-89	3	-20	0.0107197777999	0.00105926844352	0.00237466438163
-87	3	-20	0.0115147685082	0.00106340953351	0.00310766553586
-85	3	-20	0.0119683177688	0.00103773962062	0.00395483808643
-83	3	-20	0.0120441110045	0.000982259862933	0.0049048744305
-81	3	-20	0.0117222655729	0.000898793130871	0.00593937899211
-79	3	-20	0.0110016382657	0.000791072295762	0.00703286257428
-77	3	-20	0.00990115783937	0.000664703911662	0.00815321733799
-75	3	-20	0.00846002730968	0.000526994799876	0.00926271157495
-73	3	-20	0.0067367115883	0.000386638421822	0.0103195086933
-71	3	-20	0.00480670746197	0.000253268675587	0.0112796748198
-69	3	-20	0.00275917872396	0.000136900095357	0.0120995969373
-67	3	-20	0.000692622619104	4.72844514117e-05	0.0127386919077
-65	3	-20	-0.00129019226731	-6.77654713211e-06	0.0131622498077
-63	3	-20	-0.00308771829211	-1.81153262563e-05	0.0133442264476
-61	3	-20	-0.00460521541923	1.81720919301e-05	0.013269783142
-59	3	-20	-0.00576008334866	0.000104203086238	0.0129373694153
-57	3	-20	-0.00648660269487	0.000238939993623	0.0123601579759
-55	3	-20	-0.00673978607706	0.00041801634047	0.0115666713127
-53	3	-20	-0.00649809901691	0.000633785953272	0.01060048453
-51	3	-20	-0.0057648864381	0.000875608021639	0.00951894697179
-49	3	-20	-0.00456842703115	0.00113036386326	0.00839093189985
-47	3	-20	-0.00296062769643	0.00138318292709	0.00729369402741
-45	3	-20	-0.00101445650682	0.00161833793662	0.00630898348386
-43	3	-20	0.00117971148413	0.00182025353661	0.00551862603265
-41	3	-20	0.00351860115755	0.00197456079372	0.00499982770446
-39	3	-20	0.00589112197812	0.00206912262507	0.00482049295254
-37	3	-20	0.00818373618903	0.00209495355792	0.00503485585544
-35	3	-20	0.0102858183167	0.00204696159101	0.00567971235421
-33	3	-20	0.0120947347584	0.00192445026807	0.00677150846596
-31	3	-20	0.0135204086636	0.00173133480604	0.00830448720323
-29	3	-20	0.0144891825194	0.00147604617468	0.0102500295797
-27	3	-20	0.0149468436716	0.00117111991943	0.0125572479664
-25	3	-20	0.0148607314633	0.000832490473329	0.0151548093726
-23	3	-20	0.0142208944384	0.000478534782811	0.0179538883905
-21	3	-20	0.0130403089078	0.000128929353516	0.0208520806099
-19	3	-20	0.0113542042719	-0.00019659943743	0.0237380523577
-17	3	-20	0.00921856537435	-0.000479542121543	0.0264966652915
-15	3	-20	0.00670789870445	-0.000703797460212	0.0290142965819
-13	3	-20	0.00391235930154	-0.000856700108334	0.0311840771768
-11	3	-20	0.000934341185298	-0.000929807813049	0.0329107902128
-9	3	-20	-0.00211536142961	-0.000919388952921	0.0341152057815
-7	3	-20	-0.00512170980972	-0.000826573707441	0.034737672678
-5	3	-20	-0.00796977383329	-0.000657157731638	0.0347408376594
-3	3	-20	-0.0105491535861	-0.000421073849509	0.0341114133993
-1	3	-20	-0.0127583291567	-0.000131572824033	0.0328609636396
1	3	-20	-0.0145087871027	0.000195823358732	0.0310257149625
3	3	-20	-0.0157287633242	0.000544514853368	0.028665437423
5	3	-20	-0.0163664387549	0.000898072113645	0.0258614606839
7	3	-20	-0.0163924291795	0.00124144324495	0.022713909284
9	3	-20	-0.0158014258392	0.0015620287513	0.0193382522128
11	3	-20	-0.0146128705506	0.00185054289283	0.0158612706207
13	3	-20	-0.0128705877987	0.00210159817501	0.0124165558243
15	3	-20	-0.0106413451939	0.00231397165621	0.00913965990821
17	3	-20	-0.00801236994396	0.00249053697259	0.00616303439223
19	3	-20	-0.00508790857492	0.00263787219424	0.00361090866103
21	3	-20	-0.00198497527094	0.00276557874149	0.00159427787838
23	3	-20	0.00117151412485	0.00288536861505	0.000206187484885
25	3	-20	0.00425398488353	0.00300999441461	-0.000482485240717
27	3	-20	0.007137559845	0.00315210773549	-0.000426546450593
29	3	-20	0.00970525845452	0.00332313575116	0.000390902528077
31	3	-20	0.0118527777171	0.00353226289174	0.00195693731891
33	3	-20	0.0134926224769	0.0037855948699	0.00422851095629
35	3	-20	0.0145573956835	0.00408556678442	0.00713347545646
37	3	-20	0.01500211393	0.0044306369992	0.0105729517268
39	3	-20	0.0148054747653	0.00481528564213	0.0144249994229
41	3	-20	0.0139700649284	0.00523031277656	0.018549458055
43	3	-20	0.0125215576713	0.00566340848188	0.0227937521242
45	3	-20	0.0105069983715	0.0060999470301	0.026999383244
47	3	-20	0.00799231738485	0.00652394157984	0.0310087777141
49	3	-20	0.00505923564312	0.00691908545635	0.0346721244267
51	3	-20	0.00180174138907	0.00726980180058	0.0378538292327
53	3	-20	-0.00167768341603	0.00756222528844	0.0404382296875
55	3	-20	-0.00527191902473	0.0077850473694	0.0423342577821
57	3	-20	-0.00887299659997	0.00793016921302	0.0434788047556
59	3	-20	-0.0123756932004	0.00799312306528	0.043838626198
61	3	-20	-0.0156808312883	0.00797324152751	0.0434107205645
63	3	-20	-0.0186982046989	0.00787357377714	0.0422212122079
65	3	-20	-0.021349073863	0.00770056636676	0.0403228631782
67	3	-20	-0.0235681901143	0.00746354253165	0.0377914190573
69	3	-20	-0.0253053221083	0.00717402673993	0.0347210570012
71	3	-20	-0.0265262674505	0.00684496971731	0.0312192448021
73	3	-20	-0.0272133408536	0.00648993295819	0.0274013361603
75	3	-20	-0.0273653380231	0.00612229079723	0.0233852197004
77	3	-20	-0.0269969834123	0.00575450284948	0.0192863098906
79	3	-20	-0.0261378810523	0.00539750075146	0.0152131209493
81	3	-20	-0.0248310013004	0.00506022161241	0.0112636052819
83	3	-20	-0.023130752334	0.00474930752395	0.00752237181897
85	3	-20	-0.0211007026405	0.00446897702457	0.00405883267048
87	3	-20	-0.0188110381394	0.00422106165952	0.00092626405229
89	3	-20	-0.0163358530959	0.00400518965617	-0.0018382862108
91	3	-20	-0.0137503857374	0.00381908997206	-0.00421335413397
93	3	-20	-0.0111283157353	0.00365898403432	-0.00619181590557
95	3	-20	-0.00853924020834	0.00352002956807	-0.00777919778004
97	3	-20	-0.00604643698771	0.00339678093633	-0.00899169426469
99	3	-20	-0.0037050087049	0.00328363308367	-0.00985404062019
-99	5	-20	0.00367883066602	0.000474043040048	0.000434971745214
-97	5	-20	0.00532135711543	0.00055458129566	0.000601770903159
-95	5	-20	0.00693143472653	0.00061113417949	0.000862113848185
-93	5	-20	0.00844248797295	0.000636403081144	0.00123115919524
-91	5	-20	0.00978634451877	0.000623775101973	0.00172134714243
-89	5	-20	0.0108968565381	0.000567860171092	0.00234108859696
-87	5	-20	0.0117137660192	0.00046502589264	0.00309349176637
-85	5	-20	0.0121865773886	0.000313889202197	0.0039752285049
-83	5	-20	0.0122781778866	0.000115721123427	0.00497564917829
-81	5	-20	0.0119679416367	-0.000125278572379	0.00607625313617
-79	5	-20	0.0112540691937	-0.000401875758576	0.00725061090521
-77	5	-20	0.0101549507641	-0.000703896233457	0.00846481348684
-75	5	-20	0.0087093966698	-0.00101853892553	0.00967849405622
-73	5	-20	0.00697564957068	-0.00133091214163	0.0108464292425
-71	5	-20	0.00502917448986	-0.00162477985532	0.0119206832805
-69	5	-20	0.00295930860458	-0.00188348694201	0.0128532117443
-67	5	-20	0.000864936214784	-0.00209101466893	0.0135987960267
-65	5	-20	-0.0011505716424	-0.00223310222327	0.0141181392672
-63	5	-20	-0.00298485512513	-0.00229835817429	0.0143809231251
-61	5	-20	-0.00454216575947	-0.00227927891068	0.0143686062856
-59	5	-20	-0.00573872028729	-0.00217309035498	0.0140767427425
-57	5	-20	-0.0065074719446	-0.0019823352678	0.0135166124463
-55	5	-20	-0.00680199994285	-0.00171514130845	0.0127159891396
-53	5	-20	-0.00659927660915	-0.00138512420575	0.0117189188808
-51	5	-20	-0.00590114709967	-0.00101090480157	0.0105844450606
-49	5	-20	-0.00473444255119	-0.000615246701766	0.00938428741992
-47	5	-20	-0.00314973691727	-0.000223850708438	0.00819955833262
-45	5	-20	-0.00121884339474	0.000136129256354	0.00711667341981
-43	5	-20	0.000968778284996	0.000437758840512	0.00622267923214
-41	5	-20	0.00331047271284	0.000656075145366	0.00560027254069
-39	5	-20	0.00569542646732	0.000769796468071	0.00532281894048
-37	5	-20	0.00801000201033	0.000762865661514	0.00544968969447
-35	5	-20	0.0101430788578	0.000625709660161	0.00602222354602
-33	5	-20	0.0119911334425	0.000356114091101	0.00706058513182
-31	5	-20	0.0134628245931	-4.03631046463e-05	0.00856173616381
-29	5	-20	0.0144828975641	-0.000550483200788	0.0104986640424
-27	5	-20	0.0149952710039	-0.0011539310827	0.0128209307386
-25	5	-20	0.0149652232528	-0.00182440210993	0.0154565192295
-23	5	-20	0.0143806427066	-0.00253110431719	0.0183148723136
-21	5	-20	0.0132523485886	-0.00324057653729	0.0212909456665
-19	5	-20	0.0116135215954	-0.0039186979049	0.0242700389002
-17	5	-20	0.00951830819666	-0.00453274841745	0.0271331290052
-15	5	-20	0.007039678797	-0.00505337520972	0.0297624118743
-13	5	-20	0.00426663041317	-0.00545632547328	0.0320467596691
-11	5	-20	0.00130083139619	-0.00572382410581	0.0338868227217
-9	5	-20	-0.00174718847382	-0.00584550087653	0.0351995410626
-7	5	-20	-0.00476219239862	-0.00581880600444	0.035921877967
-5	5	-20	-0.00762861628352	-0.00564889180693	0.0360136410545
-3	5	-20	-0.0102350429804	-0.0053479783456	0.0354593104497
-1	5	-20	-0.0124786270296	-0.00493425952135	0.0342688439363
1	5	-20	-0.0142693129122	-0.00443043976857	0.0324774726528
3	5	-20	-0.015533679778	-0.00386201771448	0.0301445357884
5	5	-20	-0.0162182414987	-0.0032554498998	0.0273514285387
7	5	-20	-0.0162920355894	-0.00263633370738	0.0241987552244
9	5	-20	-0.0157483503063	-0.00202774371429	0.0208027909676
11	5	-20	-0.0146054673022	-0.00144884037668	0.0172913632792
13	5	-20	-0.0129063374814	-0.000913845708443	0.0137992720366
15	5	-20	-0.0107171585531	-0.000431449557709	0.0104633748918
17	5	-20	-0.00812488122931	-4.67484939531e-06	0.00741747652848
19	5	-20	-0.00523373285181	0.000368806347916	0.00478717456572
21	5	-20	-0.00216090752564	0.000695948926275	0.00268483118914
23	5	-20	0.000968374613603	0.000987276487046	0.00120485542966
25	5	-20	0.00402619440866	0.00125558601514	0.000419493186252
27	5	-20	0.0068873759639	0.00151452820136	0.000375326893947
29	5	-20	0.00943476494984	0.00177718222924	0.00109068059675
31	5	-20	0.0115640745368	0.00205474037965	0.0025541062174
33	5	-20	0.0131880597121	0.00235540534361	0.00472409138938
35	5	-20	0.0142398256422	0.0026835829248	0.00753007834252
37	5	-20	0.014675132472	0.00303942669061	0.0108748188827
39	5	-20	0.0144736225828	0.00341876134061	0.014638016179
41	5	-20	0.0136389614898	0.00381338057451	0.0186811251404
43	5	-20	0.0121979450144	0.00421168555001	0.0228531059894
45	5	-20	0.0101986785424	0.00459960393788	0.026996857032
47	5	-20	0.00770797559766	0.00496170906432	0.0309559990953
49	5	-20	0.0048081505688	0.00528244513107	0.0345816511779
51	5	-20	0.00159339363293	0.00554735886963	0.0377388283562
53	5	-20	-0.00183408438573	0.00574424040731	0.0403121106415
55	5	-20	-0.00536796125225	0.00586408613678	0.0422102746089
57	5	-20	-0.00890161099697	0.00590181293088	0.0433696451869
59	5	-20	-0.0123316799351	0.00585667457955	0.0437560078863
61	5	-20	-0.0155613284685	0.00573235595018	0.0433650152429
63	5	-20	-0.0185030627869	0.00553674600554	0.0422211177355
65	5	-20	-0.0210811043209	0.00528141537333	0.0403751411272
67	5	-20	-0.0232332643887	0.00498084573386	0.0379007119084
69	5	-20	-0.0249123066852	0.00465147528505	0.0348897944094
71	5	-20	-0.0260867916184	0.00431063580606	0.0314476431298
73	5	-20	-0.0267414051892	0.00397546174052	0.0276874899563
75	5	-20	-0.0268767825604	0.00366185017491	0.0237252784515
77	5	-20	-0.0265088441513	0.00338354304575	0.0196747285805
79	5	-20	-0.0256676711343	0.00315139028705	0.0156429690763
81	5	-20	-0.0243959582635	0.00297283620933	0.0117269162523
83	5	-20	-0.0227470949793	0.00285165270576	0.00801051321395
85	5	-20	-0.0207829400762	0.00278792352661	0.00456287780488
87	5	-20	-0.0185713696408	0.00277826542415	0.00143734644034
89	5	-20	-0.016183690895	0.00281625584152	-0.00132865156422
91	5	-20	-0.0136920242901	0.00289302411375	-0.00371299553582
93	5	-20	-0.0111667611219	0.00299795462071	-0.00570768506013
95	5	-20	-0.00867420287995	0.00311944633504	-0.00731721036527
97	5	-20	-0.00627448088813	0.00324567369932	-0.00855663228065
99	5	-20	-0.00401984060244	0.00336529833621	-0.00944951419205
-99	7	-20	0.00370450403311	0.00026008320339	0.000460951021471
-97	7	-20	0.00534531834832	0.000313261136688	0.000599916019528
-95	7	-20	0.00695496998864	0.000331089372969	0.0008355733032
-93	7	-20	0.00846727107908	0.000304311133207	0.0011850549789
-91	7	-20	0.0098143891104	0.000224672743107	0.00166276482099
-89	7	-20	0.0109304349486	8.56273379619e-05	0.00227895097662
-87	7	-20	0.0117552950873	-0.000116967699499	0.00303831030515
-85	7	-20	0.0122384740674	-0.000384213537406	0.00393873445631
-83	7	-20	0.0123426902613	-0.000713650511533	0.00497031496896
-81	7	-20	0.0120469636999	-0.00109891340953	0.00611472309131
-79	7	-20	0.0113489502013	-0.00152961261374	0.007345068463
-77	7	-20	0.0102663119589	-0.00199148151162	0.00862631879183
-75	7	-20	0.00883696938536	-0.00246681492481	0.00991633064968
-73	7	-20	0.00711814901679	-0.00293520350895	0.011167500939
-71	7	-20	0.00518422273177	-0.00337454634522	0.0123290018682
-69	7	-20	0.00312341831782	-0.00376229991124	0.0133495127146
-67	7	-20	0.00103356375305	-0.00407689822288	0.0141803132111
-65	7	-20	-0.000982899360628	-0.00429925828498	0.0147785603619
-63	7	-20	-0.00282434020222	-0.00441426916159	0.0151105371831
-61	7	-20	-0.00439547091686	-0.0044121538421	0.0151546420934
-59	7	-20	-0.00561264334152	-0.00428959208959	0.0149038844741
-57	7	-20	-0.00640857900827	-0.0040505004692	0.0143676670365
-55	7	-20	-0.00673623741285	-0.00370638290084	0.0135726693795
-53	7	-20	-0.00657158506145	-0.00327619069042	0.0125626981347
-51	7	-20	-0.0059151017854	-0.00278566359021	0.0113974343908
-49	7	-20	-0.00479194506119	-0.0022661608109	0.0101500841982
-47	7	-20	-0.00325078065972	-0.00175303025848	0.00890401726627
-45	7	-20	-0.00136137186293	-0.00128360243244	0.00774855617274
-43	7	-20	0.000788906691011	-0.000894929126934	0.00677414707118
-41	7	-20	0.00309940597257	-0.000621413240932	0.00606719701765
-39	7	-20	0.00546112618562	-0.000492492021385	0.00570489770199
-37	7	-20	0.00776194390159	-0.000530540073646	0.00575036715146
-35	7	-20	0.009891860853	-0.000749149560149	0.00624842836974
-33	7	-20	0.0117480120396	-0.00115192333262	0.0072223074704
-31	7	-20	0.013239204951	-0.00173188357316	0.0086714763241
-29	7	-20	0.0142898059839	-0.00247155616141	0.0105707905832
-27	7	-20	0.0148428396045	-0.00334374261409	0.0128709891359
-25	7	-20	0.0148622157458	-0.00431294084663	0.0155005324219
-23	7	-20	0.0143340472998	-0.00533732726644	0.0183686716776
-21	7	-20	0.0132670594331	-0.00637116984128	0.0213695657048
-19	7	-20	0.0116921242275	-0.00736750839224	0.0243872017092
-17	7	-20	0.00966097758452	-0.00828091729062	0.0273008361106
-15	7	-20	0.00724419143377	-0.00907015883441	0.0299906520352
-13	7	-20	0.00452848494224	-0.00970054350405	0.0323433324711
-11	7	-20	0.0016134660266	-0.0101458354622	0.0342572698953
-9	7	-20	-0.0013920985718	-0.0103895762822	0.035647171006
-7	7	-20	-0.0043743781199	-0.0104257441325	0.0364478643329
-5	7	-20	-0.0072188203719	-0.0102587158848	0.0366171737025
-3	7	-20	-0.00981461114016	-0.00990255175194	0.0361377766092
-1	7	-20	-0.0120591055746	-0.0093796718887	0.0350180189562
1	7	-20	-0.0138620714265	-0.00871903793222	0.0332917029578
3	7	-20	-0.0151495734728	-0.00795398635031	0.0310169012248
5	7	-20	-0.0158673234901	-0.00711988218461	0.0282738767122
7	7	-20	-0.0159833245955	-0.00625176986518	0.0251622061759
9	7	-20	-0.015489654683	-0.00538219192936	0.0217972160956
11	7	-20	-0.0144032622561	-0.0045393275444	0.0183058472928
13	7	-20	-0.0127656890197	-0.0037455725963	0.0148220704985
15	7	-20	-0.010641685471	-0.00301664450463	0.0114819822472
17	7	-20	-0.00811674530209	-0.00236125119167	0.00841872019982
19	7	-20	-0.00529364743123	-0.00178131841015	0.00575734964318
21	7	-20	-0.00228815584831	-0.00127272655066	0.00360988750593
23	7	-20	0.000775918053909	-0.000826470437039	0.00207064458216
25	7	-20	0.0037720433282	-0.000430126251728	0.00121207764552
27	7	-20	0.00657641332483	-6.94906282788e-05	0.00108134718863
29	7	-20	0.0090732230027	0.000269750764204	0.00169777012679
31	7	-20	0.0111595082201	0.00060046395497	0.00305133713179
33	7	-20	0.0127493051882	0.000932740823493	0.00510242967683
35	7	-20	0.0137769339771	0.00127290677243	0.00778282234892
37	7	-20	0.0141992677221	0.00162293097407	0.0109979933018
39	7	-20	0.0139969139961	0.00198027284304	0.0146306934568
41	7	-20	0.0131743012362	0.00233816158944	0.018545648321
43	7	-20	0.0117587257978	0.00268627046713	0.0225951912698
45	7	-20	0.00979846948367	0.00301171638402	0.0266255604494
47	7	-20	0.00736013967698	0.00330029119061	0.0304835394569
49	7	-20	0.00452541232952	0.00353781491738	0.0340230900007
51	7	-20	0.00138737137276	0.00371149449051	0.0371116165826
53	7	-20	-0.00195336255452	0.00381117424818	0.0396355205406
55	7	-20	-0.00539253378027	0.00383037637508	0.0415047428821
57	7	-20	-0.00882602501432	0.00376704893879	0.0426560592739
59	7	-20	-0.0121533710964	0.00362396473713	0.0430549713317
61	7	-20	-0.0152809111764	0.00340874341954	0.0426961294374
63	7	-20	-0.0181245062105	0.00313349986994	0.0416023162728
65	7	-20	-0.0206117744581	0.00281415115319	0.0398221095317
67	7	-20	-0.0226838191092	0.00246944013215	0.0374264198772
69	7	-20	-0.0242964388304	0.00211975422006	0.034504160442
71	7	-20	-0.0254208243034	0.00178583121639	0.0311573430732
73	7	-20	-0.0260437527737	0.0014874499672	0.0274959122222
75	7	-20	-0.0261672996522	0.00124220153451	0.0236326201248
77	7	-20	-0.025808092743	0.00106442714259	0.0196782189399
79	7	-20	-0.0249961419447	0.000964393461163	0.0157372006961
81	7	-20	-0.0237732860255	0.000947755326188	0.0119042592176
83	7	-20	-0.0221913084786	0.00101533264439	0.0082615852666
85	7	-20	-0.0203097860567	0.00116320398403	0.00487704248083
87	7	-20	-0.0181937453724	0.00138309619686	0.0018032123491
89	7	-20	-0.015911213553	0.00166302912474	-0.00092275449017
91	7	-20	-0.0135307568376	0.00198815846047	-0.00327858307552
93	7	-20	-0.0111191047584	0.00234174915602	-0.00525574453081
95	7	-20	-0.00873895605661	0.00270620689998	-0.00685789560574
97	7	-20	-0.00644705514247	0.00306409610248	-0.00809903302283
99	7	-20	-0.00429261472707	0.00339907903676	-0.00900150028624
-99	9	-20	0.00369982269113	5.16014536435e-05	0.000476246848608
-97	9	-20	0.00531318102999	7.66800169116e-05	0.000589522592557
-95	9	-20	0.00689680797088	5.66842203948e-05	0.00080063219294
-93	9	-20	0.00838593406096	-1.91967905418e-05	0.0011281105327
-91	9	-20	0.00971413574278	-0.000160499339242	0.00158780046094
-89	9	-20	0.0108168354745	-0.000374646218553	0.0021913497447
-87	9	-20	0.0116350421427	-0.000666117646463	0.00294473413883
-85	9	-20	0.0121191037978	-0.00103569678622	0.00384692151391
-83	9	-20	0.0122322225467	-0.00147985871935	0.00488879964195
-81	9	-20	0.0119534769699	-0.00199037083772	0.0060524887667
-79	9	-20	0.0112801125229	-0.00255416580028	0.00731114821926
-77	9	-20	0.0102288952546	-0.00315353523525	0.00862936361099
-75	9	-20	0.00883637727162	-0.00376667355045	0.00996416802235
-73	9	-20	0.00715799041938	-0.00436857741891	0.011266708616
-71	9	-20	0.0052659628476	-0.00493227917989	0.0124845217599
-69	9	-20	0.00324613551941	-0.00543036349202	0.0135643284731
-67	9	-20	0.00119383574144	-0.00583668842682	0.0144552118983
-65	9	-20	-0.000790964196832	-0.00612820733086	0.0151119940068
-63	9	-20	-0.00260891921908	-0.00628676872508	0.0154985942679
-61	9	-20	-0.00416669439347	-0.00630076050504	0.0155911325058
-59	9	-20	-0.00538212559739	-0.00616646351075	0.0153805346953
-57	9	-20	-0.00618883639775	-0.00588898919056	0.0148744158016
-55	9	-20	-0.00654002462076	-0.0054826967589	0.0140980482345
-53	9	-20	-0.00641118766306	-0.00497101613844	0.0130942766336
-51	9	-20	-0.0058016270762	-0.00438564230776	0.0119223064462
-49	9	-20	-0.00473465434734	-0.0037651117804	0.0106553705092
-47	9	-20	-0.00325650439432	-0.00315281944792	0.00937735885489
-45	9	-20	-0.00143404432021	-0.00259458010745	0.00817857577048
-43	9	-20	0.000648563754177	-0.00213587971657	0.00715085820684
-41	9	-20	0.00289403046971	-0.00181899305327	0.00638234484409
-39	9	-20	0.00519668403127	-0.00168016386557	0.00595222048574
-37	9	-20	0.00744751996039	-0.00174704852697	0.00592577251774
-35	9	-20	0.00953928472272	-0.00203661357213	0.00635008344054
-33	9	-20	0.011371340582	-0.00255365146736	0.00725064658931
-31	9	-20	0.0128540914438	-0.00329003910929	0.00862913383427
-29	9	-20	0.0139127914884	-0.00422481262355	0.0104624689088
-27	9	-20	0.0144906053313	-0.00532507388134	0.0127032741107
-25	9	-20	0.0145508357753	-0.00654768332492	0.0152816684016
-23	9	-20	0.0140782791013	-0.00784163509753	0.0181083085622
-21	9	-20	0.0130797055531	-0.00915095893049	0.0210784887289
-19	9	-20	0.0115834927396	-0.0104179530564	0.0240770529678
-17	9	-20	0.00963846197087	-0.0115865269918	0.026983834508
-15	9	-20	0.00731198309071	-0.0126054245515	0.0296793159447
-13	9	-20	0.00468742403881	-0.0134311066781	0.0320502071203
-11	9	-20	0.00186102949339	-0.0140300998688	0.03399465957
-9	9	-20	-0.00106167919728	-0.0143806569894	0.035426874781
-7	9	-20	-0.00396988115728	-0.0144736296872	0.0362809133282
-5	9	-20	-0.00675169654961	-0.0143125111181	0.0365135679054
-3	9	-20	-0.00929856235156	-0.0139126694144	0.0361062201234
-1	9	-20	-0.0115095991318	-0.0132998512456	0.0350656540946
1	9	-20	-0.0132958093052	-0.0125080863074	0.0334238457834
3	9	-20	-0.0145839354907	-0.0115771636446	0.031236783806
5	9	-20	-0.0153198022908	-0.0105498764709	0.028582404264
7	9	-20	-0.0154709689255	-0.00946924193139	0.0255577401553
9	9	-20	-0.0150285359181	-0.00837589575992	0.0222753968903
11	9	-20	-0.0140079775591	-0.00730584007299	0.0188594720794
13	9	-20	-0.0124489129569	-0.00628868785615	0.0154410428314
15	9	-20	-0.0104137803778	-0.00534650326919	0.0121533496987
17	9	-20	-0.00798543915892	-0.00449328661455	0.00912681469331
19	9	-20	-0.00526378643461	-0.00373510088907	0.00648404189207
21	9	-20	-0.00236153722377	-0.00307078744416	0.00433496219686
23	9	-20	0.000600629191457	-0.00249317520676	0.00277229677272
25	9	-20	0.00349931108547	-0.00199065429405	0.00186752358264
27	9	-20	0.00621374202243	-0.00154896293184	0.00166753483197
29	9	-20	0.0086309838658	-0.00115302758439	0.00219216664176
31	9	-20	0.0106506854559	-0.000788700274902	0.0034327631367
33	9	-20	0.0121891669211	-0.000444253341738	0.00535190375656
35	9	-20	0.0131826351676	-0.000111518539823	0.00788437491907
37	9	-20	0.013589393711	0.000213408072674	0.0109394068628
39	9	-20	0.0133909746917	0.000529934666252	0.0144041270011
41	9	-20	0.012592187236	0.000833213907231	0.018148107326
43	9	-20	0.0112201389355	0.00111481414289	0.0220288112653
45	9	-20	0.00932234145703	0.00136374633008	0.0258976812774
47	9	-20	0.00696405354718	0.00156774449286	0.0296065584994
49	9	-20	0.00422504276506	0.00171467965231	0.0330140950883
51	9	-20	0.00119596046423	0.00179397962389	0.035991812131
53	9	-20	-0.00202547638117	0.00179793008017	0.038429472741
55	9	-20	-0.0053383159452	0.00172274524861	0.0402394805717
57	9	-20	-0.00864205659228	0.00156931820661	0.0413600756066
59	9	-20	-0.0118400559423	0.00134358896284	0.041757176921
61	9	-20	-0.0148425642062	0.00105650091894	0.0414248098451
63	9	-20	-0.0175693119264	0.000723550174992	0.0403841454479
65	9	-20	-0.0199516091833	0.000363964723669	0.0386812662101
67	9	-20	-0.0219339358049	-4.20696756696e-07	0.0363838464665
69	9	-20	-0.0234750195999	-0.00034650563209	0.033576994164
71	9	-20	-0.0245484124001	-0.000651377342263	0.0303585379274
73	9	-20	-0.025142582705	-0.000893766745642	0.0268340585389
75	9	-20	-0.0252605502916	-0.00105539943113	0.0231119569735
77	9	-20	-0.0249190937241	-0.00112214506965	0.0192988242562
79	9	-20	-0.0241475675095	-0.00108488650341	0.015495335336
81	9	-20	-0.0229863725388	-0.000940053192753	0.0117928347296
83	9	-20	-0.0214851317101	-0.000689790461097	0.00827072123038
85	9	-20	-0.0197006319714	-0.000341763812711	0.00499467785118
87	9	-20	-0.01769460362	9.13757666187e-05	0.00201573619272
89	9	-20	-0.0155314163717	0.000592816247653	-0.000629884493914
91	9	-20	-0.0132757781111	0.00114263104754	-0.00292026142896
93	9	-20	-0.0109905250442	0.00171896762749	-0.00484669943097
95	9	-20	-0.00873459018069	0.00229929276135	-0.0064122464284
97	9	-20	-0.00656123009333	0.0028616103219	-0.00762993282604
99	9	-20	-0.00451657771485	0.00338557493849	-0.00852086657456
-99	11	-20	0.00366510000001	-0.000147219999996	0.000480669999995
-97	11	-20	0.00522566142539	-0.000150441110452	0.000571430625783
-95	11	-20	0.00675802316161	-0.000206448910579	0.000759079044445
-93	11	-20	0.00819983998976	-0.00032713246305	0.00106291959736
-91	11	-20	0.00948714256821	-0.000522891115267	0.00149964683519
-89	11	-20	0.0105576967961	-0.000801697347321	0.00208181098945
-87	11	-20	0.0113545953503	-0.00116817284461	0.00281630456111
-85	11	-20	0.0118298629257	-0.00162275018638	0.00370298658381
-83	11	-20	0.0119478353881	-0.0021609972955	0.00473356901756
-81	11	-20	0.0116880687107	-0.0027731807236	0.00589088837419
-79	11	-20	0.0110475479684	-0.00344413616281	0.00714867380182
-77	11	-20	0.0100419999999	-0.00415349999998	0.0084719
-75	11	-20	0.00870616414036	-0.00487633458219	0.00981777999379
-73	11	-20	0.00709294051806	-0.00558415312064	0.0111374105006
-71	11	-20	0.00527141021703	-0.00624631944434	0.0123780339309
-69	11	-20	0.00332380042497	-0.00683176531825	0.0134858294323
-67	11	-20	0.0013415442302	-0.00731093638328	0.0144090949343
-65	11	-20	-0.000579347338691	-0.00765784980728	0.0151016373533
-63	11	-20	-0.00234332988816	-0.00785212528725	0.0155261533959
-61	11	-20	-0.00386048119017	-0.00788083865509	0.0156573626963
-59	11	-20	-0.00505144959037	-0.00774004599345	0.0154846514027
-57	11	-20	-0.00585188806884	-0.00743583704591	0.0150139995624
-55	11	-20	-0.00621609999994	-0.00698479999993	0.0142689999999
-53	11	-20	-0.00611967554639	-0.00641381453435	0.01329082839
-51	11	-20	-0.00556096565044	-0.00575913435671	0.0121370907983
-49	11	-20	-0.00456131803398	-0.00506477130885	0.0108795514855
-47	11	-20	-0.00316408009866	-0.00438024669182	0.00960082450974
-45	11	-20	-0.00143245068426	-0.00375782744613	0.00839019118368
-43	11	-20	0.000553669574871	-0.00324941077101	0.00733877521136
-41	11	-20	0.00270162582087	-0.00290325648111	0.00653436230693
-39	11	-20	0.0049105145427	-0.00276078833939	0.00605618631032
-37	11	-20	0.00707598951853	-0.00285369124104	0.00597001587223
-35	11	-20	0.00909511122707	-0.00320151921656	0.0063238632212
-33	11	-20	0.010871	-0.00381000000001	0.00714460000003
-31	11	-20	0.0123170835255	-0.00467017710085	0.00843570740393
-29	11	-20	0.013360768676	-0.00575847306454	0.0101763134581
-27	11	-20	0.013946411555	-0.00703769221675	0.0123215852559
-25	11	-20	0.0140375038904	-0.00845891279139	0.0148044552241
-23	11	-20	0.0136180348712	-0.00996415245607	0.0175385750719
-21	11	-20	0.0126930226946	-0.0114896332832	0.0204223156467
-19	11	-20	0.0112882381596	-0.0129694269966	0.0233435709757
-17	11	-20	0.00944916354933	-0.0143392326517	0.0261850842785
-15	11	-20	0.00723924482516	-0.0155400292165	0.0288299947003
-13	11	-20	0.00473750563119	-0.0165213556301	0.0311673059514
-11	11	-20	0.00203559999998	-0.0172439999999	0.0330969999999
-9	11	-20	-0.000765610890526	-0.0176819251935	0.0345345569311
-7	11	-20	-0.00355986233646	-0.0178233163903	0.0354146913534
-5	11	-20	-0.00623956167348	-0.0176707023147	0.0356941710794
-3	11	-20	-0.00870001199814	-0.0172401704575	0.0353536400448
-1	11	-20	-0.0108436435884	-0.0165597620447	0.0343984200063
1	11	-20	-0.0125840967159	-0.0156671896731	0.0328583110202
3	11	-20	-0.0138499872785	-0.0146070650421	0.0307864469873
5	11	-20	-0.0145881810285	-0.013427852887	0.0282572890768
7	11	-20	-0.0147664059328	-0.0121787782738	0.0253638574256
9	11	-20	-0.0143750475197	-0.0109069075842	0.0222143120531
11	11	-20	-0.0134279999999	-0.00965459999995	0.0189279999999
13	11	-20	-0.0119624862338	-0.0084574886182	0.0156310900137
15	11	-20	-0.0100378105105	-0.0073431020577	0.0124519210368
17	11	-20	-0.00773306651565	-0.00633018283184	0.00951619787524
19	11	-20	-0.0051438845535	-0.00542870246539	0.00694217721443
21	11	-20	-0.00237836213038	-0.00464051983771	0.00483599885722
23	11	-20	0.000447624755289	-0.00396058263469	0.00328732877123
25	11	-20	0.00321549059923	-0.00337853542426	0.00236548946088
27	11	-20	0.00580912442898	-0.00288057410368	0.00211625604093
29	11	-20	0.00811991547291	-0.00245137656008	0.00255948995852
31	11	-20	0.0100513577836	-0.00207594344492	0.00368776395226
33	11	-20	0.0115229999999	-0.00174119999997	0.00546610000003
35	11	-20	0.0124735509334	-0.00143723793189	0.00783289661332
37	11	-20	0.0128630079274	-0.00115811269694	0.0107020644691
39	11	-20	0.0126737381212	-0.000902152990085	0.0139663232689
41	11	-20	0.0119105075434	-0.000671782250683	0.0175015425392
43	11	-20	0.010599514156	-0.000472893145811	0.0211719404883
45	11	-20	0.00878653399192	-0.000313852105655	0.0248358940741
47	11	-20	0.00653433083567	-0.000204239413947	0.0283520659402
49	11	-20	0.00391950732088	-0.000153449144557	0.0315855247492
51	11	-20	0.00102898813906	-0.000169281246163	0.0344135281184
53	11	-20	-0.0020436749982	-0.000256655048358	0.0367306533666
55	11	-20	-0.00520199999998	-0.000416560000016	0.0384529999999
57	11	-20	-0.00835011811757	-0.000645336955191	0.0395212465818
59	11	-20	-0.0113960381744	-0.000934353859387	0.0399024187644
61	11	-20	-0.014254535163	-0.00127010581484	0.0395903088007
63	11	-20	-0.0168495969762	-0.00163473404966	0.0386045730072
65	11	-20	-0.0191163900657	-0.0020069241637	0.0369886154667
67	11	-20	-0.0210027274469	-0.00236311387424	0.0348064373669
69	11	-20	-0.0224700400752	-0.00267891664625	0.0321386865407
71	11	-20	-0.0234938654078	-0.00293065180441	0.0290781774102
73	11	-20	-0.0240638757992	-0.00309686502932	0.0257251659197
75	11	-20	-0.0241834755184	-0.0031597258138	0.0221826574311
77	11	-20	-0.023869	-0.00310619999995	0.018552
79	11	-20	-0.0231485556863	-0.00292891472628	0.0149289744997
81	11	-20	-0.0220605443542	-0.0026266581891	0.0114005413055
83	11	-20	-0.0206519225069	-0.00220448534099	0.00804234577825
85	11	-20	-0.0189762540835	-0.00167343057129	0.00491702668418
87	11	-20	-0.0170916227034	-0.00104985708851	0.00207331753736
89	11	-20	-0.0150584768945	-0.000354497911981	-0.000454115648063
91	11	-20	-0.0129374870293	0.000388736776923	-0.00264419296337
93	11	-20	-0.010787494828	0.00115409799168	-0.00448841299873
95	11	-20	-0.00866363434093	0.00191538825072	-0.0059894493568
97	11	-20	-0.00661569674021	0.00264731166213	-0.00715948363233
99	11	-20	-0.00468680000001	0.00332669999999	-0.00801839999999
-99	13	-20	0.00360149853099	-0.00033278593801	0.000474395936791
-97	13	-20	0.00508531302741	-0.000363951096088	0.000546570265146
-95	13	-20	0.00654251800969	-0.000453350120363	0.000712613819748
-93	13	-20	0.00791413473265	-0.000613431281662	0.000991938631643
-91	13	-20	0.00913962906354	-0.000855001158248	0.00140147298563
-89	13	-20	0.0101600809212	-0.00118623009771	0.00195414099667
-87	13	-20	0.0109215738107	-0.00161167367008	0.00265735897292
-85	13	-20	0.0113785986263	-0.00213138714426	0.00351166344694
-83	13	-20	0.0114972457693	-0.00274021504095	0.00450959364065
-81	13	-20	0.0112579555006	-0.00342733663953	0.00563494990024
-79	13	-20	0.01065760996	-0.00417614010208	0.00686253805596
-77	13	-20	0.00971078163665	-0.00496448232101	0.00815848728158
-75	13	-20	0.00845000084474	-0.00576536903472	0.00948119634566
-73	13	-20	0.00692496600052	-0.0065480612235	0.0107829216774
-71	13	-20	0.00520069086899	-0.00727958102162	0.0120119729304
-69	13	-20	0.00335465709921	-0.00792655569563	0.0131154311121
-67	13	-20	0.00147311237292	-0.00845730444166	0.0140422548953
-65	13	-20	-0.000353281603358	-0.00884404288672	0.014746596821
-63	13	-20	-0.00203419664661	-0.00906505726904	0.0151911170581
-61	13	-20	-0.00348449406794	-0.00910668703759	0.0153500620485
-59	13	-20	-0.0046288902021	-0.00896495317655	0.0152118717238
-57	13	-20	-0.00540614273363	-0.00864668119297	0.0147810937273
-55	13	-20	-0.0057725001924	-0.00816999261969	0.0140794164681
-53	13	-20	-0.00570420652125	-0.007564076125	0.0131456834236
-51	13	-20	-0.00519891633008	-0.00686819675188	0.0120348158615
-49	13	-20	-0.00427594897818	-0.0061299562261	0.0108156455811
-47	13	-20	-0.00297538497518	-0.00540287460933	0.00956773777028
-45	13	-20	-0.00135608033197	-0.00474341922257	0.00837736039383
-43	13	-20	0.000507262066692	-0.00420765596545	0.00733282431905
-41	13	-20	0.00252777469229	-0.00384773641771	0.00651947179424
-39	13	-20	0.00461063766918	-0.00370845764181	0.00601462511204
-37	13	-20	0.00665758093335	-0.00382413770256	0.00588281904538
-35	13	-20	0.00857143653944	-0.00421603725865	0.00617162854273
-33	13	-20	0.0102605171845	-0.00489052640611	0.00690836786408
-31	13	-20	0.0116426250051	-0.00583814811919	0.00809788150039
-29	13	-20	0.0126485310292	-0.00703366849799	0.00972157530302
-27	13	-20	0.0132248061748	-0.00843713420364	0.0117377540908
-25	13	-20	0.0133359254313	-0.00999588442327	0.0140832462578
-23	13	-20	0.0129656045624	-0.0116473943456	0.0166762134254
-21	13	-20	0.012117361007	-0.0133227652152	0.0194199703564
-19	13	-20	0.0108143164763	-0.0149506277098	0.0222075825083
-17	13	-20	0.0090982780635	-0.0164611946882	0.0249269695377
-15	13	-20	0.0070281485053	-0.0177901888588	0.0274662247252
-13	13	-20	0.00467772631546	-0.0188823814844	0.0297188626492
-11	13	-20	0.00213296491911	-0.0196945089452	0.0315887286411
-9	13	-20	-0.000511231334375	-0.0201973822141	0.032994340169
-7	13	-20	-0.0031545857841	-0.0203770659825	0.0338724778194
-5	13	-20	-0.00569530095991	-0.0202350741507	0.0341808969221
-3	13	-20	-0.0080340655939	-0.0197876009052	0.0339000850918
-1	13	-20	-0.0100780829322	-0.0190638757784	0.0330340416689
1	13	-20	-0.0117449702169	-0.0181037914729	0.0316100988757
3	13	-20	-0.0129663668876	-0.0169550002757	0.0296778394789
5	13	-20	-0.0136910832336	-0.0156697052585	0.027307191285
7	13	-20	-0.0138876246078	-0.0143013843346	0.0245857956524
9	13	-20	-0.0135459408967	-0.0129016783889	0.0216157571982
11	13	-20	-0.0126782777313	-0.0115176504241	0.0185098874583
13	13	-20	-0.0113190446084	-0.0101895836605	0.0153875590329
15	13	-20	-0.00952366397566	-0.00894943655226	0.0123702910119
17	13	-20	-0.00736642142475	-0.00782001621794	0.00957719273604
19	13	-20	-0.0049373963462	-0.00681487360356	0.00712040172775
21	13	-20	-0.00233861000004	-0.00593886848366	0.00510066222735
23	13	-20	0.000320420980376	-0.00518930434983	0.00360320143979
25	13	-20	0.00292749767471	-0.00455749573665	0.00269406870542
27	13	-20	0.00537266542956	-0.00403060597346	0.00241710528266
29	13	-20	0.00755299285451	-0.0035935829541	0.00279170622739
31	13	-20	0.00937695244832	-0.00323102433907	0.00381151848406
33	13	-20	0.0107681795796	-0.00292882058254	0.00544418929935
35	13	-20	0.0116684290295	-0.00267545228367	0.00763223634414
37	13	-20	0.0120396020299	-0.00246285481518	0.0102950569639
39	13	-20	0.0118647770665	-0.00228680470061	0.0133320318119
41	13	-20	0.0111482395932	-0.00214682528567	0.016626612129
43	13	-20	0.00991456426034	-0.0020456504226	0.0200512154341
45	13	-20	0.00820685389388	-0.00198832100512	0.0234726970797
47	13	-20	0.00608427893058	-0.00198101763117	0.0267581204839
49	13	-20	0.00361908719699	-0.00202975150216	0.0297805214887
51	13	-20	0.00089326615374	-0.0021390437766	0.0324243554511
53	13	-20	-0.00200496132515	-0.00231072073361	0.0345903307638
55	13	-20	-0.00498463906493	-0.00254293887208	0.0361993689686
57	13	-20	-0.00795543028004	-0.00282953186113	0.0371954868972
59	13	-20	-0.0108307004012	-0.00315974210896	0.0375474660362
61	13	-20	-0.013530238892	-0.00351836615496	0.0372492529302
63	13	-20	-0.0159825577309	-0.0038863079166	0.0363191154954
65	13	-20	-0.0181267303226	-0.00424149989768	0.0347976570929
67	13	-20	-0.0199137564655	-0.00456012247764	0.0327448571105
69	13	-20	-0.0213074560234	-0.00481802766527	0.0302363587053
71	13	-20	-0.0222849062856	-0.00499225797307	0.0273592578772
73	13	-20	-0.0228364464415	-0.00506254442169	0.024207661584
75	13	-20	-0.0229652783267	-0.00501267042834	0.0208782763849
77	13	-20	-0.0226866969219	-0.0048316000081	0.0174662650661
79	13	-20	-0.0220269881952	-0.00451428814082	0.0140615701843
81	13	-20	-0.0210220366089	-0.00406211654459	0.0107458547858
83	13	-20	-0.0197156903667	-0.0034829272225	0.00759015649834
85	13	-20	-0.0181579391173	-0.00279065654412	0.00465329654693
87	13	-20	-0.0164029657766	-0.0020046017972	0.00198103430587
89	13	-20	-0.0145071404439	-0.00114837779754	-0.000394085734528
91	13	-20	-0.0125270289634	-0.000248641361511	-0.00245228181469
93	13	-20	-0.0105174904326	0.000666325153417	-0.00418558799353
95	13	-20	-0.00852993601279	0.00156807419115	-0.00559653504427
97	13	-20	-0.00661081524804	0.00242940195951	-0.00669658362277
99	13	-20	-0.00480038568497	0.00322561958848	-0.00750442739878
-99	15	-20	0.00351099664802	-0.000502197757152	0.000457959804312
-97	15	-20	0.00489645638097	-0.000560393360257	0.000515925017893
-95	15	-20	0.00625691747923	-0.000679882666652	0.000662780063735
-93	15	-20	0.00753760947491	-0.000873141738391	0.000917390096995
-91	15	-20	0.00868231150767	-0.00115091953131	0.00129630240638
-89	15	-20	0.00963628825603	-0.00152122797309	0.001812284621
-87	15	-20	0.0103494303001	-0.00198835023595	0.00247287614692
-85	15	-20	0.0107794085047	-0.00255194563752	0.00327906283902
-83	15	-20	0.0108946333691	-0.00320633467795	0.00422419253464
-81	15	-20	0.0106768064361	-0.00394004648719	0.00529324797538
-79	15	-20	0.0101228633228	-0.00473570255288	0.00646258264277
-77	15	-20	0.0092461368834	-0.0055702947112	0.0077002037104
-75	15	-20	0.00807661316088	-0.00641589234951	0.00896665515199
-73	15	-20	0.00666020936658	-0.0072407846407	0.0102165144934
-71	15	-20	0.0050570681587	-0.00801103016329	0.0114004711662
-69	15	-20	0.003338931009	-0.00869235083742	0.0124679061513
-67	15	-20	0.00158571998347	-0.00925227258266	0.0133698454461
-65	15	-20	-0.000118483683134	-0.00966238458659	0.0140621180228
-63	15	-20	-0.0016898292704	-0.00990056565941	0.0145085164688
-61	15	-20	-0.00304918950585	-0.00995301262448	0.0146837390816
-59	15	-20	-0.00412648083896	-0.00981590423339	0.0145758886299
-57	15	-20	-0.00486454439455	-0.0094965460016	0.0141883169313
-55	15	-20	-0.00522234958927	-0.00901386685935	0.0135406360245
-53	15	-20	-0.00517732798979	-0.00839817663217	0.0126687646639
-51	15	-20	-0.00472670364696	-0.00769014192511	0.0116239402479
-49	15	-20	-0.00388775290412	-0.00693899370507	0.010470696826
-47	15	-20	-0.00269699602818	-0.00620003859705	0.00928388420401
-45	15	-20	-0.00120838939672	-0.005531602915	0.00814487546134
-43	15	-20	0.000509354650253	-0.00499158885938	0.00713717439548
-41	15	-20	0.0023761468922	-0.00463386153507	0.00634168498166
-39	15	-20	0.00430439437494	-0.00450470959188	0.00583193734981
-37	15	-20	0.0062031473353	-0.00463962859552	0.00566957595214
-35	15	-20	0.00798229991675	-0.00506066334541	0.00590040422573
-33	15	-20	0.00955663897537	-0.00577451351834	0.00655124677838
-31	15	-20	0.0108495607011	-0.00677155813374	0.00762783747933
-29	15	-20	0.0117963077873	-0.00802589184618	0.00911387403915
-27	15	-20	0.0123466166693	-0.00949639468961	0.010971302226
-25	15	-20	0.0124667013177	-0.0111287822334	0.0131418120725
-23	15	-20	0.0121405342395	-0.0128585111797	0.0155494507331
-21	15	-20	0.0113704146221	-0.0146143521257	0.0181041880666
-19	15	-20	0.0101768369508	-0.0163223917768	0.0207062165655
-17	15	-20	0.00859769099392	-0.0179101954358	0.02325073047
-15	15	-20	0.00668683675754	-0.0193108497153	0.0256329116343
-13	15	-20	0.00451210750069	-0.0204666159883	0.0277528519036
-11	15	-20	0.00215280208209	-0.0213319561445	0.0295201616671
-9	15	-20	-0.000303263375294	-0.0218757410758	0.0308580486386
-7	15	-20	-0.00276306390158	-0.0220825148035	0.0317066955439
-5	15	-20	-0.00513194042477	-0.0219527580478	0.0320258155065
-3	15	-20	-0.00731733167085	-0.0215021684525	0.0317963148422
-1	15	-20	-0.00923253756769	-0.0207600446886	0.0310210405691
1	15	-20	-0.0108003729708	-0.0197669227712	0.0297246310869
3	15	-20	-0.0119565585001	-0.0185716605382	0.0279525213032
5	15	-20	-0.0126526894902	-0.0172281970599	0.0257691774439
7	15	-20	-0.0128586270206	-0.0157922259651	0.023255652589
9	15	-20	-0.0125641685917	-0.0143180151132	0.0205065633268
11	15	-20	-0.0117798811329	-0.0128555810713	0.0176265931004
13	15	-20	-0.0105370153733	-0.0114483882152	0.0147266312881
15	15	-20	-0.00888646653099	-0.0101316927565	0.0119196609386
17	15	-20	-0.00689679896398	-0.00893159609659	0.00931651381935
19	15	-20	-0.004651408023	-0.00786481437629	0.00702161949951
21	15	-20	-0.00224494641094	-0.00693911656079	0.00512888495334
23	15	-20	0.000220809729724	-0.00615433597944	0.00371785100614
25	15	-20	0.00264144228058	-0.00550382324228	0.00285027940661
27	15	-20	0.00491448382095	-0.00497618415615	0.0025673265452
29	15	-20	0.00694387768714	-0.00455713580384	0.00288745401648
31	15	-20	0.00864407104863	-0.00423131731425	0.00380521003066
33	15	-20	0.0099435322716	-0.00398390794795	0.00529098775134
35	15	-20	0.0107875234316	-0.00380193193465	0.00729182689363
37	15	-20	0.0111400089132	-0.00367516430537	0.0097332747342
39	15	-20	0.0109846372679	-0.00359659158255	0.0125222648899
41	15	-20	0.0103247911648	-0.00356242225778	0.0155509108813
43	15	-20	0.00918275472575	-0.00357168120306	0.0187010515487
45	15	-20	0.00759809471911	-0.00362545654422	0.0218493321323
47	15	-20	0.0056253888446	-0.00372589460438	0.0248725633459
49	15	-20	0.00333145875403	-0.00387505650186	0.0276530753582
51	15	-20	0.000792276877805	-0.00407375783005	0.03008377725
53	15	-20	-0.00191028479099	-0.00432051033851	0.0320726465544
55	15	-20	-0.00469170735346	-0.00461067225441	0.0335464073907
57	15	-20	-0.00746794218181	-0.00493589313701	0.0344532070812
59	15	-20	-0.0101582805826	-0.00528391186109	0.0347641659885
61	15	-20	-0.0126878910341	-0.00563873484316	0.0344737483823
63	15	-20	-0.0149899657681	-0.00598118858542	0.0335989774914
65	15	-20	-0.0170074426055	-0.00628980870174	0.0321775894475
67	15	-20	-0.0186942881843	-0.00654199934447	0.0302652830138
69	15	-20	-0.0200163444683	-0.00671537456429	0.0279322702403
71	15	-20	-0.0209517518497	-0.00678917828794	0.0252593643458
73	15	-20	-0.021490969999	-0.00674567333619	0.0223338537143
75	15	-20	-0.0216364229722	-0.00657139255626	0.0192454050985
77	15	-20	-0.021401799168	-0.00625815630758	0.0160822167736
79	15	-20	-0.0208110406256	-0.00580377912898	0.0129276065541
81	15	-20	-0.0198970606636	-0.00521241275216	0.00985717430002
83	15	-20	-0.0187002343045	-0.00449450059849	0.00693662824801
85	15	-20	-0.0172667122155	-0.00366634814273	0.00422031364824
87	15	-20	-0.0156466154317	-0.00274934164716	0.00175043478935
89	15	-20	-0.0138921740789	-0.00176887252676	-0.000443079213622
91	15	-20	-0.0120558776098	-0.000753044125633	-0.00234214623562
93	15	-20	-0.0101887057353	0.000268749402702	-0.00393964352106
95	15	-20	-0.0083385074395	0.00126727686496	-0.00523817487403
97	15	-20	-0.00654858976183	0.00221486310747	-0.0062486086526
99	15	-20	-0.00485656836015	0.00308663689161	-0.00698849622256
-99	17	-20	0.00339631566248	-0.00065331916047	0.000432233012361
-97	17	-20	0.00466501539382	-0.000737087672751	0.000480498685125
-95	17	-20	0.00591031559288	-0.000882832894843	0.000610916979872
-93	17	-20	0.00708236239793	-0.00110254555543	0.000841193652572
-91	17	-20	0.00812998863447	-0.00140647012142	0.00118691667789
-89	17	-20	0.00900337991301	-0.001802120333	0.00166019425395
-87	17	-20	0.00965692642978	-0.00229331454037	0.00226830330144
-85	17	-20	0.0100520877759	-0.00287930752357	0.00301245064366
-83	17	-20	0.0101600811374	-0.0035541003972	0.0038867561804
-81	17	-20	0.00996419975472	-0.00430600895561	0.00487756639836
-79	17	-20	0.00946157979288	-0.00511756255511	0.0059631964018
-77	17	-20	0.00866426000134	-0.00596579004422	0.00711417891322
-75	17	-20	0.00759941854045	-0.00682292666768	0.00829406983348
-73	17	-20	0.00630872263262	-0.00765754730902	0.00946082331734
-71	17	-20	0.00484678562942	-0.0084360986168	0.0105687071476
-69	17	-20	0.00327878818354	-0.00912476781406	0.0115706844824
-67	17	-20	0.00167738051541	-0.00969159211741	0.0124211443792
-65	17	-20	0.000119036286922	-0.0101086827447	0.0130788247196
-63	17	-20	-0.00131992919247	-0.0103544145092	0.0135097410753
-61	17	-20	-0.00256743644018	-0.0104154187233	0.0136899170389
-59	17	-20	-0.00355956505051	-0.0102882157077	0.0136077081943
-57	17	-20	-0.00424408113691	-0.00998033491714	0.0132655247095
-55	17	-20	-0.00458335325376	-0.00951079576488	0.0126807866796
-53	17	-20	-0.00455648228534	-0.00890985972117	0.0118859905553
-51	17	-20	-0.00416052379551	-0.00821801202417	0.0109278215819
-49	17	-20	-0.00341074165976	-0.00748418616087	0.00986531219542
-47	17	-20	-0.00233989445795	-0.00676330205691	0.00876711487513
-45	17	-20	-0.000996616075268	-0.00611324501948	0.00770802456999
-43	17	-20	0.000556995311537	-0.00559146210725	0.00676494497294
-41	17	-20	0.00224842386333	-0.0052513912325	0.00601253951399
-39	17	-20	0.00399823387483	-0.00513896211188	0.00551883782007
-37	17	-20	0.00572382029962	-0.00528941444769	0.00534107872224
-35	17	-20	0.00734321372326	-0.00572466610859	0.00552206049845
-33	17	-20	0.00877875422897	-0.00645143283567	0.00608723851635
-31	17	-20	0.00996047131809	-0.00746025299659	0.0070427621314
-29	17	-20	0.0108290365464	-0.0087255095306	0.00837458048518
-27	17	-20	0.0113381883945	-0.0102064711072	0.0100486758062
-25	17	-20	0.0114565618795	-0.0118493011731	0.0120124087091
-23	17	-20	0.0111688858701	-0.0135899128943	0.0141968887397
-21	17	-20	0.0104765371582	-0.0153574857923	0.0165202205318
-19	17	-20	0.00939746118173	-0.0170784112634	0.0188914260154
-17	17	-20	0.00796548499305	-0.0186804031775	0.021214809386
-15	17	-20	0.00622905953075	-0.0200964989101	0.0233945156762
-13	17	-20	0.0042494769723	-0.0212686863049	0.0253390357101
-11	17	-20	0.00209861667205	-0.0221509222186	0.0269654283577
-9	17	-20	-0.000143718442787	-0.0227113558319	0.0282030623687
-7	17	-20	-0.00239280291639	-0.0229336307268	0.0289967207717
-5	17	-20	-0.00456224252756	-0.0228172086977	0.0293089565304
-3	17	-20	-0.00656738134309	-0.0223767296689	0.0291216345756
-1	17	-20	-0.0083287469856	-0.0216404901533	0.0284366387186
1	17	-20	-0.00977540433213	-0.020648182084	0.0272757594563
3	17	-20	-0.0108480764554	-0.0194480801576	0.025679808603
5	17	-20	-0.0115018860404	-0.0180938958721	0.0237070285413
7	17	-20	-0.0117085730523	-0.0166415285474	0.0214308783571
9	17	-20	-0.0114580568081	-0.0151459376499	0.0189372877444
11	17	-20	-0.0107592336139	-0.0136583380883	0.0163214744522
13	17	-20	-0.00963993445304	-0.012223883482	0.013684424413
15	17	-20	-0.008146009352	-0.0108799554137	0.0111291374931
17	17	-20	-0.00633955336812	-0.00965512366778	0.00875674731988
19	17	-20	-0.00429634012794	-0.00856878798637	0.00666263129536
21	17	-20	-0.00210257840027	-0.0076314603115	0.00493263609901
23	17	-20	0.000148848894824	-0.00684560169451	0.00363955319542
25	17	-20	0.00236246946437	-0.00620689311045	0.00283998585643
27	17	-20	0.00444441474521	-0.00570579638873	0.00257175134754
29	17	-20	0.0063064989177	-0.00532925135753	0.0028519566272
31	17	-20	0.00786996991495	-0.00506235800801	0.00367587104715
33	17	-20	0.00906874175057	-0.00488990692962	0.00501669388083
35	17	-20	0.00985195341718	-0.00479764553105	0.00682627798405
37	17	-20	0.0101857450568	-0.00477319909346	0.00903682478124
39	17	-20	0.0100541931272	-0.00480660157018	0.0115635126748
41	17	-20	0.00945939858714	-0.00489042817384	0.0143079646329
43	17	-20	0.00842077149223	-0.00501955719908	0.017162405656
45	17	-20	0.00697359814992	-0.00519061954609	0.0200143119193
47	17	-20	0.00516701029748	-0.00540121884814	0.0227513152987
49	17	-20	0.00306149791549	-0.00564902138573	0.0252661036481
51	17	-20	0.000726117727528	-0.00593082220425	0.0274610513561
53	17	-20	-0.00176445123151	-0.00624169187056	0.0292523275857
55	17	-20	-0.00433286379716	-0.0065742976374	0.0305732606955
57	17	-20	-0.00690195288674	-0.00691847459757	0.0313767844836
59	17	-20	-0.00939736009634	-0.00726109839599	0.0316368513986
61	17	-20	-0.0117498750618	-0.00758628331362	0.0313487649169
63	17	-20	-0.0138974295436	-0.0078759003593	0.0305284524356
65	17	-20	-0.0157867134774	-0.00811038177723	0.0292107657091
67	17	-20	-0.0173743980345	-0.00826975334773	0.0274469529381
69	17	-20	-0.018627964589	-0.0083348159853	0.0253014909206
71	17	-20	-0.0195261485927	-0.0082883849377	0.0228484942844
73	17	-20	-0.0200590144105	-0.00811648932438	0.0201679303675
75	17	-20	-0.0202276821889	-0.00780943715529	0.0173418629902
77	17	-20	-0.0200437319137	-0.00736266102424	0.0144509278033
79	17	-20	-0.0195283139225	-0.00677727643501	0.0115712089553
81	17	-20	-0.0187109999511	-0.00606030671782	0.00877164516881
83	17	-20	-0.0176284145527	-0.00522455384133	0.00611204704928
85	17	-20	-0.0163226932703	-0.00428812099241	0.00364176065717
87	17	-20	-0.0148398206819	-0.00327361839491	0.00139896874408
89	17	-20	-0.0132279075264	-0.0022071064149	-0.000589416417215
91	17	-20	-0.0115354705627	-0.00111684781039	-0.00230734390388
93	17	-20	-0.00980978066701	-3.19527390756e-05	-0.00374879388089
95	17	-20	-0.00809534318384	0.0010189948898	-0.00491663174302
97	17	-20	-0.00643256928751	0.00200924307037	-0.0058212537636
99	17	-20	-0.00485668807654	0.00291503108954	-0.00647912544957
-99	19	-20	0.0032608103576	-0.000784797316876	0.000398382431277
-97	19	-20	0.00439826663798	-0.000892167914353	0.000441286797198
-95	19	-20	0.00551388415606	-0.00105995807618	0.000558132258081
-93	19	-20	0.00656327322399	-0.0012992070362	0.000764926472772
-91	19	-20	0.00750089436279	-0.00161925108138	0.0010757865729
-89	19	-20	0.00828242686603	-0.00202680197694	0.00150171269589
-87	19	-20	0.00886730192139	-0.00252504619732	0.00204937009302
-85	19	-20	0.00922124705133	-0.00311283699675	0.00271997164118
-83	19	-20	0.00931867361463	-0.00378405593044	0.00350835901625
-81	19	-20	0.00914473598496	-0.00452721922204	0.00440237994307
-79	19	-20	0.00869690102005	-0.00532539656607	0.00538264984312
-77	19	-20	0.00798588969409	-0.00615649525441	0.0064227685086
-75	19	-20	0.00703588823966	-0.0069939412255	0.00749003654809
-73	19	-20	0.00588397163066	-0.00780776171165	0.00854668348853
-71	19	-20	0.00457873451372	-0.00856604321797	0.0095515815867
-69	19	-20	0.00317817977991	-0.00923670579962	0.0104623792987
-67	19	-20	0.00174696846137	-0.00978950265269	0.0112379491798
-65	19	-20	0.000353182120105	-0.0101981257771	0.0118410101987
-63	19	-20	-0.000935213649111	-0.0104422767828	0.0122407574532
-61	19	-20	-0.00205399178199	-0.0105095493856	0.0124153160944
-59	19	-20	-0.00294615073144	-0.0103969688028	0.0123538332203
-57	19	-20	-0.00356505157927	-0.0101120443477	0.0120580329263
-55	19	-20	-0.00387701386955	-0.00967321523768	0.0115430857501
-53	19	-20	-0.00386321523578	-0.00910960510415	0.0108376832709
-51	19	-20	-0.0035207868241	-0.00846004588727	0.00998325923032
-49	19	-20	-0.00286304992452	-0.00777138368256	0.00903235667472
-47	19	-20	-0.00191889468795	-0.00709613380483	0.00804620191036
-45	19	-20	-0.000731354888688	-0.00648960546076	0.00709160561579
-43	19	-20	0.000644520637292	-0.00600666343136	0.00623736433451
-41	19	-20	0.00214436222661	-0.00569833077551	0.00555037722829
-39	19	-20	0.00369757644554	-0.00560845915923	0.00509171969368
-37	19	-20	0.00523067069481	-0.00577069940882	0.00491292472139
-35	19	-20	0.00667063014712	-0.00620599301883	0.00505271366435
-33	19	-20	0.00794818294176	-0.00692077585273	0.00553439091533
-31	19	-20	0.009000809494	-0.00790603992534	0.00636407398035
-29	19	-20	0.00977537766495	-0.00913734115406	0.00752987503992
-27	19	-20	0.010230314358	-0.0105757746965	0.00900208683818
-25	19	-20	0.0103372530205	-0.0121698701676	0.0107343597717
-23	19	-20	0.0100821231994	-0.0138582922305	0.012665793634
-21	19	-20	0.00946567112703	-0.0155731732383	0.0147238115091
-19	19	-20	0.00850341855497	-0.0172438586112	0.0168276388656
-17	19	-20	0.00722508081982	-0.0188008162409	0.0188921808629
-15	19	-20	0.00567347524829	-0.0201794508027	0.0208320766903
-13	19	-20	0.00390295882564	-0.0213235731783	0.0225657113815
-11	19	-20	0.001977441112	-0.0221883033227	0.0240189815119
-9	19	-20	-3.19738597527e-05	-0.0227422293404	0.0251286388653
-7	19	-20	-0.00204965347454	-0.0229687024045	0.0258450720921
-5	19	-20	-0.00399833530141	-0.0228662116301	0.0261344267175
-3	19	-20	-0.00580217025852	-0.0224478497406	0.02598000482
-1	19	-20	-0.00738980731328	-0.0217399439393	0.0253829239569
1	19	-20	-0.00869740335174	-0.0207799818688	0.0243620479868
3	19	-20	-0.00967143136419	-0.019614005808	0.0229532288323
5	19	-20	-0.0102711548844	-0.0182936764247	0.0212079175621
7	19	-20	-0.010470638742	-0.0168732189557	0.0191912160619
9	19	-20	-0.0102601771583	-0.0154064595784	0.0169794484079
11	19	-20	-0.00964704073303	-0.0139441392964	0.0146573357275
13	19	-20	-0.00865547363855	-0.0125316594211	0.0123148618037
15	19	-20	-0.00732590998535	-0.0112073701109	0.0100439206491
17	19	-20	-0.00571342149577	-0.0100014654137	0.00793484286353
19	19	-20	-0.00388545415744	-0.00893549899597	0.00607290510217
21	19	-20	-0.00191895578101	-0.0080224881956	0.00453493584806
23	19	-20	0.000102964400888	-0.00726753366357	0.00338613947968
25	19	-20	0.00209467224877	-0.00666885035477	0.00267726730847
27	19	-20	0.00397175008498	-0.00621908478192	0.00244226643998
29	19	-20	0.00565464533193	-0.0059067840491	0.00269653264678
31	19	-20	0.0070720362134	-0.00571788406681	0.00343588003044
33	19	-20	0.00816374474103	-0.00563709647845	0.0046363169897
35	19	-20	0.00888305884616	-0.00564909444555	0.00625468487068
37	19	-20	0.00919836554151	-0.00573942427844	0.00823017382708
39	19	-20	0.00909404190565	-0.00589510039347	0.0104866822388
41	19	-20	0.00857059667873	-0.00610487257966	0.0129359349231
43	19	-20	0.00764409864181	-0.00635918454108	0.0154812254378
45	19	-20	0.0063449654988	-0.00664986891272	0.018021603422
47	19	-20	0.00471621623888	-0.00696964462585	0.0204562933735
49	19	-20	0.00281130945041	-0.00731149634794	0.0226891100803
51	19	-20	0.000691699357861	-0.00766802204449	0.0246326305929
53	19	-20	-0.00157575896283	-0.00803083340058	0.0262118942439
55	19	-20	-0.00392143225246	-0.00839008535997	0.0273674303465
57	19	-20	-0.00627545138671	-0.00873419635739	0.0280574558625
59	19	-20	-0.00857008369052	-0.00904980132725	0.0282591391928
61	19	-20	-0.0107418657404	-0.00932195697161	0.0279688869549
63	19	-20	-0.0127334468251	-0.00953459495116	0.0272016732391
65	19	-20	-0.0144951108957	-0.00967119556263	0.0259894903201
67	19	-20	-0.0159859595437	-0.00971563393107	0.0243790515286
69	19	-20	-0.0171747499807	-0.00965313439697	0.0224289171228
71	19	-20	-0.0180403904273	-0.00947125789017	0.0202062399382
73	19	-20	-0.0185721014318	-0.00916084248616	0.0177833380502
75	19	-20	-0.0187692563589	-0.00871681935604	0.0152342968445
77	19	-20	-0.0186409185941	-0.00813883473358	0.0126317842093
79	19	-20	-0.0182050976925	-0.00743162259401	0.0100442326355
81	19	-20	-0.0174877522937	-0.00660509126972	0.00753350415472
83	19	-20	-0.0165215742362	-0.00567410865781	0.00515311197344
85	19	-20	-0.0153445956587	-0.00465799321327	0.00294703010404
87	19	-20	-0.0139986683406	-0.00357973970697	0.000949082590077
89	19	-20	-0.0125278712244	-0.0024650279886	-0.000817130181789
91	19	-20	-0.0109769070135	-0.00134107820314	-0.00233783719234
93	19	-20	-0.00938955102544	-0.000235425919682	-0.0036083217091
95	19	-20	-0.0078072144135	0.000825305231747	-0.00463186201001
97	19	-20	-0.0062676790616	0.00181655770387	-0.0054184858692
99	19	-20	-0.00480405293941	0.00271685277737	-0.00598363129111
-99	21	-20	0.00310832820287	-0.000896041901825	0.000357814426612
-97	21	-20	0.00410451432758	-0.00102457769319	0.000399252932812
-95	21	-20	0.00508036372601	-0.00120998424396	0.00050529487996
-93	21	-20	0.00599731779032	-0.00146195488842	0.000689811681221
-91	21	-20	0.00681585128051	-0.00178857892527	0.000965030545453
-89	21	-20	0.00749752525823	-0.00219551500494	0.00134047210279
-87	21	-20	0.00800718175783	-0.00268518574273	0.00182189544791
-85	21	-20	0.00831514753132	-0.00325605845663	0.00241033005824
-83	21	-20	0.00839930120887	-0.00390208100187	0.00310127961345
-81	21	-20	0.00824685551247	-0.0046123405278	0.0038841820222
-79	21	-20	0.00785571481563	-0.00537100589408	0.00474220210506
-77	21	-20	0.00723528847588	-0.0061576011712	0.00565241808925
-75	21	-20	0.00640667107845	-0.00694763838433	0.00658644069033
-73	21	-20	0.00540214011057	-0.00771361329605	0.00751147514146
-71	21	-20	0.00426396685025	-0.00842634001888	0.00839180381439
-69	21	-20	0.00304258395299	-0.00905657058337	0.00919063239202
-67	21	-20	0.00179419954413	-0.00957681665037	0.00987220866908
-65	21	-20	0.000577988747951	-0.00996326495836	0.010404092965
-63	21	-20	-0.000546973973602	-0.0101976584458	0.0107594357752
-61	21	-20	-0.00152485733487	-0.0102690036421	0.0109191042775
-59	21	-20	-0.00230609860196	-0.0101749637293	0.0108734966508
-57	21	-20	-0.00285012618205	-0.00992280675742	0.0106238930127
-55	21	-20	-0.0031276135842	-0.00952980006221	0.0101832142595
-53	21	-20	-0.00312213046985	-0.00902297418018	0.00957609421859
-51	21	-20	-0.00283109711892	-0.00843822065313	0.00883821421088
-49	21	-20	-0.00226599485097	-0.00781873530566	0.00801489931455
-47	21	-20	-0.00145183293103	-0.00721286834283	0.00715902853909
-45	21	-20	-0.000425918414447	-0.00667149096406	0.00632836253287
-43	21	-20	0.000763984237313	-0.00624503098877	0.00558243810356
-41	21	-20	0.00206198490691	-0.00598036334165	0.00497921480385
-39	21	-20	0.00340675026341	-0.00591776185695	0.00457168192737
-37	21	-20	0.00473438544805	-0.00608812438133	0.00440464231267
-35	21	-20	0.00598136356101	-0.00651067243381	0.004511881469
-33	21	-20	0.00708736107121	-0.0071912999336	0.0049139071916
-31	21	-20	0.00799787441384	-0.00812170434193	0.0056164078401
-29	21	-20	0.00866651530554	-0.00927938089477	0.00660952980814
-27	21	-20	0.00905690708307	-0.0106285004176	0.00786802030973
-25	21	-20	0.00914412921092	-0.0121216282472	0.00935222487512
-23	21	-20	0.00891567999874	-0.013702181102	0.0110098744161
-21	21	-20	0.00837194715198	-0.0153074652967	0.0127785485937
-19	21	-20	0.00752619142501	-0.0168720978609	0.01458866399
-17	21	-20	0.00640406046532	-0.0183315853151	0.0163668097053
-15	21	-20	0.00504265866705	-0.0196258252158	0.0180392407137
-13	21	-20	0.00348920565947	-0.0207023037555	0.019535340544
-11	21	-20	0.0017993222831	-0.0215187878501	0.0207908783604
-9	21	-20	3.49898041937e-05	-0.0220453499578	0.0217509090104
-7	21	-20	-0.00173776341012	-0.0222656148572	0.0223721951288
-5	21	-20	-0.00345138312451	-0.0221771754071	0.0226250646422
-3	21	-20	-0.00503944168239	-0.0217911840825	0.0224946517667
-1	21	-20	-0.00643933220151	-0.0211311840018	0.0219815020444
1	21	-20	-0.00759490306898	-0.0202312928144	0.0211015499929
3	21	-20	-0.00845892195751	-0.0191338915765	0.0198855003475
5	21	-20	-0.00899525388257	-0.0178869960824	0.0183776603621
7	21	-20	-0.0091806395294	-0.0165414987527	0.0166342817683
9	21	-20	-0.00900596951166	-0.0151484651348	0.0147214780254
11	21	-20	-0.00847696797631	-0.013756651595	0.0127127870216
13	21	-20	-0.00761422476993	-0.0124103821626	0.010686453126
15	21	-20	-0.00645254802845	-0.0111478857808	0.0087225068418
17	21	-20	-0.00503964648753	-0.0100001539274	0.00689972620335
19	21	-20	-0.00343419028761	-0.00899033630654	0.00529257166749
21	21	-20	-0.00170333740516	-0.00813365248073	0.00396819499229
23	21	-20	8.01531688757e-05	-0.00743776282247	0.00298363115639
25	21	-20	0.00184107374451	-0.00690351525655	0.0023832888854
27	21	-20	0.00350502108633	-0.00652596634243	0.00219685767854
29	21	-20	0.00500158012367	-0.00629556688222	0.00243774528687
31	21	-20	0.00626727407709	-0.00619940317902	0.00310214770885
33	21	-20	0.00724813418154	-0.00622239435123	0.0041688329859
35	21	-20	0.00790176907796	-0.00634836220747	0.00559969040389
37	21	-20	0.00819884796318	-0.00656091119931	0.00734105921665
39	21	-20	0.00812394972474	-0.00684407979817	0.0093258078503
41	21	-20	0.00767576929609	-0.00718274917656	0.0114760887733
43	21	-20	0.00686670921139	-0.00756281834638	0.0137066495105
45	21	-20	0.00572191610534	-0.0079711752228	0.0159285405721
47	21	-20	0.00427784665752	-0.00839550911143	0.0180530301365
49	21	-20	0.00258046403246	-0.00882402094759	0.0199955163332
51	21	-20	0.000683173922541	-0.00924509278304	0.0216792231469
53	21	-20	-0.00135539058682	-0.0096469774865	0.0230384762741
55	21	-20	-0.00347363269178	-0.0100175637759	0.0240213803229
57	21	-20	-0.00560921299476	-0.0103442612643	0.024591756787
59	21	-20	-0.00770115155857	-0.0106140362028	0.0247302502849
61	21	-20	-0.00969175005581	-0.0108136122762	0.0244345647502
63	21	-20	-0.01152828835	-0.0109298335304	0.0237188471779
65	21	-20	-0.013164463312	-0.0109501696738	0.0226122896748
67	21	-20	-0.0145615487784	-0.0108633289693	0.0211570667739
69	21	-20	-0.0156892641876	-0.0106599319078	0.0194057608621
71	21	-20	-0.0165263459267	-0.0103331908068	0.0174184517484
73	21	-20	-0.0170608204838	-0.00987953706454	0.0152596557528
75	21	-20	-0.0172899829645	-0.00929913931396	0.0129952953365
77	21	-20	-0.0172200892241	-0.00859626207296	0.010689863543
79	21	-20	-0.0168657754235	-0.00777942516318	0.00840392066316
81	21	-20	-0.016249225568	-0.00686133832612	0.00619202655491
83	21	-20	-0.0153991154787	-0.00585860193391	0.00410117426545
85	21	-20	-0.0143493702655	-0.00479118211523	0.00216975235474
87	21	-20	-0.013137780978	-0.00368168554508	0.000427027623733
89	21	-20	-0.0118045337811	-0.00255447417408	-0.00110689072663
91	21	-20	-0.0103907107445	-0.00143467205854	-0.0024206684084
93	21	-20	-0.00893682426023	-0.000347124240394	-0.00351102398182
95	21	-20	-0.00748144654559	0.000684629273937	-0.00438175498609
97	21	-20	-0.00605999132632	0.00163930314507	-0.00504260098434
99	21	-20	-0.00470369669412	0.00249868501031	-0.00550802719361
-99	23	-20	0.00294304480534	-0.000987167031925	0.000312107003435
-97	23	-20	0.00379270911403	-0.00113402819716	0.000355309952505
-95	23	-20	0.00462346559981	-0.00133255907187	0.000453045737715
-93	23	-20	0.00540276168353	-0.00159080384482	0.000616731969933
-91	23	-20	0.0060972733598	-0.00191534779109	0.000856398691104
-89	23	-20	0.00667463454022	-0.0023106107914	0.00117981021716
-87	23	-20	0.00710528443678	-0.00277816195321	0.00159159390779
-85	23	-20	0.00736432136464	-0.00331611113845	0.00209244155026
-83	23	-20	0.00743324042789	-0.00391863664497	0.00267845363637
-81	23	-20	0.00730143028963	-0.00457570724465	0.0033406962065
-79	23	-20	0.00696731152013	-0.00527305062027	0.00406503343127
-77	23	-20	0.0064390159699	-0.00599240871848	0.0048322864472
-75	23	-20	0.00573453247115	-0.00671210387047	0.00561875044815
-73	23	-20	0.00488127733064	-0.00740791845931	0.00639707852299
-71	23	-20	0.00391508619306	-0.00805426668425	0.00713751365842
-69	23	-20	0.0028786640261	-0.00862561129718	0.00780942161989
-67	23	-20	0.00181956899683	-0.00909805313136	0.00838304937696
-65	23	-20	0.000787840649954	-0.00945099906942	0.00883140882549
-63	23	-20	-0.000166589870391	-0.00966879707289	0.00913216621614
-61	23	-20	-0.000996552150356	-0.00974221706946	0.00926940609103
-59	23	-20	-0.00166018953446	-0.00966965548188	0.00923513631846
-57	23	-20	-0.00212325634477	-0.00945794996548	0.00903040895713
-55	23	-20	-0.00236101947515	-0.00912270969076	0.00866595028058
-53	23	-20	-0.00235965114296	-0.00868809457471	0.00816222153629
-51	23	-20	-0.00211703380495	-0.00818601264697	0.00754886817557
-49	23	-20	-0.00164293719331	-0.00765474583447	0.00686355684459
-47	23	-20	-0.000958567875006	-0.00713705780548	0.00615024323394
-45	23	-20	-9.55304441173e-05	-0.00667787965328	0.00545695645629
-43	23	-20	0.00090572651205	-0.00632170652327	0.00483322342922
-41	23	-20	0.00199787953392	-0.00610986739484	0.00432728654102
-39	23	-20	0.00312899597229	-0.00607784825014	0.00398328702699
-37	23	-20	0.00424496861778	-0.00625285374455	0.00383859319769
-35	23	-20	0.00529199165202	-0.00665178323522	0.0039214462029
-33	23	-20	0.00621895833157	-0.00727977380979	0.0042490767799
-31	23	-20	0.00697967522779	-0.00812942718946	0.00482641592713
-29	23	-20	0.00753480656158	-0.0091807915957	0.00564548314282
-27	23	-20	0.00785348299254	-0.0104021173394	0.0066854909915
-25	23	-20	0.00791453008573	-0.0117513501344	0.00791365796359
-23	23	-20	0.00770729089851	-0.0131782733568	0.00928667660966
-21	23	-20	0.0072320335571	-0.01462716396	0.0107527442234
-19	23	-20	0.00649994780928	-0.0160397903099	0.0122540317816
-17	23	-20	0.00553274444522	-0.0173585567647	0.0137294454356
-15	23	-20	0.00436187880303	-0.0185295912233	0.0151175245875
-13	23	-20	0.0030274253063	-0.0195055786562	0.0163593214063
-11	23	-20	0.00157663525409	-0.0202481650307	0.0174011174934
-9	23	-20	6.22159531045e-05	-0.0207297900609	0.0181968524068
-7	23	-20	-0.00145962349425	-0.0209348507977	0.0187101634594
-5	23	-20	-0.00293130555144	-0.0208601474657	0.0189159639226
-3	23	-20	-0.00429613227568	-0.0205146140021	0.0188015148557
-1	23	-20	-0.00550057263173	-0.0199183843329	0.0183669719816
1	23	-20	-0.0064965034784	-0.0191012877809	0.0176254116552
3	23	-20	-0.00724331062069	-0.0181009001106	0.0166023580884
5	23	-20	-0.00770975223119	-0.0169602984791	0.0153348474304
7	23	-20	-0.00787548826005	-0.0157256779756	0.0138700735823
9	23	-20	-0.0077321872736	-0.0144439845956	0.012263666819
11	23	-20	-0.00728413698337	-0.013160705537	0.0105776607443
13	23	-20	-0.00654830631124	-0.0119179346108	0.00887820721919
15	23	-20	-0.00555383416589	-0.0107528009149	0.00723310379513
17	23	-20	-0.00434095144625	-0.00969631565583	0.00570920454825
19	23	-20	-0.00295937583278	-0.00877265806943	0.00436979308423
21	23	-20	-0.00146625103089	-0.00799888953539	0.0032720052639
23	23	-20	7.62694157316e-05	-0.00738505747118	0.00246439765559
25	23	-20	0.00160367129912	-0.00693462912537	0.00198476417352
27	23	-20	0.00305182523884	-0.0066451809584	0.00185830591606
29	23	-20	0.00435968693867	-0.00650926220966	0.00209625605458
31	23	-20	0.0054718154956	-0.00651535117093	0.00269505129711
33	23	-20	0.00634058708938	-0.00664882875818	0.00363612316251
35	23	-20	0.00692800326039	-0.00689290494861	0.00488635609618
37	23	-20	0.00720702065891	-0.00722944804931	0.00639922632764
39	23	-20	0.00716236012926	-0.00763968303089	0.00811659723403
41	23	-20	0.00679078461703	-0.0081047417956	0.0099711065376
43	23	-20	0.00610086510961	-0.00860606392166	0.0118890411837
45	23	-20	0.0051122794708	-0.00912566004608	0.0137935606826
47	23	-20	0.00385470901908	-0.00964626081274	0.0156081023698
49	23	-20	0.00236641114211	-0.010151381719	0.017259785234
51	23	-20	0.000692552990063	-0.0106253380302	0.0186826246195
53	23	-20	-0.00111660811939	-0.0110532442485	0.0198203791009
55	23	-20	-0.00300761644379	-0.0114210296995	0.0206288727884
57	23	-20	-0.00492570871275	-0.0117154961035	0.021077669726
59	23	-20	-0.00681664142901	-0.0119244351465	0.0211510192709
61	23	-20	-0.00862840269149	-0.0120368147673	0.0208480389932
63	23	-20	-0.0103127669491	-0.0120430329306	0.0201821508252
65	23	-20	-0.011826660006	-0.0119352278645	0.0191798329575
67	23	-20	-0.0131333087896	-0.0117076249037	0.0178787906797
69	23	-20	-0.0142031559594	-0.0113568929209	0.0163256809705
71	23	-20	-0.015014523841	-0.0108824784849	0.0145735460737
73	23	-20	-0.015554016113	-0.0102868837919	0.012679119529
75	23	-20	-0.0158166499071	-0.00957585536092	0.0107001642575
77	23	-20	-0.0158057161954	-0.00875845446523	0.00869298747264
79	23	-20	-0.0155323729635	-0.00784698707668	0.00671025340904
81	23	-20	-0.0150149838451	-0.00685678023872	0.00479918475289
83	23	-20	-0.0142782243585	-0.00580580256009	0.00300021015898
85	23	-20	-0.0133519880834	-0.00471413806071	0.00134608130017
87	23	-20	-0.0122701351602	-0.00360333393347	-0.000138548797871
89	23	-20	-0.0110691344036	-0.0024956529272	-0.00143712163682
91	23	-20	-0.00978665706721	-0.00141326910639	-0.00254080009879
93	23	-20	-0.00846018398473	-0.000377450972369	-0.00344779744927
95	23	-20	-0.00712568783875	0.000592222146176	-0.00416248710148
97	23	-20	-0.00581644837081	0.00147856609738	-0.00469437267562
99	23	-20	-0.00456205058246	0.00226738090629	-0.00505699325416
-99	25	-20	0.00276928487697	-0.00105890313032	0.000262934148012
-97	25	-20	0.00347203308894	-0.00122092461328	0.000310305900028
-95	25	-20	0.0041572203837	-0.00142816713583	0.000401822812506
-93	25	-20	0.00479828121737	-0.00168682657483	0.00054626396042
-91	25	-20	0.00536807791822	-0.00200182003629	0.000751278832167
-89	25	-20	0.00584030866186	-0.00237621672864	0.00102270432892
-87	25	-20	0.00619100972878	-0.00281068932895	0.00136388874
-85	25	-20	0.00640006127992	-0.00330303120112	0.00177507387838
-83	25	-20	0.00645259703868	-0.00384778755211	0.00225289010877
-81	25	-20	0.00634021645028	-0.00443604769456	0.00279001850256
-79	25	-20	0.00606190384067	-0.00505544049851	0.00337506925763
-77	25	-20	0.0056245729071	-0.0056903656553	0.0039927156276
-75	25	-20	0.00504317593126	-0.00632247971258	0.00462410813394
-73	25	-20	0.00434034411293	-0.00693143856543	0.00524757545901
-71	25	-20	0.00354555647214	-0.00749587822014	0.00583959725402
-69	25	-20	0.00269386749755	-0.00799459458149	0.00637601164944
-67	25	-20	0.00182425551494	-0.00840786244516	0.00683339831608
-65	25	-20	0.000977681982876	-0.0087188156635	0.00719055843143
-63	25	-20	0.000194974199563	-0.00891479646565	0.00742999776609
-61	25	-20	-0.000485341700275	-0.00898857384478	0.00753931001825
-59	25	-20	-0.00102912533305	-0.00893933011946	0.00751235579417
-57	25	-20	-0.00140849649101	-0.0087733220517	0.00735013901424
-55	25	-20	-0.00160338529616	-0.00850413842984	0.00706129710433
-53	25	-20	-0.0016026657067	-0.00815249924268	0.00666214347575
-51	25	-20	-0.00140480795992	-0.00774557118117	0.00617622915569
-49	25	-20	-0.00101801735954	-0.00731580822804	0.00563342302355
-47	25	-20	-0.000459859865848	-0.00689936200798	0.00506854447786
-45	25	-20	0.000243593422633	-0.00653414149553	0.00451961576763
-43	25	-20	0.00105904299515	-0.00625763263279	0.00402583090281
-41	25	-20	0.00194757689839	-0.00610461257686	0.00362536146897
-39	25	-20	0.00286652896195	-0.00610490829562	0.00335313473633
-37	25	-20	0.00377147487082	-0.00628135335752	0.00323872477535
-35	25	-20	0.00461826168008	-0.00664808918313	0.00330449229357
-33	25	-20	0.00536497295332	-0.00720933789492	0.00356409390226
-31	25	-20	0.00597374350742	-0.00795874437806	0.00402145768861
-29	25	-20	0.00641235306799	-0.00887934734831	0.00467029125151
-27	25	-20	0.00665554518065	-0.00994419598672	0.00549415327916
-25	25	-20	0.00668603479543	-0.0111175834491	0.00646708316186
-23	25	-20	0.00649518366223	-0.012356824927	0.00755474796151
-21	25	-20	0.00608333610315	-0.013614469461	0.00871603499898
-19	25	-20	0.00545981843669	-0.0148408045091	0.00990499359736
-17	25	-20	0.00464261339929	-0.015986492753	0.0110730126872
-15	25	-20	0.00365772685664	-0.0170051732714	0.0121711127976
-13	25	-20	0.00253826872825	-0.017855864446	0.0131522313546
-11	25	-20	0.00132327429552	-0.0185050231184	0.0139733883388
-9	25	-20	5.62967904745e-05	-0.0189281419356	0.0145976337444
-7	25	-20	-0.00121619200715	-0.01911080198	0.0149956970271
-5	25	-20	-0.00244654924887	-0.0190491376084	0.015147279734
-3	25	-20	-0.00358780430983	-0.0187497115484	0.015041953772
-1	25	-20	-0.00459553677153	-0.0182288373919	0.0146796475593
1	25	-20	-0.00542971962744	-0.0175114207054	0.0140707193893
3	25	-20	-0.00605645169448	-0.0166294166536	0.0132356310617
5	25	-20	-0.00644949980545	-0.0156200197194	0.0122042451459
7	25	-20	-0.00659157230723	-0.0145237090784	0.0110147766375
9	25	-20	-0.00647525158491	-0.0133822716344	0.00971243512537
11	25	-20	-0.00610352517025	-0.0122369146219	0.00834779800511
13	25	-20	-0.00548987227711	-0.0111265626661	0.00697495982455
15	25	-20	-0.0046578845128	-0.0100864123274	0.00564950836945
17	25	-20	-0.0036404246411	-0.00914679271983	0.00442638502957
19	25	-20	-0.00247835376426	-0.00833235601376	0.00335769523064
21	25	-20	-0.00121888302713	-0.00766159851962	0.00249054363476
23	25	-20	8.63712354013e-05	-0.00714669319021	0.00186497725307
25	25	-20	0.00138353204976	-0.00679359887676	0.00151212607872
27	25	-20	0.00261869768787	-0.00660240107603	0.00145263367864
29	25	-20	0.00374015639571	-0.00656783325408	0.00169546781826
31	25	-20	0.00470047100531	-0.00667992671739	0.00223719241742
33	25	-20	0.00545833519022	-0.0069247396875	0.00306176630402
35	25	-20	0.00598011992812	-0.00728512177726	0.00414091143485
37	25	-20	0.00624104998279	-0.00774147744883	0.005435064395
39	25	-20	0.00622597394786	-0.00827250028025	0.00689489176961
41	25	-20	0.00592971553468	-0.00885585813136	0.00846331477473
43	25	-20	0.00535701639125	-0.00946881692317	0.0100779541689
45	25	-20	0.00452210018945	-0.0100887972745	0.0116738759509
47	25	-20	0.00344790287479	-0.0106938634299	0.0131864945472
49	25	-20	0.00216502426528	-0.0112631476854	0.0145544755205
51	25	-20	0.000710461617239	-0.0117772159273	0.0157224759569
53	25	-20	-0.000873813137581	-0.0122183810811	0.0166435683665
55	25	-20	-0.00254237313264	-0.0125709713954	0.017281212854
57	25	-20	-0.00424789860137	-0.0128215597579	0.0176106711483
59	25	-20	-0.00594273233786	-0.0129591588231	0.0176197925827
61	25	-20	-0.00758038564529	-0.0129753848226	0.0173091433323
63	25	-20	-0.00911695711787	-0.0128645906805	0.0166914927973
65	25	-20	-0.0105124308353	-0.0126239666745	0.0157907115379
67	25	-20	-0.0117318237134	-0.0122536045603	0.0146401704391
69	25	-20	-0.0127461541737	-0.0117565190525	0.013280758204
71	25	-20	-0.0135332065551	-0.0111386190783	0.0117586520018
73	25	-20	-0.0140780684905	-0.0104086205306	0.0101229832305
75	25	-20	-0.0143734225065	-0.00957789256366	0.00842353696772
77	25	-20	-0.0144195788956	-0.00866023094598	0.00670861074113
79	25	-20	-0.0142242447094	-0.00767155465319	0.00502313748764
81	25	-20	-0.0138020334491	-0.0066295256752	0.00340715126489
83	25	-20	-0.0131737312304	-0.00555309670598	0.00189464497901
85	25	-20	-0.0123653471214	-0.00446199662909	0.000512839682254
87	25	-20	-0.0114069869958	-0.00337616904915	-0.000718142775351
89	25	-20	-0.0103316005258	-0.00231518402267	-0.00178523584994
91	25	-20	-0.00917365878119	-0.00129764707787	-0.002682063912
93	25	-20	-0.00796782444124	-0.00034063210222	-0.00340832073214
95	25	-20	-0.00674767724098	0.000540834647591	-0.0039689606815
97	25	-20	-0.00554455375434	0.00133421349849	-0.00437327318589
99	25	-20	-0.00438655312579	0.00202979072518	-0.00463390674495
-99	27	-20	0.00259133907602	-0.00111248709581	0.000211986971193
-97	27	-20	0.00315147604471	-0.00128626874005	0.000265014125549
-95	27	-20	0.00369531296018	-0.00149801643014	0.000351896921389
-93	27	-20	0.0042020658392	-0.00175198848589	0.00047872784102
-91	27	-20	0.00465057408231	-0.00205136741163	0.000650720393073
-89	27	-20	0.00502039904761	-0.00239783689621	0.000871722837976
-87	27	-20	0.00529299387937	-0.00279117828529	0.0011437393322
-85	27	-20	0.00545287387483	-0.00322892073409	0.00146649511545
-83	27	-20	0.00548870981741	-0.00370608122051	0.00183708485616
-81	27	-20	0.00539426532112	-0.0042150298222	0.00224974286872
-79	27	-20	0.00516910389882	-0.0047455117322	0.00269577022061
-77	27	-20	0.00481900226451	-0.0052848502406	0.00316364660987
-75	27	-20	0.00435602283553	-0.00581834446267	0.0036393444645
-73	27	-20	0.00379821950634	-0.00632986238941	0.00410684947281
-71	27	-20	0.00316897503606	-0.00680261464076	0.0045488764965
-69	27	-20	0.00249599398267	-0.00722007817674	0.00494775362676
-67	27	-20	0.00180999998504	-0.00756702346284	0.00528643130986
-65	27	-20	0.00114320828005	-0.00783058462016	0.00554955939117
-63	27	-20	0.000527661769734	-0.00800130136158	0.00572456398937
-61	27	-20	-6.46979101702e-06	-0.00807405533387	0.00580264955006
-59	27	-20	-0.000432523829297	-0.0080488228997	0.00577965019023
-57	27	-20	-0.000728812017982	-0.00793117204678	0.00565665908695
-55	27	-20	-0.000879830907982	-0.0077324431493	0.0054403752561
-53	27	-20	-0.00087714375832	-0.0074695713085	0.00514312315526
-51	27	-20	-0.000719883182083	-0.00716453096883	0.00478252115564
-49	27	-20	-0.000414849256584	-0.00684340991762	0.00438079862831
-47	27	-20	2.37962536405e-05	-0.00653514767532	0.00396378639307
-45	27	-20	0.000575214024102	-0.00627000043891	0.00355962959749
-43	27	-20	0.00121290222494	-0.00607781883616	0.00319729371497
-41	27	-20	0.00190597771852	-0.00598624359209	0.00290495142319
-39	27	-20	0.00262064680143	-0.00601893594476	0.0027083491378
-37	27	-20	0.00332178307294	-0.00619396294985	0.00262925591178
-35	27	-20	0.00397453005371	-0.00652245202997	0.00268409384838
-33	27	-20	0.00454585141923	-0.00700761437149	0.00288283834109
-31	27	-20	0.00500596107793	-0.00764421394975	0.00322825920662
-29	27	-20	0.00532957747549	-0.00841852970164	0.00371555152854
-27	27	-20	0.0054969600224	-0.00930882489328	0.00433237961189
-25	27	-20	0.00549469908288	-0.0102863026855	0.00505933093438
-23	27	-20	0.00531624343107	-0.0113164930933	0.00587075147912
-21	27	-20	0.00496215972338	-0.0123609866945	0.00673591129401
-19	27	-20	0.00444012700665	-0.0133794069572	0.00762043114055
-17	27	-20	0.00376467563597	-0.0143314977649	0.00848788877508
-15	27	-20	0.00295668461075	-0.0151791967333	0.00930151727334
-13	27	-20	0.00204265488804	-0.0158885685224	0.0100259077881
-11	27	-20	0.00105377943173	-0.016431485017	0.0106286345884
-9	27	-20	2.48342914559e-05	-0.016786959659	0.011081730088
-7	27	-20	-0.00100708062058	-0.0169420694451	0.0113629504532
-5	27	-20	-0.00200391696195	-0.0168924277847	0.0114567868049
-3	27	-20	-0.00292812916748	-0.0166422020188	0.0113551915746
-1	27	-20	-0.00374415422925	-0.0162036984412	0.0110580030718
1	27	-20	-0.00441986643566	-0.0155965629691	0.0105730629622
3	27	-20	-0.00492794838555	-0.0148466654773	0.00991603076125
5	27	-20	-0.00524711689911	-0.0139847491518	0.00910990670309
7	27	-20	-0.00536314306633	-0.01304493264	0.00818427988188
9	27	-20	-0.00526961028819	-0.012063152503	0.00717432311581
11	27	-20	-0.00496836308252	-0.0110756273549	0.00611956037347
13	27	-20	-0.00446961249264	-0.0101174143333	0.0050624376062
15	27	-20	-0.00379168052168	-0.00922111472603	0.00404673399489
17	27	-20	-0.00296038504673	-0.0084157702516	0.00311585814429
19	27	-20	-0.00200808673368	-0.00772597615231	0.00231108240602
21	27	-20	-0.000972438968389	-0.00717122315245	0.00166977760248
23	27	-20	0.000105100882873	-0.00676546834536	0.001223718889
25	27	-20	0.00118092693292	-0.00651692570652	0.000997539997067
27	27	-20	0.00221102615992	-0.0064280602899	0.00100741622069
29	27	-20	0.00315272155781	-0.00649576602456	0.00126005492872
31	27	-20	0.00396633514313	-0.00671170491667	0.00175206511147
33	27	-20	0.00461669640267	-0.00706278477157	0.00246976400625
35	27	-20	0.00507443362694	-0.00753175265538	0.00338945932677
37	27	-20	0.005317000566	-0.00809788167078	0.00447822087051
39	27	-20	0.00532940751259	-0.00873772883837	0.00569512678567
41	27	-20	0.00510464276987	-0.00942594176422	0.00699293959486
43	27	-20	0.00464378613445	-0.0101360913482	0.00832013762108
45	27	-20	0.00395582943753	-0.0108415072315	0.00962320131031
47	27	-20	0.00305722963932	-0.0115160922989	0.0108490335297
49	27	-20	0.00197122719507	-0.0121350926834	0.01194738029
51	27	-20	0.000726966558202	-0.0126758006875	0.0128731149144
53	27	-20	-0.000641542744433	-0.0131181700528	0.0135882550877
55	27	-20	-0.00209658629923	-0.013445326144	0.0140635982085
57	27	-20	-0.00359798936416	-0.0136439577965	0.0142798849103
59	27	-20	-0.00510441040588	-0.0137045825411	0.0142284316076
61	27	-20	-0.00657464933656	-0.0136216823227	0.0139112079518
63	27	-20	-0.00796893656807	-0.0133937122296	0.0133403713106
65	27	-20	-0.00925016866684	-0.013022989717	0.012537304884
67	27	-20	-0.0103850556242	-0.0125154759638	0.0115312361331
69	27	-20	-0.0113451441028	-0.0118804640781	0.010357535584
71	27	-20	-0.0121076811791	-0.0111301907436	0.00905581119743
73	27	-20	-0.0126562847983	-0.0102793885981	0.00766791958031
75	27	-20	-0.0129813909991	-0.00934479632534	0.00623601238532
77	27	-20	-0.0130804543464	-0.00834464238803	0.00480072512192
79	27	-20	-0.0129578869741	-0.00729811685518	0.00339959774671
81	27	-20	-0.0126247329222	-0.00622484419395	0.00206579375193
83	27	-20	-0.012098087375	-0.00514436847682	0.000827159217509
85	27	-20	-0.011400284066	-0.00407566136288	-0.000294362347135
87	27	-20	-0.0105578873534	-0.00303666250767	-0.00128296753519
89	27	-20	-0.00960053712954	-0.00204386167601	-0.00212891176967
91	27	-20	-0.00855970368034	-0.00111193161776	-0.00282815416293
93	27	-20	-0.00746741498372	-0.000253420495086	-0.00338178434164
95	27	-20	-0.00635502014468	0.000521487919693	-0.00379529260019
97	27	-20	-0.00525204953366	0.00120513913726	-0.00407774523764
99	27	-20	-0.00418522494671	0.00179249253129	-0.00424092309979
-99	29	-20	0.00241328740532	-0.0011495397536	0.00016089643173
-97	29	-20	0.00283942886162	-0.00133154602937	0.00022012706067
-95	29	-20	0.00325044498995	-0.00154390573718	0.00030341368346
-93	29	-20	0.00363095786163	-0.00178895899806	0.0004142463122
-91	29	-20	0.00396539728054	-0.00206818346316	0.000555471201501
-89	29	-20	0.00423881076501	-0.00238191781512	0.000728993874433
-87	29	-20	0.00443772321477	-0.00272910339044	0.000935490248908
-85	29	-20	0.00455099422027	-0.00310706691957	0.00117414851941
-83	29	-20	0.00457061597626	-0.00351136860056	0.0014424659191
-81	29	-20	0.00449239378544	-0.00393573909357	0.00173612417067
-79	29	-20	0.00431645461563	-0.00437212626509	0.00204896507473
-77	29	-20	0.00404753717008	-0.0048108674961	0.00237308318072
-75	29	-20	0.00369502910609	-0.00524099616635	0.00269904592224
-73	29	-20	0.00327273265319	-0.00565068182759	0.00301624326622
-71	29	-20	0.00279835784675	-0.00602779309638	0.00331335931769
-69	29	-20	0.00229276154351	-0.00636056115866	0.00357894811439
-67	29	-20	0.00177896880967	-0.00663831087375	0.00380208585014
-65	29	-20	0.00128102964084	-0.00685221678881	0.00397306286903
-63	29	-20	0.000822776889298	-0.00699603393527	0.00408407185686
-61	29	-20	0.00042655960714	-0.00706674900304	0.00412984451029
-59	29	-20	0.000112029014979	-0.00706509712234	0.0041081882064
-57	29	-20	-0.000104948315897	-0.0069958934949	0.00402037718644
-55	29	-20	-0.000213183524638	-0.00686813762381	0.00387135956677
-53	29	-20	-0.000206811015013	-0.00669486061342	0.00366975181551
-51	29	-20	-8.56492115602e-05	-0.00649270225823	0.00342760557073
-49	29	-20	0.000144742032226	-0.00628122334318	0.00315994691274
-47	29	-20	0.000473306448599	-0.00608197836139	0.00288410429513
-45	29	-20	0.000884019218823	-0.00591739314092	0.00261885701163
-43	29	-20	0.00135666170725	-0.00580950901598	0.00238345003143
-41	29	-20	0.00186779407864	-0.00577866862284	0.00219653208056
-39	29	-20	0.00239186796984	-0.00584222682452	0.00207508100548
-37	29	-20	0.00290241705891	-0.0060133727248	0.0020333830665
-35	29	-20	0.00337326346799	-0.00630014475394	0.00208213059983
-33	29	-20	0.00377968195926	-0.00670471047552	0.0022276956012
-31	29	-20	0.00409947103121	-0.00722296671195	0.00247162577229
-29	29	-20	0.00431388928909	-0.00784449497114	0.00281039534273
-27	29	-20	0.00440842577151	-0.00855288355383	0.00323542671008
-25	29	-20	0.00437338324893	-0.00932640299392	0.00373338195658
-23	29	-20	0.00420426302736	-0.0101389976093	0.00428670695253
-21	29	-20	0.00390194790994	-0.0109615348273	0.00487439627622
-19	29	-20	0.00347268641087	-0.0117632372616	0.00547293557462
-17	29	-20	0.00292788610561	-0.01251321151	0.00605736993824
-15	29	-20	0.00228372742458	-0.0131819830682	0.0066024426736
-13	29	-20	0.00156061172439	-0.013742948764	0.00708374844817
-11	29	-20	0.000782459652303	-0.014173666303	0.00747884772598
-9	29	-20	-2.41218201161e-05	-0.0144569139312	0.00776829500327
-7	29	-20	-0.000830782385889	-0.0145814705085	0.00793654071908
-5	29	-20	-0.00160845641822	-0.0145425858301	0.00797267493458
-3	29	-20	-0.00232844664551	-0.0143421311211	0.00787098910301
-1	29	-20	-0.00296352939442	-0.01398843863	0.00763133982437
1	29	-20	-0.00348904278487	-0.0134958557928	0.00725930499443
3	29	-20	-0.00388391563479	-0.0128840524877	0.00676612810705
5	29	-20	-0.00413159284679	-0.0121771289059	0.0061684508339
7	29	-20	-0.00422081337731	-0.0114025763799	0.00548783780093
9	29	-20	-0.00414620002318	-0.0105901444679	0.00475010126371
11	29	-20	-0.00390862642288	-0.00977066533464	0.00398443773995
13	29	-20	-0.00351533575387	-0.00897488186646	0.00322239407436
15	29	-20	-0.00297979716701	-0.00823231998839	0.00249668716564
17	29	-20	-0.00232129927623	-0.00757023921962	0.00183990965233
19	29	-20	-0.00156429402447	-0.00701268936826	0.00128316286545
21	29	-20	-0.000737517854134	-0.00657969592934	0.000854667596981
23	29	-20	0.000127070798661	-0.00628659242098	0.000578411710068
25	29	-20	0.000995489084946	-0.0061435144974	0.000472900152961
27	29	-20	0.00183300747232	-0.00615506789711	0.000550076326715
29	29	-20	0.00260545004692	-0.00632017964847	0.000814482915456
31	29	-20	0.00328046088445	-0.006632138935	0.00126272443008
33	29	-20	0.00382868446084	-0.00707883014996	0.00188328248561
35	29	-20	0.00422481531013	-0.0076431556264	0.00265671840443
37	29	-20	0.00444848127407	-0.0083036392267	0.00355627685781
39	29	-20	0.00448493475098	-0.00903519458811	0.00454888021989
41	29	-20	0.00432553638787	-0.00981003378294	0.0055964778549
43	29	-20	0.00396802485218	-0.0105986841129	0.00665768973583
45	29	-20	0.00341657408748	-0.0113710735008	0.00768966175151
47	29	-20	0.00268164551078	-0.0120976392887	0.00865003283218
49	29	-20	0.00177964696166	-0.0127504119364	0.00949890331649
51	29	-20	0.000732413153904	-0.0133040246992	0.0102006909771
53	29	-20	-0.000433475609142	-0.0137366031393	0.0107257663395
55	29	-20	-0.00168751803247	-0.0140304942672	0.0110517721621
57	29	-20	-0.00299623944588	-0.0141728038752	0.0111645522506
59	29	-20	-0.00432423963498	-0.0141557215637	0.0110586405819
61	29	-20	-0.00563531472714	-0.0139766252191	0.0107372909192
63	29	-20	-0.00689362283709	-0.0136379692641	0.0102120573428
65	29	-20	-0.00806485860609	-0.013146972871	0.00950196495313
67	29	-20	-0.00911739735484	-0.0125151345597	0.00863233516072
69	29	-20	-0.0100233660649	-0.0117576074773	0.00763334956047
71	29	-20	-0.0107595966152	-0.0108924746829	0.00653844907256
73	29	-20	-0.0113084173653	-0.00993996576606	0.00538267012174
75	29	-20	-0.0116582428344	-0.00892165522005	0.00420101713855
77	29	-20	-0.01180392813	-0.00785967955236	0.00302696125787
79	29	-20	-0.0117468648156	-0.00677600471076	0.00189113998048
81	29	-20	-0.0114948075974	-0.00569176873143	0.000820313371892
83	29	-20	-0.0110614357141	-0.00462671729033	-0.000163389055698
85	29	-20	-0.0104656681495	-0.00359874272752	-0.00104291842078
87	29	-20	-0.00973076648554	-0.00262353066335	-0.00180646156442
89	29	-20	-0.00888327212912	-0.00171431291557	-0.00244732680601
91	29	-20	-0.00795183461043	-0.000881721260419	-0.00296359973901
93	29	-20	-0.00696599379024	-0.000133733683484	-0.00335761770336
95	29	-20	-0.00595498056797	0.00052429697809	-0.0036353162197
97	29	-20	-0.00494659791686	0.0010895429118	-0.0038055009705
99	29	-20	-0.00396623705942	0.00156154078017	-0.00387909546342
-99	31	-20	0.00223883938522	-0.00117193946041	0.000111162236787
-97	31	-20	0.00254331877758	-0.00135860525089	0.000176253018649
-95	31	-20	0.0028337643257	-0.00156808241639	0.000256437367167
-93	31	-20	0.00309968303462	-0.00180091278573	0.000352806875956
-91	31	-20	0.00333055634352	-0.00205698758697	0.000466022256179
-89	31	-20	0.00351638985924	-0.00233540999741	0.000596190131472
-87	31	-20	0.00364829329057	-0.00263437421851	0.000742748702603
-85	31	-20	0.00371905536192	-0.00295107340113	0.000904372139546
-83	31	-20	0.00372367516636	-0.0032816492555	0.00107890408947
-81	31	-20	0.00365981081153	-0.00362119569957	0.001263330446
-79	31	-20	0.00352810861967	-0.00396382726029	0.00145380038417
-77	31	-20	0.0033323816198	-0.00430282006157	0.00164570256801
-75	31	-20	0.00307961439326	-0.004630829129	0.0018338004086
-73	31	-20	0.00277978201051	-0.00494018056166	0.00201242640662
-71	31	-20	0.00244548308575	-0.00522323114153	0.00217573117167
-69	31	-20	0.00209139995143	-0.00547278157496	0.00231797797304
-67	31	-20	0.00173361157932	-0.00568252329551	0.00243386901967
-65	31	-20	0.00138879609757	-0.00584749317974	0.00251888550719
-63	31	-20	0.00107336860881	-0.00596450623316	0.00256962023049
-61	31	-20	0.000802605715235	-0.00603253384881	0.00258407962856
-59	31	-20	0.000589810177502	-0.00605299508446	0.00256193181314
-57	31	-20	0.000445567263165	-0.00602993084257	0.00250467862495
-55	31	-20	0.000377138706322	-0.0059700359628	0.00241573310639
-53	31	-20	0.000388031260943	-0.00588253189981	0.00230038885518
-51	31	-20	0.000477765331546	-0.00577887246478	0.00216567424442
-49	31	-20	0.000641856064842	-0.0056722864241	0.00202009202082
-47	31	-20	0.000872005662894	-0.00557717275167	0.00187325276952
-45	31	-20	0.00115649262337	-0.00550837606937	0.00173541853092
-43	31	-20	0.00148073212479	-0.00548038028588	0.00161697983056
-41	31	-20	0.00182797266672	-0.00550646670691	0.00152789493893
-39	31	-20	0.00218008790138	-0.00559788813092	0.00147712382371
-37	31	-20	0.00251841960858	-0.00576311208024	0.00147209065819
-35	31	-20	0.00282462791578	-0.00600718405985	0.00151820776292
-33	31	-20	0.00308150781435	-0.00633125562739	0.00161849055159
-31	31	-20	0.00327373620752	-0.00673231248304	0.00177328769613
-29	31	-20	0.0033885204363	-0.00720312544555	0.00198014377128
-27	31	-20	0.0034161266996	-0.00773243302246	0.00223380366357
-25	31	-20	0.00335027428234	-0.00830534942883	0.00252635968825
-23	31	-20	0.00318838841851	-0.0089039775398	0.00284753430443
-21	31	-20	0.00293171050884	-0.00950819350585	0.00318508414528
-19	31	-20	0.00258526906419	-0.0100965595815	0.00352530525429
-17	31	-20	0.00215771814997	-0.0106473148294	0.00385361523989
-15	31	-20	0.00166105244647	-0.0111393901567	0.00415518563757
-13	31	-20	0.00111020963564	-0.0115533946579	0.00441559702108
-11	31	-20	0.00052257206305	-0.01187252419	0.00462149008695
-9	31	-20	-8.26191158183e-05	-0.0120833498924	0.00476118768602
-7	31	-20	-0.000684922516603	-0.0121764531893	0.00482526517245
-5	31	-20	-0.00126341098484	-0.0121468837514	0.00480704907584
-3	31	-20	-0.00179742255047	-0.011994427028	0.00470302664243
-1	31	-20	-0.00226732567639	-0.0117236774641	0.0045131510349
1	31	-20	-0.00265527382916	-0.0113439217708	0.00424102888497
3	31	-20	-0.00294592211996	-0.0108688432233	0.00389397858978
5	31	-20	-0.00312707744732	-0.010316062836	0.00348294950774
7	31	-20	-0.00319025365619	-0.00970653654021	0.00302229442199
9	31	-20	-0.00313110502932	-0.00906382953819	0.00252939071062
11	31	-20	-0.00294971509573	-0.00841329031069	0.00202410995493
13	31	-20	-0.00265072321507	-0.00778114782121	0.00152814146211
15	31	-20	-0.00224327839829	-0.00719355674519	0.00106418240783
17	31	-20	-0.00174081788524	-0.00667561733448	0.000655015797225
19	31	-20	-0.00116067650492	-0.00625039888024	0.000322506712676
21	31	-20	-0.000523541116778	-0.00593799847967	8.65566286046e-05
23	31	-20	0.00014722819602	-0.00575466953159	-3.59359977252e-05
25	31	-20	0.000826382603995	-0.0057120564846	-3.20541297692e-05
27	31	-20	0.00148764306325	-0.00581657314493	0.000106278784521
29	31	-20	0.00210459929995	-0.00606896063007	0.000381617245344
31	31	-20	0.00265161566895	-0.00646405726348	0.000790543228191
33	31	-20	0.00310471208035	-0.0069908060057	0.00132349123431
35	31	-20	0.00344239128256	-0.00763251537985	0.00196487972273
37	31	-20	0.00364638767982	-0.00836737760066	0.00269356248243
39	31	-20	0.00370231700879	-0.00916923344021	0.00348359358114
41	31	-20	0.0036002101316	-0.0100085582535	0.00430527844658
43	31	-20	0.0033349175957	-0.0108536287616	0.00512646308896
45	31	-20	0.00290637432971	-0.0116718169632	0.00591399522782
47	31	-20	0.00231971596225	-0.0124309471936	0.00663527680507
49	31	-20	0.00158524003206	-0.0131006459548	0.00725981843651
51	31	-20	0.000718207207208	-0.0136536124773	0.00776070373989
53	31	-20	-0.000261519985417	-0.0140667413927	0.0081158756016
55	31	-20	-0.0013300000662	-0.0143220372928	0.0083091671375
57	31	-20	-0.00245989165371	-0.0144072737402	0.00833101660328
59	31	-20	-0.00362127714043	-0.0143163654941	0.00817882652915
61	31	-20	-0.0047826121957	-0.0140494409987	0.00785695119548
63	31	-20	-0.00591177418855	-0.0136126210689	0.00737632129112
65	31	-20	-0.0069771743446	-0.0130175276516	0.00675373820525
67	31	-20	-0.00794889084765	-0.0122805621502	0.00601089103011
69	31	-20	-0.00879977409862	-0.0114220049041	0.00517316543402
71	31	-20	-0.00950647184786	-0.0104649952309	0.00426832398596
73	31	-20	-0.0100503216653	-0.00943445460099	0.00332514169109
75	31	-20	-0.010418061682	-0.0083560140693	0.00237207841488
77	31	-20	-0.0106023178581	-0.00725500153116	0.00143606205736
79	31	-20	-0.0106018369409	-0.00615553546536	0.000541443774552
81	31	-20	-0.0104214481273	-0.0050797606179	-0.000290829438808
83	31	-20	-0.0100717522458	-0.00404724867241	-0.00104379736922
85	31	-20	-0.00956855379508	-0.00307457446086	-0.00170481518056
87	31	-20	-0.00893206707276	-0.00217506667446	-0.00226563584731
89	31	-20	-0.00818594155413	-0.00135872212015	-0.00272226902968
91	31	-20	-0.00735616248339	-0.000632264860649	-0.00307465049982
93	31	-20	-0.00646988940883	6.73670484146e-07	-0.00332616396811
95	31	-20	-0.00555429762035	0.000539280274082	-0.00348306099255
97	31	-20	-0.00463548502194	0.000985218554177	-0.00355382478551
99	31	-20	-0.00373750021112	0.00134224638164	-0.0035485206555
-99	33	-20	0.0020712	-0.0011817	6.4092000001e-05
-97	33	-20	0.0022693083307	-0.00136953835773	0.000133915393004
-95	33	-20	0.00245439599551	-0.00157309948164	0.000210992626781
-93	33	-20	0.00262021906422	-0.00179133344562	0.000294321965826
-91	33	-20	0.00276065182579	-0.0020227394855	0.000382655786941
-89	33	-20	0.00287001051438	-0.00226535334445	0.000474528834476
-87	33	-20	0.00294339033664	-0.00251674938658	0.000568296064459
-85	33	-20	0.00297699517376	-0.00277406019674	0.000662178794486
-83	33	-20	0.00296843746858	-0.00303401626058	0.000754317587658
-81	33	-20	0.00291698552255	-0.00329300797675	0.000842830117564
-79	33	-20	0.00282373690901	-0.00354717162981	0.000925872178547
-77	33	-20	0.00269170000001	-0.00379250000001	0.00100170000001
-75	33	-20	0.00252577058794	-0.00402497698322	0.00106873206668
-73	33	-20	0.00233259697436	-0.00424073395608	0.00112560870697
-71	33	-20	0.00212033426558	-0.00443622371113	0.00117124776151
-69	33	-20	0.00189829640705	-0.00460840571644	0.00120489466395
-67	33	-20	0.00167652208245	-0.00475493438438	0.00122616525166
-65	33	-20	0.0014652773638	-0.00487434016452	0.00123507958411
-63	33	-20	0.00127452333068	-0.0049661918264	0.00123208500582
-61	33	-20	0.0011133802943	-0.00503122749137	0.00121806668655
-59	33	-20	0.000989621430224	-0.00507144200286	0.0011943439451
-57	33	-20	0.000909227400759	-0.00509011923552	0.00116265085753
-55	33	-20	0.000876029999993	-0.00509180000002	0.00112510000003
-53	33	-20	0.000891467251681	-0.00508217927468	0.00108412869807
-51	33	-20	0.000954465186121	-0.0050679304539	0.00104242784642
-49	33	-20	0.00106145330573	-0.0050564589133	0.0010028542017
-47	33	-20	0.00120651219172	-0.00505559213042	0.000968327984567
-45	33	-20	0.0013816434915	-0.00507321848399	0.000941718593957
-43	33	-20	0.00157714529346	-0.00511689127277	0.000925722155349
-41	33	-20	0.00178207016489	-0.00519341804744	0.000922735418331
-39	33	-20	0.00198473926591	-0.00530845769279	0.000934731114672
-37	33	-20	0.00217328413284	-0.00546614857959	0.000963140233224
-35	33	-20	0.00233618793037	-0.00566879039812	0.00100874673296
-33	33	-20	0.0024628	-0.00591660000001	0.00107160000001
-31	33	-20	0.00254380103154	-0.00620755786592	0.00115094988646
-29	33	-20	0.00257160070007	-0.00653735696913	0.00124520849863
-27	33	-20	0.00254065464428	-0.00689946020447	0.00135194209618
-25	33	-20	0.00244769272845	-0.00728526664548	0.00146789558795
-23	33	-20	0.00229185521098	-0.00768438113859	0.00158905122441
-21	33	-20	0.00207473743004	-0.00808497656176	0.00171072222488
-19	33	-20	0.00180034673598	-0.00847423380412	0.00182768124673
-17	33	-20	0.00147497761625	-0.00883884137853	0.00193432277414
-15	33	-20	0.00110701236475	-0.00916553464016	0.00202485761785
-13	33	-20	0.00070665543193	-0.00944165378912	0.00209353669328
-11	33	-20	0.000285610000005	-0.00965570000005	0.00213490000005
-9	33	-20	-0.000143294387076	-0.00979786987831	0.00214404519154
-7	33	-20	-0.000566513929627	-0.00986054968484	0.00211690827073
-5	33	-20	-0.000970232586902	-0.009838752113	0.00205054680969
-3	33	-20	-0.00134082326892	-0.00973047962572	0.00194341377082
-1	33	-20	-0.00166531633909	-0.00953699937021	0.00179560769929
1	33	-20	-0.00193186234372	-0.00926301552116	0.00160908302506
3	33	-20	-0.0021301747968	-0.00891672574849	0.00138780278705
5	33	-20	-0.00225193813346	-0.00850974966797	0.00113781562819
7	33	-20	-0.00229116582899	-0.00805691899763	0.000867239750395
9	33	-20	-0.00224449433563	-0.00757592210305	0.000586138945538
11	33	-20	-0.00211140000001	-0.00708680000003	0.00030628000004
13	33	-20	-0.00189432847007	-0.00661129688273	4.07667203221e-05
15	33	-20	-0.00159872915131	-0.00617207583956	-0.000196446634859
17	33	-20	-0.00123299080928	-0.00579181934136	-0.000391150983137
19	33	-20	-0.000808278158059	-0.00549224380455	-0.000529566203489
21	33	-20	-0.0003382729236	-0.00529306727714	-0.000599082917846
23	33	-20	0.000161173842828	-0.00521097811538	-0.000589023826433
25	33	-20	0.000672468706497	-0.00525865937574	-0.000491379726967
27	33	-20	0.00117677049992	-0.00544392752563	-0.000301471603693
29	33	-20	0.00165453974064	-0.00576904411596	-1.84897842994e-05
31	33	-20	0.002086129015	-0.00623025466914	0.000354135436678
33	33	-20	0.0024524	-0.00681760000001	0.000808570000017
35	33	-20	0.00273535235657	-0.0075150317279	0.00133264641891
37	33	-20	0.002918749144	-0.0083008465382	0.00191018150505
39	33	-20	0.00298872250868	-0.00914843392569	0.00252153854657
41	33	-20	0.00293434213721	-0.0100273111632	0.0031444138798
43	33	-20	0.00274812742364	-0.0109043987775	0.00375481112143
45	33	-20	0.00242648272749	-0.011745471631	0.00432815151825
47	33	-20	0.00197003387175	-0.0125167064582	0.00484045725693
49	33	-20	0.00138384362053	-0.0131862377416	0.00526953726089
51	33	-20	0.000677484781419	-0.0137256310947	0.00559610274899
53	33	-20	-0.000135047756194	-0.014111187234	0.00580474297751
55	33	-20	-0.00103560000002	-0.014325	0.00588470000002
57	33	-20	-0.00200230389634	-0.0143557079494	0.00583039435355
59	33	-20	-0.00301020255961	-0.0141988995207	0.00564167029513
61	33	-20	-0.00403204332289	-0.0138571549779	0.00532374821863
63	33	-20	-0.00503921488434	-0.0133397323853	0.0048868916337
65	33	-20	-0.00600279352259	-0.0126619277831	0.00434581498483
67	33	-20	-0.00689465315654	-0.0118441597347	0.00371887512716
69	33	-20	-0.00768858599841	-0.0109108439944	0.00302710219353
71	33	-20	-0.00836137565568	-0.00988913414659	0.00229313396778
73	33	-20	-0.00889376351632	-0.00880760817429	0.00154012123323
75	33	-20	-0.00927125251964	-0.00769497903453	0.00079066985685
77	33	-20	-0.00948469999998	-0.00657890000002	6.58790000336e-05
79	33	-20	-0.00953066280392	-0.0054849237374	-0.000615475401426
81	33	-20	-0.00941147254425	-0.00443565911768	-0.00123757580859
83	33	-20	-0.00913503555775	-0.00345015304949	-0.00178799546419
85	33	-20	-0.00871436954885	-0.00254350766044	-0.00225792149881
87	33	-20	-0.00816690560766	-0.00172672727619	-0.0026421763163
89	33	-20	-0.00751359891916	-0.00100677597879	-0.00293905695576
91	33	-20	-0.00677790284744	-0.000386815864635	-0.00315002159983
93	33	-20	-0.00598466830719	0.00013341107932	-0.00327925875171
95	33	-20	-0.00515903292889	0.000557098208043	-0.00333317769887
97	33	-20	-0.00432536241302	0.000889827592126	-0.00331985887287
99	33	-20	-0.00350630000001	0.001139	-0.0032485
-99	35	-20	0.00191296854519	-0.00118085965938	2.07539322911e-05
-97	35	-20	0.00202207518513	-0.00136656706824	9.35536710255e-05
-95	35	-20	0.00211910211585	-0.00156167962082	0.00016710075909
-93	35	-20	0.00220133926316	-0.00176383026483	0.000238682249613
-91	35	-20	0.00226631182573	-0.0019703799271	0.000305492520357
-89	35	-20	0.00231191626619	-0.0021785099869	0.000364785567777
-87	35	-20	0.00233655563921	-0.00238532768053	0.000414037443129
-85	35	-20	0.00233926574432	-0.00258797902885	0.000451108426787
-83	35	-20	0.00231982293579	-0.0027837632272	0.000474393577523
-81	35	-20	0.00227882440252	-0.00297024221966	0.000482950162894
-79	35	-20	0.00221773244257	-0.00314533942233	0.000476591259975
-77	35	-20	0.00213887573436	-0.00330742224905	0.00045593652241
-75	35	-20	0.00204540281658	-0.00345536416969	0.000422413667914
-73	35	-20	0.00194118582336	-0.00358858340389	0.000378207496298
-71	35	-20	0.00183067580126	-0.00370705690163	0.000326156975428
-69	35	-20	0.0017187144229	-0.00381130985374	0.000269604848161
-67	35	-20	0.00161031032959	-0.00390238247461	0.000212208000148
-65	35	-20	0.00151039138814	-0.00398177708495	0.000157720162619
-63	35	-20	0.00142354655377	-0.00405138949546	0.000109761104169
-61	35	-20	0.00135377255091	-0.00411342928763	7.1588040565e-05
-59	35	-20	0.00130424104383	-0.00417033377576	4.58853865282e-05
-57	35	-20	0.00127710128409	-0.0042246802244	3.45881082468e-05
-55	35	-20	0.00127333140525	-0.00427910033112	3.87518351225e-05
-53	35	-20	0.0012926487036	-0.00433620013746	5.84796863388e-05
-51	35	-20	0.00133348560521	-0.00439848749478	9.29116931704e-05
-49	35	-20	0.0013930338584	-0.0044683080894	0.000140278063817
-47	35	-20	0.00146735513965	-0.00454778993115	0.00019801271222
-45	35	-20	0.00155155206884	-0.00463879523096	0.00026291884932
-43	35	-20	0.00163998992874	-0.00474287782717	0.000331374399703
-41	35	-20	0.00172655645722	-0.00486124383971	0.000399561901971
-39	35	-20	0.0018049451356	-0.00499471308867	0.000463705648843
-37	35	-20	0.00186894654562	-0.00514367904244	0.000520298298326
-35	35	-20	0.00191273262019	-0.00530806566712	0.000566300103113
-33	35	-20	0.00193111987943	-0.00548728051983	0.000599296205571
-31	35	-20	0.00191979984624	-0.00568016472006	0.000617600958562
-29	35	-20	0.00187552753333	-0.00588494197858	0.000620302683374
-27	35	-20	0.00179626191041	-0.00609917056275	0.000607247309614
-25	35	-20	0.00168125531396	-0.00631970380367	0.000578964549519
-23	35	-20	0.00153109159733	-0.00654266634734	0.000536545211371
-21	35	-20	0.00134767523184	-0.00676345463742	0.000481482537848
-19	35	-20	0.00113417542356	-0.00697677089277	0.000415493695673
-17	35	-20	0.000894930546973	-0.0071766999093	0.000340339449395
-15	35	-20	0.000635318832079	-0.0073568371836	0.000257660430961
-13	35	-20	0.000361601355936	-0.00751047498068	0.000168847191013
-11	35	-20	8.07431096005e-05	-0.00763084996322	7.49584358655e-05
-9	35	-20	-0.000199782613097	-0.00771145187307	-2.33023110057e-05
-7	35	-20	-0.000472201877447	-0.00774638762599	-0.00012554664321
-5	35	-20	-0.000728655775932	-0.00773078929665	-0.000231598787285
-3	35	-20	-0.000961420510263	-0.00766124821552	-0.000341337896566
-1	35	-20	-0.00116312856463	-0.00753625127624	-0.000454498270646
1	35	-20	-0.00132698772476	-0.0073565901653	-0.000570445827612
3	35	-20	-0.00144699460836	-0.00712571022671	-0.000687953082543
5	35	-20	-0.00151813916635	-0.0068499637101	-0.000804997145821
7	35	-20	-0.00153659634629	-0.00653873278792	-0.000918605540889
9	35	-20	-0.00149990083106	-0.00620439138169	-0.0010247727824
11	35	-20	-0.00140710050922	-0.00586208169957	-0.00111846664261
13	35	-20	-0.00125888411212	-0.00552929136855	-0.00119373703239
15	35	-20	-0.00105767826091	-0.00522522973982	-0.00124393277542
17	35	-20	-0.000807708990845	-0.00497001662814	-0.0012620227686
19	35	-20	-0.000515022653213	-0.00478371239642	-0.00124100874085
21	35	-20	-0.000187460951532	-0.00468523366954	-0.00117440778678
23	35	-20	0.000165415199895	-0.00469121267639	-0.00105677484
25	35	-20	0.000532458204966	-0.00481486889422	-0.000884229018488
27	35	-20	0.000901127500164	-0.00506496804539	-0.000654943986434
29	35	-20	0.00125774835973	-0.00544494458858	-0.00036956163858
31	35	-20	0.00158783814563	-0.00595225905606	-3.14908142916e-05
33	35	-20	0.00187649999187	-0.00657805080669	0.000352941580193
35	35	-20	0.00210888064341	-0.00730713041759	0.00077451097391
37	35	-20	0.0022706850013	-0.00811833499138	0.00122129981486
39	35	-20	0.00234873499426	-0.00898524555896	0.00167908641241
41	35	-20	0.00233155498108	-0.00987724033246	0.00213190420782
43	35	-20	0.00220996041252	-0.0107608328544	0.002562744499
45	35	-20	0.00197762148849	-0.0116012221777	0.00295436388272
47	35	-20	0.00163156965357	-0.0123639650204	0.00329014842856
49	35	-20	0.0011726126108	-0.0130166689384	0.00355498071977
51	35	-20	0.000605623664431	-0.0135306020151	0.00373605397687
53	35	-20	-6.03259540361e-05	-0.0138821188154	0.00382357977886
55	35	-20	-0.000812017361439	-0.0140538141464	0.00381134231304
57	35	-20	-0.00163233387881	-0.0140353346142	0.0036970621523
59	35	-20	-0.00250071636474	-0.013823801557	0.00348254549065
61	35	-20	-0.00339381703745	-0.0134238257423	0.00317360952019
63	35	-20	-0.00428633103354	-0.0128471220312	0.00277979000488
65	35	-20	-0.00515197142271	-0.0121117587842	0.00231385184895
67	35	-20	-0.00596454129823	-0.0112411000067	0.00179113639162
69	35	-20	-0.00669904705022	-0.0102625163654	0.00122878928355
71	35	-20	-0.00733279099984	-0.00920595300052	0.000644919378888
73	35	-20	-0.00784637995156	-0.00810244685871	5.77417043161e-05
75	35	-20	-0.00822458926951	-0.0069826840689	-0.000515243807173
77	35	-20	-0.00845702974625	-0.00587567925808	-0.00105799120994
79	35	-20	-0.00853857632951	-0.00480764475818	-0.00155652664304
81	35	-20	-0.00846953283019	-0.00380109986774	-0.00199941766344
83	35	-20	-0.00825552387071	-0.00287425040254	-0.00237807759717
85	35	-20	-0.00790712315964	-0.00204064843942	-0.00268690071358
87	35	-20	-0.00743924424666	-0.00130912305572	-0.00292323535562
89	35	-20	-0.00687033484351	-0.000683956361924	-0.00308721196122
91	35	-20	-0.00622142742332	-0.000165266233074	-0.00318145055949
93	35	-20	-0.00551510627841	0.00025045153277	-0.00321067743603
95	35	-20	-0.00477445406133	0.000569673182405	-0.00318128310273
97	35	-20	-0.0040220390117	0.000801140751317	-0.00310085358991
99	35	-20	-0.00327899794797	0.000955147677662	-0.00297770471538
-99	37	-20	0.00176607513836	-0.00117138677104	-1.80546810986e-05
-97	37	-20	0.00180468423794	-0.00135194130681	5.55257530786e-05
-95	37	-20	0.0018320888187	-0.00153659224288	0.000124807938145
-93	37	-20	0.00184835590208	-0.00172197646116	0.000185799546168
-91	37	-20	0.00185387588567	-0.00190461004046	0.000234534866394
-89	37	-20	0.00184935112205	-0.0020810624099	0.000267320481365
-87	37	-20	0.00183577299465	-0.00224814158827	0.000280991384636
-85	37	-20	0.00181438848635	-0.00240307874875	0.000273160263242
-83	37	-20	0.00178665752605	-0.00254369929207	0.00024244120522
-81	37	-20	0.00175420258622	-0.00266856749857	0.00018862900168
-79	37	-20	0.00171875211068	-0.00277709275918	0.000112816650295
-77	37	-20	0.00168207940329	-0.0028695873668	1.74366660548e-05
-75	37	-20	0.0016459386396	-0.00294726880048	-9.37837387803e-05
-73	37	-20	0.00161199970217	-0.00301220317764	-0.000215957875931
-71	37	-20	0.0015817836092	-0.00306719082265	-0.000343262970788
-69	37	-20	0.00155660041152	-0.00311559937655	-0.000469242631349
-67	37	-20	0.00153749156705	-0.00316115418609	-0.00058717264972
-65	37	-20	0.00152517894119	-0.00320769948425	-0.000690468506771
-63	37	-20	0.00152002268795	-0.00325894675886	-0.000773108390694
-61	37	-20	0.00152199029549	-0.00331822840646	-0.000830042771111
-59	37	-20	0.0015306389842	-0.00338827507877	-0.000857560931839
-57	37	-20	0.00154511338542	-0.00347103394941	-0.000853586530363
-55	37	-20	0.00156415997718	-0.00356754248538	-0.000817878202053
-53	37	-20	0.00158615910483	-0.00367786834983	-0.000752117244086
-51	37	-20	0.00160917458526	-0.00380112106222	-0.000659872090868
-49	37	-20	0.00163101992793	-0.00393553536902	-0.000546438062237
-47	37	-20	0.00164933916892	-0.00407862038047	-0.000418560045032
-45	37	-20	0.00166169929066	-0.00422736289172	-0.000284054616916
-43	37	-20	0.00166569028274	-0.00437846841828	-0.000151355903939
-41	37	-20	0.0016590281821	-0.00452861978393	-2.90155175352e-05
-39	37	-20	0.0016396559966	-0.00467473097346	7.48092877239e-05
-37	37	-20	0.00160583732598	-0.00481417366016	0.000152843905151
-35	37	-20	0.00155623778097	-0.00494495545644	0.000199127334572
-33	37	-20	0.00148998996215	-0.00506583247796	0.000209356216581
-31	37	-20	0.00140673875631	-0.0051763440607	0.000181118856729
-29	37	-20	0.00130666496659	-0.00527676407485	0.000114004457284
-27	37	-20	0.00119048671147	-0.00536797076014	9.58220147148e-06
-25	37	-20	0.00105943948829	-0.00545124477792	-0.000128745381029
-23	37	-20	0.000915237171301	-0.00552801259532	-0.000296000993394
-21	37	-20	0.000760017381411	-0.00559955872688	-0.000485981170168
-19	37	-20	0.000596275519765	-0.00566673514173	-0.000691666660656
-17	37	-20	0.000426792223784	-0.00572969876974	-0.000905662387956
-15	37	-20	0.0002545590381	-0.00578770811665	-0.00112063342506
-13	37	-20	8.27066902031e-05	-0.00583900731347	-0.00132970477805
-11	37	-20	-8.55604462358e-05	-0.00588082047778	-0.00152679666272
-9	37	-20	-0.000247021260195	-0.00590947127954	-0.00170687304947
-7	37	-20	-0.00039848512651	-0.00592063253733	-0.00186608900474
-5	37	-20	-0.000536829889792	-0.00590969919156	-0.00200183112211
-3	37	-20	-0.000659032550946	-0.00587226595689	-0.00211265439
-1	37	-20	-0.000762195950743	-0.00580467932056	-0.00219812745071
1	37	-20	-0.000843575824218	-0.00570462335815	-0.00225860568106
3	37	-20	-0.00090061328698	-0.0055716910915	-0.00229495727845
5	37	-20	-0.000930978009412	-0.00540788871199	-0.00230827112404
7	37	-20	-0.000932626961762	-0.00521801963578	-0.00229957634239
9	37	-20	-0.000903882628287	-0.00500989946305	-0.00226960210509
11	37	-20	-0.000843532986053	-0.00479436155998	-0.00221860244723
13	37	-20	-0.000750953362907	-0.0045850258592	-0.00214626497889
15	37	-20	-0.00062624761958	-0.00439781988233	-0.00205171484061
17	37	-20	-0.000470403088182	-0.00425025985354	-0.0019336166614
19	37	-20	-0.000285450545442	-0.0041605197177	-0.00179036830708
21	37	-20	-7.46174579192e-05	-0.00414633530688	-0.00162037157203
23	37	-20	0.00015753989531	-0.00422380813693	-0.00142235736947
25	37	-20	0.000405041718652	-0.00440618673629	-0.00119573705307
27	37	-20	0.000660444562522	-0.00470271159983	-0.000940947776712
29	37	-20	0.000914872414973	-0.00511761175846	-0.000659758635118
31	37	-20	0.00115813364474	-0.00564933597608	-0.000355505898757
33	37	-20	0.00137893471064	-0.00629008970578	-3.32299213948e-05
35	37	-20	0.00156519620421	-0.00702573073523	0.000300306998472
37	37	-20	0.00170446999346	-0.00783605309098	0.000636733846066
39	37	-20	0.0017844483474	-0.00869546192669	0.000966317247246
41	37	-20	0.00179354747304	-0.00957401385081	0.00127833243234
43	37	-20	0.00172153955436	-0.0104387697276	0.00156154001822
45	37	-20	0.00156019990519	-0.011255382696	0.00180474069749
47	37	-20	0.00130393001892	-0.0119898250848	0.00199737272832
49	37	-20	0.000950313850834	-0.0126101457498	0.00213011249237
51	37	-20	0.000500564205248	-0.0130881452573	0.00219543677195
53	37	-20	-4.01809907144e-05	-0.0134008607303	0.00218810698614
55	37	-20	-0.000662746345003	-0.0135317647913	0.00210554034216
57	37	-20	-0.00135401471707	-0.013471602876	0.00194804035826
59	37	-20	-0.00209724266195	-0.013218818639	0.00171886890805
61	37	-20	-0.00287259287464	-0.0127795461218	0.00142415304249
63	37	-20	-0.00365786564517	-0.0121671774365	0.00107263145895
65	37	-20	-0.00442939643789	-0.0114015434767	0.00067525665994
67	37	-20	-0.00516307345237	-0.0105077703457	0.000244678676517
69	37	-20	-0.00583541860766	-0.00951489387181	-0.000205356051309
71	37	-20	-0.00642466881693	-0.00845432740252	-0.0006606520194
73	37	-20	-0.00691179238053	-0.00735828329751	-0.00110721760844
75	37	-20	-0.00728137813309	-0.00625824613791	-0.00153188409538
77	37	-20	-0.00752234251819	-0.00518358623321	-0.00192285513999
79	37	-20	-0.00762841149309	-0.00416038671877	-0.00227015754164
81	37	-20	-0.00759834916343	-0.00321053798587	-0.0025659722384
83	37	-20	-0.00743592210187	-0.00235113122383	-0.00280483373724
85	37	-20	-0.00714960601734	-0.00159416039169	-0.0029836956228
87	37	-20	-0.00675205837636	-0.000946520779265	-0.00310186872651
89	37	-20	-0.00625939538272	-0.000410273999446	-0.00316084628241
91	37	-20	-0.00569032326768	1.68650676475e-05	-0.00316403643917
93	37	-20	-0.00506518131379	0.000340873475881	-0.00311642651701
95	37	-20	-0.00440495700237	0.000570656330085	-0.00302420527374
97	37	-20	-0.00373033211579	0.000717232517761	-0.00289436924911
99	37	-20	-0.00306081291128	0.000792924509523	-0.00273433723328
-99	39	-20	0.00163175699515	-0.00115510520788	-5.18221142194e-05
-97	39	-20	0.00161855683905	-0.00132785311725	2.01111622716e-05
-95	39	-20	0.00159496779111	-0.00150054789137	8.42038343385e-05
-93	39	-20	0.00156307356005	-0.00166917469464	0.000135637068283
-91	39	-20	0.00152533979814	-0.00182971725837	0.000169703666375
-89	39	-20	0.0014844956586	-0.00197838824129	0.000182115192224
-87	39	-20	0.00144339616304	-0.00211186888367	0.000169319527828
-85	39	-20	0.00140487327488	-0.00222754177541	0.000128807046481
-83	39	-20	0.0013715845476	-0.00232369923142	5.93817943604e-05
-81	39	-20	0.00134586855168	-0.0023997097388	-3.86259872531e-05
-79	39	-20	0.00132961594741	-0.00245612635776	-0.000163227793873
-77	39	-20	0.00132416408395	-0.0024947238533	-0.00031074318156
-75	39	-20	0.00133022145006	-0.00251845560581	-0.000475876704845
-73	39	-20	0.0013478263058	-0.00253132676164	-0.000651910423178
-71	39	-20	0.00137634155507	-0.00253818627821	-0.00083100858457
-69	39	-20	0.00141448556102	-0.00254444703069	-0.00100462228584
-67	39	-20	0.00146039634885	-0.00255574944719	-0.00116397334407
-65	39	-20	0.00151172465696	-0.00257758967317	-0.00130058903716
-63	39	-20	0.0015657497284	-0.00261493750106	-0.00140685349461
-61	39	-20	0.00161951067797	-0.00267187178314	-0.00147653795611
-59	39	-20	0.00166994577232	-0.00275126143868	-0.00150527131501
-57	39	-20	0.00171403201441	-0.00285451829347	-0.00149091456161
-55	39	-20	0.0017489179741	-0.00298144386178	-0.00143380792423
-53	39	-20	0.00177204375843	-0.00313018600234	-0.00133686739956
-51	39	-20	0.0017812432463	-0.00329731354631	-0.0012055174438
-49	39	-20	0.00177482508992	-0.00347800806966	-0.00104745812533
-47	39	-20	0.00175163037952	-0.00366636265175	-0.00087227712627
-45	39	-20	0.00171106616905	-0.00385576848863	-0.000690928651216
-43	39	-20	0.00165311518545	-0.00403936238563	-0.000515111588931
-41	39	-20	0.00157832294816	-0.00421050215557	-0.000356587301336
-39	39	-20	0.00148776419707	-0.00436323339324	-0.000226482480549
-37	39	-20	0.00138299099177	-0.00449271040068	-0.000134624156304
-35	39	-20	0.00126596514884	-0.00459553639984	-8.89519748823e-05
-33	39	-20	0.00113897788941	-0.00466999353424	-9.50474338272e-05
-31	39	-20	0.00100455973885	-0.00471614122226	-0.0001558112678
-29	39	-20	0.00086538390398	-0.0047357716306	-0.000271309323983
-27	39	-20	0.000724166579641	-0.00473222263067	-0.000438794924594
-25	39	-20	0.000583567906591	-0.004710060677	-0.000652902895093
-23	39	-20	0.000446097584869	-0.00467465761361	-0.000905998177252
-21	39	-20	0.00031402938355	-0.00463169547949	-0.00118865122447
-19	39	-20	0.00018932889961	-0.00458664103128	-0.001490204026
-17	39	-20	7.35988171155e-05	-0.00454423617083	-0.00179938524547
-15	39	-20	-3.19544815223e-05	-0.0045080512259	-0.00210493094121
-13	39	-20	-0.000126529864528	-0.00448014482831	-0.00239616872723
-11	39	-20	-0.000209714036008	-0.00446086702798	-0.00266352781373
-9	39	-20	-0.000281437390261	-0.0044488316561	-0.00289894465763
-7	39	-20	-0.000341904662457	-0.00444107050118	-0.00309614327132
-5	39	-20	-0.000391504029516	-0.00443336655095	-0.00325077975645
-3	39	-20	-0.000430700521305	-0.00442074755139	-0.00336045145868
-1	39	-20	-0.00045992169824	-0.00439810573606	-0.00342458140064
1	39	-20	-0.000479445323409	-0.00436089610394	-0.00344419755294
3	39	-20	-0.000489299985882	-0.00430585531429	-0.00342163339979
5	39	-20	-0.000489190112454	-0.00423167717865	-0.00336018069334
7	39	-20	-0.000478456369863	-0.0041395796359	-0.00326372703126
9	39	-20	-0.000456080998458	-0.00403370240544	-0.00313640992387
11	39	-20	-0.00042074509819	-0.00392128421297	-0.0029823155395
13	39	-20	-0.000370941365934	-0.00381258310983	-0.00280524471583
15	39	-20	-0.000305141415962	-0.00372052205987	-0.00260856163266
17	39	-20	-0.00022201185834	-0.00366006335086	-0.00239513238717
19	39	-20	-0.000120668109006	-0.00364733789633	-0.00216735227486
21	39	-20	-9.49878544769e-07	-0.00369857732958	-0.00192725253139
23	39	-20	0.00013630210287	-0.00382891610314	-0.00167667025387
25	39	-20	0.000288991847365	-0.00405114584705	-0.0014174597251
27	39	-20	0.00045356181346	-0.00437451352046	-0.00115171981004
29	39	-20	0.000624859831063	-0.00480365733256	-0.000882010730927
31	39	-20	0.000796102201317	-0.00533776945147	-0.000611534437399
33	39	-20	0.000958951374279	-0.00597006220854	-0.000344255881554
35	39	-20	0.00110371994146	-0.00668759551012	-8.4947532987e-05
37	39	-20	0.00121970421387	-0.00747149876583	0.000160853975221
39	39	-20	0.00129564090373	-0.0082975926179	0.000386982610169
41	39	-20	0.00132027007788	-0.00913738628117	0.000586864674053
43	39	-20	0.00128297742417	-0.00995939774542	0.000753815322933
45	39	-20	0.00117447985474	-0.0107307188145	0.000881390793918
47	39	-20	0.000987511440831	-0.0114187271075	0.000963771810339
49	39	-20	0.000717462418297	-0.011992834453	0.00099615007744
51	39	-20	0.000362923127083	-0.0124261567199	0.000975088440054
53	39	-20	-7.39123890822e-05	-0.0126969944871	0.000898826288494
55	39	-20	-0.000587021745372	-0.0127900267719	0.000767505115963
57	39	-20	-0.00116653700777	-0.0126971402782	0.000583294502701
59	39	-20	-0.00179895033829	-0.0124178426282	0.00035040580564
61	39	-20	-0.00246754290236	-0.0119592376596	7.49889023935e-05
63	39	-20	-0.00315302160197	-0.0113355716636	-0.000235084183774
65	39	-20	-0.00383433279931	-0.0105673889075	-0.000570536760272
67	39	-20	-0.00448960853584	-0.00968036060415	-0.000921086788679
69	39	-20	-0.00509719002349	-0.0087038716889	-0.00127590310074
71	39	-20	-0.00563666635698	-0.00766946294248	-0.00162408982942
73	39	-20	-0.00608986412262	-0.00660923137539	-0.00195516889662
75	39	-20	-0.00644172612366	-0.0055542893152	-0.00225953122416
77	39	-20	-0.00668102464932	-0.00453337290598	-0.00252883033007
79	39	-20	-0.00680086601894	-0.00357167493299	-0.00275629681719
81	39	-20	-0.00679895760818	-0.00268995665471	-0.00293695848976
83	39	-20	-0.00667762501362	-0.00190397055826	-0.0030677578798
85	39	-20	-0.00644358407817	-0.00122420263235	-0.00314756622011
87	39	-20	-0.0061074887967	-0.000655920749308	-0.00317709977437
89	39	-20	-0.00568329036366	-0.000199496673835	-0.003158750404
91	39	-20	-0.00518745374217	0.000149045704073	-0.00309634690939
93	39	-20	-0.00463808536921	0.00039731332038	-0.00299486676458
95	39	-20	-0.00405402857076	0.000555720294496	-0.00286011926207
97	39	-20	-0.00345398194027	0.000636619722546	-0.00269842084423
99	39	-20	-0.00285569069507	0.000653448318617	-0.00251628170114
-99	41	-20	0.00151057383579	-0.0011336414836	-8.03200245832e-05
-97	41	-20	0.00146353517724	-0.00129636811374	-1.24851680256e-05
-95	41	-20	0.00140686918723	-0.0014561125992	4.5430010091e-05
-93	41	-20	0.001343948018	-0.00160855304168	8.82260221548e-05
-91	41	-20	0.00127855577929	-0.00174945183184	0.000110867102444
-89	41	-20	0.00121470166762	-0.00187491646998	0.000108818482796
-87	41	-20	0.0011564092449	-0.00198166799007	7.83937574168e-05
-85	41	-20	0.00110749417527	-0.00206729834707	1.70882649392e-05
-83	41	-20	0.0010713441335	-0.00213049666409	-7.61275322493e-05
-81	41	-20	0.00105071502334	-0.00217122426733	-0.000200580731077
-79	41	-20	0.00104755701932	-0.00219082014163	-0.000353758696253
-77	41	-20	0.00106288228947	-0.00219202186088	-0.000531281465534
-75	41	-20	0.00109668367945	-0.00217889207725	-0.000726997171565
-73	41	-20	0.00114791033269	-0.00215664702457	-0.000933205723635
-71	41	-20	0.00121450244528	-0.00213139078874	-0.00114100671534
-69	41	-20	0.0012934834091	-0.00210976678261	-0.00134075772603
-67	41	-20	0.00138110379718	-0.00209854531004	-0.00152261965213
-65	41	-20	0.00147302829282	-0.002104172654	-0.00167715726712
-63	41	-20	0.00156455401428	-0.00213231214215	-0.00179595666298
-61	41	-20	0.0016508469322	-0.0021874105761	-0.00187221725796
-59	41	-20	0.00172718232279	-0.00227232384682	-0.00190127517397
-57	41	-20	0.00178917546425	-0.00238803327423	-0.00188101725875
-55	41	-20	0.00183298999182	-0.00253347920191	-0.00181215084533
-53	41	-20	0.00185551332759	-0.00270553088429	-0.00169830319983
-51	41	-20	0.00185449118155	-0.00289910219179	-0.00154593592633
-49	41	-20	0.00182861603376	-0.00310741180199	-0.00136407255009
-47	41	-20	0.00177756749555	-0.00332237517345	-0.00116385108773
-45	41	-20	0.00170200527425	-0.00353510463748	-0.000957926543899
-43	41	-20	0.00160351793096	-0.00373648433385	-0.000759759859632
-41	41	-20	0.00148453258759	-0.00391777933511	-0.000582838892686
-39	41	-20	0.00134819213427	-0.00407123388327	-0.000439882742492
-37	41	-20	0.00119820730938	-0.00419061271558	-0.000342082619558
-35	41	-20	0.00103869132797	-0.00427164222845	-0.000298430299754
-33	41	-20	0.000873984623097	-0.00431231465609	-0.000315179139773
-31	41	-20	0.000708476866816	-0.0043130281503	-0.000395473136995
-29	41	-20	0.000546432886226	-0.00427654796879	-0.000539167363131
-27	41	-20	0.000391828499507	-0.00420778799425	-0.000742849278999
-25	41	-20	0.000248201750012	-0.00411342641565	-0.00100005607481
-23	41	-20	0.000118524548159	-0.00400138341405	-0.0013016694368
-21	41	-20	5.09932849479e-06	-0.00388020091791	-0.00163645710705
-19	41	-20	-9.05150659366e-05	-0.00375837384092	-0.00199172120274
-17	41	-20	-0.000167544540122	-0.00364368780008	-0.00235400717364
-15	41	-20	-0.000226004887365	-0.0035426195228	-0.00270982488228
-13	41	-20	-0.000266668830289	-0.00345985271886	-0.00304633464975
-11	41	-20	-0.000290994232773	-0.00339795421751	-0.00335195595905
-9	41	-20	-0.000301014520085	-0.00335724313287	-0.00361686430931
-7	41	-20	-0.000299194500167	-0.00333587055464	-0.00383335170058
-5	41	-20	-0.000288257230414	-0.00333010989703	-0.00399603749489
-3	41	-20	-0.000270990160826	-0.00333483992507	-0.00410192797496
-1	41	-20	-0.000250041287072	-0.00334418507873	-0.00415033387221
1	41	-20	-0.000227718205417	-0.00335226250008	-0.00414266462895
3	41	-20	-0.000205804498466	-0.00335397349015	-0.00408212554047
5	41	-20	-0.000185408530831	-0.00334577010294	-0.00397334875066
7	41	-20	-0.000166859275082	-0.00332632601812	-0.0038219911477
9	41	-20	-0.000149662071678	-0.0032970451053	-0.00363433156045
11	41	-20	-0.000132524201803	-0.00326235112458	-0.00341689654187
13	41	-20	-0.000113455886792	-0.00322971725044	-0.00317613887202
15	41	-20	-8.99470160838e-05	-0.00320941355358	-0.00291818627656
17	41	-20	-5.92138654855e-05	-0.00321397283015	-0.00264867036676
19	41	-20	-1.85037262472e-05	-0.00325739853462	-0.00237263811229
21	41	-20	3.4560767525e-05	-0.00335416118236	-0.00209454087239
23	41	-20	0.000101621196366	-0.00351804954772	-0.00181828967509
25	41	-20	0.000183234437698	-0.00376095853035	-0.00154736047639
27	41	-20	0.000278565155932	-0.00409170522148	-0.00128492985411
29	41	-20	0.000385149619033	-0.00451496742165	-0.00103402015086
31	41	-20	0.000498758345542	-0.00503043412621	-0.000797633494809
33	41	-20	0.000613380169327	-0.00563224539219	-0.000578856276974
35	41	-20	0.000721343053487	-0.00630878023946	-0.000380919310516
37	41	-20	0.0008135777742	-0.00704282711761	-0.000207203705233
39	41	-20	0.000880020022672	-0.00781214378271	-6.11880472067e-05
41	41	-20	0.000910135305035	-0.00859038433037	5.36616756515e-05
43	41	-20	0.000893540142088	-0.00934834296056	0.000134052286381
45	41	-20	0.000820683418417	-0.0100554391267	0.000177061606646
47	41	-20	0.000683544206264	-0.0106813491442	0.000180358437494
49	41	-20	0.00047629777885	-0.0111976767858	0.000142425485522
51	41	-20	0.000195900416935	-0.0115795509798	6.27652927019e-05
53	41	-20	-0.000157453678999	-0.0118070428864	-5.79301974958e-05
55	41	-20	-0.000580043524967	-0.0118663070522	-0.000217663598
57	41	-20	-0.00106453066242	-0.0117503710267	-0.000413083049704
59	41	-20	-0.00160008389045	-0.0114595231476	-0.000639508852746
61	41	-20	-0.00217272188682	-0.0110012770606	-0.000891038778321
63	41	-20	-0.00276586062656	-0.0103899215613	-0.00116072913517
65	41	-20	-0.00336103743093	-0.00964569309689	-0.00144084288708
67	41	-20	-0.00393877013306	-0.00879363346415	-0.00172315098676
69	41	-20	-0.0044794993666	-0.00786221497049	-0.00199926902995
71	41	-20	-0.00496455527801	-0.00688182820485	-0.00226100867102
73	41	-20	-0.0053770876299	-0.00588323282857	-0.0025007221834
75	41	-20	-0.00570290052432	-0.00489606937409	-0.00271161915879
77	41	-20	-0.00593113965605	-0.00394752050514	-0.00288803653714
79	41	-20	-0.00605479054889	-0.00306119469854	-0.00302564672554
81	41	-20	-0.00607095974264	-0.00225628544298	-0.00312159316706
83	41	-20	-0.00598092624897	-0.00154703667087	-0.00317454794983
85	41	-20	-0.00578996650752	-0.000942522190193	-0.00318469145197
87	41	-20	-0.00550697125681	-0.000446725208557	-0.00315361915558
89	41	-20	-0.00514388599838	-5.88852383947e-05	-0.00308418523428
91	41	-20	-0.00471501709559	0.000225935042575	-0.00298029600716
93	41	-20	-0.00423625231912	0.000416120259352	-0.0028466686452
95	41	-20	-0.00372424748018	0.000522672131922	-0.00268857152275
97	41	-20	-0.0031956296857	0.000558340322487	-0.00251156235041
99	41	-20	-0.00266626305032	0.000536771390891	-0.00232123884073
-99	43	-20	0.0014024591938	-0.00110839338786	-0.000103585668697
-97	43	-20	0.00133803343638	-0.00125937508974	-4.21287379332e-05
-95	43	-20	0.00126469235317	-0.00140564311625	8.67842846813e-06
-93	43	-20	0.0011864321831	-0.00154289218415	4.36688537858e-05
-91	43	-20	0.00110766497507	-0.00166695389652	5.78612862479e-05
-89	43	-20	0.00103299843591	-0.00177406363229	4.679869933e-05
-87	43	-20	0.000966990030556	-0.00186113348742	6.89621428634e-06
-85	43	-20	0.000913889793183	-0.00192601202651	-6.42257764663e-05
-83	43	-20	0.000877387914965	-0.00196771013049	-0.000167449452199
-81	43	-20	0.000860383636331	-0.0019865722948	-0.000301934566151
-79	43	-20	0.000864791199467	-0.00198437453297	-0.000464984675856
-77	43	-20	0.000891396626121	-0.00196433362046	-0.000652024333987
-75	43	-20	0.00093977600038	-0.00193101766679	-0.000856700558343
-73	43	-20	0.00100828197864	-0.00189015465699	-0.00107111374437
-71	43	-20	0.00109410072317	-0.00184834322768	-0.00128617381372
-69	43	-20	0.00119337671902	-0.00181267797829	-0.00149206749384
-67	43	-20	0.00130139836479	-0.00179030941168	-0.00167881299073
-65	43	-20	0.00141283319105	-0.00178796545993	-0.00183686978775
-63	43	-20	0.00152199837147	-0.00181146680924	-0.00195776468431
-61	43	-20	0.00162315009003	-0.00186527130827	-0.00203469117638
-59	43	-20	0.00171077445216	-0.00195208318627	-0.00206303839269
-57	43	-20	0.00177986300807	-0.00207256037928	-0.00204080830983
-55	43	-20	0.00182615751113	-0.00222514795479	-0.00196888587036
-53	43	-20	0.00184635108351	-0.00240605768139	-0.00185113561465
-51	43	-20	0.00183823624774	-0.00260940370012	-0.00169430992186
-49	43	-20	0.00180079399981	-0.00282749272704	-0.00150776710241
-47	43	-20	0.00173422192434	-0.00305125513216	-0.00130301138172
-45	43	-20	0.00163990297966	-0.00327079157799	-0.00109308015293
-43	43	-20	0.00152031975091	-0.0034759996627	-0.000891815652461
-41	43	-20	0.00137892149299	-0.00365723713082	-0.000713067423204
-39	43	-20	0.00121995305648	-0.00380597346835	-0.000569877772338
-37	43	-20	0.00104825578759	-0.00391538063886	-0.000473704373193
-35	43	-20	0.000869050779012	-0.00398081660203	-0.000433731997704
-33	43	-20	0.000687714542749	-0.00400016202284	-0.000456319242439
-31	43	-20	0.000509556443955	-0.00397398082888	-0.000544616509506
-29	43	-20	0.000339606250323	-0.00390548829499	-0.000698379203488
-27	43	-20	0.000182419080309	-0.00380032515455	-0.000913986113416
-25	43	-20	4.19040020623e-05	-0.00366615169147	-0.00118465840639
-23	43	-20	-7.88183800739e-05	-0.00351209059738	-0.00150086074061
-21	43	-20	-0.000177524797316	-0.00334806033214	-0.00185085381019
-19	43	-20	-0.000252960784409	-0.00318405066532	-0.00222135809164
-17	43	-20	-0.000304871572353	-0.00302939807827	-0.00259828235218
-15	43	-20	-0.000333990041167	-0.00289212014409	-0.00296746797845
-13	43	-20	-0.000341980413585	-0.00277836460985	-0.00331540144066
-11	43	-20	-0.00033133775772	-0.00269202080565	-0.00362985195017
-9	43	-20	-0.000305245153561	-0.00263452871517	-0.00390039904705
-7	43	-20	-0.000267392560172	-0.00260490544009	-0.00411882469599
-5	43	-20	-0.000221763918257	-0.00259999105298	-0.00427935556494
-3	43	-20	-0.000172401680938	-0.00261489734949	-0.0043787525497
-1	43	-20	-0.000123160560853	-0.00264362527592	-0.00441625536723
1	43	-20	-7.74645411266e-05	-0.00267980130538	-0.00439339936583
3	43	-20	-3.80828257517e-05	-0.00271747111531	-0.00431372896527
5	43	-20	-6.9411153392e-06	-0.00275188168607	-0.00418243693954
7	43	-20	1.50158548e-05	-0.0027801811576	-0.0040059609229
9	43	-20	2.78963492493e-05	-0.00280196979472	-0.00379156811914
11	43	-20	3.28572269345e-05	-0.00281964511074	-0.00354695649601
13	43	-20	3.20165452474e-05	-0.00283849900442	-0.00327989618095
15	43	-20	2.82821914196e-05	-0.00286654366227	-0.00299792888206
17	43	-20	2.51018945309e-05	-0.00291406457877	-0.00270813653247
19	43	-20	2.61466243829e-05	-0.00299292169044	-0.00241698358727
21	43	-20	3.49458190593e-05	-0.00311564149383	-0.00213023103153
23	43	-20	5.44985255472e-05	-0.00329436230584	-0.00185291464014
25	43	-20	8.68888197603e-05	-0.00353970984999	-0.00158937570706
27	43	-20	0.000132936287987	-0.00385968972774	-0.00134332955168
29	43	-20	0.000191912509961	-0.00425868608309	-0.00111795570386
31	43	-20	0.00026135215442	-0.00473665143185	-0.000915993741213
33	43	-20	0.000336982448054	-0.00528856131346	-0.000739830170679
35	43	-20	0.000412787592461	-0.00590418982767	-0.000591564298607
37	43	-20	0.000481215584899	-0.00656823948251	-0.000473044440421
39	43	-20	0.000533524452141	-0.00726083280548	-0.000385869766897
41	43	-20	0.000560253900346	-0.00795834588448	-0.000331357232435
43	43	-20	0.000551797691436	-0.00863453760322	-0.000310477049044
45	43	-20	0.000499042587037	-0.00926190498272	-0.000323763747619
47	43	-20	0.000394032319599	-0.00981317669287	-0.000371212735036
49	43	-20	0.000230610496567	-0.0102628450167	-0.000452174198095
51	43	-20	4.99515720887e-06	-0.0105886323644	-0.000565257079514
53	43	-20	-0.000283759837879	-0.0107727922352	-0.000708255593379
55	43	-20	-0.000633455319066	-0.0108031560311	-0.000878109380167
57	43	-20	-0.00103861858143	-0.010673855396	-0.0010709060334
59	43	-20	-0.0014905737503	-0.0103856732727	-0.00128193155052
61	43	-20	-0.00197771427428	-0.00994600369501	-0.00150577052686
63	43	-20	-0.0024859665938	-0.00936842824132	-0.00173645393079
65	43	-20	-0.00299942001756	-0.00867194382196	-0.0019676484002
67	43	-20	-0.00350108544777	-0.00787989991396	-0.00219287751576
69	43	-20	-0.00397373586499	-0.00701872173024	-0.0024057627296
71	43	-20	-0.00440077523552	-0.00611650780292	-0.00260026979793
73	43	-20	-0.00476708026884	-0.00520159537014	-0.0027709458386
75	43	-20	-0.00505976141532	-0.00430118469988	-0.00291313256873
77	43	-20	-0.00526879547859	-0.0034401045956	-0.00302314283142
79	43	-20	-0.00538749170177	-0.00263978687087	-0.00309839005135
81	43	-20	-0.00541276535381	-0.00191749903139	-0.00313746354294
83	43	-20	-0.00534520665896	-0.00128586349163	-0.00314014634191
85	43	-20	-0.00518894722595	-0.000752670194695	-0.00310737612221
87	43	-20	-0.00495133978333	-0.000320969225473	-0.00304115347149
89	43	-20	-0.00464247894798	1.05875937323e-05	-0.00294440503494
91	43	-20	-0.00427460007226	0.000247200912527	-0.0028208115616
93	43	-20	-0.00386139932113	0.000397227877461	-0.00267461253511
95	43	-20	-0.00341732071884	0.000471394374854	-0.00251039976596
97	43	-20	-0.00295685498958	0.000481973602376	-0.00233291207814
99	43	-20	-0.00249389090843	0.000441984631187	-0.00214684213132
-99	45	-20	0.00130680214734	-0.00108051859002	-0.000121890683604
-97	45	-20	0.00123926170988	-0.00121855315568	-6.8751068469e-05
-95	45	-20	0.00116347180988	-0.00135124252306	-2.58187568027e-05
-93	45	-20	0.00108347827695	-0.00147458245719	2.13054211796e-06
-91	45	-20	0.00100372400527	-0.00158472765878	1.05028563567e-05
-89	45	-20	0.00092882587492	-0.00167824309362	-4.79940976687e-06
-87	45	-20	0.000863326417002	-0.00175235998448	-4.70543699113e-05
-85	45	-20	0.000811434877395	-0.00180521827526	-0.000118411628809
-83	45	-20	0.000776773946369	-0.0018360760056	-0.00021962168521
-81	45	-20	0.000762148874969	-0.00184546612039	-0.000349828134451
-79	45	-20	0.000769354900541	-0.00183528296197	-0.000506445056933
-77	45	-20	0.000799036867493	-0.00180878410468	-0.000685137935538
-75	45	-20	0.000850611778217	-0.0017704981905	-0.000879920465845
-73	45	-20	0.000922260968057	-0.00172603575665	-0.00108337202034
-71	45	-20	0.00101099397481	-0.00168180730419	-0.00128697179204
-69	45	-20	0.0011127813318	-0.00164466050999	-0.00148153641262
-67	45	-20	0.00122274884055	-0.0016214559121	-0.00165773885651
-65	45	-20	0.0013354217493	-0.0016186069406	-0.00180667848572
-63	45	-20	0.00144500400192	-0.00164161518138	-0.00192046591499
-61	45	-20	0.00154567557737	-0.00169463468726	-0.00199278263277
-59	45	-20	0.00163189005829	-0.00178009956629	-0.0020193744845
-57	45	-20	0.00169865498356	-0.00189844674408	-0.00199844046706
-55	45	-20	0.00174177917264	-0.00204796070573	-0.00193088379226
-53	45	-20	0.00175807387764	-0.0022247594005	-0.00182040056938
-51	45	-20	0.00174549805731	-0.00242293080806	-0.00167339218246
-49	45	-20	0.00170324195841	-0.0026348185964	-0.00149869971969
-47	45	-20	0.00163174719899	-0.00285144369044	-0.00130717170241
-45	45	-20	0.00153266535404	-0.00306303735948	-0.00111108882646
-43	45	-20	0.00140876037171	-0.00325965158034	-0.000923480436615
-41	45	-20	0.00126376279558	-0.00343180483959	-0.00075737607008
-39	45	-20	0.00110218561589	-0.0035711169517	-0.000625040876959
-37	45	-20	0.000929112593937	-0.00367088541882	-0.000537245557115
-35	45	-20	0.000749970154585	-0.00372655859319	-0.000502619454228
-33	45	-20	0.000570293547659	-0.00373606736228	-0.000527129753126
-31	45	-20	0.000395497108809	-0.00369998687767	-0.000613720787228
-29	45	-20	0.00023065729276	-0.00362151230841	-0.000762136007017
-27	45	-20	8.03158846148e-05	-0.00350624678413	-0.000968932126822
-25	45	-20	-5.16904370626e-05	-0.00336181448804	-0.00122768142012
-23	45	-20	-0.000162369115197	-0.00319732606023	-0.00152934516563
-21	45	-20	-0.000249675179922	-0.00302273588288	-0.0018627898804
-19	45	-20	-0.000312575848281	-0.00284814035974	-0.00221540907306
-17	45	-20	-0.000351073698356	-0.00268307209642	-0.00257380743924
-15	45	-20	-0.000366186674457	-0.00253584634916	-0.00292450204416
-13	45	-20	-0.000359884177403	-0.00241301299263	-0.00325459613607
-11	45	-20	-0.000334979779227	-0.00231895969019	-0.00355238554964
-9	45	-20	-0.00029498274178	-0.00225570043268	-0.00380786467596
-7	45	-20	-0.000243912521194	-0.00222286898169	-0.00401310797692
-5	45	-20	-0.000186082740677	-0.00221792012716	-0.00416251316593
-3	45	-20	-0.000125863574006	-0.00223652435459	-0.00425290258053
-1	45	-20	-6.74338952954e-05	-0.00227312491686	-0.004283489093
1	45	-20	-1.45366615418e-05	-0.0023216117977	-0.00425572141342
3	45	-20	2.97474768552e-05	-0.00237605588811	-0.00417303027765
5	45	-20	6.31926684404e-05	-0.00243143988485	-0.00404050142612
7	45	-20	8.45711989253e-05	-0.00248432064972	-0.00386450333644
9	45	-20	9.37340739956e-05	-0.00253336133973	-0.00365229744867
11	45	-20	9.16182006382e-05	-0.00257968040802	-0.00341165637849
13	45	-20	8.0173710826e-05	-0.00262697803306	-0.00315051174746
15	45	-20	6.22102022008e-05	-0.00268141771407	-0.00287664826259
17	45	-20	4.11666238157e-05	-0.00275126039557	-0.00259745507291
19	45	-20	2.08157859473e-05	-0.00284626903562	-0.00231973973095
21	45	-20	4.92051954972e-06	-0.00297692136642	-0.00204960474754
23	45	-20	-3.13618536247e-06	-0.00315348607253	-0.00179238211861
25	45	-20	-7.20699955246e-07	-0.00338503122798	-0.00155261758676
27	45	-20	1.37107230437e-05	-0.00367844235168	-0.00133409393093
29	45	-20	4.0329289461e-05	-0.00403753000095	-0.00113988130021
31	45	-20	7.77356286311e-05	-0.00446230302856	-0.000972402472715
33	45	-20	0.000122868731857	-0.0049484735915	-0.00083350180164
35	45	-20	0.00017103765757	-0.0054872443567	-0.000724508323506
37	45	-20	0.000216083480637	-0.00606540821423	-0.000646285828824
39	45	-20	0.00025066944775	-0.0066657677082	-0.000599265394858
41	45	-20	0.000266687289773	-0.00726785713511	-0.000583458714334
43	45	-20	0.000255757930343	-0.00784892679094	-0.000598453295812
45	45	-20	0.000209796238389	-0.00838512809155	-0.000643393056485
47	45	-20	0.000121602775029	-0.0088528219792	-0.000716949803838
49	45	-20	-1.45586614695e-05	-0.00922992254084	-0.000817292475134
51	45	-20	-0.000202440012763	-0.0094971840093	-0.000942061684018
53	45	-20	-0.000443384644131	-0.00963934264014	-0.00108835707222
55	45	-20	-0.000736034556873	-0.00964603510215	-0.00125274419373
57	45	-20	-0.00107619567295	-0.00951243115443	-0.00143128623452
59	45	-20	-0.00145687711397	-0.00923953916953	-0.00161960390821
61	45	-20	-0.00186850822639	-0.00883416677411	-0.00181296452669
63	45	-20	-0.00229932433582	-0.00830854356385	-0.00200639871819
65	45	-20	-0.00273589987236	-0.00767963650168	-0.0021948407662
67	45	-20	-0.00316379660515	-0.00696820935377	-0.00237328628689
69	45	-20	-0.00356828616183	-0.00619769377537	-0.00253695915078
71	45	-20	-0.0039351004977	-0.00539295027851	-0.00268147834981
73	45	-20	-0.00425116197519	-0.00457900166443	-0.00280301503028
75	45	-20	-0.00450524636827	-0.00377981951196	-0.00289843020474
77	45	-20	-0.00468853725764	-0.00301723644539	-0.00296538470579
79	45	-20	-0.00479503846995	-0.00231004410283	-0.00300241466493
81	45	-20	-0.00482182172284	-0.00167332029346	-0.00300896804405
83	45	-20	-0.00476909856914	-0.00111801030025	-0.0029854003219
85	45	-20	-0.00464011808965	-0.000650768262735	-0.00293293012402
87	45	-20	-0.00444090356189	-0.000274046592991	-0.00285355815486
89	45	-20	-0.00417985161636	1.3594231682e-05	-0.00274995503722
91	45	-20	-0.00386722543363	0.000216995374495	-0.00262532541415
93	45	-20	-0.00351457881311	0.000343776896387	-0.0024832568024
95	45	-20	-0.00313415020277	0.000403634503965	-0.00232756214436
97	45	-20	-0.00273826503275	0.000407607452294	-0.00216212479452
99	45	-20	-0.00233878121716	0.000367365293647	-0.00199075385851
-99	47	-20	0.00122255224783	-0.00105094046287	-0.000135699367553
-97	47	-20	0.00116350429288	-0.00117535478565	-9.2345060961e-05
-95	47	-20	0.00109682893738	-0.00129473461788	-5.78062967804e-05
-93	47	-20	0.00102615597656	-0.00140560772909	-3.61797744392e-05
-91	47	-20	0.000955475365279	-0.00150465657092	-3.1405426728e-05
-89	47	-20	0.000888935795617	-0.0015889362855	-4.6995773447e-05
-87	47	-20	0.000830620440112	-0.00165609616164	-8.57579937892e-05
-85	47	-20	0.000784313130407	-0.00170458875996	-0.000149528123611
-83	47	-20	0.000753269699228	-0.00173384974917	-0.000238938337789
-81	47	-20	0.000740009621455	-0.00174443158089	-0.000353238294266
-79	47	-20	0.000746142363452	-0.00173807563566	-0.000490189809392
-77	47	-20	0.000772241001476	-0.00171771044438	-0.000646050654319
-75	47	-20	0.000817772811557	-0.00168736794181	-0.000815658116011
-73	47	-20	0.000881092868125	-0.00165201522106	-0.000992616422672
-71	47	-20	0.000959502495944	-0.00161730557834	-0.00116958461412
-69	47	-20	0.00104937002928	-0.00158925930338	-0.00133865349236
-67	47	-20	0.0011463070948	-0.00157389114294	-0.00149179255379
-65	47	-20	0.00124538988972	-0.00157680706676	-0.00162134095486
-63	47	-20	0.00134141197065	-0.00160279733795	-0.00172051124473
-61	47	-20	0.00142915312657	-0.00165545544195	-0.0017838713738
-59	47	-20	0.00150364811598	-0.00173685278924	-0.00180776976891
-57	47	-20	0.00156043943509	-0.0018472970686	-0.00179067027857
-55	47	-20	0.00159579977893	-0.00198519767989	-0.00173336852831
-53	47	-20	0.00160691229576	-0.00214705501549	-0.00163906844422
-51	47	-20	0.00159199987696	-0.00232758189569	-0.00151330692971
-49	47	-20	0.00155039828107	-0.0025199557875	-0.00136372524582
-47	47	-20	0.00148257155624	-0.00271619028419	-0.00119969673616
-45	47	-20	0.00139007170552	-0.00290760451649	-0.00103183126299
-43	47	-20	0.00127544758329	-0.0030853605465	-0.000871386194339
-41	47	-20	0.00114211042945	-0.0032410321456	-0.000729621199671
-39	47	-20	0.000994165130444	-0.00336716433259	-0.000617138827007
-37	47	-20	0.000836217215135	-0.00345778211125	-0.000543254422806
-35	47	-20	0.000673165796813	-0.00350880921426	-0.000515437253588
-33	47	-20	0.000509992273543	-0.00351836327888	-0.000538859812001
-31	47	-20	0.000351553751311	-0.00348690241422	-0.000616084628387
-29	47	-20	0.000202389031408	-0.00341720897345	-0.000746908087536
-27	47	-20	6.6543771173e-05	-0.00331420870105	-0.000928369575808
-25	47	-20	-5.25797769255e-05	-0.00318463631367	-0.00115492266915
-23	47	-20	-0.000152344126816	-0.00303657094412	-0.00141875395432
-21	47	-20	-0.000230965625974	-0.00287887569275	-0.00171022532883
-19	47	-20	-0.000287568618493	-0.00272058385074	-0.00201840798595
-17	47	-20	-0.000322202802872	-0.00257027942861	-0.00233167129373
-15	47	-20	-0.000335822610453	-0.00243552093548	-0.00263828771263
-13	47	-20	-0.000330228283241	-0.00232235470294	-0.0029270157937
-11	47	-20	-0.000307969404007	-0.00223495754974	-0.00318762693657
-9	47	-20	-0.000272212990491	-0.00217543867643	-0.00341134751725
-7	47	-20	-0.00022657992225	-0.00214381809232	-0.00359119560873
-5	47	-20	-0.000174955374904	-0.00213818457605	-0.00372220009319
-3	47	-20	-0.000121280979706	-0.00215502128586	-0.00380149875434
-1	47	-20	-6.93384353736e-05	-0.00218967286949	-0.00382832023052
1	47	-20	-2.25360593852e-05	-0.00223691545991	-0.00380386189088
3	47	-20	1.62889591185e-05	-0.002291581346	-0.00373108130441
5	47	-20	4.50392843343e-05	-0.00234918423628	-0.00361442271646
7	47	-20	6.24841712797e-05	-0.00240648946865	-0.00345950172843
9	47	-20	6.83326533681e-05	-0.00246197650513	-0.00327277126884
11	47	-20	6.32441169453e-05	-0.00251614847466	-0.00306119017564
13	47	-20	4.87707409356e-05	-0.00257165491089	-0.00283191261997
15	47	-20	2.72306993355e-05	-0.00263320836752	-0.00259201260221
17	47	-20	1.51605304285e-06	-0.00270729219128	-0.0023482532748
19	47	-20	-2.51554639114e-05	-0.00280167410531	-0.00210690630906
21	47	-20	-4.95304540651e-05	-0.00292475701389	-0.00187362228767
23	47	-20	-6.86328757707e-05	-0.00308481320049	-0.00165334945679
25	47	-20	-8.00778805987e-05	-0.00328915959297	-0.00145029530704
27	47	-20	-8.23623355169e-05	-0.00354333897535	-0.00126792347409
29	47	-20	-7.51077152818e-05	-0.00385037421883	-0.00110897737501
31	47	-20	-5.92327992027e-05	-0.00421015945764	-0.000975521769619
33	47	-20	-3.70372995033e-05	-0.00461904374884	-0.000868993946835
35	47	-20	-1.21830322284e-05	-0.00506964966639	-0.000790257336813
37	47	-20	1.04338046094e-05	-0.00555095242962	-0.000739651873194
39	47	-20	2.49177282088e-05	-0.0060486258303	-0.000717037205053
41	47	-20	2.47065640142e-05	-0.00654564091913	-0.000721826720297
43	47	-20	2.98354754962e-06	-0.00702308376943	-0.000753012142458
45	47	-20	-4.68562218674e-05	-0.00746114126318	-0.000809180072138
47	47	-20	-0.000130715721479	-0.00784019018703	-0.000888523158011
49	47	-20	-0.000253316550364	-0.00814191613779	-0.000988849521006
51	47	-20	-0.000417765241778	-0.00835038557516	-0.00110759456702
53	47	-20	-0.000625198749357	-0.00845299711132	-0.00124183938478
55	47	-20	-0.000874538082141	-0.00844124657989	-0.00138833954216
57	47	-20	-0.00116237221581	-0.00831125388581	-0.00154356730289
59	47	-20	-0.00148298562115	-0.00806401698296	-0.00170376915178
61	47	-20	-0.00182853268469	-0.00770537811892	-0.00186503913361
63	47	-20	-0.00218935173729	-0.00724570809264	-0.00202340699367
65	47	-20	-0.00255440120275	-0.00669933401887	-0.00217493858754
67	47	-20	-0.00291179136416	-0.00608375341459	-0.00231584463876
69	47	-20	-0.0032493781645	-0.00541869100026	-0.00244259279407
71	47	-20	-0.00355538089602	-0.00472506347982	-0.00255201716825
73	47	-20	-0.0038189839621	-0.00402392120261	-0.00264141926231
75	47	-20	-0.00403088423955	-0.00333543395579	-0.00270865432205
77	47	-20	-0.0041837497932	-0.00267798157772	-0.00275219787469
79	47	-20	-0.00427256241672	-0.00206739940733	-0.00277118828918
81	47	-20	-0.00429482510466	-0.00151641488061	-0.00276544266135
83	47	-20	-0.00425062535971	-0.00103429613251	-0.00273544500334
85	47	-20	-0.00414255538541	-0.000626717600879	-0.00268230747396
87	47	-20	-0.00397549988458	-0.000295832638492	-0.00260770707327
89	47	-20	-0.0037563106254	-4.05301263005e-05	-0.00251380169983
91	47	-20	-0.00349339353867	0.000143158103155	-0.00240313061593
93	47	-20	-0.00319623844427	0.000261539039801	-0.0022785051037
95	47	-20	-0.00287492336619	0.000322672715992	-0.00214289538095
97	47	-20	-0.00253962479795	0.000335761896506	-0.00199931968395
99	47	-20	-0.00220016244925	0.000310556960681	-0.00185074085835
-99	49	-20	0.00114833929195	-0.00102036755891	-0.000145619889822
-97	49	-20	0.00110643114695	-0.0011310024518	-0.000112960090386
-95	49	-20	0.00105747527459	-0.00123765466225	-8.70275366302e-05
-93	49	-20	0.00100434002226	-0.00133755191054	-7.10339358512e-05
-91	49	-20	0.000950203813023	-0.00142805149326	-6.80746217772e-05
-89	49	-20	0.000898393611671	-0.00150681183007	-8.09163622215e-05
-87	49	-20	0.000852204400358	-0.00157196642023	-0.000111779227164
-85	49	-20	0.000814710376141	-0.00162228785129	-0.000162127732095
-83	49	-20	0.000788579768243	-0.00165732858381	-0.000232487694822
-81	49	-20	0.000775905507637	-0.00167752530495	-0.000322305261556
-79	49	-20	0.000778063399608	-0.0016842548248	-0.000429863224989
-77	49	-20	0.000795607963173	-0.00167983181833	-0.000552267035016
-75	49	-20	0.000828213801283	-0.00166744212753	-0.000685508875826
-73	49	-20	0.00087466741789	-0.00165100965869	-0.000824613062222
-71	49	-20	0.00093291102759	-0.00163499986522	-0.00096386012395
-69	49	-20	0.00100013637646	-0.00162416803345	-0.00109708072984
-67	49	-20	0.00107292319077	-0.00162326566417	-0.00121800455229
-65	49	-20	0.0011474138655	-0.00163672271552	-0.00132064381297
-63	49	-20	0.00121951363399	-0.0016683269038	-0.00139968708861
-61	49	-20	0.00128510390359	-0.00172092326277	-0.00145087642916
-59	49	-20	0.00134025580589	-0.00179615744815	-0.00147134027332
-57	49	-20	0.00138143131941	-0.00189428468007	-0.00145985621092
-55	49	-20	0.00140566051819	-0.00201406273239	-0.00141702133299
-53	49	-20	0.00141068545003	-0.00215274216098	-0.00134531353859
-51	49	-20	0.00139506366014	-0.00230616033216	-0.0012490343625
-49	49	-20	0.00135822721883	-0.00246893823113	-0.00113413212698
-47	49	-20	0.00130049604148	-0.00263477107655	-0.00100791286879
-45	49	-20	0.00122304706949	-0.00279679608339	-0.000878654856446
-43	49	-20	0.00112784331094	-0.00294801396153	-0.000755149900029
-41	49	-20	0.00101752866866	-0.00308173552441	-0.000646200441792
-39	49	-20	0.000895295820749	-0.00319202162313	-0.000560105097973
-37	49	-20	0.000764735142403	-0.00327408387674	-0.000504166570306
-35	49	-20	0.000629672804607	-0.00332461550916	-0.000484254533862
-33	49	-20	0.000494005844673	-0.00334202598231	-0.000504452328161
-31	49	-20	0.00036154129772	-0.0033265597711	-0.00056681033424
-29	49	-20	0.000235845546035	-0.00328028809141	-0.000671221298952
-27	49	-20	0.000120109018283	-0.00320697202863	-0.000815424196517
-25	49	-20	1.70303652432e-05	-0.0031118055638	-0.000995134205509
-23	49	-20	-7.12766698954e-05	-0.00300105663718	-0.00120428775366
-21	49	-20	-0.000143351245443	-0.00288163281809	-0.00143538402092
-19	49	-20	-0.000198426491157	-0.00276060463384	-0.00167989836214
-17	49	-20	-0.000236442440197	-0.00264472356342	-0.00192873922678
-15	49	-20	-0.00025803017484	-0.00253997273219	-0.00217271853595
-13	49	-20	-0.000264467175739	-0.00245118629436	-0.00240300614795
-11	49	-20	-0.000257604648682	-0.00238176845388	-0.00261154182603
-9	49	-20	-0.000239768583502	-0.00233353539449	-0.00279138267074
-7	49	-20	-0.000213637490784	-0.00230669363287	-0.00293696981942
-5	49	-20	-0.000182101131465	-0.00229995722638	-0.00304430479198
-3	49	-20	-0.000148106022614	-0.00231079473491	-0.00311103259953
-1	49	-20	-0.000114494946215	-0.00233578578706	-0.003136435084
1	49	-20	-8.3848950231e-05	-0.00237105744985	-0.00312134345639
3	49	-20	-5.83412395915e-05	-0.00241276317151	-0.00306798329701
5	49	-20	-3.96127390378e-05	-0.00245756252143	-0.00297976815749
7	49	-20	-2.86788251606e-05	-0.00250305873785	-0.0028610592904
9	49	-20	-2.58756719893e-05	-0.00254815340067	-0.00271690899125
11	49	-20	-3.08527972043e-05	-0.00259328328466	-0.00255280374717
13	49	-20	-4.2615773799e-05	-0.00264051324889	-0.00237442110998
15	49	-20	-5.96198050032e-05	-0.00269347025397	-0.00218741125936
17	49	-20	-7.99111465168e-05	-0.00275711643002	-0.00199721092417
19	49	-20	-0.000101309464424	-0.00283737254901	-0.00180889399297
21	49	-20	-0.000121620452332	-0.00294061621172	-0.00162706003857
23	49	-20	-0.00013886473279	-0.00307309047353	-0.00145575930857
25	49	-20	-0.000151506564568	-0.00324026752794	-0.00129845063374
27	49	-20	-0.000158664459243	-0.00344621763964	-0.00115798724294
29	49	-20	-0.000160285699648	-0.00369303521512	-0.00103662465268
31	49	-20	-0.000157268075965	-0.00398037146185	-0.00093604457178
33	49	-20	-0.000151514925185	-0.00430511659484	-0.000857389042346
35	49	-20	-0.000145913663966	-0.00466126441377	-0.000801299717877
37	49	-20	-0.000144233206839	-0.00503997902259	-0.000767958140745
39	49	-20	-0.000150941611583	-0.00542986848288	-0.00075712400634
41	49	-20	-0.000170951552249	-0.00581745445715	-0.000768169582598
43	49	-20	-0.000209307291593	-0.00618781167036	-0.000800109596556
45	49	-20	-0.000270832196013	-0.00652533754591	-0.000851626925472
47	49	-20	-0.000359760023285	-0.00681460177649	-0.000921095276919
49	49	-20	-0.000479375805117	-0.00704121876898	-0.0010066006642
51	49	-20	-0.000631692845865	-0.00719268344298	-0.00110596385063
53	49	-20	-0.000817191015525	-0.00725911299076	-0.00121676603467
55	49	-20	-0.0010346381473	-0.00723384375777	-0.00133637987959
57	49	-20	-0.00128101115017	-0.0071138428392	-0.00146200757599
59	49	-20	-0.00155152677217	-0.00689990744097	-0.00159072699826
61	49	-20	-0.0018397842977	-0.00659664040495	-0.00171954623024
63	49	-20	-0.00213801442789	-0.00621220628194	-0.0018454658573
65	49	-20	-0.00243742082282	-0.00575788765182	-0.0019655475287
67	49	-20	-0.00272859391441	-0.00524747482452	-0.00207698646784
69	49	-20	-0.00300197119936	-0.00469653258419	-0.00217718492802
71	49	-20	-0.00324831474401	-0.0041215945206	-0.00226382312754
73	49	-20	-0.00345917536535	-0.00353933831944	-0.00233492400221
75	49	-20	-0.00362731399324	-0.00296579411336	-0.00238890821446
77	49	-20	-0.00374705396868	-0.00241563293515	-0.00242463625618
79	49	-20	-0.00381454320074	-0.00190157407356	-0.00244143514992
81	49	-20	-0.00382791174012	-0.00143393955901	-0.00243910813428
83	49	-20	-0.00378731786196	-0.00102037208954	-0.00241792673962
85	49	-20	-0.00369488355325	-0.000665720483784	-0.00237860572924
87	49	-20	-0.00355452773672	-0.000372085202723	-0.002322262407
89	49	-20	-0.00337171205494	-0.000139006466437	-0.00225036268768
91	49	-20	-0.00315311911222	3.62303438124e-05	-0.00216465702024
93	49	-20	-0.002906286401	0.000158202554965	-0.0020671096968
95	49	-20	-0.00263922056314	0.000232904404144	-0.00195982524916
97	49	-20	-0.00236001616854	0.000267280486972	-0.00184497553444
99	49	-20	-0.00207650100708	0.000268768868652	-0.0017247307705
-99	51	-20	0.00108259912837	-0.000989322730892	-0.000152352073551
-97	51	-20	0.00106342020528	-0.00108649611449	-0.000130696749549
-95	51	-20	0.00103773154607	-0.00118125358937	-0.000113248174951
-93	51	-20	0.00100741834925	-0.00127162321494	-0.000102213440069
-91	51	-20	0.00097461780478	-0.00135572282326	-9.97333350056e-05
-89	51	-20	0.000941609160441	-0.00143187696068	-0.000107737106789
-87	51	-20	0.000910689539403	-0.00149873537099	-0.000127792691874
-85	51	-20	0.000884042910543	-0.0015553847152	-0.000160962828672
-83	51	-20	0.000863610450159	-0.00160144460473	-0.000207678300949
-81	51	-20	0.000850970778228	-0.00163713906825	-0.000267639584226
-79	51	-20	0.000847238162192	-0.00166333536089	-0.000339757265592
-77	51	-20	0.000852985767836	-0.00168154358372	-0.000422139757841
-75	51	-20	0.000868199466725	-0.00169387286566	-0.000512134090053
-73	51	-20	0.000892265698766	-0.00170294275504	-0.000606422073458
-71	51	-20	0.00092399459306	-0.00171175178815	-0.000701170139709
-69	51	-20	0.000961677152386	-0.00172350870407	-0.000792226921678
-67	51	-20	0.00100317299813	-0.00174143517581	-0.000875358533529
-65	51	-20	0.00104602313688	-0.00176855192473	-0.000946507863958
-63	51	-20	0.00108758060551	-0.0018074623851	-0.0010020613666
-61	51	-20	0.00112515079801	-0.00186014943171	-0.00103910511052
-59	51	-20	0.00115613284294	-0.00192780088289	-0.00105565145927
-57	51	-20	0.00117815360006	-0.00201067843565	-0.00105081879453
-55	51	-20	0.00118918663642	-0.00210804237578	-0.00102494918539
-53	51	-20	0.00118764983615	-0.00221814093753	-0.000979652696235
-51	51	-20	0.00117247696387	-0.00233826877999	-0.000917771874871
-49	51	-20	0.00114316038586	-0.00246489400956	-0.000843265514063
-47	51	-20	0.00109976409121	-0.00259384789392	-0.000761016605292
-45	51	-20	0.00104290799308	-0.00272056631083	-0.000676575036551
-43	51	-20	0.000973726093064	-0.00284036749151	-0.000595850561109
-41	51	-20	0.000893802361119	-0.00294874715787	-0.000524775461626
-39	51	-20	0.000805089059935	-0.00304167005547	-0.000468958817608
-37	51	-20	0.000709812711455	-0.00311583638499	-0.000433355133657
-35	51	-20	0.000610372988604	-0.00316890284542	-0.000421969218609
-33	51	-20	0.000509239575752	-0.00319964089029	-0.000437616684856
-31	51	-20	0.000408851557418	-0.00320801918812	-0.000481755467816
-29	51	-20	0.000311523257081	-0.00319520285961	-0.000554398675326
-27	51	-20	0.000219359745405	-0.00316346841394	-0.00065411328627
-25	51	-20	0.000134184544573	-0.00311603992426	-0.000778103201596
-23	51	-20	5.74814261405e-05	-0.00305685832737	-0.000922369394257
-21	51	-20	-9.64833959427e-06	-0.00299030127333	-0.00108193485907
-19	51	-20	-6.65123744884e-05	-0.00292087520627	-0.00125111810729
-17	51	-20	-0.000112836699501	-0.00285290394423	-0.00142383635652
-15	51	-20	-0.000148758191986	-0.00279023868536	-0.00159391848023
-13	51	-20	-0.000174800208244	-0.00273601299945	-0.00175540821395
-11	51	-20	-0.000191832033553	-0.00269246302784	-0.00190283994806
-9	51	-20	-0.000201013367481	-0.0026608280385	-0.00203147243912
-7	51	-20	-0.000203725707027	-0.00264134003822	-0.00213746962542
-5	51	-20	-0.000201493238503	-0.00263330382616	-0.00221802207127
-3	51	-20	-0.00019589664813	-0.00263526125907	-0.00227140700598
-1	51	-20	-0.000188484042651	-0.00264522620365	-0.00229698910802
1	51	-20	-0.000180683847245	-0.00266097028234	-0.0022951678061
3	51	-20	-0.000173725021145	-0.00268033462183	-0.00226727969662
5	51	-20	-0.00016857010544	-0.00270153983086	-0.00221546657264
7	51	-20	-0.000165866410074	-0.00272346566916	-0.00214252047807
9	51	-20	-0.000165920001358	-0.00274587345179	-0.00205171718689
11	51	-20	-0.000168696046313	-0.00276954811126	-0.00194664867881
13	51	-20	-0.000173847527989	-0.00279634277295	-0.00183106371332
15	51	-20	-0.00018077243495	-0.00282911627357	-0.00170872369839
17	51	-20	-0.000188697362047	-0.00287156270799	-0.00158327892013
19	51	-20	-0.00019678319151	-0.00292794115885	-0.00145816804756
21	51	-20	-0.000204246335334	-0.00300272252203	-0.00133654182271
23	51	-20	-0.000210487109091	-0.00310017806313	-0.00122121012303
25	51	-20	-0.000215215368778	-0.00322394035925	-0.00111461022614
27	51	-20	-0.000218562750925	-0.00337657104353	-0.00101879315893
29	51	-20	-0.00022117084844	-0.00355917089034	-0.000935424473334
31	51	-20	-0.000224245512057	-0.00377106607282	-0.000865795629944
33	51	-20	-0.000229569203865	-0.0040095999351	-0.000810842331305
35	51	-20	-0.000239465883957	-0.00427005262416	-0.000771166561662
37	51	-20	-0.000256716145537	-0.00454570191395	-0.000747059683753
39	51	-20	-0.00028442401831	-0.00482802820243	-0.000738524642967
41	51	-20	-0.000325840766032	-0.0051070557791	-0.000745296067331
43	51	-20	-0.000384154803259	-0.00537181191873	-0.000766857769331
45	51	-20	-0.000462260224597	-0.00561087602255	-0.000802457803724
47	51	-20	-0.000562519065525	-0.00581298368245	-0.000851121775181
49	51	-20	-0.000686534027113	-0.00596764581297	-0.000911665491865
51	51	-20	-0.000834948796549	-0.00606574129484	-0.000982708306602
53	51	-20	-0.00100729217234	-0.00610004306119	-0.00106268856653
55	51	-20	-0.00120187995637	-0.00606564212346	-0.00114988250569
57	51	-20	-0.00141578511853	-0.00596024130468	-0.00124242767389
59	51	-20	-0.00164488229884	-0.00578429981802	-0.00133835162176
61	51	-20	-0.00188396760756	-0.00554102052021	-0.00143560608776
63	51	-20	-0.00212694930983	-0.00523618279789	-0.00153210639979
65	51	-20	-0.00236709976857	-0.00487783470548	-0.00162577525947
67	51	-20	-0.00259735439997	-0.00447586731949	-0.00171458957085
69	51	-20	-0.00281063976124	-0.0040415015972	-0.00179662855625
71	51	-20	-0.00300021055539	-0.00358672281366	-0.00187012111092
73	51	-20	-0.0031599745085	-0.00312369962421	-0.00193349021655
75	51	-20	-0.00328478482847	-0.00266422393614	-0.0019853922753
77	51	-20	-0.0033706822302	-0.00221920429232	-0.00202474944025
79	51	-20	-0.00341507211707	-0.00179823980232	-0.00205077338574
81	51	-20	-0.00341682713502	-0.00140929439357	-0.0020629794476
83	51	-20	-0.0033763105715	-0.00105848298213	-0.00206119062346
85	51	-20	-0.00329532151786	-0.000749972794392	-0.00204553150634
87	51	-20	-0.00317696790712	-0.0004859951814	-0.00201641277722
89	51	-20	-0.00302547807152	-0.00026695643351	-0.00197450736022
91	51	-20	-0.002845965004	-9.16307607668e-05	-0.00192071971045
93	51	-20	-0.00264415982059	4.25849774397e-05	-0.00185614993887
95	51	-20	-0.00242613189482	0.00013937693801	-0.00178205457481
97	51	-20	-0.00219801277749	0.000203202445544	-0.0016998057327
99	51	-20	-0.00196573944972	0.000238981096486	-0.00161085030778
-99	53	-20	0.00102369690609	-0.000958177810389	-0.000156635329563
-97	53	-20	0.00102986876497	-0.00104262869597	-0.000145701140029
-95	53	-20	0.00103002746668	-0.00112651259332	-0.000136279564436
-93	53	-20	0.00102497308427	-0.00120869108105	-0.000129538415984
-91	53	-20	0.00101569664264	-0.0012880673653	-0.000126633394182
-89	53	-20	0.00100332719774	-0.00136364547615	-0.000128632431564
-87	53	-20	0.000989069797588	-0.00143459029392	-0.000136436919533
-85	53	-20	0.000974138067184	-0.00150028440415	-0.000150705213183
-83	53	-20	0.000959685613629	-0.00156037747656	-0.000171784270034
-81	53	-20	0.000946740594236	-0.00161482387471	-0.000199655303804
-79	53	-20	0.000936147614529	-0.00166390457136	-0.000233898882725
-77	53	-20	0.000928520635419	-0.0017082301793	-0.000273683961679
-75	53	-20	0.000924209808594	-0.00174872298904	-0.000317783940711
-73	53	-20	0.000923284188109	-0.0017865772768	-0.000364621065526
-71	53	-20	0.000925531163744	-0.00182319871923	-0.000412338445251
-69	53	-20	0.000930472317566	-0.00186012541062	-0.000458896809703
-67	53	-20	0.000937394310877	-0.00189893458765	-0.000502191035064
-65	53	-20	0.000945392449346	-0.00194114058555	-0.00054017961382
-63	53	-20	0.000953423820815	-0.00198809063894	-0.000571018804033
-61	53	-20	0.000960366404057	-0.00204086578332	-0.000593192311996
-59	53	-20	0.000965080334946	-0.00210019422033	-0.000605627148339
-57	53	-20	0.000966467590601	-0.00216638403436	-0.000607786806143
-55	53	-20	0.000963526689444	-0.00223928109066	-0.000599734135701
-53	53	-20	0.000955399561785	-0.00231825635764	-0.000582158166958
-51	53	-20	0.000941408461616	-0.00240222487906	-0.000556361530414
-49	53	-20	0.000921081596712	-0.00248969632004	-0.000524207873564
-47	53	-20	0.000894166979288	-0.00257885460108	-0.000488031549456
-45	53	-20	0.000860634776833	-0.00266766181164	-0.00045051463584
-43	53	-20	0.000820669116042	-0.00275397955839	-0.000414538799082
-41	53	-20	0.000774650821165	-0.00283569933408	-0.000383021441335
-39	53	-20	0.000723132928079	-0.00291087254281	-0.000358746799349
-37	53	-20	0.000666811001621	-0.0029778305898	-0.000344203093231
-35	53	-20	0.000606490307207	-0.00303528598484	-0.000341436415649
-33	53	-20	0.000543051772795	-0.00308240670089	-0.000351930839812
-31	53	-20	0.000477418457012	-0.00311885799022	-0.000376522310241
-29	53	-20	0.000410523950958	-0.00314480834924	-0.00041535142471
-27	53	-20	0.000343283821381	-0.00316089914763	-0.000467857424127
-25	53	-20	0.00027657088347	-0.00316818037336	-0.000532812809471
-23	53	-20	0.000211194796651	-0.00316801775199	-0.000608395235323
-21	53	-20	0.000147886221645	-0.00316197893783	-0.000692290904627
-19	53	-20	8.72855675479e-05	-0.00315170833517	-0.000781821789392
-17	53	-20	2.99361916183e-05	-0.00313880121711	-0.000874087755828
-15	53	-20	-2.37182164271e-05	-0.00312468805402	-0.000966114147546
-13	53	-20	-7.33324408803e-05	-0.00311053929816	-0.00105499557992
-11	53	-20	-0.000118655207838	-0.00309719931996	-0.00113802756354
-9	53	-20	-0.000159521878145	-0.00308515585586	-0.00121281899325
-7	53	-20	-0.000195845026166	-0.00307454837252	-0.00127738035917
-5	53	-20	-0.000227603665811	-0.0030652153983	-0.0013301845835
-3	53	-20	-0.000254831984221	-0.00305677738258	-0.00137019947949
-1	53	-20	-0.000277608529809	-0.00304874829787	-0.00139689279803
1	53	-20	-0.00029604685985	-0.00304066628082	-0.001410212529
3	53	-20	-0.000310288665766	-0.00303223137673	-0.00141054645014
5	53	-20	-0.000320500343947	-0.00302343712313	-0.00139866580212
7	53	-20	-0.00032687385032	-0.00301468243717	-0.0013756583936
9	53	-20	-0.000329632456703	-0.00300685113414	-0.00134285642433
11	53	-20	-0.000329041711211	-0.0030013483911	-0.00130176391414
13	53	-20	-0.000325425497639	-0.00300008647648	-0.0012539879199
15	53	-20	-0.000319186603374	-0.00300541590324	-0.00120117680774
17	53	-20	-0.000310830666671	-0.00302000255986	-0.00114496782297
19	53	-20	-0.000300991817153	-0.0030466559996	-0.00108694515992
21	53	-20	-0.000290457793076	-0.00308811855445	-0.00102860876138
23	53	-20	-0.000280191867325	-0.0031468289099	-0.000971353236557
25	53	-20	-0.000271348597261	-0.00322467687104	-0.000916455623456
27	53	-20	-0.000265280286761	-0.00332276796862	-0.000865070260483
29	53	-20	-0.000263531160822	-0.00344121707121	-0.000818228779804
31	53	-20	-0.00026781664045	-0.00357898917291	-0.000776843181409
33	53	-20	-0.000279985785845	-0.00373380301903	-0.000741710070279
35	53	-20	-0.000301965942806	-0.00390210935032	-0.000713514408295
37	53	-20	-0.000335689846373	-0.00407915054514	-0.0006928315113
39	53	-20	-0.000383006842817	-0.00425910268343	-0.00068012647057
41	53	-20	-0.000445581393415	-0.00443529498864	-0.000675750657456
43	53	-20	-0.000524783504345	-0.00460049571082	-0.00067993544193
45	53	-20	-0.000621577053591	-0.00474724828377	-0.000692783685398
47	53	-20	-0.000736413020138	-0.00486823746694	-0.000714259925029
49	53	-20	-0.000869135233018	-0.00495666253011	-0.000744180426629
51	53	-20	-0.00101890634073	-0.00500659359685	-0.000782204428646
53	53	-20	-0.00118416118379	-0.00501328812987	-0.000827827922377
55	53	-20	-0.00136259361161	-0.00497344715836	-0.000880381213491
57	53	-20	-0.00155118105154	-0.00488539500418	-0.000939031297425
59	53	-20	-0.00174624890422	-0.00474917161632	-0.00100278977532
61	53	-20	-0.00194357425029	-0.00456653272524	-0.00107052666492
63	53	-20	-0.00213852560116	-0.00434085937438	-0.00114099005493
65	53	-20	-0.0023262327311	-0.00407698445808	-0.00121283114731
67	53	-20	-0.00250177822171	-0.0037809492118	-0.00128463386466
69	53	-20	-0.00266040044985	-0.00345970676043	-0.00135494790017
71	53	-20	-0.00279769654227	-0.0031207925497	-0.00142232387844
73	53	-20	-0.0029098134311	-0.00277198261436	-0.00148534919088
75	53	-20	-0.00299361563449	-0.00242096017504	-0.00154268307124
77	53	-20	-0.00304681973571	-0.00207500913664	-0.0015930895765
79	53	-20	-0.0030680876441	-0.00174074993932	-0.00163546731786
81	53	-20	-0.00305707342549	-0.00142392922704	-0.00166887502033
83	53	-20	-0.00301442156529	-0.00112927033363	-0.00169255224909
85	53	-20	-0.00294171772082	-0.000860387040039	-0.0017059348995
87	53	-20	-0.00284139606837	-0.000619758790907	-0.00170866527987
89	53	-20	-0.00271661001188	-0.000408761882161	-0.00170059680835
91	53	-20	-0.00257107509195	-0.000227748263178	-0.00168179348733
93	53	-20	-0.00240889427333	-7.61616667984e-05	-0.00165252441424
95	53	-20	-0.0022343763257	4.73201808102e-05	-0.00161325364436
97	53	-20	-0.00205185774848	0.00014462856455	-0.00156462575509
99	53	-20	-0.00186553769979	0.00021814254902	-0.00150744748739
-99	55	-20	0.000970039999998	-0.000927189999999	-0.0001592
-97	55	-20	0.00100147436169	-0.00100000675588	-0.000158158609962
-95	55	-20	0.00102735084663	-0.00107416507872	-0.000155999231486
-93	55	-20	0.00104739149162	-0.00114933085791	-0.000152893886927
-91	55	-20	0.00106144990398	-0.00122516121668	-0.000149055710527
-89	55	-20	0.00106951503437	-0.00130130749345	-0.000144730147859
-87	55	-20	0.00107171088723	-0.00137741848055	-0.000140184347472
-85	55	-20	0.00106829227103	-0.00145314411847	-0.000135695334452
-83	55	-20	0.0010596367637	-0.00152813984462	-0.000131537635448
-81	55	-20	0.0010462331195	-0.00160207177456	-0.000127971056111
-79	55	-20	0.00102866638146	-0.00167462284798	-0.000125229293465
-77	55	-20	0.00100759999999	-0.00174549999999	-0.000123510000007
-75	55	-20	0.000983755305567	-0.00181444232254	-0.000122966810449
-73	55	-20	0.000957888748328	-0.00188123006116	-0.000123703706004
-71	55	-20	0.000930767404118	-0.00194569415577	-0.000125771937503
-69	55	-20	0.000903143352041	-0.00200772588798	-0.000129169570459
-67	55	-20	0.000875727644738	-0.00206728605253	-0.000133843565251
-65	55	-20	0.000849164706242	-0.00212441294239	-0.000139694174537
-63	55	-20	0.00082400808711	-0.00217922834057	-0.000146581336012
-61	55	-20	0.00080069856588	-0.00223194066446	-0.000154332666071
-59	55	-20	0.000779545594551	-0.00228284442629	-0.000162752619947
-57	55	-20	0.000760713033177	-0.00233231526726	-0.000171632373906
-55	55	-20	0.000744210000006	-0.00238079999998	-0.000180760000018
-53	55	-20	0.000729887481493	-0.00242880135386	-0.000189930536868
-51	55	-20	0.000717441110656	-0.00247685745002	-0.000198955602774
-49	55	-20	0.000706420248647	-0.00252551641995	-0.00020767224433
-47	55	-20	0.000696243213508	-0.00257530699707	-0.000215950756769
-45	55	-20	0.000686218214316	-0.00262670632238	-0.000223701249962
-43	55	-20	0.000675569289892	-0.00268010657519	-0.000230878763874
-41	55	-20	0.000663466337072	-0.00273578233322	-0.000237486761299
-39	55	-20	0.000649058156501	-0.00279386074751	-0.000243578847224
-37	55	-20	0.000631507349244	-0.002854296661	-0.00024925858799
-35	55	-20	0.00061002586269	-0.00291685468784	-0.000254677334846
-33	55	-20	0.000583909999995	-0.00298109999999	-0.000260030000005
-31	55	-20	0.000552573759344	-0.0030463991487	-0.000265548792016
-29	55	-20	0.00051557944078	-0.00311193170399	-0.000271494991812
-27	55	-20	0.000472664533205	-0.00317671286339	-0.000278148939141
-25	55	-20	0.000423763960183	-0.0032396265068	-0.000285798496465
-23	55	-20	0.000369026814478	-0.00329946751018	-0.000294726356687
-21	55	-20	0.000308826750343	-0.00335499152837	-0.000305196653495
-19	55	-20	0.000243765240093	-0.00340496996507	-0.000317441409437
-17	55	-20	0.000174666955927	-0.00344824750318	-0.000331647408451
-15	55	-20	0.000102566632168	-0.00348379939567	-0.000347944099634
-13	55	-20	2.86869213172e-05	-0.00351078572308	-0.000366393123469
-11	55	-20	-4.55930000036e-05	-0.00352859999996	-0.000386980000031
-9	55	-20	-0.000118777979347	-0.00353690983217	-0.000409608433821
-7	55	-20	-0.000189306057922	-0.00353568775394	-0.000434097578328
-5	55	-20	-0.0002556052079	-0.00352523086174	-0.000460182474263
-3	55	-20	-0.00031615601067	-0.00350616836545	-0.000487517739194
-1	55	-20	-0.000369558066568	-0.00347945665578	-0.000515684453821
1	55	-20	-0.000414597389633	-0.0034463619086	-0.000544200070624
3	55	-20	-0.000450311609274	-0.00340843059688	-0.000572531071098
5	55	-20	-0.0004760495324	-0.00336744855899	-0.000600108021482
7	55	-20	-0.0004915215632	-0.00332538949309	-0.000626342623321
9	55	-20	-0.000496837665959	-0.00328435393861	-0.000650646320347
11	55	-20	-0.000492529999991	-0.00324649999998	-0.000672450000024
13	55	-20	-0.000479558041081	-0.0032139672963	-0.000691224308615
15	55	-20	-0.000459294891597	-0.00318879590786	-0.000706500074706
17	55	-20	-0.000433494510114	-0.0031728424443	-0.000717888302234
19	55	-20	-0.00040424068247	-0.00316769577106	-0.000725099147814
21	55	-20	-0.000373879622246	-0.00317459536801	-0.000727959241449
23	55	-20	-0.000344939042558	-0.00319435570817	-0.000726426651894
25	55	-20	-0.00032003730555	-0.00322730036945	-0.000720602750285
27	55	-20	-0.000301786772069	-0.00327320975801	-0.000710740203187
29	55	-20	-0.000292695707802	-0.00333128625827	-0.000697246345046
31	55	-20	-0.00029507304765	-0.00340014027868	-0.000680681254574
33	55	-20	-0.000310940000003	-0.0034778	-0.000661750000004
35	55	-20	-0.000341951933918	-0.00356174665507	-0.000641288727893
37	55	-20	-0.000389333300657	-0.00364897590954	-0.00062024454468
39	55	-20	-0.000453827571238	-0.00373608444279	-0.000599649465853
41	55	-20	-0.000535663398402	-0.00381937925015	-0.000580589062881
43	55	-20	-0.000634537499332	-0.00389500562701	-0.000564166794749
45	55	-20	-0.000749614152017	-0.00395908838967	-0.000551465337665
47	55	-20	-0.000879540728105	-0.00400787976986	-0.000543506491463
49	55	-20	-0.00102247834924	-0.00403790670558	-0.000541211416868
51	55	-20	-0.00117614653101	-0.00404611002215	-0.000545363023562
53	55	-20	-0.00133788053112	-0.0040299682951	-0.000556572274644
55	55	-20	-0.00150469999999	-0.00398760000001	-0.000575250000017
57	55	-20	-0.00167338739727	-0.00391783882726	-0.000601585532634
59	55	-20	-0.0018405744507	-0.00382027866649	-0.000635533121268
61	55	-20	-0.00200283467642	-0.00369528661194	-0.000676806662993
63	55	-20	-0.00215677965484	-0.00354398424877	-0.000724882873508
65	55	-20	-0.00229915639052	-0.00336819929472	-0.000779012609237
67	55	-20	-0.00242694272418	-0.0031703912474	-0.000838239702678
69	55	-20	-0.00253743747	-0.00295355591174	-0.000901426394815
71	55	-20	-0.0026283417866	-0.00272111448039	-0.000967284257849
73	55	-20	-0.00269782831467	-0.00247679318536	-0.00103440939942
75	55	-20	-0.00274459487117	-0.00222449944946	-0.00110132071594
77	55	-20	-0.0027679	-0.00196819999999	-0.00116650000001
79	55	-20	-0.00276757843123	-0.00171180565265	-0.00122843278141
81	55	-20	-0.00274403545837	-0.00145906653631	-0.00128564886932
83	55	-20	-0.00269822033732	-0.0012134805172	-0.00133676164414
85	55	-20	-0.00263157995767	-0.00097821659243	-0.00138050520535
87	55	-20	-0.00254599513898	-0.000756054135449	-0.00141576851381
89	55	-20	-0.0024437028668	-0.0005493381404	-0.00144162567486
91	55	-20	-0.00232720852239	-0.000359950051324	-0.00145736150812
93	55	-20	-0.00219919261329	-0.000189293369834	-0.00146249155896
95	55	-20	-0.00206241664752	-3.82929864316e-05	-0.00145677574889
97	55	-20	-0.0019196326073	9.25929634237e-05	-0.0014402249583
99	55	-20	-0.0017735	0.000203349999998	-0.0014131
-99	57	-20	0.000920174186491	-0.00089653663708	-0.000160724843153
-97	57	-20	0.00097446898609	-0.000959073858806	-0.000168286867347
-95	57	-20	0.00102362011314	-0.00102472320289	-0.000172366678277
-93	57	-20	0.00106637159643	-0.00109387185317	-0.000172250796759
-91	57	-20	0.00110154524826	-0.00116685101423	-0.000167314800467
-89	57	-20	0.00112809593161	-0.00124388825893	-0.000157074046707
-87	57	-20	0.00114516735128	-0.00132505967963	-0.000141233740932
-85	57	-20	0.00115214516256	-0.00141024582765	-0.000119734657535
-83	57	-20	0.00114870391934	-0.00149909569976	-9.27905652446e-05
-81	57	-20	0.00113484434728	-0.00159100297869	-6.09134457671e-05
-79	57	-20	0.00111091765985	-0.00168509831464	-2.49229616899e-05
-77	57	-20	0.00107763414902	-0.00178026063511	1.406265713e-05
-75	57	-20	0.00103605406315	-0.00187514930992	5.46560957455e-05
-73	57	-20	0.000987559792211	-0.00196825753297	9.5251266302e-05
-71	57	-20	0.000933809548189	-0.00205798560038	0.000134093384869
-69	57	-20	0.000876673970442	-0.00214273098799	0.000169366128673
-67	57	-20	0.000818158302692	-0.00222099040112	0.000199291608326
-65	57	-20	0.000760313877522	-0.00229146744321	0.000222237486482
-63	57	-20	0.000705143510427	-0.00235317838168	0.000236824487387
-61	57	-20	0.000654505969609	-0.00240554781856	0.000242026893702
-59	57	-20	0.000610024896519	-0.00244848601003	0.000237258511612
-57	57	-20	0.000573007383393	-0.00248244018788	0.000222437056658
-55	57	-20	0.000544376879601	-0.00250841353019	0.000198020976245
-53	57	-20	0.000524624243146	-0.00252794735874	0.000165014333754
-51	57	-20	0.000513779650183	-0.00254306459878	0.000124937434941
-49	57	-20	0.000511406817562	-0.00255617535679	7.97632358599e-05
-47	57	-20	0.000516619685156	-0.00256994844462	3.18220539953e-05
-45	57	-20	0.000528120449999	-0.00258715556388	-1.63204882957e-05
-43	57	-20	0.000544256735407	-0.00261049741448	-6.20052278684e-05
-41	57	-20	0.00056309478748	-0.00264242297053	-0.000102632202955
-39	57	-20	0.000582504963806	-0.00268495437434	-0.000135814588089
-37	57	-20	0.000600255429783	-0.00273953019072	-0.000159523697004
-35	57	-20	0.000614109892202	-0.00280687906494	-0.000172215349093
-33	57	-20	0.000621925337916	-0.00288693414794	-0.000172929053989
-31	57	-20	0.000621746049791	-0.00297879608428	-0.000161353281087
-29	57	-20	0.000611890576736	-0.00308074907663	-0.000137852404402
-27	57	-20	0.000591028775075	-0.00319033078717	-0.000103453561594
-25	57	-20	0.000558246461992	-0.00330445290259	-5.97944255778e-05
-23	57	-20	0.000513095594545	-0.00341956539081	-9.03553653032e-06
-21	57	-20	0.000455628199783	-0.00353185412877	4.62568276346e-05
-19	57	-20	0.000386412547561	-0.00363745896188	0.00010324943042
-17	57	-20	0.000306530313864	-0.00373269759483	0.000158993486519
-15	57	-20	0.00021755377981	-0.00381428015643	0.000210579175173
-13	57	-20	0.000121502506042	-0.00387949988425	0.000255283930879
-11	57	-20	2.07794639933e-05	-0.00392638709439	0.000290706043176
-9	57	-20	-8.19126724438e-05	-0.00395381630012	0.000314876506911
-7	57	-20	-0.000183673462709	-0.0039615597986	0.000326343878971
-5	57	-20	-0.000281522181632	-0.00395028497361	0.00032422894463
-3	57	-20	-0.000372526998265	-0.00392149664142	0.000308248096809
-1	57	-20	-0.000453940827134	-0.0038774296674	0.000278706315024
1	57	-20	-0.000523337762773	-0.00382090049211	0.000236462353497
3	57	-20	-0.000578743182245	-0.00375512886678	0.00018287010343
5	57	-20	-0.000618750138144	-0.00368354281686	0.000119701020617
7	57	-20	-0.000642614672454	-0.00360958052222	4.90529907762e-05
9	57	-20	-0.000650323231438	-0.00353650240718	-2.67489315354e-05
11	57	-20	-0.000642626478245	-0.00346722534635	-0.000105254766242
13	57	-20	-0.00062103545369	-0.00340418866654	-0.000183990249322
15	57	-20	-0.000587778140436	-0.00334925877522	-0.000260552018872
17	57	-20	-0.000545716903633	-0.00330367602959	-0.000332694294937
19	57	-20	-0.00049822983257	-0.00326804415079	-0.000398404793039
21	57	-20	-0.000449061488393	-0.00324235935274	-0.000455968325047
23	57	-20	-0.000402150762188	-0.00322607363246	-0.0005040171385
25	57	-20	-0.000361445270563	-0.00321818455062	-0.000541567513507
27	57	-20	-0.000330712802971	-0.00321734244867	-0.0005680424851
29	57	-20	-0.000313360679433	-0.00322196546693	-0.000583280815985
31	57	-20	-0.000312273436621	-0.00323035294361	-0.000587532547597
33	57	-20	-0.000329678061898	-0.00324078872099	-0.00058144164515
35	57	-20	-0.000367044133843	-0.00325162744214	-0.000566016457975
37	57	-20	-0.00042502385812	-0.00326135892937	-0.000542588960434
39	57	-20	-0.000503434306786	-0.0032686480075	-0.000512764026306
41	57	-20	-0.000601281399021	-0.003272349476	-0.000478360309573
43	57	-20	-0.000716822525933	-0.00327150015609	-0.00044134463181
45	57	-20	-0.000847662426594	-0.0032652918706	-0.000403762076083
47	57	-20	-0.00099087513345	-0.00325303072016	-0.000367664221166
49	57	-20	-0.00114314363718	-0.00323408899805	-0.000335038082372
51	57	-20	-0.00130090842701	-0.00320785648291	-0.0003077383301
53	57	-20	-0.00146051623331	-0.00317369765479	-0.000287425221062
55	57	-20	-0.00161836106759	-0.00313092062705	-0.000275510403092
57	57	-20	-0.00177101090722	-0.00307876235067	-0.000273112361138
59	57	-20	-0.00191531496064	-0.00301639303395	-0.000281022791708
61	57	-20	-0.00204848821358	-0.00294294086302	-0.000299684667154
63	57	-20	-0.00216817173614	-0.00285753615577	-0.000329182224381
65	57	-20	-0.00227246888325	-0.00275937218967	-0.000369242627031
67	57	-20	-0.00235995893326	-0.00264777826315	-0.000419248639932
69	57	-20	-0.00242969080437	-0.00252229921705	-0.000478261340966
71	57	-20	-0.00248116022881	-0.00238277476856	-0.000545051685546
73	57	-20	-0.00251427414991	-0.00222941167235	-0.000618139624906
75	57	-20	-0.00252930616815	-0.00206284195856	-0.000695839441482
77	57	-20	-0.00252684665332	-0.00188416129678	-0.000776309974941
79	57	-20	-0.0025077507285	-0.00169494284457	-0.000857608440105
81	57	-20	-0.00247308678931	-0.0014972236599	-0.000937746555452
83	57	-20	-0.00242408761731	-0.00129346275583	-0.00101474768827
85	57	-20	-0.00236210553779	-0.0010864719909	-0.00108670367186
87	57	-20	-0.00228857250463	-0.000879323047857	-0.00115182986663
89	57	-20	-0.0022049655004	-0.000675235584893	-0.00120851693894
91	57	-20	-0.00211277723555	-0.000477453094553	-0.00125537774683
93	57	-20	-0.00201349182378	-0.000289113955777	-0.00129128768405
95	57	-20	-0.00190856489913	-0.000113125536467	-0.00131541687675
97	57	-20	-0.00179940751765	4.79510274277e-05	-0.00132725277694
99	57	-20	-0.00168737314096	0.00019199855782	-0.00132661197057
-99	59	-20	0.000872858349872	-0.000866345675773	-0.000161802713799
-97	59	-20	0.000945794930409	-0.000920134523103	-0.000176328447988
-95	59	-20	0.00101396152205	-0.000978506626854	-0.000185433052758
-93	59	-20	0.00107529699525	-0.0010424450642	-0.000187679918237
-91	59	-20	0.001127772888	-0.00111283735424	-0.000181760781768
-89	59	-20	0.00116949114702	-0.00119038596664	-0.00016659506433
-87	59	-20	0.00119878620004	-0.00127551827833	-0.000141429492889
-85	59	-20	0.00121432542107	-0.00136830309083	-0.000105930817783
-83	59	-20	0.00121520149414	-0.00146838132104	-6.0263907219e-05
-81	59	-20	0.00120101007211	-0.00157491840042	-5.14754124622e-06
-79	59	-20	0.00117190652034	-0.00168658518862	5.81190902589e-05
-77	59	-20	0.00112863644225	-0.00180157280576	0.000127664831931
-75	59	-20	0.00107253607032	-0.00191764474776	0.000201093613708
-73	59	-20	0.0010055003914	-0.00203222707131	0.000275571253304
-71	59	-20	0.000929918934902	-0.00214253447613	0.000347950256865
-69	59	-20	0.000848581331853	-0.00224572698775	0.000414927794505
-67	59	-20	0.00076455687797	-0.00233908890341	0.000473229032854
-65	59	-20	0.000681054227567	-0.00242021898195	0.000519805350805
-63	59	-20	0.000601268847676	-0.00248721880353	0.000552034905131
-61	59	-20	0.000528226842055	-0.00253886503851	0.000567911775781
-59	59	-20	0.000464634128568	-0.00257475123367	0.000566209678053
-57	59	-20	0.000412739688769	-0.00259538575818	0.000546607076286
-55	59	-20	0.000374220731011	-0.002602234768	0.000509762476941
-53	59	-20	0.000350096197435	-0.00259770235845	0.000457331627329
-51	59	-20	0.000340673226123	-0.00258504428856	0.000391922114474
-49	59	-20	0.000345529109882	-0.00256821649173	0.000316985179265
-47	59	-20	0.00036352914594	-0.00255166467269	0.000236649104522
-45	59	-20	0.000392878716891	-0.00254006622109	0.00015550293778
-43	59	-20	0.000431206133682	-0.00253804002391	7.83432039991e-05
-41	59	-20	0.000475671322968	-0.00254984313212	9.89931461245e-06
-39	59	-20	0.000523094426047	-0.00257907529426	-4.54446850774e-05
-37	59	-20	0.000570097817976	-0.00262841286783	-8.39137510999e-05
-35	59	-20	0.000613254929031	-0.00269939243849	-0.000102573315524
-33	59	-20	0.000649239491449	-0.00279226163626	-9.95131240771e-05
-31	59	-20	0.000674969349314	-0.0029059102993	-7.39711998245e-05
-29	59	-20	0.00068773965139	-0.0030378895978	-2.63898505273e-05
-27	59	-20	0.000685340991896	-0.00318452040467	4.15996301317e-05
-25	59	-20	0.000666158785684	-0.00334108557933	0.000127261990452
-23	59	-20	0.000629250805309	-0.00350209445034	0.000226906475543
-21	59	-20	0.000574400347287	-0.00366160216865	0.000336088254874
-19	59	-20	0.000502142951032	-0.00381356223319	0.000449849103485
-17	59	-20	0.000413765016954	-0.00395218774193	0.00056298146895
-15	59	-20	0.000311273133583	-0.00407229604548	0.000670299148707
-13	59	-20	0.000197333509396	-0.00416961256936	0.000766898150177
-11	59	-20	7.51816875322e-05	-0.00424101255443	0.000848392814702
-9	59	-20	-5.14962495161e-05	-0.00428468411191	0.000911114766873
-7	59	-20	-0.00017870849094	-0.00430020192673	0.00095226544216
-5	59	-20	-0.000302324320492	-0.00428850768978	0.00097001654328
-3	59	-20	-0.000418257301006	-0.00425180034841	0.000963556462807
-1	59	-20	-0.000522657519416	-0.00419334596638	0.000933084188063
1	59	-20	-0.000612104101877	-0.00411722284394	0.000879755221833
3	59	-20	-0.000683788065201	-0.004028022102	0.000805586422635
5	59	-20	-0.000735674952795	-0.0039305268347	0.000713328282364
7	59	-20	-0.000766636763393	-0.00382939397551	0.000606313989562
9	59	-20	-0.00077654352225	-0.00372886215349	0.000488294720058
11	59	-20	-0.000766306503456	-0.0036325061459	0.000363270061513
13	59	-20	-0.000737867546235	-0.00354305431269	0.000235321464929
15	59	-20	-0.000694131993518	-0.00346228000079	0.000108455295542
17	59	-20	-0.000638846318019	-0.00339097178837	-1.3539401746e-05
19	59	-20	-0.000576425228787	-0.00332898110813	-0.000127214750442
21	59	-20	-0.000511736670813	-0.00327533975263	-0.000229567144168
23	59	-20	-0.000449856332133	-0.0032284344961	-0.00031811834813
25	59	-20	-0.000395805767334	-0.00318622196558	-0.000390974215079
27	59	-20	-0.000354289793185	-0.00314646425405	-0.000446861269941
29	59	-20	-0.000329449246054	-0.00310696476276	-0.000485141866318
31	59	-20	-0.000324644440146	-0.00306578442569	-0.000505808933832
33	59	-20	-0.000342282761908	-0.00302142071276	-0.0005094615805
35	59	-20	-0.000383700912974	-0.00297293541219	-0.000497263044747
37	59	-20	-0.000449108597017	-0.00292002183742	-0.000470882747027
39	59	-20	-0.00053759623103	-0.0028630073979	-0.00043242448895
41	59	-20	-0.000647204888863	-0.00280279297848	-0.000384343182574
43	59	-20	-0.000775052506223	-0.00274073584726	-0.000329352837815
45	59	-20	-0.000917506723198	-0.00267848743946	-0.000270328850794
47	59	-20	-0.00107039189321	-0.00261780098852	-0.000210207873339
49	59	-20	-0.00122921595121	-0.00256032632265	-0.000151888659539
51	59	-20	-0.00138940212181	-0.002507410049	-9.81372459478e-05
53	59	-20	-0.0015465108726	-0.00245991875913	-5.14996118162e-05
55	59	-20	-0.00169643899609	-0.00241810087515	-1.42245891075e-05
57	59	-20	-0.00183558506498	-0.00238149949822	1.18007263472e-05
59	59	-20	-0.00196097351566	-0.00234892439505	2.51014295653e-05
61	59	-20	-0.00207033299712	-0.00231848641432	2.46501598852e-05
63	59	-20	-0.00216212808604	-0.00228769255821	9.88704343509e-06
65	59	-20	-0.0022355467367	-0.00225359505286	-1.9275487765e-05
67	59	-20	-0.00229044866506	-0.00221298345424	-6.24622149562e-05
69	59	-20	-0.00232728207363	-0.00216260543008	-0.000118857830845
71	59	-20	-0.00234697758865	-0.00209939963503	-0.000187241411598
73	59	-20	-0.00235082895567	-0.00202072320731	-0.000266031125874
75	59	-20	-0.00234036994455	-0.00192455691155	-0.00035333759926
77	59	-20	-0.00231725613254	-0.00180967277293	-0.000447024357287
79	59	-20	-0.00228315889259	-0.00167575202118	-0.000544773786247
81	59	-20	-0.00223967717489	-0.00152344502861	-0.000644157044949
83	59	-20	-0.00218827070715	-0.0013543693533	-0.000742706310589
85	59	-20	-0.00213021622844	-0.00117104661803	-0.000837987641952
87	59	-20	-0.00206658647038	-0.000976783390881	-0.000927672603847
89	59	-20	-0.00199824994089	-0.000775505135989	-0.00100960664461
91	59	-20	-0.00192588824847	-0.000571555376638	-0.00108187209147
93	59	-20	-0.00185002679053	-0.00036947424599	-0.00114284356985
95	59	-20	-0.00177107414086	-0.000173771472957	-0.00119123370345
97	59	-20	-0.00168936539843	1.12914513671e-05	-0.00122612714489
99	59	-20	-0.00160520505973	0.000181896573693	-0.00124700133816
-99	61	-20	0.000827114920185	-0.000836720033067	-0.00016291573226
-97	61	-20	0.000913215543506	-0.00088337711245	-0.000182542584854
-95	61	-20	0.000994880398459	-0.000935671549616	-0.000195343878974
-93	61	-20	0.00106946639088	-0.000995027752546	-0.000199357517964
-91	61	-20	0.00113432875688	-0.00106274589455	-0.000192778073375
-89	61	-20	0.00118694961699	-0.00113988161594	-0.000174091397329
-87	61	-20	0.0012250736756	-0.00122712489581	-0.000142210211623
-85	61	-20	0.00124684314287	-0.0013246875054	-9.66009464636e-05
-83	61	-20	0.00125092319122	-0.00143220912096	-3.73913767041e-05
-81	61	-20	0.00123660909693	-0.00154869207799	3.45513538559e-05
-79	61	-20	0.00120390672646	-0.00167247379331	0.000117581819331
-77	61	-20	0.00115357921991	-0.00180124403784	0.000209284199273
-75	61	-20	0.00108715454986	-0.00193211155837	0.000306531994113
-73	61	-20	0.00100689098303	-0.00206172115199	0.000405601212272
-71	61	-20	0.000915700178873	-0.00218641840146	0.000502334779735
-69	61	-20	0.000817030518163	-0.0023024551658	0.000592351801824
-67	61	-20	0.000714716037868	-0.00240622491899	0.000671291288015
-65	61	-20	0.000612798825439	-0.00249451349913	0.000735076386958
-63	61	-20	0.000515334688844	-0.00256474812522	0.000780182414313
-61	61	-20	0.000426193200668	-0.00261522597279	0.000803890292332
-59	61	-20	0.000348863707903	-0.00264530341808	0.00080450668462
-57	61	-20	0.000286278565384	-0.00265552840478	0.000781533228549
-55	61	-20	0.000240663725427	-0.00264770127792	0.00073576984725
-53	61	-20	0.000213425004017	-0.0026248537506	0.0006693410403
-51	61	-20	0.000205076007805	-0.00259114116712	0.000585639059313
-49	61	-20	0.00021521105005	-0.00255164952845	0.000489183614684
-47	61	-20	0.000242523630618	-0.00251212537613	0.000385403794116
-45	61	-20	0.000284868424335	-0.00247864305769	0.00028035371871
-43	61	-20	0.000339362406823	-0.00245722956531	0.000180378632369
-41	61	-20	0.000402518896279	-0.00245347153372	9.17521713178e-05
-39	61	-20	0.000470406995284	-0.00247213166199	2.03081329372e-05
-37	61	-20	0.000538828207845	-0.00251680247518	-2.89090836013e-05
-35	61	-20	0.000603501851803	-0.00258962381084	-5.19521551049e-05
-33	61	-20	0.000660251202778	-0.00269108672875	-4.62161413864e-05
-31	61	-20	0.000705182973713	-0.00281994091403	-1.06052015727e-05
-29	61	-20	0.000734853617895	-0.0029732154612	5.43900253151e-05
-27	61	-20	0.000746416909869	-0.00314635472667	0.000146708884877
-25	61	-20	0.000737748197146	-0.00333346235994	0.000262829036693
-23	61	-20	0.000707541551826	-0.00352763836139	0.00039795844629
-21	61	-20	0.000655376757009	-0.00372138675213	0.000546297371955
-19	61	-20	0.000581753657132	-0.00390706579429	0.000701352381831
-17	61	-20	0.000488091944814	-0.0040773491599	0.000856281608189
-15	61	-20	0.000376695038739	-0.00422566533641	0.00100424924894
-13	61	-20	0.000250677428198	-0.00434658399715	0.00113876777763
-11	61	-20	0.000113855811536	-0.00443612196552	0.00125400829714
-9	61	-20	-2.93944002968e-05	-0.00449194746154	0.00134506271959
-7	61	-20	-0.0001743140918	-0.00451346905738	0.00140814563224
-5	61	-20	-0.000315962021337	-0.00450180455963	0.00144072841686
-3	61	-20	-0.000449436047951	-0.00445963416858	0.00144160301287
-1	61	-20	-0.000570105100517	-0.00439095099888	0.00141087726268
1	61	-20	-0.000673841197206	-0.00430072967933	0.00134990772152
3	61	-20	-0.000757239458253	-0.00419453967492	0.00126117890985
5	61	-20	-0.000817813329062	-0.00407813373129	0.00114814009387
7	61	-20	-0.000854152328796	-0.00395704315186	0.00101501176145
9	61	-20	-0.000866030687317	-0.00383621040818	0.000866574080262
11	61	-20	-0.000854457274751	-0.00371968598501	0.000707948921475
13	61	-20	-0.000821660211792	-0.00361041069928	0.00054438570343
15	61	-20	-0.000771003324417	-0.00351009749041	0.000381059577707
17	61	-20	-0.000706835930794	-0.00341921846423	0.000222888567384
19	61	-20	-0.000634282003109	-0.00333709445589	7.43743708751e-05
21	61	-20	-0.000558979167294	-0.00326207624286	-6.0530182002e-05
23	61	-20	-0.000486781910001	-0.00319179942943	-0.00017852549299
25	61	-20	-0.000423446398325	-0.00312348948749	-0.000277040994633
27	61	-20	-0.000374316186583	-0.00305428988885	-0.000354282845198
29	61	-20	-0.000344028579617	-0.00298158495141	-0.000409254564506
31	61	-20	-0.000336260451219	-0.00290329001379	-0.000441752057266
33	61	-20	-0.000353529913653	-0.0028180847341	-0.000452334766861
35	61	-20	-0.000397066560815	-0.00272557039332	-0.00044227496581
37	61	-20	-0.000466758338669	-0.00262633863732	-0.000413487471573
39	61	-20	-0.000561177797844	-0.00252194657185	-0.000368442403162
41	61	-20	-0.000677684978064	-0.00241480092128	-0.00031006396187
43	61	-20	-0.000812598904584	-0.0023079614475	-0.000241618599094
45	61	-20	-0.000961425063857	-0.00220488040524	-0.000166596278848
47	61	-20	-0.00111912263038	-0.00210909996757	-8.8588797073e-05
49	61	-20	-0.00128039290885	-0.00202393289415	-1.11692324431e-05
51	61	-20	-0.0014399695906	-0.00195215298608	6.22234648186e-05
53	61	-20	-0.00159289203054	-0.00189572099717	0.000128391006868
55	61	-20	-0.00173474473485	-0.00185556874346	0.000184470146145
57	61	-20	-0.00186184940262	-0.00183145943068	0.000228012242294
59	61	-20	-0.00197139988845	-0.0018219361	0.000257046100559
61	61	-20	-0.00206153498978	-0.00182436308499	0.000270122952995
63	61	-20	-0.00213134862935	-0.00183505804949	0.000266343228215
65	61	-20	-0.00218084142473	-0.00184950512843	0.000245365455414
67	61	-20	-0.00221082148195	-0.00186263348292	0.000207398227938
69	61	-20	-0.00222276525294	-0.00186914069029	0.000153176584338
71	61	-20	-0.00221865127932	-0.00186383718894	8.39244465718e-05
73	61	-20	-0.00220078052518	-0.00184198670849	1.30490273273e-06
75	61	-20	-0.00217159679277	-0.00179961830187	-9.26398309722e-05
77	61	-20	-0.00213351951759	-0.00173378815414	-0.000195556943696
79	61	-20	-0.00208879922716	-0.00164277352092	-0.000304858254764
81	61	-20	-0.00203940334374	-0.00152618656542	-0.000417800320212
83	61	-20	-0.00198693706939	-0.00138500204614	-0.000531567554613
85	61	-20	-0.00193260106772	-0.0012214992367	-0.000643356386976
87	61	-20	-0.00187718479258	-0.00103912461196	-0.000750458310082
89	61	-20	-0.0018210918148	-0.000842287232923	-0.000850339509133
91	61	-20	-0.00176439152096	-0.000636103009151	-0.000940714611979
93	61	-20	-0.00170689020572	-0.000426106832328	-0.00101961203834
95	61	-20	-0.00164821389187	-0.000217952809046	-0.00108542848627
97	61	-20	-0.00158789517747	-1.71224691258e-05	-0.00113697031601
99	61	-20	-0.00152545696155	0.000171340986289	-0.00117347999297
-99	63	-20	0.000782255211005	-0.000807754777807	-0.000164420456849
-97	63	-20	0.000875359296342	-0.000848894527765	-0.000187196603949
-95	63	-20	0.000964324032807	-0.000896238582152	-0.000202334677216
-93	63	-20	0.00104617472106	-0.000951482899214	-0.000207562444929
-91	63	-20	0.00111791253631	-0.0010161834071	-0.000200780474208
-89	63	-20	0.00117666080831	-0.00109161713232	-0.000180217455408
-87	63	-20	0.00121982015462	-0.00117864227968	-0.000144586927774
-85	63	-20	0.00124522339684	-0.00127756805218	-9.32341929433e-05
-83	63	-20	0.00125128030308	-0.00138804576665	-2.62613612558e-05
-81	63	-20	0.00123710200622	-0.00150899271551	5.53814805232e-05
-79	63	-20	0.00120259552332	-0.00163855913511	0.000149849948316
-77	63	-20	0.00114852015735	-0.00177414653568	0.000254412776012
-75	63	-20	0.0010764996415	-0.00191248257882	0.000365518796449
-73	63	-20	0.000988986558532	-0.00204975380803	0.00047892542851
-71	63	-20	0.000889178646202	-0.00218179308479	0.000589886136516
-69	63	-20	0.000780889848245	-0.00230431387995	0.000693389592295
-67	63	-20	0.000668382130538	-0.00241317899654	0.000784438652545
-65	63	-20	0.000556166893119	-0.00250468726532	0.000858353169608
-63	63	-20	0.000448787035395	-0.00257585866131	0.000911077476939
-61	63	-20	0.000350592186623	-0.0026246964976	0.000939471476836
-59	63	-20	0.00026552017581	-0.00265040513917	0.000941563867515
-57	63	-20	0.000196897442805	-0.00265354320567	0.000916747323186
-55	63	-20	0.000147269826626	-0.0026360955195	0.000865898390324
-53	63	-20	0.000118273127436	-0.00260145197131	0.00079140934448
-51	63	-20	0.000110550209647	-0.00255428773	0.000697124980239
-49	63	-20	0.000123718425476	-0.00250034639252	0.000588183873169
-47	63	-20	0.000156388042511	-0.00244613520988	0.000470770554825
-45	63	-20	0.000206229401911	-0.00239854883216	0.000351791726698
-43	63	-20	0.000270083933155	-0.00236444446092	0.000238495551401
-41	63	-20	0.000344112073666	-0.00235019629113	0.000138057692336
-39	63	-20	0.000423969690093	-0.0023612601707	5.71607165489e-05
-37	63	-20	0.000505003804789	-0.00240178014817	1.59445551e-06
-35	63	-20	0.0005824582606	-0.00247426684435	-2.40961744043e-05
-33	63	-20	0.000651680316165	-0.00257937340395	-1.68924887451e-05
-31	63	-20	0.000708319919184	-0.00271578840082	2.45060491117e-05
-29	63	-20	0.000748514403648	-0.00288025692789	9.95916122326e-05
-27	63	-20	0.000769052449658	-0.00306773180803	0.000206064688612
-25	63	-20	0.000767512206512	-0.00327164714233	0.000339955454423
-23	63	-20	0.000742369427374	-0.00348429705239	0.0004958405551
-21	63	-20	0.000693072264247	-0.0036972942488	0.000667139782486
-19	63	-20	0.000620080044858	-0.00390207666692	0.000846472242764
-17	63	-20	0.00052486396438	-0.00409042640945	0.00102604838819
-15	63	-20	0.000409868272608	-0.00425496398913	0.00119807292043
-13	63	-20	0.000278431331964	-0.00438958250995	0.00135513408256
-11	63	-20	0.000134666964167	-0.00448979085995	0.00149055709652
-9	63	-20	-1.66921376949e-05	-0.00455294187123	0.00159870318933
-7	63	-20	-0.00017048546198	-0.00457833018904	0.00167520039303
-5	63	-20	-0.000321344744612	-0.00456715457281	0.00171709764641
-3	63	-20	-0.000463935438789	-0.00452234971985	0.00172293919905
-1	63	-20	-0.00059320981799	-0.00444830261933	0.00169276147798
1	63	-20	-0.000704659999274	-0.00435047710888	0.00162801904983
3	63	-20	-0.000794557692699	-0.00423497702948	0.0015314498226
5	63	-20	-0.000860166701501	-0.00410808262775	0.00140689201971
7	63	-20	-0.000899914318957	-0.00397579632027	0.00125906668646
9	63	-20	-0.000913508928918	-0.00384343252159	0.00109333962497
11	63	-20	-0.000901993366232	-0.00371528209467	0.000915475857617
13	63	-20	-0.000867726874432	-0.00359437547329	0.000731398215178
15	63	-20	-0.000814292646156	-0.00348236018355	0.000546959684407
17	63	-20	-0.000746332680313	-0.00337949904532	0.000367736984661
19	63	-20	-0.000669316690484	-0.00328478553471	0.000198850695055
21	63	-20	-0.000589256650201	-0.00319616342163	4.48152973379e-05
23	63	-20	-0.000512382845714	-0.00311082960525	-9.05791528081e-05
25	63	-20	-0.000444800633182	-0.0030255926897	-0.000204353312976
27	63	-20	-0.000392149136897	-0.00293725575913	-0.000294393341712
29	63	-20	-0.000359283649254	-0.00284299031996	-0.000359475392128
31	63	-20	-0.000350002397676	-0.00274066956652	-0.000399261469066
33	63	-20	-0.000366835664104	-0.00262913286661	-0.000414268637264
35	63	-20	-0.00041091115408	-0.00250835932971	-0.000405813856276
37	63	-20	-0.000481904317298	-0.00237953601084	-0.000375937023389
39	63	-20	-0.000578076423139	-0.0022450150865	-0.000327305157594
41	63	-20	-0.000696397062297	-0.0021081635013	-0.000263101052824
43	63	-20	-0.000832741871127	-0.00197311738901	-0.000186900135875
45	63	-20	-0.000982151129539	-0.001844461317	-0.000102539632647
47	63	-20	-0.00113913087278	-0.00172685847712	-1.39844155414e-05
49	63	-20	-0.00129797558884	-0.00162466187715	7.48059814608e-05
51	63	-20	-0.00145309062661	-0.00154153807712	0.000160004777365
53	63	-20	-0.00159929315564	-0.00148013396824	0.000238035686914
55	63	-20	-0.00173207279516	-0.00144181361579	0.000305677401533
57	63	-20	-0.00184779663928	-0.00142648658481	0.000360151907118
59	63	-20	-0.00194384801429	-0.00143254191223	0.000399194548513
61	63	-20	-0.0020186935083	-0.00145689358214	0.000421104615824
63	63	-20	-0.0020718781767	-0.00149513468315	0.000424776075485
65	63	-20	-0.00210395391941	-0.00154178907915	0.000409708833528
67	63	-20	-0.00211635046016	-0.00159064207192	0.000376001550145
69	63	-20	-0.00211120182474	-0.00163512574692	0.000324327494749
71	63	-20	-0.00209114349796	-0.00166873090623	0.000255895235305
73	63	-20	-0.00205909643647	-0.00168541596347	0.000172396113389
75	63	-20	-0.00201805383286	-0.00167998397357	7.59405039956e-05
77	63	-20	-0.00197088507706	-0.00164840196959	-3.1015156008e-05
79	63	-20	-0.00192016894332	-0.001588041674	-0.000145748615955
81	63	-20	-0.00186806490501	-0.00149782699282	-0.00026535738241
83	63	-20	-0.00181622794459	-0.00137828092887	-0.000386847606438
85	63	-20	-0.00176576859006	-0.00123147205573	-0.000507224165474
87	63	-20	-0.00171725646122	-0.00106086786713	-0.000623579655343
89	63	-20	-0.00167076260074	-0.000871108601775	-0.000733179829929
91	63	-20	-0.00162593348914	-0.000667720085741	-0.000833542878805
93	63	-20	-0.00158208802577	-0.000456787412907	-0.000922509868944
95	63	-20	-0.0015383279532	-0.000244612734988	-0.000998303744331
97	63	-20	-0.0014936521952	-3.73800547531e-05	-0.00105957451444
99	63	-20	-0.00144706629001	0.000159152139044	-0.0011054286879
-99	65	-20	0.000737880686866	-0.000779546940481	-0.000166542839978
-97	65	-20	0.000831700412523	-0.000816702036159	-0.000190557052876
-95	65	-20	0.000921641709458	-0.00086011848289	-0.00020671991724
-93	65	-20	0.00100465348787	-0.000911592418611	-0.000212665073405
-91	65	-20	0.00107765008948	-0.000972777727146	-0.00020620273312
-89	65	-20	0.00113766194932	-0.00104504101347	-0.00018548109114
-87	65	-20	0.00118199569411	-0.00112931535534	-0.000149149298307
-85	65	-20	0.00120839431364	-0.00122596405941	-9.65103506804e-05
-83	65	-20	0.00121518712175	-0.00133466645241	-2.76513729276e-05
-81	65	-20	0.00120141901982	-0.00145433763159	5.64611829209e-05
-79	65	-20	0.00116694916623	-0.00158309296975	0.000153932821542
-77	65	-20	0.00111251055122	-0.00171826598395	0.000261948013606
-75	65	-20	0.00103972411676	-0.0018564849906	0.00037683899898
-73	65	-20	0.000951063812671	-0.00199380993936	0.000494218418484
-71	65	-20	0.00084977214843	-0.00212592619389	0.00060917316796
-69	65	-20	0.000739729142745	-0.00224838714437	0.000716511956467
-67	65	-20	0.000625280823471	-0.00235689278731	0.00081105426108
-65	65	-20	0.000511036321007	-0.00244758721911	0.000887944124229
-63	65	-20	0.000401644887678	-0.00251735477737	0.000942968944323
-61	65	-20	0.000301565671491	-0.00256409270174	0.000972861424543
-59	65	-20	0.0002148436517	-0.00258693795958	0.000975562437259
-57	65	-20	0.000144904763705	-0.00258642745857	0.000950423881135
-55	65	-20	9.43819446398e-05	-0.00256457426965	0.000898333660496
-53	65	-20	6.49817417129e-05	-0.00252484757035	0.000821749554981
-51	65	-20	5.73984325214e-05	-0.00247205049213	0.000724634677045
-49	65	-20	7.12795464293e-05	-0.00241209747237	0.000612294011651
-47	65	-20	0.000105243506379	-0.00235170051427	0.00049111867653
-45	65	-20	0.000156947083817	-0.00229798131677	0.000368251460242
-43	65	-20	0.000223197698027	-0.00225803290378	0.000251193314268
-41	65	-20	0.000300103465896	-0.00223845954761	0.000147375270539
-39	65	-20	0.000383252423943	-0.00224492693311	6.37233031006e-05
-37	65	-20	0.000467911534203	-0.00228175527877	6.24466921235e-06
-35	65	-20	0.00054923591271	-0.00235158634225	-2.03368616874e-05
-33	65	-20	0.00062247908843	-0.00245515092232	-1.28726830779e-05
-31	65	-20	0.000683195875016	-0.00259115688011	3.00112521233e-05
-29	65	-20	0.000727430461447	-0.00275630929632	0.000107820051063
-27	65	-20	0.000751883447932	-0.00294546478656	0.000218205914318
-25	65	-20	0.000754052642743	-0.00315191196501	0.000357092344159
-23	65	-20	0.000732343408135	-0.00336776038795	0.000518896968656
-21	65	-20	0.000686145165075	-0.00358441182319	0.000696836993986
-19	65	-20	0.000615871356748	-0.00379308109929	0.000883296243728
-17	65	-20	0.000522960796267	-0.00398532966358	0.00107022941653
-15	65	-20	0.000409838983798	-0.00415357369672	0.00124957778223
-13	65	-20	0.000279838784657	-0.00429153033489	0.00141367105929
-11	65	-20	0.000137080914853	-0.00439457013254	0.00155559252418
-9	65	-20	-1.36839462067e-05	-0.00445995100704	0.00166948820259
-7	65	-20	-0.000167267886311	-0.00448691797957	0.00175080587922
-5	65	-20	-0.000318267804143	-0.00447666333268	0.00179645516885
-3	65	-20	-0.000461309057845	-0.00443215251107	0.00180488552978
-1	65	-20	-0.000591300830633	-0.00435783133108	0.00177608441651
1	65	-20	-0.000703691367027	-0.00425923901123	0.00171150237552
3	65	-20	-0.000794709741969	-0.00414255847573	0.00161391550407
5	65	-20	-0.000861580042023	-0.00401413976883	0.0014872381525
7	65	-20	-0.00090269396767	-0.00388003391991	0.00133630001506
9	65	-20	-0.000917729047212	-0.00374557312141	0.00116660189547
11	65	-20	-0.000907701934683	-0.00361502877512	0.000984063617067
13	65	-20	-0.000874949589661	-0.00349137220249	0.000794776001034
15	65	-20	-0.000823035338993	-0.00337615417151	0.000604766822126
17	65	-20	-0.000756581629497	-0.00326950958058	0.000419788425442
19	65	-20	-0.000681036343992	-0.00317028345645	0.000245132481261
21	65	-20	-0.000602384464267	-0.00307626468719	8.54753445977e-05
23	65	-20	-0.000526821201257	-0.00298450539337	-5.52442120015e-05
25	65	-20	-0.000460406076938	-0.0028916972064	-0.000173914459628
27	65	-20	-0.000408719501013	-0.00279457148039	-0.000268307917328
29	65	-20	-0.000376543905247	-0.00269028892416	-0.000337107531114
31	65	-20	-0.000367590372794	-0.00257678539832	-0.000379903524205
33	65	-20	-0.000384288963417	-0.00245304454986	-0.000397162953699
35	65	-20	-0.000427656765033	-0.00231927421451	-0.00039017430377
37	65	-20	-0.00049725240344	-0.00217697158439	-0.000360969756832
39	65	-20	-0.000591219725102	-0.00202887135512	-0.000312228141505
41	65	-20	-0.000706417109707	-0.00187878068455	-0.000247161956869
43	65	-20	-0.000838622871856	-0.00173131404277	-0.000169392284617
45	65	-20	-0.000982801956005	-0.00159154917007	-8.28157724768e-05
47	65	-20	-0.00113341503311	-0.00146463174257	8.53185720717e-06
49	65	-20	-0.0012847484875	-0.00135536047521	0.000100611207569
51	65	-20	-0.00143124282645	-0.00126778595432	0.000189509038419
53	65	-20	-0.00156779779707	-0.0012048553826	0.000271558359906
55	65	-20	-0.0016900348563	-0.00116813175088	0.000343445141795
57	65	-20	-0.00179450137733	-0.0011576100421	0.000402298692293
59	65	-20	-0.00187880574981	-0.00117164542197	0.000445763584197
61	65	-20	-0.00194167792655	-0.0012069996124	0.000472051883894
63	65	-20	-0.00198295553487	-0.00125900249563	0.000479975297439
65	65	-20	-0.00200350096013	-0.00132181719837	0.000468957621517
67	65	-20	-0.00200505941952	-0.00138878915728	0.000439028525268
69	65	-20	-0.00199007164842	-0.00145285356999	0.000390800163381
71	65	-20	-0.00196145719362	-0.00150697164615	0.000325428427574
73	65	-20	-0.00192238533316	-0.00154456446066	0.000244560801922
75	65	-20	-0.00187605032754	-0.00155991404649	0.000150272834777
77	65	-20	-0.00182546616182	-0.00154850451106	4.49952242166e-05
79	65	-20	-0.0017732933707	-0.00150728109651	-6.85665157007e-05
81	65	-20	-0.00172170722049	-0.0014348117524	-0.000187517842189
83	65	-20	-0.00167231276843	-0.00133134336384	-0.000308864405609
85	65	-20	-0.00162610845648	-0.00119875263736	-0.000429602571916
87	65	-20	-0.00158349623164	-0.00104039915367	-0.000546808948571
89	65	-20	-0.00154433298678	-0.00086089467079	-0.000657726438705
91	65	-20	-0.00150801559198	-0.000665807928253	-0.000759844201572
93	65	-20	-0.00147359007333	-0.000461327633274	-0.000850968833867
95	65	-20	-0.00143987465298	-0.000253907833247	-0.000929284155423
97	65	-20	-0.00140558637557	-4.99194993245e-05	-0.000993397221152
99	65	-20	-0.00136946182907	0.000144669977202	-0.00104236860752
-99	67	-20	0.00069386280999	-0.00075219842877	-0.00016938210978
-97	67	-20	0.000782483543716	-0.000786752002416	-0.000192880843386
-95	67	-20	0.00086745418165	-0.000827135194784	-0.00020887628986
-93	67	-20	0.000945887245083	-0.000875083756767	-0.000215109206117
-91	67	-20	0.00101486151132	-0.000932202027119	-0.000209489114478
-89	67	-20	0.0010715645067	-0.000999823434234	-0.0001902481684
-87	67	-20	0.00111344396269	-0.0010788696298	-0.000156096494862
-85	67	-20	0.00113835938177	-0.00116971904009	-0.000106367918729
-83	67	-20	0.00114472398928	-0.00127209639595	-4.11441395206e-05
-81	67	-20	0.00113162715415	-0.00138499470435	3.86545283178e-05
-79	67	-20	0.00109892791877	-0.0015066400452	0.000131222711221
-77	67	-20	0.00104731159745	-0.00163450748233	0.000233876634523
-75	67	-20	0.000978303424895	-0.00176539332434	0.000343119665657
-73	67	-20	0.000894235836568	-0.00189554510819	0.000454768682633
-71	67	-20	0.000798168956186	-0.00202084624667	0.00056413878696
-69	67	-20	0.000693767024236	-0.00213704760164	0.000666279200833
-67	67	-20	0.000585136572298	-0.00224003369418	0.00075624862595
-65	67	-20	0.000476634879002	-0.00232610724912	0.000829414295692
-63	67	-20	0.000372659406277	-0.00239227269291	0.000881755813105
-61	67	-20	0.000277430327857	-0.00243649743771	0.000910152974842
-59	67	-20	0.000194778809407	-0.00245792956372	0.00091263639243
-57	67	-20	0.000127953341506	-0.00245705201515	0.000888580978334
-55	67	-20	7.94552036522e-05	-0.00243575667325	0.000838825270774
-53	67	-20	5.0912165754e-05	-0.0023973265281	0.000765703988155
-51	67	-20	4.29969925291e-05	-0.00234632035433	0.000672986850301
-49	67	-20	5.53944287705e-05	-0.00228836137984	0.000565723175802
-47	67	-20	8.68173529684e-05	-0.00222983888837	0.000449998567506
-45	67	-20	0.000135069931574	-0.00217753891493	0.000332616586292
-43	67	-20	0.000197153095921	-0.00213822655934	0.000220724139814
-41	67	-20	0.000269405659489	-0.00211820737591	0.000121403878899
-39	67	-20	0.000347672993568	-0.00212289830681	4.12597962858e-05
-37	67	-20	0.000427494415411	-0.00215643936472	-1.39768086744e-05
-35	67	-20	0.000504300279722	-0.0022213755662	-3.97949070818e-05
-33	67	-20	0.000573610111995	-0.00231843450443	-3.31818117729e-05
-31	67	-20	0.000631223851615	-0.00244641866871	7.18652325928e-06
-29	67	-20	0.000673399236714	-0.00260222360511	8.08551090907e-05
-27	67	-20	0.000697009417591	-0.00278098386743	0.000185604584468
-25	67	-20	0.000699675910958	-0.00297633914607	0.000317568820031
-23	67	-20	0.000679872922558	-0.00318080375759	0.000471446385632
-21	67	-20	0.000636999838954	-0.00338621459186	0.000640790686775
-19	67	-20	0.000571419338972	-0.00358422633231	0.000818358768994
-17	67	-20	0.000484459164278	-0.00376681883584	0.000996495623597
-15	67	-20	0.00037837621025	-0.00392678033875	0.00116752948511
-13	67	-20	0.000256282358345	-0.0040581317802	0.00132415410654
-11	67	-20	0.000122032465573	-0.00415646190107	0.00145977619151
-9	67	-20	-1.99237790686e-05	-0.00421914955125	0.00156880977227
-7	67	-20	-0.00016472281019	-0.00424545828408	0.00164690396675
-5	67	-20	-0.00030729574794	-0.00423649813791	0.00169109577908
-3	67	-20	-0.000442597309327	-0.00419505970686	0.00169988496529
-1	67	-20	-0.000565845759917	-0.0041253353597	0.00167323303585
1	67	-20	-0.000672762753583	-0.00403255099101	0.00161249284304
3	67	-20	-0.000759800505393	-0.00392253830011	0.00152027863606
5	67	-20	-0.000824343007622	-0.00380128177052	0.00140028880378
7	67	-20	-0.000864868123869	-0.00367447594849	0.00125709472638
9	67	-20	-0.000881058511833	-0.00354712720297	0.00109590929215
11	67	-20	-0.000873851477251	-0.0034232300332	0.000922347860925
13	67	-20	-0.000845420996206	-0.00330554153162	0.000742192989263
15	67	-20	-0.000799089103004	-0.00319546935236	0.000561172321105
17	67	-20	-0.000739168372289	-0.00309307915995	0.000384756936449
19	67	-20	-0.000670741994479	-0.00299721780146	0.000217985357033
21	67	-20	-0.000599392570289	-0.0029057391391	6.53165010818e-05
23	67	-20	-0.000530894834884	-0.00281581133793	-6.94867317018e-05
25	67	-20	-0.000470890689753	-0.00272427806123	-0.000183442830815
27	67	-20	-0.000424566856435	-0.00262804197189	-0.000274406518602
29	67	-20	-0.000396355950424	-0.00252443747143	-0.000341094231221
31	67	-20	-0.000389680704864	-0.00241156082196	-0.000383081841689
33	67	-20	-0.000406758483854	-0.00228852956875	-0.000400776549804
35	67	-20	-0.000448479280388	-0.00215564918894	-0.000395365141411
37	67	-20	-0.000514365382567	-0.00201447263757	-0.000368741111819
39	67	-20	-0.000602615200059	-0.00186774731174	-0.000323413483252
41	67	-20	-0.0007102278218	-0.00171925319169	-0.000262400521541
43	67	-20	-0.000833199200415	-0.0015735448008	-0.000189111943078
45	67	-20	-0.000966775884694	-0.00143561744447	-0.000107223550658
47	67	-20	-0.00110574834505	-0.00131052432124	-2.05484893468e-05
49	67	-20	-0.00124476345917	-0.00120297506718	6.70905826544e-05
51	67	-20	-0.0013786348259	-0.00111694779308	0.000151984197458
53	67	-20	-0.00150263029956	-0.00105534560285	0.000230649735106
55	67	-20	-0.00161271839099	-0.00101972504665	0.000299932604495
57	67	-20	-0.00170575874741	-0.00101011827238	0.000357092172634
59	67	-20	-0.00177962647857	-0.00102496327141	0.000399870437233
61	67	-20	-0.00183326524628	-0.00106114818157	0.000426542256603
63	67	-20	-0.00186666935005	-0.00111416680233	0.000435946750869
65	67	-20	-0.00188080009585	-0.00117837400667	0.000427500207921
67	67	-20	-0.00187744614208	-0.00124732227502	0.000401191420181
69	67	-20	-0.00185904096342	-0.00131415470877	0.000357560818217
71	67	-20	-0.00182845283812	-0.00137202604026	0.000297665051923
73	67	-20	-0.0017887637392	-0.00141452160515	0.000223028818345
75	67	-20	-0.00174305319431	-0.00143604504554	0.000135585782846
77	67	-20	-0.00169420168084	-0.00143214853837	3.76104325203e-05
79	67	-20	-0.00164472563667	-0.00139978428154	-6.83573162916e-05
81	67	-20	-0.00159665295599	-0.00133746236005	-0.00017959292226
83	67	-20	-0.00155144420609	-0.00124530739304	-0.000293271534963
85	67	-20	-0.00150996105966	-0.0011250139126	-0.000406553797315
87	67	-20	-0.0014724798868	-0.000979707634796	-0.000516670939965
89	67	-20	-0.00143874535194	-0.000813726096013	-0.000621006791463
91	67	-20	-0.00140805641681	-0.000632337089021	-0.000717174179033
93	67	-20	-0.00137937549348	-0.000441416626386	-0.000803083128407
95	67	-20	-0.00135145068188	-0.000247109624416	-0.00087699833384
97	67	-20	-0.0013229410488	-5.54961414525e-05	-0.000937583596396
99	67	-20	-0.00129253568088	0.000127716024625	-0.000983931336902
-99	69	-20	0.000650305391285	-0.00072581310578	-0.000172922215224
-97	69	-20	0.000728603290052	-0.000758945644518	-0.00019440674962
-95	69	-20	0.000803450276804	-0.000797045976044	-0.000209221712828
-93	69	-20	0.000872330545107	-0.000841650115934	-0.00021538858173
-91	69	-20	0.000932705159652	-0.000894185043892	-0.000211079781946
-89	69	-20	0.000982135498379	-0.000955844890135	-0.000194753245245
-87	69	-20	0.00101841426717	-0.00102746563015	-0.000165288147537
-85	69	-20	0.00103969644088	-0.00110940786375	-0.000122112131322
-83	69	-20	0.00104462173506	-0.00120145794844	-6.53095887815e-05
-81	69	-20	0.00103242004728	-0.00130275767525	4.29938108924e-06
-79	69	-20	0.00100299179001	-0.00141177172268	8.51188267216e-05
-77	69	-20	0.000956956177469	-0.00152630027139	0.000174783298456
-75	69	-20	0.000895662277652	-0.00164354146018	0.000270215747547
-73	69	-20	0.000821159889684	-0.00176020494451	0.000367738652289
-71	69	-20	0.000736129896289	-0.00187267389708	0.000463236186208
-69	69	-20	0.000643776474064	-0.0019772086489	0.000552361149267
-67	69	-20	0.000547686202028	-0.00207018114356	0.00063077639096
-65	69	-20	0.000451661472876	-0.00214832582583	0.000694416914115
-63	69	-20	0.000359537483662	-0.00220898986217	0.000739756101256
-61	69	-20	0.000274993306146	-0.00225036400845	0.00076405784979
-59	69	-20	0.000201368010599	-0.00227167524061	0.000765596062861
-57	69	-20	0.000141492505989	-0.00227332358643	0.000743824043509
-55	69	-20	9.75466992278e-05	-0.00225694845843	0.000699478885639
-53	69	-20	7.09498671949e-05	-0.00222541406988	0.000634609823997
-51	69	-20	6.2289932892e-05	-0.00218270896645	0.000552524450826
-49	69	-20	7.12948345632e-05	-0.00213376094932	0.000457652375676
-47	69	-20	9.68465848455e-05	-0.00208417523334	0.000355331863383
-45	69	-20	0.000137036142516	-0.00203991004423	0.000251530755847
-43	69	-20	0.000189255043835	-0.00200690946899	0.000152518086858
-41	69	-20	0.000250318003255	-0.00199071772	6.45067986971e-05
-39	69	-20	0.000316609479865	-0.00199610162646	-6.70948899398e-06
-37	69	-20	0.000384246542846	-0.00202670881893	-5.61018591347e-05
-35	69	-20	0.000449250226089	-0.00208478757605	-7.97107659681e-05
-33	69	-20	0.000507717860738	-0.00217099068503	-7.48898004203e-05
-31	69	-20	0.000555989502818	-0.00228428014265	-4.04725489875e-05
-29	69	-20	0.000590802403765	-0.00242194247496	2.31480844053e-05
-27	69	-20	0.000609428379996	-0.0025797164097	0.000114032606415
-25	69	-20	0.000609789820009	-0.0027520262252	0.000228797859988
-23	69	-20	0.000590550854288	-0.00293230600377	0.000362802195051
-21	69	-20	0.000551180877683	-0.00311339290557	0.000510399574259
-19	69	-20	0.000491988172858	-0.003287962055	0.000665245092851
-17	69	-20	0.000414121892016	-0.00344897217524	0.000820631619035
-15	69	-20	0.000319541194384	-0.00359009003333	0.000969836085094
-13	69	-20	0.000210951000879	-0.00370606318602	0.00110645439403
-11	69	-20	9.17046985496e-05	-0.00379301435479	0.00122470582777
-9	69	-20	-3.43247374149e-05	-0.00384863671467	0.00131969100546
-7	69	-20	-0.000162902323086	-0.00387227698196	0.00138759150855
-5	69	-20	-0.000289612812555	-0.00386490182015	0.00142580387159
-3	69	-20	-0.000410060279575	-0.00382895205221	0.00143300533041
-1	69	-20	-0.000520077402944	-0.00376809774477	0.00140915314232
1	69	-20	-0.00061593470927	-0.00368691472444	0.00135542312623
3	69	-20	-0.000694538797886	-0.0035905088983	0.00127409607854
5	69	-20	-0.000753607928484	-0.00348411842189	0.00116840276719
7	69	-20	-0.000791813460807	-0.00337272501068	0.00104233925763
9	69	-20	-0.000808876611438	-0.00326070444358	0.000900464441573
11	69	-20	-0.000805611875104	-0.00315154268561	0.000747690959383
13	69	-20	-0.000783911200003	-0.00304763837486	0.000589079420704
15	69	-20	-0.000746666470523	-0.00295020515469	0.000429644151669
17	69	-20	-0.000697631814244	-0.00285927908318	0.000274176845371
19	69	-20	-0.000641231422519	-0.00277382779021	0.000127092656025
21	69	-20	-0.000582322620372	-0.00269194986413	-7.69839553963e-06
23	69	-20	-0.000525927493692	-0.00261114578543	-0.000126893250486
25	69	-20	-0.000476949151389	-0.00252863614432	-0.000227870531245
27	69	-20	-0.000439890392186	-0.00244169931254	-0.000308738624005
29	69	-20	-0.000418592967233	-0.00234799945095	-0.000368358162269
31	69	-20	-0.000416014691939	-0.00224587680618	-0.00040634033166
33	69	-20	-0.000434059390969	-0.00213457557502	-0.000423022690969
35	69	-20	-0.000473471204264	-0.00201438991066	-0.000419424439851
37	69	-20	-0.00053380039139	-0.00188671547129	-0.000397183309829
39	69	-20	-0.000613442784624	-0.00175400171178	-0.000358476537463
41	69	-20	-0.000709749852759	-0.00161960826241	-0.000305928695058
43	69	-20	-0.000819201363734	-0.0014875765686	-0.000242509480252
45	69	-20	-0.000937628274679	-0.00136233485792	-0.000171424859602
47	69	-20	-0.00106047008079	-0.00124835990687	-9.60051743605e-05
49	69	-20	-0.00118304868402	-0.00114982257648	-1.95939033151e-05
51	69	-20	-0.00130084005798	-0.00107024540429	5.45592957397e-05
53	69	-20	-0.00140972562583	-0.00101219959178	0.000123397892684
55	69	-20	-0.00150620725368	-0.000977065603874	0.000184147183342
57	69	-20	-0.00158757290079	-0.000964876572666	0.00023438997973
59	69	-20	-0.00165200397765	-0.000974257192836	0.000272127544856
61	69	-20	-0.00169861999755	-0.00100246335035	0.000295824716343
63	69	-20	-0.00172746078775	-0.00104551994978	0.000304438836756
65	69	-20	-0.00173941097896	-0.00109844692681	0.000297432712234
67	69	-20	-0.00173607537416	-0.00115555684721	0.00027477231667
69	69	-20	-0.00171961683392	-0.0012108023126	0.000236910325949
71	69	-20	-0.00169257030902	-0.00125814800387	0.000184756805275
73	69	-20	-0.00165764750589	-0.00129194082499	0.00011963850054
75	69	-20	-0.00161754638366	-0.00130725232152	4.32482339094e-05
77	69	-20	-0.00157477834887	-0.00130017022385	-4.24140857912e-05
79	69	-20	-0.00153152380552	-0.00126802033032	-0.000135107316359
81	69	-20	-0.00148952386641	-0.00120950559406	-0.000232420233687
83	69	-20	-0.00145001280449	-0.00112475571095	-0.000331846320264
85	69	-20	-0.00141369249843	-0.00101528718045	-0.000430860380199
87	69	-20	-0.00138074697087	-0.000883880184615	-0.000526994983172
89	69	-20	-0.00135089236297	-0.000734384211156	-0.000617914546438
91	69	-20	-0.00132345551561	-0.000571468732607	-0.000701484706614
93	69	-20	-0.00129747285649	-0.000400338165034	-0.000775834557604
95	69	-20	-0.0012718005763	-0.000226431624414	-0.00083940937997
97	69	-20	-0.00124522710561	-5.51276796793e-05	-0.000891011691843
99	69	-20	-0.00121657960566	0.000108527494787	-0.000929828826573
-99	71	-20	0.000607494233532	-0.000700489496268	-0.00017704912689
-97	71	-20	0.000671451597826	-0.000733142204037	-0.000195347641678
-95	71	-20	0.000732131921221	-0.000769558691785	-0.000208191778066
-93	71	-20	0.00078755457424	-0.000810965012178	-0.000214019997972
-91	71	-20	0.00083573417488	-0.000858509759984	-0.000211396045544
-89	71	-20	0.000874776425872	-0.000913163984055	-0.000199114965972
-87	71	-20	0.000902979411073	-0.000975619498518	-0.000176309842399
-85	71	-20	0.000918934459522	-0.0010461933518	-0.000142551618486
-83	71	-20	0.000921620113857	-0.00112474678211	-9.79338052681e-05
-81	71	-20	0.000910482616418	-0.001210626929	-4.31339037567e-05
-79	71	-20	0.00088549670174	-0.00130263880575	2.05559123471e-05
-77	71	-20	0.000847201366951	-0.00139905354522	9.12348910187e-05
-75	71	-20	0.000796706644552	-0.0014976567529	0.000166440523411
-73	71	-20	0.00073566914258	-0.00159583804456	0.000243237389427
-71	71	-20	0.000666236122674	-0.00169071968444	0.000318346271429
-69	71	-20	0.000590960004307	-0.00177931890279	0.000388308548083
-67	71	-20	0.000512687244232	-0.00185873522814	0.000449677728086
-65	71	-20	0.000434427374065	-0.00192635130834	0.000499227188036
-63	71	-20	0.000359209431926	-0.00198003350017	0.000534161009452
-61	71	-20	0.000289933973428	-0.00201831723016	0.000552313503398
-59	71	-20	0.000229229213888	-0.00204056196358	0.000552322745303
-57	71	-20	0.000179319610072	-0.0020470616749	0.000533764316097
-55	71	-20	0.000141914362812	-0.00203909900428	0.000497233462985
-53	71	-20	0.000118121989551	-0.00201893471521	0.000444366957606
-51	71	-20	0.000108395399064	-0.00198972843481	0.000377799846634
-49	71	-20	0.000112509949639	-0.00195539166016	0.000301056780309
-47	71	-20	0.000129574951299	-0.00192037927459	0.000218382324578
-45	71	-20	0.000158077143119	-0.00188943091205	0.000134519234258
-43	71	-20	0.000195952979961	-0.00186727800067	5.4447707929e-05
-41	71	-20	0.000240685207597	-0.00185833579719	-1.68981862047e-05
-39	71	-20	0.000289418257681	-0.00186640184976	-7.49187111746e-05
-37	71	-20	0.000339086474815	-0.0018943828513	-0.000115622415835
-35	71	-20	0.000386549072898	-0.0019440706514	-0.000135867716782
-33	71	-20	0.000428725945933	-0.00201598530537	-0.000133556098785
-31	71	-20	0.000462728941716	-0.00210929862422	-0.000107764249254
-29	71	-20	0.000485983846066	-0.00222184605711	-5.88067053486e-05
-27	71	-20	0.000496339023356	-0.00235022830971	1.17745533486e-05
-25	71	-20	0.000492157335926	-0.00248999738162	0.000101292083129
-23	71	-20	0.000472388567157	-0.00263591523634	0.000206060201217
-21	71	-20	0.000436620080961	-0.00278226763445	0.000321596882581
-19	71	-20	0.000385103879007	-0.00292321124527	0.000442866412448
-17	71	-20	0.000318758610945	-0.00305312938977	0.000564546679127
-15	71	-20	0.0002391455178	-0.00316697090709	0.000681304059921
-13	71	-20	0.000148417817747	-0.00326054777589	0.000788059199973
-11	71	-20	4.92437427161e-05	-0.00333077018454	0.000880228511535
-9	71	-20	-5.52956520552e-05	-0.00337580249975	0.000953928734756
-7	71	-20	-0.00016183164502	-0.00339512965125	0.00100613513391
-5	71	-20	-0.000266852380197	-0.00338953034459	0.00103478754477
-3	71	-20	-0.000366861734546	-0.00336096067558	0.00103884221799
-1	71	-20	-0.000458546034232	-0.00331235856869	0.00101827091885
1	71	-20	-0.000538940833766	-0.00324738544685	0.00097401178975
3	71	-20	-0.000605588983013	-0.00317012618024	0.000907878872601
5	71	-20	-0.000656680687187	-0.00308477129492	0.000822438813297
7	71	-20	-0.000691166348686	-0.0029953064223	0.000720864104337
9	71	-20	-0.000708833757843	-0.00290523297717	0.000606772310932
11	71	-20	-0.000710342704054	-0.00281734116243	0.000484060180496
13	71	-20	-0.000697212271187	-0.00273355186588	0.000356740506171
15	71	-20	-0.000671758851406	-0.00265483821807	0.000228788274211
17	71	-20	-0.000636986081477	-0.00258123099974	0.000104001143787
19	71	-20	-0.000596431242749	-0.00251190525638	-1.41221618582e-05
21	71	-20	-0.000553975902437	-0.00244533894528	-0.0001224833133
23	71	-20	-0.000513631430997	-0.00237952872536	-0.000218464573768
25	71	-20	-0.000479312245822	-0.00231224354815	-0.00029998751994
27	71	-20	-0.000454610985086	-0.00224129386389	-0.000365550716731
29	71	-20	-0.00044259015321	-0.00216479322789	-0.000414247225616
31	71	-20	-0.000445604029996	-0.00208138994744	-0.000445763123254
33	71	-20	-0.000465162821091	-0.00199044906027	-0.000460358413828
35	71	-20	-0.000501848264016	-0.00189216915838	-0.000458831889107
37	71	-20	-0.000555286393042	-0.00178762401302	-0.000442471665393
39	71	-20	-0.000624179178232	-0.00167872517577	-0.000412993327336
41	71	-20	-0.000706392604628	-0.00156810822156	-0.000372467835649
43	71	-20	-0.000799094779757	-0.00145895154127	-0.000323241591006
45	71	-20	-0.000898934171271	-0.00135474208399	-0.00026785125924
47	71	-20	-0.00100224535996	-0.00125900675721	-0.000208936116751
49	71	-20	-0.00110526795863	-0.00117503097745	-0.000149150735729
51	71	-20	-0.0012043637212	-0.00110558691213	-9.10807711635e-05
53	71	-20	-0.00129621738146	-0.0010526931927	-3.71644247811e-05
55	71	-20	-0.00137800835198	-0.00101742538591	1.03781493901e-05
57	71	-20	-0.00144754292884	-0.000999792498793	4.96056455568e-05
59	71	-20	-0.00150333985944	-0.000998689601077	7.89052406246e-05
61	71	-20	-0.0015446657631	-0.00101193070602	9.70301964203e-05
63	71	-20	-0.00157152064332	-0.00103635984345	0.000103125052655
65	71	-20	-0.00158457729627	-0.00106803228876	9.67384685814e-05
67	71	-20	-0.00158508153004	-0.00110245265422	7.78241255372e-05
69	71	-20	-0.00157472253929	-0.00113485241314	4.67303638402e-05
71	71	-20	-0.00155548437512	-0.00116048672202	4.17939887645e-06
73	71	-20	-0.00152949013057	-0.00117492931692	-4.87629403625e-05
75	71	-20	-0.00149885022722	-0.00117434483437	-0.000110725954612
77	71	-20	-0.00146552511283	-0.00115572005444	-0.000180080265733
79	71	-20	-0.00143121090026	-0.00111703906387	-0.000254990368357
81	71	-20	-0.0013972541812	-0.00105739186816	-0.000333472361048
83	71	-20	-0.0013645996473	-0.000977011143385	-0.000413455533478
85	71	-20	-0.00133377147201	-0.000877237175401	-0.000492846296848
87	71	-20	-0.00130488686157	-0.00076041615198	-0.000569592727404
89	71	-20	-0.00127769796104	-0.000629741455522	-0.000641747778049
91	71	-20	-0.00125165654786	-0.000489051127901	-0.000707529039635
93	71	-20	-0.001225994759	-0.000342597016752	-0.000765372842718
95	71	-20	-0.00119981452323	-0.000194802149462	-0.000813980519022
97	71	-20	-0.00117217839895	-5.00226173931e-05	-0.000852354816173
99	71	-20	-0.0011421950956	8.76712023588e-05	-0.00087982479051
-99	73	-20	0.00056583927676	-0.000676310818226	-0.000181572105616
-97	73	-20	0.000612747130191	-0.000709166099588	-0.000195883843502
-95	73	-20	0.000656530580023	-0.000744346529577	-0.000206215483599
-93	73	-20	0.000695855031769	-0.000782692178853	-0.000211515240221
-91	73	-20	0.000729404892628	-0.000825003565215	-0.000210825631851
-89	73	-20	0.000755946000928	-0.000871970828585	-0.000203354683538
-87	73	-20	0.000774390907116	-0.000924101206463	-0.000188547270448
-85	73	-20	0.000783863241218	-0.000981650333092	-0.000166151485851
-83	73	-20	0.000783757045995	-0.00104456330219	-0.000136274541885
-81	73	-20	0.000773786883031	-0.00111243140083	-9.94227392138e-05
-79	73	-20	0.000754024764771	-0.0011844698877	-5.65205255353e-05
-77	73	-20	0.000724920536574	-0.00125952113833	-8.90462090338e-06
-75	73	-20	0.000687303207085	-0.00133608594397	4.17094039814e-05
-73	73	-20	0.00064236185098	-0.00141238380711	9.32889202646e-05
-71	73	-20	0.000591606007237	-0.00148644084844	0.000143573167543
-69	73	-20	0.000536806870181	-0.00155620158905	0.000190185895576
-67	73	-20	0.000479921909798	-0.00161965858803	0.000230766172887
-65	73	-20	0.000423006751148	-0.00167499190123	0.000263109925247
-63	73	-20	0.00036811908909	-0.00172070878166	0.00028531330167
-61	73	-20	0.000317220032655	-0.00175577314047	0.000295908084245
-59	73	-20	0.00027207851057	-0.00177971416373	0.000293979182435
-57	73	-20	0.000234184206638	-0.00179270421242	0.000279254849951
-55	73	-20	0.000204673947718	-0.0017955977271	0.000252161636864
-53	73	-20	0.000184275588562	-0.00178992524859	0.000213838176124
-51	73	-20	0.000173272305825	-0.00177783970757	0.000166104570771
-49	73	-20	0.000171488926937	-0.00176201562058	0.000111387205657
-47	73	-20	0.000178300586455	-0.00174550549272	5.26020221611e-05
-45	73	-20	0.000192662729091	-0.00173156127527	-6.99759172888e-06
-43	73	-20	0.000213160358136	-0.00172343185306	-6.39993892615e-05
-41	73	-20	0.000238073532146	-0.00172414996055	-0.000115026265949
-39	73	-20	0.000265455485002	-0.00173632340593	-0.000156933238931
-37	73	-20	0.000293219398014	-0.00176194585063	-0.0001869945159
-35	73	-20	0.000319229771264	-0.00180224156616	-0.000203068278527
-33	73	-20	0.000341394483866	-0.00185755658686	-0.000203728255705
-31	73	-20	0.000357753941189	-0.00192730561558	-0.000188353436993
-29	73	-20	0.000366564115459	-0.00200998013258	-0.000157170193715
-27	73	-20	0.000366370730914	-0.00210321869902	-0.000111244396726
-25	73	-20	0.000356072273679	-0.00220393578471	-5.24245758396e-05
-23	73	-20	0.000334969886096	-0.00230850096101	1.67595214764e-05
-21	73	-20	0.000302802524606	-0.00241295635716	9.32357056975e-05
-19	73	-20	0.000259766031667	-0.00251325721351	0.000173555902804
-17	73	-20	0.000206515028323	-0.00260551844618	0.000254079437818
-15	73	-20	0.000144146820771	-0.00268624953791	0.000331161353367
-13	73	-20	7.41668824421e-05	-0.00275256085538	0.000401334314519
-11	73	-20	-1.56403218881e-06	-0.00280232661368	0.000461473703227
-9	73	-20	-8.09004352652e-05	-0.00283429300168	0.000508937234923
-7	73	-20	-0.000161498795843	-0.0028481241866	0.000541672653068
-5	73	-20	-0.000240917904674	-0.00284438369259	0.000558289562198
-3	73	-20	-0.000316729413789	-0.0028244536109	0.000558094025262
-1	73	-20	-0.00038663402071	-0.00279039884535	0.000541086969508
1	73	-20	-0.000448577842072	-0.00274478774445	0.000507929541199
3	73	-20	-0.000500862816456	-0.00269048368839	0.000459880193594
5	73	-20	-0.000542244602916	-0.00263042423297	0.000398709409289
7	73	-20	-0.00057201149442	-0.00256740510901	0.000326598527716
9	73	-20	-0.00059003840779	-0.0025038856918	0.00024602920344
11	73	-20	-0.000596811065514	-0.00244183055993	0.000159669635407
13	73	-20	-0.000593417022959	-0.00238259863097	7.02629854827e-05
15	73	-20	-0.000581502139187	-0.00232688735663	-1.94775348549e-05
17	73	-20	-0.000563193315382	-0.0022747349141	-0.000106963469263
19	73	-20	-0.000540990668528	-0.00222557861163	-0.000189813403821
21	73	-20	-0.000517634581055	-0.00217836321595	-0.000265921269093
23	73	-20	-0.000495955074287	-0.00213168896239	-0.000333509984703
25	73	-20	-0.000478712510449	-0.00208398593585	-0.000391170398156
27	73	-20	-0.000468439580277	-0.0020336995461	-0.000437885923283
29	73	-20	-0.000467294773003	-0.00197947110965	-0.000473043589201
31	73	-20	-0.00047693700282	-0.0019202981368	-0.000496432403798
33	73	-20	-0.000498429796504	-0.00185566074619	-0.000508230057366
35	73	-20	-0.000532181512109	-0.00178560353469	-0.000508979080211
37	73	-20	-0.000577925599978	-0.00171076597396	-0.00049955365226
39	73	-20	-0.00063474212441	-0.00163235868266	-0.000481118359775
41	73	-20	-0.00070111885857	-0.00155208738572	-0.000455080307522
43	73	-20	-0.000775047479847	-0.00147203066218	-0.000423036115299
45	73	-20	-0.000854147952027	-0.00139448135621	-0.000386715438252
47	73	-20	-0.000935812279181	-0.00132176448404	-0.000347922729361
49	73	-20	-0.0010173576023	-0.00125604637884	-0.000308478989763
51	73	-20	-0.00109617817206	-0.00119915053161	-0.000270165213345
53	73	-20	-0.00116988609172	-0.00115239505844	-0.000234669120352
55	73	-20	-0.00123643183771	-0.00111646500561	-0.00020353659473
57	73	-20	-0.00129419732431	-0.00109132994181	-0.000178129005257
59	73	-20	-0.00134205652402	-0.00107621371248	-0.000159587322109
61	73	-20	-0.00137940119394	-0.00106961913974	-0.000148803663254
63	73	-20	-0.00140613187691	-0.00106940617732	-0.000146400643036
65	73	-20	-0.00142261683639	-0.00107291791852	-0.000152718668411
67	73	-20	-0.0014296237536	-0.00107714523281	-0.000167811148446
69	73	-20	-0.00142823071052	-0.00107891795799	-0.000191447452232
71	73	-20	-0.00141972409277	-0.00107510871209	-0.000223123361863
73	73	-20	-0.00140549151757	-0.00106283464357	-0.000262078704862
75	73	-20	-0.00138691772391	-0.00103964284459	-0.000307321793489
77	73	-20	-0.00136529060499	-0.00100366664939	-0.000357660224745
79	73	-20	-0.00134172331457	-0.00095374247848	-0.000411737485713
81	73	-20	-0.00131709676674	-0.000889480047844	-0.000468074652704
83	73	-20	-0.00129202502362	-0.000811282363087	-0.000525116268117
85	73	-20	-0.00126684418378	-0.000720315659791	-0.000581279236294
87	73	-20	-0.00124162359548	-0.000618433028933	-0.000635003320411
89	73	-20	-0.00121619665573	-0.000508058602602	-0.000684801576886
91	73	-20	-0.00119020722182	-0.000392041641904	-0.00072930886725
93	73	-20	-0.00116316682761	-0.000273491504045	-0.000767326475437
95	73	-20	-0.00113451749461	-0.000155605185524	-0.000797860861332
97	73	-20	-0.00110369495506	-4.14989404667e-05	-0.000820154719792
99	73	-20	-0.00107018752243	6.59455678502e-05	-0.000833708795281
-99	75	-20	0.000525814445755	-0.000653334094868	-0.000186247030775
-97	75	-20	0.000554360621389	-0.000686812718743	-0.000196157981294
-95	75	-20	0.000579917948445	-0.000721060521711	-0.000203692073422
-93	75	-20	0.000601852578199	-0.000756491983758	-0.000208353993939
-91	75	-20	0.000619576260159	-0.000793523117351	-0.000209709141397
-89	75	-20	0.000632572494657	-0.000832532767523	-0.000207416861183
-87	75	-20	0.000640422678985	-0.000873822122541	-0.0002012631851
-85	75	-20	0.00064283079236	-0.000917575507458	-0.000191190701039
-83	75	-20	0.000639645044558	-0.000963825780988	-0.000177323015002
-81	75	-20	0.000630874897237	-0.00101242765266	-0.000159981290233
-79	75	-20	0.000616701972241	-0.00106304195475	-0.000139690582624
-77	75	-20	0.000597483593902	-0.00111513333666	-0.000117174147954
-75	75	-20	0.000573748066922	-0.00116798301706	-9.3334565068e-05
-73	75	-20	0.000546181249884	-0.00122071717565	-6.9221368844e-05
-71	75	-20	0.000515604516846	-0.0012723503599	-4.59858659874e-05
-69	75	-20	0.000482944766533	-0.00132184201149	-2.48248452646e-05
-67	75	-20	0.000449197694963	-0.00136816298368	-6.91590846301e-06
-65	75	-20	0.000415386045747	-0.00141036783457	6.65195080014e-06
-63	75	-20	0.000382514949	-0.00144766784649	1.49481948227e-05
-61	75	-20	0.000351526718597	-0.00147949923118	1.72662727452e-05
-59	75	-20	0.000323257574139	-0.00150558090447	1.31800140647e-05
-57	75	-20	0.00029839867856	-0.00152595659125	2.58636149915e-06
-55	75	-20	0.00027746364072	-0.00154101685471	-1.42694050269e-05
-53	75	-20	0.000260764245478	-0.00155149789566	-3.67887792811e-05
-51	75	-20	0.000248395675298	-0.00155845556213	-6.40369943325e-05
-49	75	-20	0.000240231920447	-0.00156321483466	-9.47818646892e-05
-47	75	-20	0.000235931486492	-0.00156729697118	-0.000127552950955
-45	75	-20	0.000234952944802	-0.00157232835125	-0.00016071796568
-43	75	-20	0.000236579375342	-0.00157993669542	-0.000192571987829
-41	75	-20	0.000239950352487	-0.00159164160292	-0.000221433995002
-39	75	-20	0.00024409984294	-0.00160874712681	-0.000245744552558
-37	75	-20	0.000247998225296	-0.00163224430215	-0.000264158281063
-35	75	-20	0.000250596595388	-0.0016627311183	-0.000275624984551
-33	75	-20	0.000250871571339	-0.00170035639044	-0.00027945404723
-31	75	-20	0.000247868930964	-0.00174479240002	-0.000275357840883
-29	75	-20	0.000240744572412	-0.00179523914984	-0.000263471339056
-27	75	-20	0.000228801459093	-0.00185046076882	-0.00024434678962
-25	75	-20	0.000211521370376	-0.00190885218542	-0.000218924020091
-23	75	-20	0.000188590417799	-0.00196853186144	-0.000188478601816
-21	75	-20	0.000159917401384	-0.0020274543325	-0.000154551549436
-19	75	-20	0.00012564418187	-0.00208353471044	-0.000118865371135
-17	75	-20	8.61473515837e-05	-0.00213477630404	-8.32320325923e-05
-15	75	-20	4.20306243105e-05	-0.00217939219871	-4.94587093242e-05
-13	75	-20	-5.8924405914e-06	-0.00221591203691	-1.92570731403e-05
-11	75	-20	-5.66254899062e-05	-0.00224326633363	5.83867834271e-06
-9	75	-20	-0.000109025946307	-0.00226084236173	2.45407186538e-05
-7	75	-20	-0.000161850376976	-0.00226850781411	3.58602140385e-05
-5	75	-20	-0.000213807402838	-0.00226660091951	3.91417395539e-05
-3	75	-20	-0.000263616305613	-0.00225588825472	3.40788629156e-05
-1	75	-20	-0.000310068906996	-0.00223749395148	2.07114988145e-05
1	75	-20	-0.00035209177116	-0.00221280614178	-5.93297684735e-07
3	75	-20	-0.000388805381515	-0.00218336815143	-2.91745947035e-05
5	75	-20	-0.000419576726338	-0.00215076300599	-6.41218351435e-05
7	75	-20	-0.000444061746619	-0.00211650017912	-0.000104326724306
9	75	-20	-0.00046223438763	-0.00208191316686	-0.000148539385381
11	75	-20	-0.00047439956453	-0.00204807545149	-0.000195425628511
13	75	-20	-0.000481188186484	-0.00201574081387	-0.000243622570344
15	75	-20	-0.000483533440417	-0.00198531190172	-0.000291790348665
17	75	-20	-0.000482628746052	-0.00195683863341	-0.000338658238953
19	75	-20	-0.000479869069011	-0.00193004560184	-0.000383064040231
21	75	-20	-0.000476778516154	-0.00190438533627	-0.000423986111094
23	75	-20	-0.000474928230567	-0.00187911226287	-0.000460567871437
25	75	-20	-0.000475849452823	-0.00185337063482	-0.000492134924766
27	75	-20	-0.000480947136573	-0.00182628869846	-0.000518205197144
29	75	-20	-0.000491419641924	-0.0017970709959	-0.00053849264066
31	75	-20	-0.000508189752554	-0.00176508099702	-0.000552905128416
33	75	-20	-0.000531851580961	-0.00172990717391	-0.000561537194808
35	75	-20	-0.000562636884932	-0.00169140709628	-0.000564658269961
37	75	-20	-0.000600402994107	-0.00164972601513	-0.000562697038003
39	75	-20	-0.000644643041083	-0.00160528855642	-0.000556222528116
41	75	-20	-0.000694517626715	-0.00155876439303	-0.000545922531616
43	75	-20	-0.000748905549889	-0.00151101091906	-0.000532579929381
45	75	-20	-0.000806469918903	-0.00146299784439	-0.000517047508962
47	75	-20	-0.000865734939257	-0.00141572010881	-0.000500221845188
49	75	-20	-0.000925168020371	-0.00137010646826	-0.00048301680695
51	75	-20	-0.000983261608354	-0.00132693145819	-0.000466337232995
53	75	-20	-0.00103860934448	-0.00128673816649	-0.0004510532902
55	75	-20	-0.00108997174399	-0.00124977837782	-0.000437975991448
57	75	-20	-0.0011363275288	-0.00121597525555	-0.000427834311699
59	75	-20	-0.00117690794496	-0.00118491192376	-0.000421254306412
61	75	-20	-0.00121121274712	-0.0011558472467	-0.000418740611988
63	75	-20	-0.00123900792439	-0.00112775794496	-0.000420660697248
65	75	-20	-0.00126030656339	-0.00109940410981	-0.000427232238347
67	75	-20	-0.00127533539355	-0.00106941334508	-0.000438514002934
69	75	-20	-0.00128449045547	-0.00103637732519	-0.000454400643954
71	75	-20	-0.00128828591742	-0.000998953617339	-0.0004746218069
73	75	-20	-0.00128730031032	-0.000955965246498	-0.000498745932002
75	75	-20	-0.00128212435699	-0.000906490704145	-0.000526189070397
77	75	-20	-0.00127331416482	-0.000849937888257	-0.000556228919262
79	75	-20	-0.00126135288341	-0.000786096740694	-0.000588024108913
81	75	-20	-0.00124662306687	-0.000715167005563	-0.000620638546056
83	75	-20	-0.00122939100497	-0.000637759427675	-0.000653070341284
85	75	-20	-0.001209803279	-0.000554870685769	-0.000684284543551
87	75	-20	-0.00118789483885	-0.0004678342506	-0.000713248595001
89	75	-20	-0.00116360705629	-0.000378251024312	-0.000738969136509
91	75	-20	-0.00113681354465	-0.000287904929756	-0.000760528569279
93	75	-20	-0.00110735108515	-0.000198669486073	-0.000777119640708
95	75	-20	-0.00107505278633	-0.000112411780078	-0.000788076296932
97	75	-20	-0.00103978062612	-3.0900116129e-05	-0.000792899144449
99	75	-20	-0.00100145476729	4.42789633321e-05	-0.000791274091377
-99	77	-20	0.0004879	-0.00063158	-0.0001908
-97	77	-20	0.000498149101866	-0.000665853508645	-0.000196271633084
-95	77	-20	0.000505531883259	-0.000699340308316	-0.000200970642986
-93	77	-20	0.000510114634598	-0.000732025547667	-0.000204959731954
-91	77	-20	0.000512036186727	-0.000763937014543	-0.000208328757388
-89	77	-20	0.000511497808059	-0.000795138781104	-0.000211189917001
-87	77	-20	0.000508750226945	-0.000825722978524	-0.000213671796015
-85	77	-20	0.000504078633987	-0.000855800307434	-0.000215912649456
-83	77	-20	0.000497786633858	-0.000885489968585	-0.000218053341532
-81	77	-20	0.0004901801567	-0.00091490972344	-0.000220230381359
-79	77	-20	0.000481552304187	-0.000944166765177	-0.00022256947903
-77	77	-20	0.000472170000003	-0.000973350000003	-0.000225179999996
-75	77	-20	0.000462263149924	-0.00100252421393	-0.000228150623466
-73	77	-20	0.000452016808409	-0.00103172644183	-0.000231546418451
-71	77	-20	0.000441566615076	-0.0010609646767	-0.000235407447248
-69	77	-20	0.000430997525299	-0.00109021887202	-0.000239748899174
-67	77	-20	0.000420345633323	-0.00111944401387	-0.000244562655679
-65	77	-20	0.000409602690607	-0.00114857488529	-0.000249820099298
-63	77	-20	0.0003987227697	-0.00117753202574	-0.000255475909149
-61	77	-20	0.000387630423879	-0.00120622831166	-0.000261472539147
-59	77	-20	0.000376229648916	-0.00123457555579	-0.000267745053419
-57	77	-20	0.000364412965123	-0.0012624905444	-0.000274225996374
-55	77	-20	0.000352069999996	-0.00128990000001	-0.00028084999999
-53	77	-20	0.000339095055585	-0.00131674406609	-0.000287557874016
-51	77	-20	0.000325393278674	-0.00134297805084	-0.000294299980841
-49	77	-20	0.000310885202979	-0.00136857232595	-0.000301038759913
-47	77	-20	0.000295509587465	-0.00139351044163	-0.000307750331092
-45	77	-20	0.000279224620845	-0.00141778567703	-0.000314425167189
-43	77	-20	0.000262007688487	-0.00144139638217	-0.000321067879056
-41	77	-20	0.000243853995661	-0.0014643405745	-0.000327696199186
-39	77	-20	0.000224774404592	-0.00148661032073	-0.000334339280645
-37	77	-20	0.000204792869658	-0.00150818645797	-0.000341035447236
-35	77	-20	0.000183943845498	-0.00152903418643	-0.000347829539351
-33	77	-20	0.000162270000002	-0.0015491	-0.000354769999997
-31	77	-20	0.000139820493482	-0.00156831031705	-0.00036190583955
-29	77	-20	0.00011664999388	-0.00158657203858	-0.000369283608298
-27	77	-20	9.28184939275e-05	-0.00160377510648	-0.000376944495136
-25	77	-20	6.83918884522e-05	-0.00161979697103	-0.000384921660394
-23	77	-20	4.34431674102e-05	-0.00163450871847	-0.000393237901532
-21	77	-20	1.80539909026e-05	-0.00164778246775	-0.000401903742363
-19	77	-20	-7.68365617617e-06	-0.00165949953265	-0.000410916028662
-17	77	-20	-3.36660741114e-05	-0.00166955877013	-0.000420257104118
-15	77	-20	-5.97770780687e-05	-0.00167788450496	-0.000429894628799
-13	77	-20	-8.58881800918e-05	-0.00168443343703	-0.00043978208589
-11	77	-20	-0.000111859999998	-0.00168920000002	-0.000449859999984
-9	77	-20	-0.000137545094797	-0.00169221974347	-0.000460057860992
-7	77	-20	-0.000162792283242	-0.00169357044634	-0.000470296711929
-5	77	-20	-0.000187452410552	-0.00169337082639	-0.000480492317909
-3	77	-20	-0.000211385357741	-0.00169177687476	-0.000490558790005
-1	77	-20	-0.00023446796172	-0.00168897600324	-0.000500412494804
1	77	-20	-0.000256602388297	-0.00168517933181	-0.000509976042712
3	77	-20	-0.000277724402542	-0.00168061255467	-0.000519182119912
5	77	-20	-0.000297810920266	-0.00167550589677	-0.000527976914723
7	77	-20	-0.000316886209111	-0.00167008370614	-0.000536322892579
9	77	-20	-0.00033502614296	-0.00166455422015	-0.000544200697241
11	77	-20	-0.000352360000004	-0.00165910000001	-0.000551609999987
13	77	-20	-0.000369069429245	-0.00165386945421	-0.000558569181811
15	77	-20	-0.000385384384304	-0.00164896977687	-0.000565113813077
17	77	-20	-0.000401576024913	-0.00164446152169	-0.000571293984986
19	77	-20	-0.000417946799981	-0.00164035492544	-0.000577170641056
21	77	-20	-0.000434818134342	-0.00163660799656	-0.000582811146564
23	77	-20	-0.000452516326669	-0.00163312630044	-0.000588284411331
25	77	-20	-0.000471357412181	-0.00162976430965	-0.000593655938561
27	77	-20	-0.000491631837503	-0.00162632814446	-0.000598983202892
29	77	-20	-0.000513589827128	-0.00162257950933	-0.000604311759397
31	77	-20	-0.000537428287736	-0.0016182406288	-0.000609672449541
33	77	-20	-0.000563279999999	-0.001613	-0.000615079999997
35	77	-20	-0.000591205695007	-0.00160651880189	-0.000620533209057
37	77	-20	-0.000621189416784	-0.00159843782913	-0.000626016788851
39	77	-20	-0.000653137349698	-0.00158838484596	-0.000631504788492
41	77	-20	-0.000686880058827	-0.00157598227849	-0.000636965374103
43	77	-20	-0.000722177871422	-0.00156085518073	-0.000642366598709
45	77	-20	-0.000758728936509	-0.00154263941812	-0.000647682670796
47	77	-20	-0.000796179352046	-0.00152099001337	-0.000652900137223
49	77	-20	-0.000834134655333	-0.00149558959332	-0.0006580233449
51	77	-20	-0.000872171937891	-0.00146615686367	-0.000663078544446
53	77	-20	-0.000909851870281	-0.00143245502209	-0.000668116052686
55	77	-20	-0.000946730000003	-0.00139429999999	-0.00067320999999
57	77	-20	-0.00098236680674	-0.00135156839936	-0.000678455348923
59	77	-20	-0.00101633615071	-0.00130420496318	-0.000683962073793
61	77	-20	-0.0010482319171	-0.00125222938627	-0.000689846623159
63	77	-20	-0.0010776728275	-0.00119574223796	-0.000696221032227
65	77	-20	-0.0011043055443	-0.00113492973064	-0.000703180289916
67	77	-20	-0.00112780632439	-0.00107006703247	-0.000710788775511
69	77	-20	-0.00114788157634	-0.00100151979393	-0.000719066742278
71	77	-20	-0.00116426773468	-0.000929743542921	-0.000727977922556
73	77	-20	-0.00117673088434	-0.000855280611004	-0.000737419347123
75	77	-20	-0.00118506654878	-0.000778754290905	-0.000747214403271
77	77	-20	-0.0011891	-0.000700860000003	-0.000757109999991
79	77	-20	-0.00118868736292	-0.000622353338664	-0.000766778471349
81	77	-20	-0.0011837176775	-0.000544035085222	-0.000775824544463
83	77	-20	-0.00117411595699	-0.000466733354422	-0.000783797347136
85	77	-20	-0.00115984714926	-0.000391283351415	-0.000790207058151
87	77	-20	-0.00114092077887	-0.000318505362168	-0.000794545440099
89	77	-20	-0.00111739593106	-0.000249181813622	-0.00079630917065
91	77	-20	-0.00108938614385	-0.000184034391995	-0.000795024632178
93	77	-20	-0.00105706371049	-0.000123702305757	-0.000790272655514
95	77	-20	-0.0010206628689	-6.87228054225e-05	-0.00078171165845
97	77	-20	-0.000980481372458	-1.95150161911e-05	-0.000769097681474
99	77	-20	-0.00093688	2.36320000002e-05	-0.000752299999999
-99	79	-20	0.000452531466257	-0.000611024853242	-0.000194949645036
-97	79	-20	0.000445809904538	-0.00064604095999	-0.000196284004275
-95	79	-20	0.000436335327171	-0.000678823568847	-0.000198333879222
-93	79	-20	0.000424822868866	-0.000708957659863	-0.000201680231734
-91	79	-20	0.00041208520263	-0.000736109041602	-0.000206900080242
-89	79	-20	0.000398988851315	-0.000760048133133	-0.000214526357631
-87	79	-20	0.000386404965903	-0.000780671804783	-0.000225006032081
-85	79	-20	0.000375157564215	-0.000798021586528	-0.000238659414406
-83	79	-20	0.000365972556607	-0.000812296472888	-0.000255643821368
-81	79	-20	0.000359430977936	-0.000823858605086	-0.000275924777026
-79	79	-20	0.000355929680175	-0.000833230317644	-0.000299257687198
-77	79	-20	0.000355652321732	-0.00084108140889	-0.000325182409871
-75	79	-20	0.000358552844164	-0.000848206028915	-0.000353032384547
-73	79	-20	0.000364352801249	-0.000855489253829	-0.000381959017375
-71	79	-20	0.000372552962549	-0.000863864193025	-0.00041097090995
-69	79	-20	0.000382458627809	-0.000874261302527	-0.000438986349426
-67	79	-20	0.000393217138476	-0.000887552385076	-0.000464896339928
-65	79	-20	0.000403865234057	-0.000904492472155	-0.000487634448081
-63	79	-20	0.000413383240278	-0.000925663329069	-0.000506248952843
-61	79	-20	0.000420752643495	-0.000951422632818	-0.00051997231217
-59	79	-20	0.000425013431928	-0.000981862888878	-0.000528282845502
-57	79	-20	0.000425317676761	-0.00101678384338	-0.000530953812514
-55	79	-20	0.000420976169517	-0.00105568150409	-0.000528085743117
-53	79	-20	0.000411495490275	-0.00109775592909	-0.000520118905198
-51	79	-20	0.000396603600609	-0.00114193872905	-0.000507824116386
-49	79	-20	0.000376262871145	-0.00118693983743	-0.000492271617483
-47	79	-20	0.000350670296503	-0.00123131163676	-0.000474779311503
-45	79	-20	0.000320245452666	-0.00127352710594	-0.000456843206431
-43	79	-20	0.000285607454282	-0.00131206739649	-0.000440054255705
-41	79	-20	0.000247542726373	-0.00134551327193	-0.000426006854394
-39	79	-20	0.000206965788035	-0.00137263425245	-0.000416204930102
-37	79	-20	0.000164875444964	-0.0013924691699	-0.000411971806597
-35	79	-20	0.00012230881126	-0.00140439218953	-0.000414369792804
-33	79	-20	8.02954523486e-05	-0.00140815919219	-0.000424134777679
-31	79	-20	3.98136948697e-05	-0.00140393068339	-0.000441630048091
-29	79	-20	1.7508267538e-06	-0.00139226901816	-0.000466822180768
-27	79	-20	-3.31314470299e-05	-0.00137410958056	-0.000499280303942
-25	79	-20	-6.42252834682e-05	-0.00135070748891	-0.000538198407129
-23	79	-20	-9.10980313311e-05	-0.00132356325569	-0.000582438828533
-21	79	-20	-0.000113506206196	-0.00129433246056	-0.00063059368946
-19	79	-20	-0.000131401930868	-0.00126472575597	-0.000681059974122
-17	79	-20	-0.000144931840932	-0.00123640630899	-0.000732123243053
-15	79	-20	-0.000154428603352	-0.00121089201741	-0.000782044656405
-13	79	-20	-0.000160395332783	-0.00118946949703	-0.000829146070766
-11	79	-20	-0.00016348333632	-0.00117312594205	-0.00087188842677
-9	79	-20	-0.00016446378996	-0.00116250358044	-0.000908939401716
-7	79	-20	-0.000164194158783	-0.0011578796889	-0.000939227277479
-5	79	-20	-0.000163580417676	-0.00115917314027	-0.000961979072481
-3	79	-20	-0.000163536398957	-0.00116597638842	-0.000976742108996
-1	79	-20	-0.000164941865524	-0.00117760982099	-0.000983389242641
1	79	-20	-0.00016860115281	-0.00119319368595	-0.000982108894838
3	79	-20	-0.000175204404493	-0.00121173146426	-0.000973381748053
5	79	-20	-0.000185293509945	-0.00123219772277	-0.000957946459472
7	79	-20	-0.000199234804583	-0.00125362320659	-0.000936757017871
9	79	-20	-0.000217200395823	-0.00127517023664	-0.000910934429236
11	79	-20	-0.000239159618501	-0.00129619234122	-0.000881715304772
13	79	-20	-0.000264881611713	-0.0013162733979	-0.000850399686434
15	79	-20	-0.000293949367923	-0.00133524328398	-0.00081830012997
17	79	-20	-0.000325784874762	-0.00135316899184	-0.000786693720664
19	79	-20	-0.000359684202929	-0.00137032220194	-0.000756778361198
21	79	-20	-0.000394860651373	-0.00138712625732	-0.000729634371062
23	79	-20	-0.000430493407834	-0.00140408719506	-0.000706192185895
25	79	-20	-0.000465778679843	-0.00142171482394	-0.000687206743139
27	79	-20	-0.000499979949974	-0.00144044068901	-0.00067323897668
29	79	-20	-0.000532473946126	-0.00146054006435	-0.00066464470008
31	79	-20	-0.000562789110114	-0.00148206484046	-0.000661571015025
33	79	-20	-0.00059063379168	-0.00150479334532	-0.000663960220134
35	79	-20	-0.000615912063704	-0.00152820182228	-0.000671561002218
37	79	-20	-0.000638725901185	-0.00155146058889	-0.000683946462893
39	79	-20	-0.000659363428127	-0.00157345595379	-0.00070053827322
41	79	-20	-0.000678273938032	-0.00159283692921	-0.000720635972297
43	79	-20	-0.000696031355907	-0.00160808380729	-0.000743450154911
45	79	-20	-0.000713288655091	-0.00161759392811	-0.000768138055371
47	79	-20	-0.000730726402734	-0.00161977859354	-0.000793839857911
49	79	-20	-0.000748999030065	-0.00161316418509	-0.000819713973933
51	79	-20	-0.000768682574464	-0.00159649019363	-0.000844969541918
53	79	-20	-0.000790227508949	-0.00156879709033	-0.000868894536946
55	79	-20	-0.000813919873937	-0.00152949773729	-0.000890878122279
57	79	-20	-0.000839853290966	-0.00147842728557	-0.000910426222844
59	79	-20	-0.000867913622521	-0.00141586812919	-0.000927169726841
61	79	-20	-0.000897777114217	-0.00134254833907	-0.000940865195828
63	79	-20	-0.000928921891229	-0.00125961393606	-0.000951388449066
65	79	-20	-0.000960651757075	-0.00116857721911	-0.000958721846441
67	79	-20	-0.000992130430977	-0.00107124499617	-0.000962936489927
69	79	-20	-0.00102242371959	-0.000969631847708	-0.000964170865353
71	79	-20	-0.00105054669277	-0.000865864397318	-0.00096260763186
73	79	-20	-0.00107551274423	-0.000762082921393	-0.000958450322992
75	79	-20	-0.00109638146775	-0.000660346496448	-0.000951901649222
77	79	-20	-0.00111230255002	-0.000562547295522	-0.000943144895646
79	79	-20	-0.00112255333482	-0.000470338678544	-0.000932329608785
81	79	-20	-0.00112656830096	-0.000385080477383	-0.000919562389071
83	79	-20	-0.0011239593605	-0.000307803473318	-0.000904903181641
85	79	-20	-0.00111452656358	-0.000239193626234	-0.000888367021422
87	79	-20	-0.00109825943763	-0.000179595257802	-0.000869930772682
89	79	-20	-0.00107532974252	-0.000129031214937	-0.000849544039026
91	79	-20	-0.00104607685762	-8.72371205842e-05	-0.000827143133097
93	79	-20	-0.00101098730962	-5.37062026068e-05	-0.00080266680491
95	79	-20	-0.000970670098775	-2.77408944891e-05	-0.000776072344744
97	79	-20	-0.000925829493822	-8.50741111067e-06	-0.000747350703147
99	79	-20	-0.000877236863511	4.91021778418e-06	-0.00071653940047
-99	81	-20	0.00042005828157	-0.000591595843443	-0.000198426920454
-97	81	-20	0.000398762766886	-0.000627113958506	-0.000196212743424
-95	81	-20	0.000374821737798	-0.00065915449678	-0.000195986922949
-93	81	-20	0.000349504880912	-0.00068695940946	-0.000198773930829
-91	81	-20	0.000324200526959	-0.000709884220412	-0.000205567703995
-89	81	-20	0.000300343293235	-0.000727447669794	-0.000217261274567
-87	81	-20	0.000279333930942	-0.000739379357747	-0.000234574149166
-85	81	-20	0.000262456195984	-0.00074566172536	-0.000257982543065
-83	81	-20	0.000250796080474	-0.000746562494183	-0.000287657989293
-81	81	-20	0.000245168879467	-0.000742653760222	-0.000323419851432
-79	81	-20	0.000246059291621	-0.000734814347039	-0.000364706823635
-77	81	-20	0.000253579067116	-0.00072421278337	-0.000410571590394
-75	81	-20	0.000267445660476	-0.000712269370241	-0.00045970147056
-73	81	-20	0.00028698399341	-0.000700597193124	-0.000510466156265
-71	81	-20	0.000311151884612	-0.000690923533679	-0.000560991688565
-69	81	-20	0.000338588080571	-0.000684994829815	-0.00060925773194
-67	81	-20	0.000367680253265	-0.000684469984836	-0.000653213185774
-65	81	-20	0.000396648943499	-0.00069080828627	-0.00069090337817
-63	81	-20	0.000423642333965	-0.000705159312298	-0.000720600694859
-61	81	-20	0.000446836019961	-0.00072826284305	-0.00074092964955
-59	81	-20	0.000464531660877	-0.000760366848881	-0.000750977209811
-57	81	-20	0.000475248556894	-0.000801171034262	-0.000750379712156
-55	81	-20	0.000477802778871	-0.00084980216228	-0.000739378929894
-53	81	-20	0.00047136942528	-0.00090482551795	-0.000718841734076
-51	81	-20	0.00045552479914	-0.000964294494289	-0.000690240188372
-49	81	-20	0.000430266681431	-0.00102583756335	-0.000655591668658
-47	81	-20	0.000396012307598	-0.00108677902835	-0.000617361485757
-45	81	-20	0.000353575016302	-0.00114428717362	-0.000578333283941
-43	81	-20	0.000304121733886	-0.00119554097592	-0.000541454957812
-41	81	-20	0.00024911440709	-0.00123790463935	-0.00050966976761
-39	81	-20	0.000190239152328	-0.00126909805895	-0.0004857435702
-37	81	-20	0.000129327236316	-0.00128735104188	-0.00047209951008
-35	81	-20	6.82720546769e-05	-0.00129152978764	-0.000470671089584
-33	81	-20	8.94607336487e-06	-0.0012812257393	-0.000482783290825
-31	81	-20	-4.68786979631e-05	-0.00125679937198	-0.000509069454654
-29	81	-20	-9.76036513885e-05	-0.00121937461435	-0.000549429096246
-27	81	-20	-0.000141867470095	-0.00117078316742	-0.00060302896109
-25	81	-20	-0.000178599054476	-0.00111346171486	-0.000668346634554
-23	81	-20	-0.000207058093788	-0.00105030860592	-0.000743253153169
-21	81	-20	-0.000226862331683	-0.000984509739954	-0.000825128550002
-19	81	-20	-0.000238000933899	-0.000919345821693	-0.000911002286771
-17	81	-20	-0.000240833663388	-0.000857994677216	-0.000997709215659
-15	81	-20	-0.000236075833486	-0.000803342782828	-0.00108205114506
-13	81	-20	-0.000224769282457	-0.000757819512035	-0.00116095425935
-11	81	-20	-0.000208239931236	-0.000723265890777	-0.00123161350264
-9	81	-20	-0.00018804288028	-0.000700846999255	-0.00129161646493
-7	81	-20	-0.000165896484843	-0.000691013780219	-0.00133904114891
-5	81	-20	-0.000143607414148	-0.000693516179793	-0.00137252406717
-3	81	-20	-0.000122989319518	-0.000707465567438	-0.00139129723773
-1	81	-20	-0.000105778359353	-0.000731440578099	-0.00139519463916
1	81	-20	-9.3549388148e-05	-0.000763627198707	-0.00138463041296
3	81	-20	-8.76370369751e-05	-0.000801981349275	-0.00136055245781
5	81	-20	-8.90661185499e-05	-0.000844400589907	-0.00132437599174
7	81	-20	-9.84957163769e-05	-0.000888891044687	-0.00127790215441
9	81	-20	-0.00011618091958	-0.000933716209022	-0.0012232268148
11	81	-20	-0.000141955426139	-0.000977515945629	-0.00116264450576
13	81	-20	-0.00017523717376	-0.00101938653786	-0.00109855191132
15	81	-20	-0.000215057820975	-0.00105891594611	-0.0010333546826
17	81	-20	-0.000260115375394	-0.00109617213697	-0.000969380643662
19	81	-20	-0.000308847662392	-0.00113164622432	-0.000908801748144
21	81	-20	-0.000359522774349	-0.00116615586806	-0.000853566516354
23	81	-20	-0.000410341272012	-0.00120071762213	-0.00080534415287
25	81	-20	-0.000459543852691	-0.00123639945473	-0.000765481122365
27	81	-20	-0.000505517561691	-0.00127416627899	-0.000734970632778
29	81	-20	-0.000546893479043	-0.00131473190787	-0.000714435210912
31	81	-20	-0.000582629198635	-0.00135843033961	-0.00070412232049
33	81	-20	-0.000612070321573	-0.00140511773332	-0.000703912731736
35	81	-20	-0.000634986554605	-0.00145411397411	-0.000713341078127
37	81	-20	-0.00065157974042	-0.00150418955243	-0.000731627716486
39	81	-20	-0.000662463118083	-0.00155359984692	-0.000757720643439
41	81	-20	-0.00066861316454	-0.00160016509769	-0.000790345832564
43	81	-20	-0.000671297338382	-0.00164139068989	-0.000828063973537
45	81	-20	-0.000671982776553	-0.00167461913203	-0.000869331256931
47	81	-20	-0.000672232344302	-0.00169720256494	-0.000912561598078
49	81	-20	-0.000673595301135	-0.0017066829805	-0.000956187568857
51	81	-20	-0.000677500154526	-0.00170096668957	-0.00099871733567
53	81	-20	-0.000685157009077	-0.0016784800035	-0.00103878509957
55	81	-20	-0.000697475910213	-0.00163829453698	-0.00107519289767
57	81	-20	-0.000715006401575	-0.00158021287764	-0.00110694213403
59	81	-20	-0.000737901875326	-0.00150480839747	-0.00113325382758
61	81	-20	-0.000765910433125	-0.00141341644961	-0.00115357724827
63	81	-20	-0.00079839204587	-0.00130807781383	-0.001167587306
65	81	-20	-0.000834359956994	-0.0011914387296	-0.00117517170717
67	81	-20	-0.000872542658782	-0.0010666149126	-0.00117640944965
69	81	-20	-0.000911461501668	-0.00093702935371	-0.0011715426502
71	81	-20	-0.000949518156386	-0.000806235278256	-0.00116094396028
73	81	-20	-0.000985085782298	-0.000677736300046	-0.00114508191647
75	81	-20	-0.00101659786457	-0.000554815524736	-0.00112448649237
77	81	-20	-0.00104262923037	-0.00044038420399	-0.00109971688768
79	81	-20	-0.001061964668	-0.000336858650765	-0.0010713332362
81	81	-20	-0.00107365175441	-0.000246071686878	-0.00103987347329
83	81	-20	-0.00107703583288	-0.000169222132418	-0.00100583611551
85	81	-20	-0.00107177645458	-0.000106863001952	-0.000969669212096
87	81	-20	-0.00105784589504	-5.89263756067e-05	-0.00093176526498
89	81	-20	-0.0010355114831	-2.47805663485e-05	-0.000892461514492
91	81	-20	-0.00100530436413	-3.31336621322e-06	-0.000852044673717
93	81	-20	-0.000967977917403	6.96607321575e-06	-0.000810758981022
95	81	-20	-0.000924459344389	7.81474384764e-06	-0.000768816333116
97	81	-20	-0.000875797953273	1.1406192817e-06	-0.000726407257349
99	81	-20	-0.00082311342107	-1.11078584458e-05	-0.000683711571935
-99	83	-20	0.000390714187311	-0.00057317015619	-0.000200991477708
-97	83	-20	0.000358065392084	-0.000608803819544	-0.000196036885457
-95	83	-20	0.000322875714032	-0.000639991606451	-0.000194051904395
-93	83	-20	0.000286841984038	-0.000665711218039	-0.000196402814502
-91	83	-20	0.000251795382743	-0.00068507925058	-0.000204404848805
-89	83	-20	0.00021960706065	-0.000697420825423	-0.000219228525412
-87	83	-20	0.000192084242199	-0.000702337174626	-0.000241803333057
-85	83	-20	0.000170863032313	-0.000699765994761	-0.000272725557377
-83	83	-20	0.000157304805053	-0.000690029060329	-0.000312177579645
-81	83	-20	0.000152403225189	-0.00067386168048	-0.000359865985233
-79	83	-20	0.000156708592568	-0.000652419147818	-0.000414985221186
-77	83	-20	0.000170275308631	-0.000627256389336	-0.000476212323901
-75	83	-20	0.000192636893855	-0.000600278566355	-0.000541736436694
-73	83	-20	0.000222811227813	-0.000573662314062	-0.000609324546888
-71	83	-20	0.000259336670641	-0.000549749545255	-0.000676422240659
-69	83	-20	0.000300337612512	-0.000530918108225	-0.000740285493243
-67	83	-20	0.000343615954914	-0.000519435893778	-0.000798136805065
-65	83	-20	0.000386763219037	-0.000517307022668	-0.000847336596145
-63	83	-20	0.000427286548665	-0.000526120303915	-0.000885558908451
-61	83	-20	0.000462740940985	-0.000546911049604	-0.000910959335231
-59	83	-20	0.000490859668706	-0.000580047416501	-0.000922322843422
-57	83	-20	0.000509675071322	-0.000625151631665	-0.000919179858247
-55	83	-20	0.000517622661472	-0.000681064733617	-0.000901880636912
-53	83	-20	0.000513622736402	-0.000745860888116	-0.000871620486407
-51	83	-20	0.000497135287861	-0.000816914065419	-0.000830411613605
-49	83	-20	0.000468185823584	-0.000891016115233	-0.000781001100226
-47	83	-20	0.000427361595247	-0.000964541326939	-0.000726738385634
-45	83	-20	0.000375779520988	-0.0010336487344	-0.000671399405448
-43	83	-20	0.000315028663186	-0.00109451004602	-0.000618977862477
-41	83	-20	0.000247091372676	-0.00114354846258	-0.000573456716923
-39	83	-20	0.000174248076065	-0.00117767205042	-0.000538574648576
-37	83	-20	9.89711424767e-05	-0.00119448495417	-0.000517602815845
-35	83	-20	2.38133396568e-05	-0.0011924606539	-0.000513146657459
-33	83	-20	-4.87038686707e-05	-0.0011710636798	-0.00052698579349
-31	83	-20	-0.000116197443047	-0.00113080956584	-0.000559962418915
-29	83	-20	-0.000176521236476	-0.00107325711781	-0.000611925163985
-27	83	-20	-0.000227852481706	-0.00100093196975	-0.000681731502781
-25	83	-20	-0.00026876369916	-0.000917185521826	-0.000767307742844
-23	83	-20	-0.00029827808927	-0.000825998277059	-0.000865761749997
-21	83	-20	-0.0003159070363	-0.000731740916433	-0.000973540156564
-19	83	-20	-0.000321668813769	-0.000638909803765	-0.00108661912146
-17	83	-20	-0.000316087968797	-0.000551855702446	-0.00120071593914
-15	83	-20	-0.000300175218225	-0.000474525124969	-0.00131150802778
-13	83	-20	-0.000275388066774	-0.000410232853024	-0.00141484607069
-11	83	-20	-0.000243572809015	-0.000361481817322	-0.00150694925776
-9	83	-20	-0.000206889141801	-0.000329842892145	-0.00158457251854
-7	83	-20	-0.000167719309153	-0.00031590252812	-0.00164513814363
-5	83	-20	-0.00012856451561	-0.000319280890072	-0.00168682701108
-3	83	-20	-9.19322337199e-05	-0.000338717709848	-0.00170862751904
-1	83	-20	-6.02189245825e-05	-0.000372217847854	-0.00171034304094
1	83	-20	-3.55934924867e-05	-0.000417244002329	-0.00169256107099
3	83	-20	-1.98873989383e-05	-0.00047094047696	-0.00165658907592
5	83	-20	-1.44976619002e-05	-0.000530369694792	-0.00160436333526
7	83	-20	-2.03088718921e-05	-0.000592742400926	-0.00153833772375
9	83	-20	-3.76398052093e-05	-0.00065562327881	-0.00146135950802
11	83	-20	-6.62191828096e-05	-0.000717095941762	-0.00137653888418
13	83	-20	-0.000105193634964	-0.000775874762768	-0.00128711829127
15	83	-20	-0.000153169059108	-0.000831355481908	-0.00119634662817
17	83	-20	-0.00020828441991	-0.000883601616391	-0.0011073625038
19	83	-20	-0.000268314792183	-0.00093326898209	-0.00102308967061
21	83	-20	-0.00033079826914	-0.000981475694095	-0.000946146906551
23	83	-20	-0.000393179438642	-0.00102962944453	-0.000878773867855
25	83	-20	-0.000452960646301	-0.00107922730893	-0.000822773843757
27	83	-20	-0.000507851366123	-0.0011316455378	-0.000779473889567
29	83	-20	-0.000555905792188	-0.00118793757751	-0.000749702457276
31	83	-20	-0.000595639297869	-0.00124865787851	-0.000733784336603
33	83	-20	-0.000626115668474	-0.0013137269489	-0.000731552416335
35	83	-20	-0.000646998921216	-0.00138234977054	-0.000742375439099
37	83	-20	-0.000658565946682	-0.00145299538411	-0.000765200531969
39	83	-20	-0.000661678954736	-0.00152344051556	-0.000798608850854
41	83	-20	-0.000657719569266	-0.00159087495687	-0.000840882199612
43	83	-20	-0.000648489162257	-0.00165206144128	-0.000890078013296
45	83	-20	-0.000636082427352	-0.00170353836685	-0.000944109678725
47	83	-20	-0.000622743073005	-0.00174185027054	-0.00100082885723
49	83	-20	-0.000610711716493	-0.00176378871217	-0.00105810632243
51	83	-20	-0.000602076490896	-0.001766625366	-0.00111390786548
53	83	-20	-0.000598636511449	-0.00174831969815	-0.00116636206952
55	83	-20	-0.000601787225843	-0.00170768557118	-0.00121381720949
57	83	-20	-0.000612434898052	-0.0016445042907	-0.0012548851682
59	83	-20	-0.000630945202174	-0.00155957572293	-0.00128847102951
61	83	-20	-0.000657128324511	-0.00145470382122	-0.00131378785553
63	83	-20	-0.000690260301445	-0.00133261781461	-0.00133035701103
65	83	-20	-0.000729137771413	-0.00119683503301	-0.001337995197
67	83	-20	-0.000772161087438	-0.00105147549655	-0.00133679003722
69	83	-20	-0.000817438984359	-0.000901041662545	-0.00132706657868
71	83	-20	-0.000862906837048	-0.000750178866632	-0.00130934738929
73	83	-20	-0.000906450042962	-0.000603432882054	-0.00128430905193
75	83	-20	-0.000946024216893	-0.000465020627348	-0.00125273777142
77	83	-20	-0.000979764645627	-0.000338628463866	-0.00121548655234
79	83	-20	-0.00100607871603	-0.000227249920916	-0.00117343600956
81	83	-20	-0.00102371666663	-0.000133071326209	-0.00112746038225
83	83	-20	-0.00103181786347	-5.74100106307e-05	-0.00107839978545
85	83	-20	-0.00102993170323	-7.05827757963e-07	-0.00102703919499
87	83	-20	-0.00101801404619	3.74370013331e-05	-0.000974094163309
89	83	-20	-0.000996401646046	5.81639569515e-05	-0.000920202835643
91	83	-20	-0.000965768273326	6.32489898786e-05	-0.000865923501021
93	83	-20	-0.000927067060026	5.49484758693e-05	-0.000811736680985
95	83	-20	-0.000881464004281	3.58416263701e-05	-0.000758050632901
97	83	-20	-0.000830267579043	8.66851588389e-06	-0.000705209117606
99	83	-20	-0.000774859036876	-2.38240296323e-05	-0.000653500339733
-99	85	-20	0.000364600291579	-0.00055557825346	-0.000202444102427
-97	85	-20	0.000324364790389	-0.000590841142911	-0.000195701775874
-95	85	-20	0.000281692548792	-0.000621015054637	-0.00019256824801
-93	85	-20	0.000238558167717	-0.000644906697763	-0.000194631994191
-91	85	-20	0.000197079891128	-0.000661478237377	-0.00020341704599
-89	85	-20	0.000159410998506	-0.000669929964567	-0.000220274170948
-87	85	-20	0.000127620597282	-0.00066978089407	-0.000246269150003
-85	85	-20	0.000103570935375	-0.000660941105493	-0.000282076033487
-83	85	-20	8.87991064357e-05	-0.000643769254263	-0.000327883885502
-81	85	-20	8.44112131904e-05	-0.000619108782263	-0.000383325530116
-79	85	-20	9.09966381965e-05	-0.000588297025461	-0.0004474361155
-77	85	-20	0.00010856904848	-0.000553142673536	-0.000518647893925
-75	85	-20	0.00013653918666	-0.000515868859194	-0.000594825519492
-73	85	-20	0.000173722483038	-0.000479021460224	-0.000673343500544
-71	85	-20	0.000218382210195	-0.000445344846534	-0.00075120438136
-69	85	-20	0.000268306473539	-0.000417630108437	-0.000825192991154
-67	85	-20	0.000320914981821	-0.00039854353458	-0.000892058947167
-65	85	-20	0.000373389461025	-0.000390445520983	-0.000948716806558
-63	85	-20	0.000422819931744	-0.000395211940818	-0.000992451093396
-61	85	-20	0.000466357995513	-0.000414071066934	-0.00102111211152
-59	85	-20	0.000501367850608	-0.000447469243275	-0.00103328816164
-57	85	-20	0.000525566006754	-0.000494977544635	-0.00102844060335
-55	85	-20	0.000537141556021	-0.000555249629695	-0.00100699013897
-53	85	-20	0.000534850294377	-0.000626037958247	-0.000970345647654
-51	85	-20	0.000518077840667	-0.000704271683966	-0.000920870673383
-49	85	-20	0.000486869002295	-0.000786195110326	-0.000861786995367
-47	85	-20	0.000441922811234	-0.000867560940504	-0.000797019252176
-45	85	-20	0.000384554726331	-0.000943868037626	-0.000730988987463
-43	85	-20	0.000316629315603	-0.00101062942777	-0.000668370372086
-41	85	-20	0.00024046817814	-0.00106365319082	-0.000613822905645
-39	85	-20	0.00015873886662	-0.00109931700303	-0.000571718345093
-37	85	-20	7.43311045976e-05	-0.00111481664175	-0.000545879774446
-35	85	-20	-9.77331954922e-06	-0.00110836984526	-0.000539350050654
-33	85	-20	-9.06308944951e-05	-0.00107935952069	-0.000554204883674
-31	85	-20	-0.000165461461332	-0.00102840425867	-0.000591422692502
-29	85	-20	-0.000231763289695	-0.000957349169614	-0.000650819379069
-27	85	-20	-0.000287414270352	-0.000869175825347	-0.000731051607506
-25	85	-20	-0.000330756175654	-0.000767836117586	-0.000829687439726
-23	85	-20	-0.000360659695885	-0.000658020644675	-0.000943338640225
-21	85	-20	-0.000376568602984	-0.000544877328221	-0.00106784497813
-19	85	-20	-0.000378521922663	-0.000433699910122	-0.00119849771955
-17	85	-20	-0.000367153441725	-0.000329608444216	-0.0013302874313
-15	85	-20	-0.000343668291464	-0.000237244651552	-0.00145816032183
-13	85	-20	-0.000309796793805	-0.000160503971006	-0.00157726763274
-11	85	-20	-0.000267726295272	-0.000102323374361	-0.0016831939703
-9	85	-20	-0.000220012390624	-6.45397386569e-05	-0.00177215274699
-7	85	-20	-0.000169471772077	-4.78281179455e-05	-0.00184113984039
-5	85	-20	-0.000119059916443	-5.17230697855e-05	-0.00188803988354
-3	85	-20	-7.1737889076e-05	-7.47197689561e-05	-0.00191168298313
-1	85	-20	-3.03336139063e-05	-0.000114445501262	-0.00191185284647
1	85	-20	2.5960799153e-06	-0.000167886768963	-0.00188925005583
3	85	-20	2.4895599313e-05	-0.000231653085598	-0.00184541639589
5	85	-20	3.49255182323e-05	-0.000302255920382	-0.00178262762465
7	85	-20	3.16550072233e-05	-0.000376380372235	-0.00170376286307
9	85	-20	1.47251221062e-05	-0.000451128070052	-0.00161215891412
11	85	-20	-1.5522464976e-05	-0.00052421242226	-0.00151145741079
13	85	-20	-5.80549427806e-05	-0.000594091451297	-0.00140545187387
15	85	-20	-0.000111197474313	-0.000660028706418	-0.00129794068603
17	85	-20	-0.000172720835328	-0.000722078721175	-0.00119259080833
19	85	-20	-0.000239963797372	-0.000780999687047	-0.00109281590362
21	85	-20	-0.00030998388817	-0.000838101954354	-0.00100167148336
23	85	-20	-0.000379727882026	-0.000895046173466	-0.000921768812817
25	85	-20	-0.00044621160995	-0.000953608943063	-0.000855208609956
27	85	-20	-0.000506697611021	-0.00101543642149	-0.000803535036363
29	85	-20	-0.000558858897791	-0.00108180728369	-0.000767710061185
31	85	-20	-0.000600917737626	-0.00115342560421	-0.000748107926141
33	85	-20	-0.000631749842157	-0.0012302617883	-0.000744529095659
35	85	-20	-0.00065094661612	-0.00131145576105	-0.000756232697487
37	85	-20	-0.000658830982947	-0.0013952915766	-0.000781986020834
39	85	-20	-0.00065642555949	-0.0014792468335	-0.000820129140543
41	85	-20	-0.000645375340596	-0.00156011424238	-0.00086865219977
43	85	-20	-0.000627830305457	-0.00163418687313	-0.000925282353335
45	85	-20	-0.000606296210257	-0.00169749347628	-0.000987576905158
47	85	-20	-0.000583464056871	-0.00174606623614	-0.00105301882615
49	85	-20	-0.000562030149121	-0.00177622069098	-0.00111911066822
51	85	-20	-0.000544519158676	-0.00178482654958	-0.00118346293618
53	85	-20	-0.000533122191416	-0.00176954881539	-0.00124387326168
55	85	-20	-0.000529560520572	-0.00172904092837	-0.00129839323796
57	85	-20	-0.000534983557269	-0.00166307535036	-0.00134538049104
59	85	-20	-0.000549906946079	-0.00157260183594	-0.00138353443151
61	85	-20	-0.000574193630956	-0.00145972914332	-0.00141191508424
63	85	-20	-0.000607077586761	-0.00132763169463	-0.00142994535605
65	85	-20	-0.000647226905833	-0.00118038822316	-0.00143739799781
67	85	-20	-0.000692840298619	-0.00102276430877	-0.00143436928205
69	85	-20	-0.000741769002973	-0.000859954527311	-0.00142124199582
71	85	-20	-0.000791654733511	-0.000697302449337	-0.00139864071071
73	85	-20	-0.000840073710991	-0.000540017759317	-0.0013673824253
75	85	-20	-0.000884676994833	-0.00039290929921	-0.00132842558994
77	85	-20	-0.00092331823796	-0.000260150967573	-0.00128282024883
79	85	-20	-0.00095416147499	-0.000145094338414	-0.00123166161037
81	85	-20	-0.000975763483492	-5.01379046636e-05	-0.00117604883472
83	85	-20	-0.000987127439224	2.33416390256e-05	-0.00111705025898
85	85	-20	-0.000987726828617	7.49952939228e-05	-0.00105567571439
87	85	-20	-0.000977500703857	0.000105448457829	-0.000992856069071
89	85	-20	-0.000956823211848	0.000116195889066	-0.0009294296846
91	85	-20	-0.000926451779197	0.000109455403818	-0.000866135126728
93	85	-20	-0.000887459316722	8.79927825524e-05	-0.000803609227647
95	85	-20	-0.000841156291157	5.49312849124e-05	-0.000742389459052
97	85	-20	-0.000789008515608	1.35590322914e-05	-0.000682919532106
99	85	-20	-0.000732556089521	-3.28535814532e-05	-0.000625557177618
-99	87	-20	0.000341680648873	-0.000538611137407	-0.000202635037968
-97	87	-20	0.000297883835299	-0.000572963444139	-0.000195125700366
-95	87	-20	0.000251755729138	-0.000601933545242	-0.000191498408324
-93	87	-20	0.000205388867092	-0.000624257495423	-0.000193435623432
-91	87	-20	0.000161021810012	-0.000638833931896	-0.000202549565578
-89	87	-20	0.000120924649348	-0.000644812315229	-0.000220266969003
-87	87	-20	8.72735127763e-05	-0.000641679087627	-0.000247710831212
-85	87	-20	6.20215574974e-05	-0.00062933513584	-0.000285587499264
-83	87	-20	4.6774728769e-05	-0.000608157526538	-0.000334088102706
-81	87	-20	4.26807623512e-05	-0.000579038590804	-0.000392813345053
-79	87	-20	5.03394705515e-05	-0.00054339614578	-0.000460729926281
-77	87	-20	6.97412740978e-05	-0.000503149983835	-0.000536165365752
-75	87	-20	0.000100239284514	-0.000460661705438	-0.000616845773859
-73	87	-20	0.000140558115942	-0.000418637433014	-0.000699978296769
-71	87	-20	0.000188840168645	-0.000379995771055	-0.000782376713383
-69	87	-20	0.000242727567865	-0.000347706370804	-0.000860625233656
-67	87	-20	0.000299475465501	-0.000324607373857	-0.000931272207621
-65	87	-20	0.000356090218865	-0.000313212584466	-0.000991042495268
-63	87	-20	0.000409484228328	-0.000315521192971	-0.00103705494927
-61	87	-20	0.000456638082814	-0.000332844007161	-0.00106703006858
-59	87	-20	0.000494760214574	-0.000365660260813	-0.00107947257173
-57	87	-20	0.000521434528334	-0.000413518049886	-0.00107381451191
-55	87	-20	0.000534747407903	-0.000474989279005	-0.00105050660997
-53	87	-20	0.000533387021497	-0.000547686767546	-0.00101104861347
-51	87	-20	0.000516709803626	-0.000628347051483	-0.000957953494859
-49	87	-20	0.000484771212327	-0.000712977702737	-0.000894644890465
-47	87	-20	0.000438320157574	-0.00079706302519	-0.000825292002158
-45	87	-20	0.000378758686057	-0.000875817175709	-0.00075459084804
-43	87	-20	0.000308070428158	-0.000944469513052	-0.000687504872925
-41	87	-20	0.000228722840873	-0.000998563687608	-0.000628981163463
-39	87	-20	0.000143549339001	-0.00103424998008	-0.000583660575838
-37	87	-20	5.56179709476e-05	-0.00104854991339	-0.000555600790435
-35	87	-20	-3.19066106071e-05	-0.00103957331494	-0.000548030586279
-33	87	-20	-0.000115901442458	-0.00100667077562	-0.000563151528748
-31	87	-20	-0.00019341798443	-0.000950508675834	-0.000601999955281
-29	87	-20	-0.000261804278662	-0.000873059335379	-0.000664377896987
-27	87	-20	-0.000318812413757	-0.000777504988572	-0.000748856738565
-25	87	-20	-0.000362688052405	-0.000668060707623	-0.000852852389876
-23	87	-20	-0.000392239576921	-0.000549727575796	-0.000972765924248
-21	87	-20	-0.000406885083771	-0.000427992834848	-0.00110417940764
-19	87	-20	-0.000406676015404	-0.000308497938584	-0.00124209331423
-17	87	-20	-0.000392296687995	-0.000196698070022	-0.00138118972445
-15	87	-20	-0.000365039412744	-9.7537484907e-05	-0.00151610455117
-13	87	-20	-0.000326755383656	-1.51639409614e-05	-0.00164169234644
-11	87	-20	-0.000279782081066	4.72974689835e-05	-0.00175326870311
-9	87	-20	-0.000226848665884	8.78953153796e-05	-0.00184681768927
-7	87	-20	-0.000170961734519	0.000105917701726	-0.00191915487446
-5	87	-20	-0.000115274852041	0.000101869634124	-0.00196804001984
-3	87	-20	-6.29464254402e-05	7.73653591066e-05	-0.00199223709927
-1	87	-20	-1.69916269529e-05	3.49456767072e-05	-0.00199152270128
1	87	-20	1.98648913701e-05	-2.21640544841e-05	-0.00196664679311
3	87	-20	4.53279725754e-05	-9.03350795042e-05	-0.00191925213034
5	87	-20	5.76547093835e-05	-0.000165832647061	-0.00185176017322
7	87	-20	5.57531810582e-05	-0.000245105779066	-0.00176723220412
9	87	-20	3.92500697701e-05	-0.000325046514445	-0.00166921448304
11	87	-20	8.5213593496e-06	-0.000403198524776	-0.00156157583971
13	87	-20	-3.531779412e-05	-0.000477899373197	-0.00144834522773
15	87	-20	-9.04655554139e-05	-0.000548346279841	-0.00133355562177
17	87	-20	-0.000154527089597	-0.000614581609225	-0.00122109938076
19	87	-20	-0.000224645397459	-0.000677400893597	-0.00111459896182
21	87	-20	-0.000297662512339	-0.000738192521953	-0.00101729575254
23	87	-20	-0.000370301826632	-0.00079872375529	-0.000931958849254
25	87	-20	-0.000439360431624	-0.000860892038638	-0.000860814863461
27	87	-20	-0.000501899211664	-0.000926463333679	-0.000805499266992
29	87	-20	-0.0005554181662	-0.000996820182027	-0.000767029343569
31	87	-20	-0.000598005103107	-0.00107274135934	-0.000745798441597
33	87	-20	-0.000628447436089	-0.00115423237123	-0.000741590861342
35	87	-20	-0.000646299228969	-0.00124042188946	-0.000753616312527
37	87	-20	-0.000651898687531	-0.00132953386927	-0.000780562419183
39	87	-20	-0.000646334772307	-0.0014189389581	-0.000820663226147
41	87	-20	-0.000631365220453	-0.00150528239696	-0.000871781099579
43	87	-20	-0.000609291733066	-0.00158467944074	-0.000931498857524
45	87	-20	-0.00058280112703	-0.00165296387875	-0.000997218474582
47	87	-20	-0.000554783623914	-0.00170597095411	-0.00106626234047
49	87	-20	-0.000528140965111	-0.00173983319902	-0.00113597287294
51	87	-20	-0.000505597587727	-0.00175126663729	-0.0012038063339
53	87	-20	-0.000489527637526	-0.00173782552889	-0.00126741699402
55	87	-20	-0.000481809185666	-0.00169810627138	-0.00132472833103
57	87	-20	-0.000483714785527	-0.0016318850153	-0.00137398869871
59	87	-20	-0.000495844650755	-0.00154017866049	-0.00141380981462
61	87	-20	-0.000518105498777	-0.00142522474941	-0.00144318741289
63	87	-20	-0.000549734753226	-0.00129038187932	-0.00146150441673
65	87	-20	-0.000589366602105	-0.00113995812197	-0.00146851792383
67	87	-20	-0.000635133611821	-0.000978980100351	-0.00146433209667
69	87	-20	-0.000684795402713	-0.00081291943106	-0.00144935965579
71	87	-20	-0.00073588444278	-0.000647395903927	-0.00142427505271
73	87	-20	-0.000785858387587	-0.000487877868046	-0.00138996254037
75	87	-20	-0.000832248588369	-0.000339399794472	-0.00134746227366
77	87	-20	-0.000872795341425	-0.000206314992265	-0.00129791729132
79	87	-20	-0.000905562035392	-9.20981906438e-05	-0.00124252379655
81	87	-20	-0.000929022400158	7.91514324441e-07	-0.00118248662057
83	87	-20	-0.000942117376333	7.09816307228e-05	-0.00111898117347
85	87	-20	-0.000944280504367	0.000118190377477	-0.00105312261226
87	87	-20	-0.000935432985108	0.000143167835238	-0.000985942427603
89	87	-20	-0.000915951523423	0.000147582139741	-0.00091837220153
91	87	-20	-0.000886613607253	0.000133861923467	-0.000851233936516
93	87	-20	-0.000848525916908	0.000105008348552	-0.000785236110065
95	87	-20	-0.000803042073807	6.43910560257e-05	-0.000720974465888
97	87	-20	-0.00075167594201	1.55422018656e-05	-0.000658936501763
99	87	-20	-0.000696016248062	-3.80384293192e-05	-0.000599508640017
-99	89	-20	0.000321789269803	-0.000522031059237	-0.000201468319407
-97	89	-20	0.000278439945469	-0.000554923351437	-0.000194207830464
-95	89	-20	0.000232867291153	-0.000582490774914	-0.000190738317429
-93	89	-20	0.000187122521682	-0.000603499039694	-0.000192708348439
-91	89	-20	0.000143398337228	-0.000616874105649	-0.000201698005963
-89	89	-20	0.000103916855698	-0.000621788528722	-0.000219105924002
-87	89	-20	7.08068254345e-05	-0.000617745733175	-0.000246033364846
-85	89	-20	4.59774435751e-05	-0.000604655735791	-0.000283173515388
-83	89	-20	3.09968766277e-05	-0.000582895438066	-0.000330714834835
-81	89	-20	2.69837760403e-05	-0.000553346709741	-0.000388267288502
-79	89	-20	3.45196516458e-05	-0.000517406184303	-0.000454819577662
-77	89	-20	5.3588911328e-05	-0.000476962002265	-0.000528734002328
-75	89	-20	8.35517530704e-05	-0.000434334644337	-0.000607783416793
-73	89	-20	0.000123153015138	-0.000392181407657	-0.000689231969943
-71	89	-20	0.000170567705253	-0.000353366848854	-0.000769958141583
-69	89	-20	0.000223481425355	-0.000320804450087	-0.000846615224247
-67	89	-20	0.000279201484725	-0.000297277621249	-0.000915821126548
-65	89	-20	0.000334792347358	-0.000285250674918	-0.000974366473844
-63	89	-20	0.000387227363613	-0.000286682343331	-0.00101942772953
-61	89	-20	0.000433547627256	-0.000302855517906	-0.00104877069396
-59	89	-20	0.000471018361234	-0.00033423700133	-0.00106092943487
-57	89	-20	0.00049727349404	-0.000380380062971	-0.00105534655866
-55	89	-20	0.000510440007662	-0.00043988046249	-0.00103246274492
-53	89	-20	0.000509235125373	-0.000510393436092	-0.000993746535431
-51	89	-20	0.000493031324433	-0.000588715106603	-0.000941659293531
-49	89	-20	0.000461886334653	-0.000670927155782	-0.000879554746396
-47	89	-20	0.000416537534169	-0.000752598730923	-0.000811517245863
-45	89	-20	0.000358362298847	-0.00082903484025	-0.000742147454514
-43	89	-20	0.000289307743549	-0.000895556328382	-0.000676308205179
-41	89	-20	0.000211794790562	-0.000947793296911	-0.000618846451193
-39	89	-20	0.00012860253775	-0.000981971869214	-0.00057430924641
-37	89	-20	4.27394516229e-05	-0.000995173724511	-0.00054667238634
-35	89	-20	-4.26919975066e-05	-0.000985548957356	-0.000539099634849
-33	89	-20	-0.000124630944489	-0.000952465535301	-0.000553748403961
-31	89	-20	-0.000200188272498	-0.000896582771312	-0.00059163451232
-29	89	-20	-0.000266766374829	-0.000819841511359	-0.000652564486789
-27	89	-20	-0.000322164495268	-0.00072536976575	-0.000735139133738
-25	89	-20	-0.000364666468835	-0.000617308812404	-0.000836827179031
-23	89	-20	-0.000393108464808	-0.00050057086177	-0.000954103054701
-21	89	-20	-0.00040692499697	-0.000380544693462	-0.0010826387647
-19	89	-20	-0.0004061720123	-0.000262769802671	-0.00121753650075
-17	89	-20	-0.000391526330245	-0.000152602170671	-0.00135358652392
-15	89	-20	-0.000364261135288	-5.48955643658e-05	-0.00148553389648
-13	89	-20	-0.000326197691685	2.62788121369e-05	-0.00160833794856
-11	89	-20	-0.000279634014805	8.78543757799e-05	-0.0017174097965
-9	89	-20	-0.00022725194571	0.000127917461112	-0.00180881560388
-7	89	-20	-0.0001720049541	0.000145772077385	-0.00187943633378
-5	89	-20	-0.000116990023097	0.000141917811403	-0.00192707818284
-3	89	-20	-6.53080926931e-05	0.000117944271026	-0.00195053140903
-1	89	-20	-1.99186659296e-05	7.63518780863e-05	-0.00194957857966
1	89	-20	1.65048056158e-05	2.03144204813e-05	-0.00192495613758
3	89	-20	4.17113761964e-05	-4.65968868367e-05	-0.00187827543927
5	89	-20	5.39931354156e-05	-0.000120705346231	-0.00181191096418
7	89	-20	5.22821579386e-05	-0.000198513319072	-0.0017288642113
9	89	-20	3.62168995403e-05	-0.000276956909376	-0.00163261193934
11	89	-20	6.17234657108e-06	-0.000353611070525	-0.00152694697766
13	89	-20	-3.6749922988e-05	-0.000426829702685	-0.00141581898123
15	89	-20	-9.07732781396e-05	-0.0004958107885	-0.00130318138277
17	89	-20	-0.000153538022097	-0.000560582839672	-0.00119284956376
19	89	-20	-0.000222229877233	-0.000621915393031	-0.00108837405523
21	89	-20	-0.000293738303891	-0.000681162483293	-0.000992931485612
23	89	-20	-0.00036483559717	-0.000740053438887	-0.000909235074028
25	89	-20	-0.000432365855789	-0.000800449570154	-0.000839465737715
27	89	-20	-0.000493431794952	-0.000864088017198	-0.00078522432324
29	89	-20	-0.000545567111549	-0.000932334992039	-0.000747505037148
31	89	-20	-0.000586882765786	-0.0010059698191	-0.000726689785729
33	89	-20	-0.000616177100919	-0.00108501862519	-0.000722562777856
35	89	-20	-0.000633002085024	-0.00116865246678	-0.000734344353562
37	89	-20	-0.000637680956115	-0.0012551594396	-0.000760742548359
39	89	-20	-0.000631275955885	-0.00134199431712	-0.000800020388134
41	89	-20	-0.000615508380306	-0.00142590299342	-0.000850076355301
43	89	-20	-0.000592636574426	-0.00150311296498	-0.00090853491836
45	89	-20	-0.000565300480633	-0.00156957575878	-0.000972843531829
47	89	-20	-0.000536343675747	-0.00162124302477	-0.00104037215407
49	89	-20	-0.000508625318949	-0.00165435528973	-0.00110851115323
51	89	-20	-0.000484834968102	-0.0016657213266	-0.00117476351809
53	89	-20	-0.000467322775074	-0.00165296680133	-0.00123682758167
55	89	-20	-0.0004579561929	-0.00161473324455	-0.00129266699582
57	89	-20	-0.00045801214691	-0.00155081225134	-0.00134056543419
59	89	-20	-0.000468110830657	-0.00146220480923	-0.00137916439644
61	89	-20	-0.000488194123425	-0.00135110137481	-0.00140748346898
63	89	-20	-0.000517548351233	-0.00122078429104	-0.00142492338855
65	89	-20	-0.000554867989696	-0.00107545987501	-0.00143125317855
67	89	-20	-0.000598354174644	-0.000920032553668	-0.00142658341394
69	89	-20	-0.000645839742504	-0.000759837395538	-0.00141132826674
71	89	-20	-0.000694931106658	-0.000600349990525	-0.00138615935673
73	89	-20	-0.000743156660703	-0.000446893703675	-0.00135195457167
75	89	-20	-0.00078811158695	-0.000304363839319	-0.00130974493745
77	89	-20	-0.000827589873862	-0.000176986300237	-0.00126066234288
79	89	-20	-0.000859695887965	-6.81251306934e-05	-0.00120589049756
81	89	-20	-0.000882929838924	1.98507944904e-05	-0.00114662097783
83	89	-20	-0.000896243730592	8.56363543788e-05	-0.00108401564685
85	89	-20	-0.000899066707877	0.000128993293859	-0.00101917617046
87	89	-20	-0.000891300902039	0.000150691711725	-0.000953120832724
89	89	-20	-0.000873290784691	0.000152397780325	-0.000886768413681
91	89	-20	-0.0008457705406	0.000136518694778	-0.000820928547348
93	89	-20	-0.000809794984633	0.000106017943388	-0.000756297736079
95	89	-20	-0.000766660050102	6.4214952179e-05	-0.00069346005691
97	89	-20	-0.000717818881691	1.45830029177e-05	-0.00063289154486
99	89	-20	-0.000664799133077	-3.94418353497e-05	-0.000574967262326
-99	91	-20	0.000304646727941	-0.000505584835115	-0.000198902483138
-97	91	-20	0.000265490799581	-0.000536497018649	-0.000192837007315
-95	91	-20	0.000224222672954	-0.000562471281112	-0.000190131523698
-93	91	-20	0.000182703429519	-0.00058239690443	-0.000192281134948
-91	91	-20	0.000142924610417	-0.000595312188906	-0.000200721251449
-89	91	-20	0.000106906341681	-0.00060048191545	-0.000216725048523
-87	91	-20	7.65856587331e-05	-0.000597472761471	-0.000241298152555
-85	91	-20	5.37016957337e-05	-0.000586220866258	-0.000275077984186
-83	91	-20	3.96851077739e-05	-0.000567085377941	-0.000318245780221
-81	91	-20	3.55592728492e-05	-0.000540881913711	-0.000370459319865
-79	91	-20	4.18604296775e-05	-0.000508890493714	-0.000430813724225
-77	91	-20	5.85829482268e-05	-0.000472833692453	-0.000497836362029
-75	91	-20	8.5154454269e-05	-0.000434822465937	-0.000569519919688
-73	91	-20	0.000120443637046	-0.000397269281232	-0.000643395183219
-71	91	-20	0.000162801400141	-0.000362770667051	-0.000716642194433
-69	91	-20	0.00021013373827	-0.000333963941953	-0.000786235394744
-67	91	-20	0.000260002518691	-0.000313365447316	-0.000849115401317
-65	91	-20	0.000309748393846	-0.000303199882788	-0.00090237743004
-63	91	-20	0.000356628530016	-0.000305232080749	-0.000943464337126
-61	91	-20	0.000397960828602	-0.000320613555237	-0.000970351011668
-59	91	-20	0.000431265918693	-0.000349756256958	-0.000981706575685
-57	91	-20	0.000454398434626	-0.000392245062447	-0.000977021622122
-55	91	-20	0.000465659927777	-0.00044679860588	-0.000956689544061
-53	91	-20	0.000463887113866	-0.00051128519986	-0.000922033787472
-51	91	-20	0.000448510899499	-0.000582796950687	-0.00087527641395
-49	91	-20	0.000419583609661	-0.000657781000273	-0.000819447432031
-47	91	-20	0.000377773883606	-0.000732222433511	-0.000758238632634
-45	91	-20	0.000324330656612	-0.000801869130422	-0.000695809803413
-43	91	-20	0.000261019355661	-0.000862485083331	-0.000636558856349
-41	91	-20	0.000190034798011	-0.00091011578629	-0.000584870272693
-39	91	-20	0.000113896224182	-0.00094134752927	-0.000544858100307
-37	91	-20	3.53303986737e-05	-0.000953542002656	-0.000520120366043
-35	91	-20	-4.28512056967e-05	-0.000945028641132	-0.000513521126972
-33	91	-20	-0.000117875401395	-0.000915239592284	-0.000527014523574
-31	91	-20	-0.000187125270394	-0.000864775941593	-0.00056152226499
-29	91	-20	-0.000248248676716	-0.000795398602352	-0.000616872211664
-27	91	-20	-0.000299253644169	-0.000709942728819	-0.000691801434107
-25	91	-20	-0.000338587723329	-0.000612160206333	-0.000784022668354
-23	91	-20	-0.000365199184566	-0.00050650025227	-0.000890348817384
-21	91	-20	-0.000378578479928	-0.000397842971962	-0.00100686639713
-19	91	-20	-0.000378778915651	-0.000291204445888	-0.00112914587477
-17	91	-20	-0.000366415897177	-0.000191434253664	-0.00125247489673
-15	91	-20	-0.000342644499306	-0.000102927055012	-0.0013720995604
-13	91	-20	-0.000309115535294	-2.93688693628e-05	-0.00148345915404
-11	91	-20	-0.000267910807969	2.64639129642e-05	-0.00158240108334
-9	91	-20	-0.000221458866495	6.28387940304e-05	-0.00166536484884
-7	91	-20	-0.000172433382234	7.91258605552e-05	-0.00172952670178
-5	91	-20	-0.000123637181913	7.57779037767e-05	-0.00177289971724
-3	91	-20	-7.78759868386e-05	5.42350325057e-05	-0.00179438720589
-1	91	-20	-3.78269212091e-05	1.67626444783e-05	-0.00179379038145
1	91	-20	-5.90776390464e-06	-3.37633143515e-05	-0.00177177379612
3	91	-20	1.58463940197e-05	-9.41059485902e-05	-0.00172979409536
5	91	-20	2.58920787134e-05	-0.000160931541925	-0.00166999904054
7	91	-20	2.3265042081e-05	-0.000231067052371	-0.00159510448771
9	91	-20	7.64025670208e-06	-0.000301730671338	-0.00150825713896
11	91	-20	-2.06408397863e-05	-0.00037071761602	-0.00141289049852
13	91	-20	-6.05793175e-05	-0.000436527197768	-0.00131258069723
15	91	-20	-0.000110565308096	-0.000498422160712	-0.0012109078422
17	91	-20	-0.000168461101054	-0.000556416909481	-0.00111132744055
19	91	-20	-0.000231717217517	-0.000611197087064	-0.00101705535783
21	91	-20	-0.000297515448591	-0.000663978555024	-0.000930968789366
23	91	-20	-0.000362930686314	-0.000716318724271	-0.000855524896839
25	91	-20	-0.000425101705739	-0.000769896999725	-0.000792698107103
27	91	-20	-0.000481400043428	-0.000826283540016	-0.000743936566607
29	91	-20	-0.000529585878946	-0.000886716408175	-0.000710137852149
31	91	-20	-0.000567940416501	-0.000951906440705	-0.000691643704772
33	91	-20	-0.000595365667715	-0.00102188685896	-0.000688253226221
35	91	-20	-0.000611444665951	-0.00109592097992	-0.000699253615199
37	91	-20	-0.00061645784457	-0.00117247665238	-0.000723467100839
39	91	-20	-0.000611354379809	-0.00124927063138	-0.00075931225291
41	91	-20	-0.000597680492402	-0.00132338044531	-0.000804877334511
43	91	-20	-0.000577469765551	-0.00139141585885	-0.000858002854662
45	91	-20	-0.000553103224318	-0.00144973722841	-0.000916370028655
47	91	-20	-0.000527149017965	-0.00149470426654	-0.000977591520632
49	91	-20	-0.000502192887238	-0.00152293627604	-0.00103930067764
51	91	-20	-0.000480671082652	-0.00153156397289	-0.00109923550592
53	91	-20	-0.00046471699992	-0.00151845365387	-0.00115531390706
55	91	-20	-0.000456031561259	-0.00148238661526	-0.00120569717993
57	91	-20	-0.000455785412236	-0.00142318020469	-0.00124883947518
59	91	-20	-0.000464558496065	-0.00134174139365	-0.00128352171541
61	91	-20	-0.000482319725012	-0.00124004891541	-0.00130886940036
63	91	-20	-0.000508446527274	-0.00112106539723	-0.00132435463295
65	91	-20	-0.000541781242714	-0.000988586089031	-0.00132978355518
67	91	-20	-0.000580718887358	-0.000847035341863	-0.00132527111099
69	91	-20	-0.000623318881434	-0.000701225569629	-0.00131120560453
71	91	-20	-0.000667432063667	-0.000556095775754	-0.001288205868
73	91	-20	-0.000710833760098	-0.000416447695121	-0.00125707398074
75	91	-20	-0.000751353839964	-0.000286697161117	-0.00121874640245
77	91	-20	-0.000786995516036	-0.000170656548876	-0.00117424612267
79	91	-20	-0.000816036022617	-7.13612656921e-05	-0.00112463802867
81	91	-20	-0.000837104083322	9.05045961548e-06	-0.00107098919963
83	91	-20	-0.000849231092203	6.93994560936e-05	-0.00101433529769
85	91	-20	-0.000851874998763	0.0001094684836	-0.000955653692515
87	91	-20	-0.000844917842983	0.000129949565083	-0.000895843463687
89	91	-20	-0.000828639587316	0.000132342855073	-0.000835712006552
91	91	-20	-0.000803672229929	0.000118816953493	-0.00077596763868
93	91	-20	-0.000770939089353	9.20424608073e-05	-0.000717217375434
95	91	-20	-0.00073158460025	5.50114370102e-05	-0.000659968911962
97	91	-20	-0.000686899969377	1.08552888376e-05	-0.00060463580616
99	91	-20	-0.000638249661031	-3.73274348085e-05	-0.00055154488853
-99	93	-20	0.000289884012637	-0.000489018723181	-0.000194948189601
-97	93	-20	0.000258200605021	-0.000517492304903	-0.000190900830081
-95	93	-20	0.000224519453299	-0.000541705480716	-0.000189485798735
-93	93	-20	0.000190381310568	-0.000560753348889	-0.000191940072462
-91	93	-20	0.000157440676144	-0.000573860945896	-0.000199455860734
-89	93	-20	0.000127380908627	-0.000580445703325	-0.000213095606914
-87	93	-20	0.000101821015612	-0.000580177904597	-0.000233704533774
-85	93	-20	8.22196913835e-05	-0.000573034472446	-0.00026182689541
-83	93	-20	6.97827629338e-05	-0.00055934113253	-0.00029763259316
-81	93	-20	6.53803555206e-05	-0.000539798085044	-0.000340860818954
-79	93	-20	6.94797632927e-05	-0.00051548482866	-0.00039078684755
-77	93	-20	8.2099210002e-05	-0.000487840740984	-0.000446216993943
-75	93	-20	0.000102786453245	-0.000458619408969	-0.000505515118145
-73	93	-20	0.000130624606604	-0.000429816459528	-0.000566661981963
-71	93	-20	0.000164265744499	-0.000403572660244	-0.000627346375315
-69	93	-20	0.000201990955046	-0.000382056198742	-0.000685084407303
-67	93	-20	0.000241793668472	-0.000367330134076	-0.000737360901878
-65	93	-20	0.000281481461216	-0.000361212855267	-0.000781784662671
-63	93	-20	0.000318790250796	-0.000365140792214	-0.000816247682094
-61	93	-20	0.000351503956265	-0.000380043432648	-0.00083907734407
-59	93	-20	0.000377572367292	-0.000406240772467	-0.000849170439865
-57	93	-20	0.000395220160355	-0.000443372585915	-0.000846098453137
-55	93	-20	0.000403040695957	-0.000490367332655	-0.000830175072432
-53	93	-20	0.00040006935626	-0.000545456180136	-0.000802479180227
-51	93	-20	0.000385832632893	-0.000606234644966	-0.00076482949752
-49	93	-20	0.00036037082117	-0.000669770947008	-0.000719710419697
-47	93	-20	0.000324233879739	-0.000732756579458	-0.000670152104765
-45	93	-20	0.0002784516378	-0.00079169111674	-0.00061957128661
-43	93	-20	0.000224480955717	-0.000843090209241	-0.000571582301999
-41	93	-20	0.0001641335773	-0.000883703332734	-0.00052979018541
-39	93	-20	9.94891958714e-05	-0.000910726410409	-0.000497579195259
-37	93	-20	3.27986726359e-05	-0.000921994078438	-0.000477910653692
-35	93	-20	-3.3617587566e-05	-0.000916137206547	-0.000473143457943
-33	93	-20	-9.74713320677e-05	-0.000892693299084	-0.000484889091311
-31	93	-20	-0.000156603919834	-0.000852160472815	-0.000513910549392
-29	93	-20	-0.000209075845595	-0.000795989623092	-0.000560071500335
-27	93	-20	-0.000253245301433	-0.000726513856821	-0.000622338471855
-25	93	-20	-0.000287833410955	-0.000646818939065	-0.000698835190512
-23	93	-20	-0.000311974371574	-0.000560562992087	-0.000786944685465
-21	93	-20	-0.000325249251265	-0.000471757628579	-0.000883451683653
-19	93	-20	-0.000327702606091	-0.000384525759893	-0.000984715395856
-17	93	-20	-0.00031984143651	-0.000302853228944	-0.00108686118812
-15	93	-20	-0.000302616324123	-0.000230352002427	-0.00118597893798
-13	93	-20	-0.000277384935243	-0.000170051853589	-0.00127831609517
-11	93	-20	-0.000245858491043	-0.000124235326652	-0.00136045452758
-9	93	-20	-0.00021003232211	-9.43274610685e-05	-0.00142946199435
-7	93	-20	-0.000172102263407	-8.08475310137e-05	-0.00148301135571
-5	93	-20	-0.000134369393242	-8.3425262553e-05	-0.00151946318285
-3	93	-20	-9.9136437249e-05	-0.000100879015135	-0.00153791004288
-1	93	-20	-6.85999795441e-05	-0.000131348657783	-0.00153818319246
1	93	-20	-4.47433612164e-05	-0.000172471716847	-0.00152082454353
3	93	-20	-2.92357032089e-05	-0.000221588153697	-0.00148702843785
5	93	-20	-2.33427691997e-05	-0.000275957101314	-0.00143855891514
7	93	-20	-2.78553007836e-05	-0.000332968203765	-0.00137764876819
9	93	-20	-4.30399545942e-05	-0.000390330907204	-0.0013068867873
11	93	-20	-6.86170276766e-05	-0.000446227077552	-0.00122909928592
13	93	-20	-0.000103767794916	-0.00049941549487	-0.00114723137588
15	93	-20	-0.000147172567111	-0.000549280833266	-0.00106423264249
17	93	-20	-0.000197078618867	-0.000595824345556	-0.000982950970823
19	93	-20	-0.000251395074705	-0.000639598260462	-0.000906037391357
21	93	-20	-0.000307809844722	-0.000681590482818	-0.00083586401712
23	93	-20	-0.000363921940124	-0.000723070199996	-0.000774456475545
25	93	-20	-0.000417381136563	-0.00076540812478	-0.000723441706834
27	93	-20	-0.000466026126331	-0.000809887103262	-0.000684011590396
29	93	-20	-0.000508012105053	-0.00085751953418	-0.000656902537795
31	93	-20	-0.000541919219318	-0.000908887434278	-0.000642390910919
33	93	-20	-0.000566834445408	-0.000964019098867	-0.000640303844917
35	93	-20	-0.000582401204477	-0.00102231330507	-0.000650044743251
37	93	-20	-0.000588833221088	-0.00108251813206	-0.000670632348812
39	93	-20	-0.000586891631949	-0.00114276704141	-0.000700751881352
41	93	-20	-0.00057782695324	-0.00120067022819	-0.000738816287317
43	93	-20	-0.000563290010418	-0.00125345479154	-0.000783035208999
45	93	-20	-0.000545218123519	-0.00129814333803	-0.000831488891853
47	93	-20	-0.000525704548858	-0.00133175753661	-0.000882203960534
49	93	-20	-0.000506860270891	-0.00135153113248	-0.000933227850306
51	93	-20	-0.000490677634366	-0.0013551161547	-0.000982698713767
53	93	-20	-0.000478904984847	-0.00134076657078	-0.0010289078496
55	93	-20	-0.000472940483611	-0.00130748539837	-0.00107035211674
57	93	-20	-0.000473751674997	-0.00125512412458	-0.00110577438021
59	93	-20	-0.000481825351683	-0.00118442696585	-0.00113419074334
61	93	-20	-0.000497149959848	-0.00109701671701	-0.00115490409947
63	93	-20	-0.00051923040291	-0.000995323338713	-0.00116750432504
65	93	-20	-0.000547132830134	-0.000882460661042	-0.00117185617159
67	93	-20	-0.000579555008986	-0.000762060301055	-0.00116807654262
69	93	-20	-0.000614916320263	-0.000638074818082	-0.0011565033185
71	93	-20	-0.000651460383198	-0.000514564050857	-0.00113765819059
73	93	-20	-0.000687362865224	-0.000395479373378	-0.00111220607435
75	93	-20	-0.000720837158203	-0.000284460249066	-0.00108091359782
77	93	-20	-0.000750231261873	-0.000184656029305	-0.0010446089277
79	93	-20	-0.000774110317035	-9.85835942331e-05	-0.00100414483533
81	93	-20	-0.000791320656072	-2.80284012734e-05	-0.000960366459438
83	93	-20	-0.000801032849127	2.60069329314e-05	-0.000914084735662
85	93	-20	-0.000802762878497	6.33059429072e-05	-0.000866055975991
87	93	-20	-0.000796372137836	8.43963173985e-05	-0.000816967631116
89	93	-20	-0.000782048312274	9.04683377265e-05	-0.000767429882978
91	93	-20	-0.000760270264473	8.32618016004e-05	-0.000717972413024
93	93	-20	-0.00073176077662	6.49310201333e-05	-0.000669045482822
95	93	-20	-0.000697431360933	3.78981828729e-05	-0.000621024348464
97	93	-20	-0.000658323365252	4.70527562227e-06	-0.000574216001786
99	93	-20	-0.000615549307471	-3.21261109292e-05	-0.000528867277507
-99	95	-20	0.000277071000178	-0.000472093709674	-0.000189663399145
-97	95	-20	0.000255519709359	-0.00049775621882	-0.000188294497893
-95	95	-20	0.000232088175071	-0.000520073643465	-0.000188590894476
-93	95	-20	0.000207891366069	-0.000538413504391	-0.000191446641888
-91	95	-20	0.000184136670783	-0.000552247753772	-0.000197730885691
-89	95	-20	0.000162061501549	-0.000561195268119	-0.000208226182373
-87	95	-20	0.000142864505295	-0.000565062404448	-0.000223564780396
-85	95	-20	0.000127634505883	-0.000563878462658	-0.000244167343668
-83	95	-20	0.000117281742797	-0.00055792271556	-0.00027018896206
-81	95	-20	0.000112476084901	-0.000547739736937	-0.000301477302056
-79	95	-20	0.000113596658703	-0.000534140115497	-0.000337547360946
-77	95	-20	0.000120696740022	-0.000518184304622	-0.000377576489724
-75	95	-20	0.0001334868492	-0.000501148313629	-0.0004204221685
-73	95	-20	0.000151337825296	-0.000484471154748	-0.000464663516296
-71	95	-20	0.000173304320794	-0.000469685350155	-0.000508665791909
-69	95	-20	0.000198167759055	-0.000458333276812	-0.000550665320265
-67	95	-20	0.000224496443737	-0.000451873564279	-0.000588870505484
-65	95	-20	0.000250719311995	-0.000451583031007	-0.000621573021306
-63	95	-20	0.000275208878078	-0.000458460616656	-0.000647262049552
-61	95	-20	0.000296368296046	-0.000473140322618	-0.000664733695605
-59	95	-20	0.000312717226056	-0.000495820216698	-0.000673187541039
-57	95	-20	0.000322971331423	-0.000526214033955	-0.000672302747688
-55	95	-20	0.000326110743257	-0.000563530803256	-0.000662287203392
-53	95	-20	0.000321433654377	-0.000606486288455	-0.000643894841622
-51	95	-20	0.000308592267227	-0.000653347946723	-0.00061840836742
-49	95	-20	0.000287609527216	-0.000702012714311	-0.00058758702801
-47	95	-20	0.00025887632082	-0.000750114410379	-0.000553581592795
-45	95	-20	0.000223130007159	-0.000795155105532	-0.000518821151861
-43	95	-20	0.000181416194901	-0.000834652644027	-0.000485878502978
-41	95	-20	0.000135036505602	-0.000866294836826	-0.000457322591924
-39	95	-20	8.54856378689e-05	-0.000888089825742	-0.000435567553276
-37	95	-20	3.43813497399e-05	-0.000898501878571	-0.000422728272491
-35	95	-20	-1.66089779796e-05	-0.000896562471694	-0.000420492018289
-33	95	-20	-6.58417113118e-05	-0.000881947940576	-0.000430014604032
-31	95	-20	-0.000111767125901	-0.000855017148473	-0.000451847816165
-29	95	-20	-0.000152993678444	-0.000816805389741	-0.000485902638669
-27	95	-20	-0.000188344204997	-0.000768973899954	-0.000531450287101
-25	95	-20	-0.000216902361335	-0.000713717643328	-0.000587160449899
-23	95	-20	-0.000238048072131	-0.000653637221779	-0.000651173628519
-21	95	-20	-0.000251481140393	-0.000591583535742	-0.000721202267208
-19	95	-20	-0.000257232483893	-0.000530485987987	-0.000794653631227
-17	95	-20	-0.000255662726259	-0.000473176369421	-0.000868766246415
-15	95	-20	-0.000247448104864	-0.000422220977563	-0.000940751215129
-13	95	-20	-0.000233553900507	-0.000379772948165	-0.0010079298771
-11	95	-20	-0.000215195879345	-0.000347455264889	-0.00106786003588
-9	95	-20	-0.000193790592001	-0.000326282566926	-0.00111844422086
-7	95	-20	-0.000170895810546	-0.000316626885946	-0.00115801506498
-5	95	-20	-0.000148142894859	-0.00031822905209	-0.00118539469046
-3	95	-20	-0.000127163439447	-0.000330253987829	-0.0011999268487
-1	95	-20	-0.000109513114823	-0.000351384743058	-0.00120148230539
1	95	-20	-9.65961239939e-05	-0.000379947185932	-0.00119043947289
3	95	-20	-8.95940764559e-05	-0.000414054986625	-0.00116764348019
5	95	-20	-8.94032713611e-05	-0.000451763095223	-0.00113434768686
7	95	-20	-9.65843198179e-05	-0.000491217430139	-0.00109214208218
9	95	-20	-0.000111327683036	-0.000530788991815	-0.00104287309382
11	95	-20	-0.00013343804299	-0.000569182049961	-0.000988559117515
13	95	-20	-0.000162339470077	-0.000605508298427	-0.000931305648033
15	95	-20	-0.000197102153903	-0.000639321742945	-0.000873223324159
17	95	-20	-0.00023649009454	-0.000670612348155	-0.000816351577639
19	95	-20	-0.000279027711796	-0.00069975985746	-0.000762589965514
21	95	-20	-0.000323081934713	-0.000727452440666	-0.000713638715783
23	95	-20	-0.000366955102871	-0.000754577662609	-0.000670949555326
25	95	-20	-0.000408983058852	-0.000782095477842	-0.000635687521668
27	95	-20	-0.000447632233005	-0.000810904370333	-0.000608704173924
29	95	-20	-0.000481589384495	-0.000841712265791	-0.000590522387186
31	95	-20	-0.00050983799761	-0.000874923413172	-0.000581332707252
33	95	-20	-0.000531716130148	-0.000910551100942	-0.000581001028049
35	95	-20	-0.000546951721221	-0.000948163954052	-0.000589087109126
37	95	-20	-0.000555672901566	-0.00098687082243	-0.000604873163288
39	95	-20	-0.000558392593045	-0.00102534614252	-0.000627401417429
41	95	-20	-0.000555968498102	-0.00106189438198	-0.000655519199125
43	95	-20	-0.000549541319844	-0.00109454902641	-0.000687929755921
45	95	-20	-0.000540455579587	-0.00112119878761	-0.000723246708915
47	95	-20	-0.000530168589862	-0.00113973152625	-0.00076004981498
49	95	-20	-0.000520153904083	-0.00114818495979	-0.000796939597081
51	95	-20	-0.000511805843541	-0.00114489267767	-0.000832588424901
53	95	-20	-0.000506351483151	-0.00112861434817	-0.000865785801303
55	95	-20	-0.000504775786894	-0.00109864023607	-0.000895475931499
57	95	-20	-0.000507764487948	-0.00105486214905	-0.000920786103612
59	95	-20	-0.000515667905301	-0.000997805523323	-0.000941044960083
61	95	-20	-0.000528487298813	-0.000928620325923	-0.000955790347365
63	95	-20	-0.000545883720328	-0.000849031549685	-0.000964767048793
65	95	-20	-0.000567207751166	-0.000761253052621	-0.000967915284156
67	95	-20	-0.000591547145662	-0.00066787111209	-0.000965351355067
69	95	-20	-0.000617788324019	-0.000571706123619	-0.000957342192352
71	95	-20	-0.00064468694382	-0.000475662226741	-0.000944275796601
73	95	-20	-0.00067094246227	-0.000382575200633	-0.000926629645603
75	95	-20	-0.000695271679844	-0.000295068725561	-0.000904939076065
77	95	-20	-0.00071647669654	-0.000215428104905	-0.000879767447679
79	95	-20	-0.000733503452814	-0.000145498900876	-0.000851679591008
81	95	-20	-0.000745487986116	-8.66158172653e-05	-0.000821219659251
83	95	-20	-0.000751788616901	-3.95647589588e-05	-0.00078889408349
85	95	-20	-0.00075200338858	-4.57851763451e-06	-0.000755159906669
87	95	-20	-0.00074597313426	1.8635822397e-05	-0.000720418375519
89	95	-20	-0.000733771453105	3.08417170187e-05	-0.000685013328163
91	95	-20	-0.000715683594467	3.31958020769e-05	-0.00064923364739
93	95	-20	-0.000692176734552	2.71549814111e-05	-0.000613318867021
95	95	-20	-0.000663864377945	1.43750999085e-05	-0.000577466924748
97	95	-20	-0.000631467636027	-3.39173337999e-06	-0.000541843045993
99	95	-20	-0.000595775955361	-2.43946891703e-05	-0.000506588810078
-99	97	-20	0.000265746874697	-0.000454600049437	-0.000183146778757
-97	97	-20	0.000256270246301	-0.000477181122634	-0.000184928876389
-95	97	-20	0.000245033298994	-0.000497508534236	-0.000187236144345
-93	97	-20	0.000232648411876	-0.000515270649261	-0.000190557941918
-91	97	-20	0.000219795696692	-0.000530229995891	-0.000195382135955
-89	97	-20	0.000207187100489	-0.000542242187646	-0.000202160942866
-87	97	-20	0.000195526373965	-0.000551272987726	-0.000211275228496
-85	97	-20	0.000185467328334	-0.000557412144688	-0.000222999759552
-83	97	-20	0.000177573067286	-0.000560882569885	-0.000237472111101
-81	97	-20	0.000172278951336	-0.000562043475258	-0.00025466794619
-79	97	-20	0.000169861914477	-0.000561386264298	-0.000274385173745
-77	97	-20	0.000170418409801	-0.000559522279128	-0.000296239054862
-75	97	-20	0.000173852732236	-0.000557161950212	-0.000319669680701
-73	97	-20	0.00017987678989	-0.000555085455766	-0.000343962422661
-71	97	-20	0.000188021621906	-0.00055410564414	-0.000368281011567
-69	97	-20	0.000197660150646	-0.000555024659665	-0.000391711906714
-67	97	-20	0.000208039874157	-0.000558586384778	-0.000413317647562
-65	97	-20	0.000218323513999	-0.000565427406329	-0.000432196024052
-63	97	-20	0.000227635088781	-0.000576029668201	-0.000447541235727
-61	97	-20	0.000235108527859	-0.000590678227169	-0.000458702803425
-59	97	-20	0.000239935798336	-0.00060942753738	-0.000465237900513
-57	97	-20	0.000241411599133	-0.000632079421452	-0.0004669530095
-55	97	-20	0.000238971966299	-0.000658175335819	-0.000463931382795
-53	97	-20	0.000232224604174	-0.000687004722617	-0.000456543662543
-51	97	-20	0.000220969363309	-0.000717630204286	-0.000445440135559
-49	97	-20	0.00020520797416	-0.000748929188155	-0.000431524383095
-47	97	-20	0.000185142857045	-0.000779650194759	-0.000415909432548
-45	97	-20	0.000161165506789	-0.00080848100622	-0.00039985882121
-43	97	-20	0.000133835544757	-0.000834124655582	-0.0003847161337
-41	97	-20	0.000103852002745	-0.0008553784448	-0.000371827478193
-39	97	-20	7.20187280617e-05	-0.000871210674286	-0.000362461944768
-37	97	-20	3.92059684384e-05	-0.00088082965267	-0.000357735291746
-35	97	-20	6.31021567708e-06	-0.000883739863379	-0.000358541913897
-33	97	-20	-2.57857219774e-05	-0.000879780891018	-0.000365499574785
-31	97	-20	-5.6250657495e-05	-0.000869145814866	-0.00037891048125
-29	97	-20	-8.43394853305e-05	-0.000852377183934	-0.000398741116434
-27	97	-20	-0.000109422980505	-0.000830340293348	-0.000424621925075
-25	97	-20	-0.000131012054626	-0.000804175159886	-0.000455866569361
-23	97	-20	-0.000148775863101	-0.000775230209415	-0.000491509156127
-21	97	-20	-0.000162553393789	-0.000744982106286	-0.000530356679069
-19	97	-20	-0.000172358359274	-0.000714947253729	-0.000571053008425
-17	97	-20	-0.000178377368782	-0.000686591178397	-0.000612150156365
-15	97	-20	-0.000180961484996	-0.00066124221867	-0.000652182281144
-13	97	-20	-0.000180611393584	-0.000640015641677	-0.000689737968185
-11	97	-20	-0.000177956547484	-0.000623753536592	-0.000723526713544
-9	97	-20	-0.000173728809138	-0.000612984630994	-0.000752436181503
-7	97	-20	-0.000168731310206	-0.000607906647684	-0.000775577641542
-5	97	-20	-0.000163803479224	-0.000608392084225	-0.000792317928387
-3	97	-20	-0.000159783442272	-0.000614016496521	-0.000802297228253
-1	97	-20	-0.000157469259512	-0.000624106646529	-0.000805432897064
1	97	-20	-0.000157580693059	-0.000637804371118	-0.000801910298372
3	97	-20	-0.000160723376379	-0.000654140864548	-0.000792162264102
5	97	-20	-0.000167357339002	-0.000672115332695	-0.000776839205788
7	97	-20	-0.000177771803953	-0.00069077172942	-0.000756772134129
9	97	-20	-0.000192067998457	-0.000709267540581	-0.000732930896242
11	97	-20	-0.000210151393117	-0.000726929314712	-0.000706379842995
13	97	-20	-0.00023173431726	-0.000743290788402	-0.000678232932998
15	97	-20	-0.000256349310638	-0.000758110923289	-0.000649610007783
17	97	-20	-0.000283372900633	-0.000771370839952	-0.000621595675061
19	97	-20	-0.000312058788248	-0.000783250366686	-0.000595201946965
21	97	-20	-0.000341578741797	-0.000794086579261	-0.000571335521128
23	97	-20	-0.000371068893395	-0.000804318159728	-0.000550770375758
25	97	-20	-0.000399678665911	-0.000814420533985	-0.000534126175841
27	97	-20	-0.000426619273862	-0.000824837471725	-0.000521852847032
29	97	-20	-0.000451208673625	-0.000835915093837	-0.000514221551495
31	97	-20	-0.000472910001575	-0.000847844013971	-0.000511322178046
33	97	-20	-0.000491360928388	-0.000860614663295	-0.000513067321348
35	97	-20	-0.000506391949145	-0.000873989767432	-0.000519202560038
37	97	-20	-0.00051803237879	-0.000887496550603	-0.000529322647336
39	97	-20	-0.00052650367348	-0.000900439647042	-0.000542893004167
41	97	-20	-0.000532200583223	-0.000911934032135	-0.000559275666363
43	97	-20	-0.000535661489378	-0.000920955679161	-0.000577758603508
45	97	-20	-0.000537530024629	-0.000926406229782	-0.000597587120526
47	97	-20	-0.000538510654316	-0.00092718685002	-0.000617995898904
49	97	-20	-0.000539321272362	-0.000922275715322	-0.000638240154327
51	97	-20	-0.000540646006097	-0.000910803283868	-0.000657624398217
53	97	-20	-0.000543091325997	-0.000892119694944	-0.000675527400665
55	97	-20	-0.000547148232604	-0.000865849249702	-0.000691422160688
57	97	-20	-0.000553162776219	-0.000831927939244	-0.000704889985863
59	97	-20	-0.00056131650283	-0.00079062129293	-0.000715628147389
61	97	-20	-0.000571617669996	-0.000742521317471	-0.000723450981612
63	97	-20	-0.000583903301871	-0.00068852286055	-0.000728284723727
65	97	-20	-0.000597851414982	-0.000629781234001	-0.000730156750991
67	97	-20	-0.00061300210154	-0.00056765425205	-0.000729180250651
69	97	-20	-0.000628785649422	-0.000503632879053	-0.000725535586026
71	97	-20	-0.000644555538177	-0.000439265364696	-0.000719449793973
73	97	-20	-0.000659623992482	-0.00037608003149	-0.000711175698392
75	97	-20	-0.000673297796408	-0.000315511763061	-0.000700972066732
77	97	-20	-0.000684912256254	-0.000258836750391	-0.000689086077921
79	97	-20	-0.000693861516996	-0.000207119244828	-0.00067573912699
81	97	-20	-0.000699623849171	-0.00016117302338	-0.000661116686049
83	97	-20	-0.000701780986604	-0.000121539090586	-0.000645362599491
85	97	-20	-0.000700031068099	-8.84799247315e-05	-0.000628577840954
87	97	-20	-0.000694195179506	-6.1989423312e-05	-0.000610823427721
89	97	-20	-0.000684217875194	-4.1816699692e-05	-0.000592126898892
91	97	-20	-0.000670162358275	-2.75010973188e-05	-0.000572491536332
93	97	-20	-0.000652201205731	-1.84152630145e-05	-0.000551907355824
95	97	-20	-0.000630603637049	-1.38128749251e-05	-0.000530362827031
97	97	-20	-0.000605720350913	-1.28776466164e-05	-0.00050785629533
99	97	-20	-0.000577966908712	-1.47704976593e-05	-0.000484406170096
-99	99	-20	0.00025545	-0.000436369999999	-0.00017553
-97	99	-20	0.00025923097602	-0.000455709238528	-0.000180737319947
-95	99	-20	0.000261373099968	-0.000473996482579	-0.000185226712426
-93	99	-20	0.000261939717875	-0.000491270047659	-0.000189045492611
-91	99	-20	0.00026103519405	-0.000507609161698	-0.000192264995048
-89	99	-20	0.000258797933849	-0.000523127145636	-0.000194976485137
-87	99	-20	0.000255391730253	-0.00053796282839	-0.000197286071963
-85	99	-20	0.000250995999913	-0.000552270776603	-0.000199308946372
-83	99	-20	0.00024579554637	-0.000566210994911	-0.000201163310652
-81	99	-20	0.000239970511826	-0.000579938777724	-0.000202964381024
-79	99	-20	0.000233687152587	-0.000593595367508	-0.000204818830583
-77	99	-20	0.000227089999999	-0.000607299999998	-0.000206820000001
-75	99	-20	0.000220295855038	-0.000621143800662	-0.000209044140184
-73	99	-20	0.000213389920732	-0.000635185849088	-0.000211547870697
-71	99	-20	0.000206424214369	-0.000649451561297	-0.000214366947314
-69	99	-20	0.000199418234481	-0.000663933367933	-0.000217516338754
-67	99	-20	0.000192361698992	-0.000678593502484	-0.000220991524243
-65	99	-20	0.000185219032869	-0.00069336857078	-0.000224770846323
-63	99	-20	0.000177935176033	-0.000708175461332	-0.000228818692944
-61	99	-20	0.000170442212166	-0.000722918083206	-0.000233089242716
-59	99	-20	0.000162666290256	-0.000737494388075	-0.00023753048918
-57	99	-20	0.000154534323343	-0.000751803146284	-0.000242088263681
-55	99	-20	0.000145980000001	-0.000765749999997	-0.000246710000003
-53	99	-20	0.000136948727543	-0.000779252403588	-0.000251348023787
-51	99	-20	0.000127401233512	-0.000792243173571	-0.00025596220131
-49	99	-20	0.000117315673862	-0.000804672497255	-0.000260521840443
-47	99	-20	0.000106688222009	-0.000816508380055	-0.000265006796257
-45	99	-20	9.55322324066e-05	-0.000827735635294	-0.000269407790134
-43	99	-20	8.38761764137e-05	-0.000838353628027	-0.000273726000476
-41	99	-20	7.17606296591e-05	-0.000848373068406	-0.000277972022267
-39	99	-20	5.92346437218e-05	-0.000857812205149	-0.000282164320377
-37	99	-20	4.63518582265e-05	-0.000866692793358	-0.000286327317065
-35	99	-20	3.31667023814e-05	-0.000875036203268	-0.000290489258524
-33	99	-20	1.97309999991e-05	-0.000882859999998	-0.000294680000001
-31	99	-20	6.09123362815e-06	-0.000890175263591	-0.000298928836257
-29	99	-20	-7.71335235949e-06	-0.00089698483956	-0.000303262486377
-27	99	-20	-2.16517159628e-05	-0.000903282620012	-0.000307703321564
-25	99	-20	-3.57010442104e-05	-0.000909053861614	-0.00031226790374
-23	99	-20	-4.98459220038e-05	-0.000914276456771	-0.000316965883104
-21	99	-20	-6.40767964535e-05	-0.000918922995137	-0.000321799285323
-19	99	-20	-7.83879472441e-05	-0.000922963389956	-0.00032676220404
-17	99	-20	-9.27752104724e-05	-0.000926367801939	-0.000331840901783
-15	99	-20	-0.000107233717689	-0.000929109575328	-0.00033701431127
-13	99	-20	-0.000121755902978	-0.000931167907103	-0.000342254918725
-11	99	-20	-0.000136330000001	-0.000932529999993	-0.000347530000006
-9	99	-20	-0.000150939200755	-0.000933192499979	-0.000352803168187
-7	99	-20	-0.000165561582621	-0.000933162084855	-0.000358036177383
-5	99	-20	-0.000180170835268	-0.000932455146283	-0.000363190911882
-3	99	-20	-0.000194737740407	-0.000931096587186	-0.000368231472976
-1	99	-20	-0.000209232281559	-0.000929117832556	-0.000373126259401
1	99	-20	-0.000223626194351	-0.000926554218464	-0.000377849923099
3	99	-20	-0.000237895716151	-0.000923441975965	-0.000382385072272
5	99	-20	-0.000252024261938	-0.000919815059526	-0.000386723590937
7	99	-20	-0.000266004744408	-0.000915702081283	-0.000390867450531
9	99	-20	-0.000279841272167	-0.000911123602174	-0.000394828906301
11	99	-20	-0.000293549999998	-0.000906089999995	-0.000398630000005
13	99	-20	-0.000307158967227	-0.000900600085486	-0.000402301330503
15	99	-20	-0.000320706839914	-0.000894640574782	-0.000405880103558
17	99	-20	-0.00033424056393	-0.000888186455218	-0.000409407528716
19	99	-20	-0.00034781203179	-0.000881202207271	-0.000412925690406
21	99	-20	-0.000361473958547	-0.000873643774422	-0.000416474077512
23	99	-20	-0.000375275243056	-0.000865461110669	-0.000420086005105
25	99	-20	-0.000389256153131	-0.000856601087486	-0.000423785198384
27	99	-20	-0.000403443710272	-0.000847010512295	-0.000427582827166
29	99	-20	-0.00041784765723	-0.000836639001767	-0.000431475275497
31	99	-20	-0.000432457367501	-0.000825441466684	-0.000435442902822
33	99	-20	-0.00044724	-0.000813379999999	-0.000439450000001
35	99	-20	-0.000462140117668	-0.000800425013821	-0.000443446067032
37	99	-20	-0.000477080880974	-0.000786555540198	-0.000447368443485
39	99	-20	-0.000491966803881	-0.000771758689368	-0.000451146213437
41	99	-20	-0.000506687930409	-0.000756028341113	-0.000454705192036
43	99	-20	-0.000521125164898	-0.000739363223093	-0.000457973689952
45	99	-20	-0.000535156379381	-0.000721764597644	-0.000460888654824
47	99	-20	-0.0005486628372	-0.000703233829316	-0.000463401715187
49	99	-20	-0.00056153542177	-0.000683770134359	-0.000465484610983
51	99	-20	-0.000573680149348	-0.000663368816988	-0.000467133492401
53	99	-20	-0.000585022477881	-0.000642020274028	-0.000468371609553
55	99	-20	-0.000595509999998	-0.000619710000003	-0.000469250000003
57	99	-20	-0.000605113222768	-0.000596419751484	-0.000469845906265
59	99	-20	-0.000613824282385	-0.000572129937125	-0.000470258814188
61	99	-20	-0.000621653607677	-0.000546823194573	-0.000470604185082
63	99	-20	-0.000628624719529	-0.000520489004995	-0.000471005146074
65	99	-20	-0.000634767519795	-0.000493129088798	-0.00047158258926
67	99	-20	-0.000640110569048	-0.000464763231149	-0.000472444294575
69	99	-20	-0.000644672964614	-0.000435435111648	-0.0004736738187
71	99	-20	-0.000648456498066	-0.000405217666661	-0.000475319969474
73	99	-20	-0.000651438787231	-0.000374217501167	-0.00047738770234
75	99	-20	-0.000653568038351	-0.000342577893338	-0.000479831227136
77	99	-20	-0.000654759999999	-0.000310479999998	-0.000482550000003
79	99	-20	-0.000654897527096	-0.000278141972266	-0.000485388101844
81	99	-20	-0.000653832990265	-0.000245815822166	-0.000488137282843
83	99	-20	-0.000651393555927	-0.000213782033986	-0.000490543697508
85	99	-20	-0.000647389141697	-0.000182342077077	-0.00049231808614
87	99	-20	-0.000641622637087	-0.000151809136731	-0.000493148897638
89	99	-20	-0.000633901788763	-0.000122497522935	-0.000492717616894
91	99	-20	-0.000624051998734	-9.47113306281e-05	-0.00049071537734
93	99	-20	-0.000611929186358	-6.87329987626e-05	-0.000486859821871
95	99	-20	-0.00059743183037	-4.48124416987e-05	-0.000480911134283
97	99	-20	-0.000580511339657	-2.3157402018e-05	-0.00047268620331
99	99	-20	-0.000561179999999	-3.92560000033e-06	-0.000462069999999
