% Magnetic field reconstruction point table
% Method: Smoothing Thin Plate Spline
% Grid size: 100 x 100 (rows=y, columns=x)
% Length unit: mm
% Magnetic field unit: T
% z plane: -20 mm
% Data order: y-major rows, x increasing within each row
% Columns use tab separators
% x(mm)	y(mm)	z(mm)	Bx(T)	By(T)	Bz(T)
-99	-99	-20	-0.000112751589588	0.000278976744365	-0.00027362332165
-97	-99	-20	-9.70141972216e-05	0.000286478466195	-0.000271323401114
-95	-99	-20	-8.70235887964e-05	0.000292627607987	-0.000271186158908
-93	-99	-20	-8.15479294394e-05	0.000297683963115	-0.000273057491891
-91	-99	-20	-7.98299457016e-05	0.000301801145766	-0.000276776858543
-89	-99	-20	-8.12605846718e-05	0.00030510145243	-0.000282163019882
-87	-99	-20	-8.53009957774e-05	0.000307693208924	-0.000289011413168
-85	-99	-20	-9.1450351866e-05	0.000309677849828	-0.000297092866543
-83	-99	-20	-9.92275863154e-05	0.000311154285721	-0.000306150612524
-81	-99	-20	-0.000108154391418	0.000312223517166	-0.000315891350062
-79	-99	-20	-0.000117724646436	0.000312996929195	-0.000325957979664
-77	-99	-20	-0.000127285460235	0.000313626605326	-0.000335804762128
-75	-99	-20	-0.000135921379432	0.000314334387651	-0.000344574658026
-73	-99	-20	-0.000144120238285	0.000314994729363	-0.000352901863172
-71	-99	-20	-0.000152104981881	0.000315550425803	-0.000361109524087
-69	-99	-20	-0.000159946786289	0.00031598245567	-0.000369332661834
-67	-99	-20	-0.000167680522756	0.000316279230348	-0.000377643261437
-65	-99	-20	-0.000175330195225	0.000316428937031	-0.000386077631448
-63	-99	-20	-0.000182917556114	0.000316417211291	-0.000394644881091
-61	-99	-20	-0.000190465194942	0.000316227715459	-0.000403327860242
-59	-99	-20	-0.00019799772986	0.000315845055407	-0.000412078094435
-57	-99	-20	-0.000205543104322	0.000315260520085	-0.000420798945756
-55	-99	-20	-0.000213138884772	0.000314487987831	-0.000429270734149
-53	-99	-20	-0.000220838404948	0.000313578824102	-0.000437077076766
-51	-99	-20	-0.000228612276321	0.000312436088865	-0.000444670339958
-49	-99	-20	-0.000236446143093	0.000311000330005	-0.00045230420284
-47	-99	-20	-0.000244333875555	0.00030923488687	-0.000460105401676
-45	-99	-20	-0.000252270811261	0.000307110571933	-0.00046814684606
-43	-99	-20	-0.000260252479119	0.000304601054084	-0.00047646297593
-41	-99	-20	-0.000268274545451	0.000301681668121	-0.000485053836736
-39	-99	-20	-0.000276333468841	0.000298331088393	-0.000493884049789
-37	-99	-20	-0.000284428092822	0.000294536104789	-0.000502876105659
-35	-99	-20	-0.000292563563358	0.000290301086435	-0.000511889718703
-33	-99	-20	-0.000300767157471	0.000285676375279	-0.000520628641355
-31	-99	-20	-0.000309103868681	0.000280785159683	-0.000528549100371
-29	-99	-20	-0.000317457872237	0.000275475965402	-0.000536198946374
-27	-99	-20	-0.000325752387395	0.000269670228997	-0.000543877645096
-25	-99	-20	-0.000333935396619	0.000263335680574	-0.000551726942569
-23	-99	-20	-0.000341965079893	0.000256458593237	-0.000559823058413
-21	-99	-20	-0.000349807110198	0.00024903554532	-0.00056819614647
-19	-99	-20	-0.000357434239906	0.00024107064864	-0.000576835415296
-17	-99	-20	-0.00036482686538	0.000232576880124	-0.000585687685658
-15	-99	-20	-0.000371974575867	0.000223581720977	-0.000594648698503
-13	-99	-20	-0.00037888003301	0.000214139373926	-0.000603536861848
-11	-99	-20	-0.000385575022627	0.000204370097158	-0.000611976031084
-9	-99	-20	-0.000392136152487	0.000194497268112	-0.000619280387395
-7	-99	-20	-0.000398459352718	0.000184345470151	-0.000626133273378
-5	-99	-20	-0.000404485730382	0.000173839236288	-0.000632907091571
-3	-99	-20	-0.000410186220161	0.000162963202903	-0.000639777155296
-1	-99	-20	-0.000415545876525	0.000151720756317	-0.000646837610494
1	-99	-20	-0.000420560354102	0.000140120903716	-0.000654126288537
3	-99	-20	-0.000425234789192	0.000128173112517	-0.000661631684208
5	-99	-20	-0.000429583860363	0.000115888045374	-0.00066929181941
7	-99	-20	-0.000433633329204	0.000103284177078	-0.000676984195925
9	-99	-20	-0.000437425365422	9.04024669662e-05	-0.000684494186636
11	-99	-20	-0.000441043716679	7.73509982152e-05	-0.000691372006258
13	-99	-20	-0.00044463835165	6.43472248871e-05	-0.000696791947426
15	-99	-20	-0.000448057599005	5.1174512006e-05	-0.000701604946302
17	-99	-20	-0.000451215021848	3.77249325159e-05	-0.000706283304496
19	-99	-20	-0.000454063885948	2.39564482175e-05	-0.000711058793174
21	-99	-20	-0.000456571298607	9.84786382668e-06	-0.000716063103047
23	-99	-20	-0.000458712500908	-4.61605732852e-06	-0.000721356915962
25	-99	-20	-0.000460469407506	-1.94513002144e-05	-0.000726937265963
27	-99	-20	-0.00046183137357	-3.46755999518e-05	-0.000732735288099
29	-99	-20	-0.00046279856207	-5.03045737313e-05	-0.000738603619752
31	-99	-20	-0.000463391293465	-6.63435879385e-05	-0.000744278580819
33	-99	-20	-0.00046368915696	-8.27716004867e-05	-0.000749210620707
35	-99	-20	-0.000463869718033	-9.9526530185e-05	-0.000752398038302
37	-99	-20	-0.0004636663206	-0.000116635133882	-0.000754824127084
39	-99	-20	-0.00046291425883	-0.000134082065749	-0.000757019977048
41	-99	-20	-0.000461515994305	-0.00015182367342	-0.000759230308061
43	-99	-20	-0.000459405878996	-0.000169803781908	-0.000761581779119
45	-99	-20	-0.000456544531991	-0.000187962173955	-0.00076411834541
47	-99	-20	-0.000452919133828	-0.000206239904209	-0.00076680971044
49	-99	-20	-0.000448546455783	-0.000224581580942	-0.000769547121769
51	-99	-20	-0.000443478906264	-0.000242935629556	-0.000772125926509
53	-99	-20	-0.000437818012773	-0.000261256179108	-0.000774198129042
55	-99	-20	-0.000431767599348	-0.000279524763627	-0.000775071525843
57	-99	-20	-0.00042568525785	-0.000297773367466	-0.000773514019272
59	-99	-20	-0.000419339238698	-0.000315713954427	-0.000770599020344
61	-99	-20	-0.000412650343497	-0.000333115205248	-0.000766863656228
63	-99	-20	-0.000405639475651	-0.000349785401406	-0.000762507601899
65	-99	-20	-0.000398374256343	-0.00036555590848	-0.000757595986947
67	-99	-20	-0.000390957404029	-0.000380283145909	-0.000752106669691
69	-99	-20	-0.000383527645084	-0.000393849869079	-0.000745943100474
71	-99	-20	-0.000376275864929	-0.000406160181902	-0.000738924655929
73	-99	-20	-0.000369494645395	-0.000417122606339	-0.000730742656059
75	-99	-20	-0.000363724829544	-0.000426606054017	-0.000720827323626
77	-99	-20	-0.000360417424427	-0.000434266270443	-0.000707755002811
79	-99	-20	-0.000362582606837	-0.00043937663629	-0.000688665506062
81	-99	-20	-0.000365252926932	-0.000443200626	-0.000667727510267
83	-99	-20	-0.000365013773896	-0.000446615573608	-0.000647664196249
85	-99	-20	-0.000359347406736	-0.000450278224398	-0.00063032790155
87	-99	-20	-0.000345962274428	-0.000454795030384	-0.000617287004038
89	-99	-20	-0.00032263325109	-0.000460763881167	-0.000609956760469
91	-99	-20	-0.00028712860484	-0.000468790955763	-0.000609647430242
93	-99	-20	-0.000237146396813	-0.00047950066096	-0.000617589687839
95	-99	-20	-0.0001702068588	-0.000493551377976	-0.000634961979342
97	-99	-20	-8.3381815464e-05	-0.000511685433357	-0.000662950193931
99	-99	-20	2.78703327042e-05	-0.000534981093103	-0.000702997889359
-99	-97	-20	-0.000100450497911	0.000292460062118	-0.000284056271634
-97	-97	-20	-8.46871576107e-05	0.000300405684275	-0.000281651627849
-95	-97	-20	-7.48694801227e-05	0.000306935103146	-0.000281538302675
-93	-97	-20	-6.97859792707e-05	0.000312304130775	-0.000283555088786
-91	-97	-20	-6.86041266164e-05	0.0003166852634	-0.000287526100414
-89	-97	-20	-7.06672415785e-05	0.000320213378917	-0.000293252709061
-87	-97	-20	-7.53997559516e-05	0.000323006494128	-0.000300510586263
-85	-97	-20	-8.22683175808e-05	0.000325174170038	-0.000309048411548
-83	-97	-20	-9.07606348969e-05	0.000326822645886	-0.000318584574679
-81	-97	-20	-0.000100365625578	0.000328060560941	-0.000328796421878
-79	-97	-20	-0.000110536958914	0.000329009353284	-0.000339287306826
-77	-97	-20	-0.000120618971672	0.000329823014765	-0.000349510674603
-75	-97	-20	-0.000130062346448	0.000330634692672	-0.000359005985306
-73	-97	-20	-0.00013897465829	0.000331418364823	-0.00036799567098
-71	-97	-20	-0.000147567200945	0.000332125184998	-0.000376788200519
-69	-97	-20	-0.000155936310345	0.000332735275516	-0.000385542205898
-67	-97	-20	-0.00016413355785	0.000333237155414	-0.000394342471669
-65	-97	-20	-0.000172196495024	0.000333617829776	-0.000403232868455
-63	-97	-20	-0.000180159054488	0.000333859604054	-0.000412226588313
-61	-97	-20	-0.000188055079094	0.000333940865764	-0.000421307205817
-59	-97	-20	-0.00019591966266	0.00033384013931	-0.000430422544945
-57	-97	-20	-0.000203790730443	0.000333543877619	-0.000439464499214
-55	-97	-20	-0.000211712654634	0.00033305886923	-0.000448223173366
-53	-97	-20	-0.00021972289574	0.000332391166232	-0.000456525461428
-51	-97	-20	-0.000227819126832	0.000331485375046	-0.00046458718379
-49	-97	-20	-0.000235991481693	0.000330284937825	-0.000472658758321
-47	-97	-20	-0.000244235352655	0.000328753031782	-0.000480884495564
-45	-97	-20	-0.000252547404748	0.00032686049542	-0.000489346483653
-43	-97	-20	-0.000260924104803	0.000324579104519	-0.000498083090862
-41	-97	-20	-0.000269361684888	0.000321879474699	-0.000507093972859
-39	-97	-20	-0.000277856931947	0.000318733110017	-0.000516338954211
-37	-97	-20	-0.000286409103458	0.000315118927261	-0.000525730058214
-35	-97	-20	-0.000295024626831	0.000311035964509	-0.000535106836892
-33	-97	-20	-0.000303727060709	0.000306524622837	-0.000544179824612
-31	-97	-20	-0.000312529155446	0.000301625924969	-0.000552705723542
-29	-97	-20	-0.000321361026663	0.000296267775562	-0.000560930719309
-27	-97	-20	-0.000330143535739	0.000290378500505	-0.000569146236377
-25	-97	-20	-0.000338817758878	0.000283927616774	-0.000577512779004
-23	-97	-20	-0.000347336510423	0.000276905095272	-0.000586115402199
-21	-97	-20	-0.000355661074447	0.000269309908286	-0.000594987102987
-19	-97	-20	-0.000363760687047	0.000261145818348	-0.000604115078575
-17	-97	-20	-0.000371613207418	0.000252423063264	-0.000613439114951
-15	-97	-20	-0.000379206987889	0.000243166251078	-0.00062284121419
-13	-97	-20	-0.00038654554791	0.000233430931138	-0.00063211415965
-11	-97	-20	-0.000393657567323	0.000223332281692	-0.000640890080968
-9	-97	-20	-0.000400567736569	0.000212984469184	-0.000648859650025
-7	-97	-20	-0.000407222293521	0.000202334890546	-0.00065632765537
-5	-97	-20	-0.00041356397184	0.000191325641898	-0.000663656014938
-3	-97	-20	-0.000419561617198	0.000179950341907	-0.000671043158046
-1	-97	-20	-0.000425200634776	0.000168222575901	-0.00067859400925
1	-97	-20	-0.000430478748897	0.00015615787982	-0.000686349876009
3	-97	-20	-0.000435404624428	0.000143766261602	-0.000694296959945
5	-97	-20	-0.000439997904289	0.000131053152722	-0.000702365143898
7	-97	-20	-0.000444291056942	0.000118028814867	-0.00071041605393
9	-97	-20	-0.000448335780859	0.000104728458718	-0.000718205316744
11	-97	-20	-0.000452218094322	9.12462219444e-05	-0.000725295712871
13	-97	-20	-0.00045600974016	7.76721547295e-05	-0.000731325335247
15	-97	-20	-0.000459645868945	6.39144747054e-05	-0.000736686527677
17	-97	-20	-0.000463045986842	4.98763167083e-05	-0.000741843741473
19	-97	-20	-0.000466161307006	3.55178726845e-05	-0.000747062238862
21	-97	-20	-0.000468958663474	2.08217699014e-05	-0.00075249191233
23	-97	-20	-0.000471413486782	5.77261034568e-06	-0.000758202085045
25	-97	-20	-0.000473507887708	-9.65251500126e-06	-0.000764190388302
27	-97	-20	-0.000475231440615	-2.54851163387e-05	-0.00077038013059
29	-97	-20	-0.000476585131875	-4.17590869508e-05	-0.000776605192679
31	-97	-20	-0.000477592491345	-5.84982863239e-05	-0.000782564707777
33	-97	-20	-0.000478324028591	-7.56995682316e-05	-0.000787720066919
35	-97	-20	-0.000478827841894	-9.33408936083e-05	-0.000791614013814
37	-97	-20	-0.000478951558126	-0.000111421085772	-0.000794678125279
39	-97	-20	-0.000478524971094	-0.000129918284387	-0.00079742587629
41	-97	-20	-0.000477433969001	-0.000148780343327	-0.000800133618592
43	-97	-20	-0.000475600559193	-0.000167940906465	-0.000802942670547
45	-97	-20	-0.000472976114391	-0.000187331826129	-0.00080590218368
47	-97	-20	-0.000469541784035	-0.000206890708186	-0.000808979570992
49	-97	-20	-0.000465312320611	-0.000226563359221	-0.000812055312546
51	-97	-20	-0.000460343729353	-0.000246302413461	-0.000814901260728
53	-97	-20	-0.000454750017521	-0.000266066833588	-0.000817122515035
55	-97	-20	-0.000448737131265	-0.000285829515706	-0.000818032136703
57	-97	-20	-0.000442507466701	-0.000305523335692	-0.000817020319353
59	-97	-20	-0.000436014429583	-0.000324918336551	-0.000814496755506
61	-97	-20	-0.000429207948889	-0.00034375166379	-0.000810952212755
63	-97	-20	-0.000422130182332	-0.000361788289142	-0.00080659281572
65	-97	-20	-0.000414882393845	-0.000378819387548	-0.000801467624406
67	-97	-20	-0.000407610930669	-0.000394667378835	-0.000795526703338
69	-97	-20	-0.000400507628589	-0.000409189247885	-0.000788637892116
71	-97	-20	-0.000393828106602	-0.000422271030416	-0.000780576218861
73	-97	-20	-0.000387951356769	-0.000433806135266	-0.00077097084207
75	-97	-20	-0.000383556499454	-0.000443639811978	-0.00075914441294
77	-97	-20	-0.000382025563939	-0.000451455615619	-0.000743749290334
79	-97	-20	-0.000384194733245	-0.000457075544668	-0.000723869291757
81	-97	-20	-0.000387193364811	-0.000461241910354	-0.000701819048374
83	-97	-20	-0.000387595967579	-0.000464832072391	-0.000680334173606
85	-97	-20	-0.000382661412542	-0.000468554963562	-0.000661460110002
87	-97	-20	-0.000369918937187	-0.000473061553676	-0.000646908873055
89	-97	-20	-0.000346975755933	-0.000478998167235	-0.000638216858532
91	-97	-20	-0.000311430688117	-0.000487028243904	-0.000636802477519
93	-97	-20	-0.000260801077442	-0.000497843709359	-0.000643995376009
95	-97	-20	-0.000192393868071	-0.000512182417895	-0.000661069146226
97	-97	-20	-0.000102978723156	-0.000530886022863	-0.000689313942964
99	-97	-20	1.19297406036e-05	-0.00055504535334	-0.00073019217052
-99	-95	-20	-9.09922726398e-05	0.00030560288261	-0.000293937901622
-97	-95	-20	-7.52664282529e-05	0.000313989754504	-0.000291396090652
-95	-95	-20	-6.53254295172e-05	0.000320976947091	-0.000291264543992
-93	-95	-20	-6.02873003252e-05	0.000326745456734	-0.00029338739272
-91	-95	-20	-5.93332100878e-05	0.000331467133942	-0.000297574574401
-89	-95	-20	-6.17613575363e-05	0.00033528984959	-0.000303606283334
-87	-95	-20	-6.69473968704e-05	0.000338344708489	-0.000311233025688
-85	-95	-20	-7.43122510872e-05	0.000340752511264	-0.000320174973889
-83	-95	-20	-8.33008946907e-05	0.000342628996973	-0.000330119298793
-81	-95	-20	-9.3364556361e-05	0.000344090653757	-0.00034071297429
-79	-95	-20	-0.000103944229027	0.000345261144926	-0.000351552510632
-77	-95	-20	-0.000114489773565	0.000346268906876	-0.000362209584533
-75	-95	-20	-0.000124614897454	0.000347209747236	-0.000372401880396
-73	-95	-20	-0.000134246469218	0.000348108912302	-0.000382156568605
-71	-95	-20	-0.000143471955429	0.000348956415263	-0.000391646463125
-69	-95	-20	-0.000152380755869	0.000349742265905	-0.000401018830499
-67	-95	-20	-0.000161040384861	0.000350457625164	-0.000410369427825
-65	-95	-20	-0.000169506225188	0.000351088681056	-0.000419752394182
-63	-95	-20	-0.000177828698531	0.000351613549103	-0.000429186744453
-61	-95	-20	-0.000186056398519	0.000352003383488	-0.00043865718703
-59	-95	-20	-0.000194237325425	0.000352227401795	-0.000448110206657
-57	-95	-20	-0.000202419376555	0.000352260511363	-0.000457447636049
-55	-95	-20	-0.00021064856729	0.000352087686861	-0.000466541259107
-53	-95	-20	-0.000218959325341	0.000351691560787	-0.000475333181197
-51	-95	-20	-0.00022736530814	0.000351037131756	-0.000483931610896
-49	-95	-20	-0.000235868220677	0.000350086045245	-0.000492512704381
-47	-95	-20	-0.000244467244552	0.000348808293194	-0.000501217879157
-45	-95	-20	-0.000253160760687	0.000347177744556	-0.000510137040353
-43	-95	-20	-0.000261946293227	0.000345165376443	-0.000519313136897
-41	-95	-20	-0.000270820819246	0.000342736358255	-0.000528744772899
-39	-95	-20	-0.000279781652648	0.000339852458137	-0.000538385106684
-37	-95	-20	-0.000288828027048	0.000336479896318	-0.000548136729196
-35	-95	-20	-0.000297963106732	0.000332600922926	-0.000557844346474
-33	-95	-20	-0.000307191659785	0.00032821909655	-0.000567314296464
-31	-95	-20	-0.000316500103966	0.000323334036683	-0.000576441870586
-29	-95	-20	-0.0003258374907	0.00031791253065	-0.000585332721692
-27	-95	-20	-0.000335136336534	0.000311916908453	-0.000594180407001
-25	-95	-20	-0.000344334368787	0.000305330023283	-0.000603137953771
-23	-95	-20	-0.000353378599543	0.000298150251893	-0.000612297097959
-21	-95	-20	-0.000362225007027	0.000290381111169	-0.000621694129704
-19	-95	-20	-0.000370838604649	0.000282025961015	-0.000631313124613
-17	-95	-20	-0.000379194234222	0.000273089988755	-0.00064108431563
-15	-95	-20	-0.000387278085638	0.000263589660683	-0.000650877195311
-13	-95	-20	-0.000395089591503	0.000253567242665	-0.000660490666275
-11	-95	-20	-0.000402638756476	0.000243096060406	-0.000669676756695
-9	-95	-20	-0.000409925218013	0.000232241706	-0.000678299612644
-7	-95	-20	-0.000416918142383	0.000221017958332	-0.000686487375878
-5	-95	-20	-0.000423577013519	0.000209425189325	-0.000694478695277
-3	-95	-20	-0.000429873220275	0.0001974840273	-0.000702462087312
-1	-95	-20	-0.000435793317246	0.000185226089023	-0.000710550505444
1	-95	-20	-0.000441337674244	0.00017267720529	-0.000718789359023
3	-95	-20	-0.000446519519167	0.00015984812331	-0.000727161318723
5	-95	-20	-0.000451364866862	0.000146735649435	-0.000735585169173
7	-95	-20	-0.00045591354285	0.00013333426911	-0.000743908302604
9	-95	-20	-0.000460220835741	0.000119655096359	-0.00075189566273
11	-95	-20	-0.000464351743665	0.000105735732162	-0.000759259584315
13	-95	-20	-0.000468345463658	9.16022105651e-05	-0.000765854558277
15	-95	-20	-0.000472181187992	7.72242148533e-05	-0.000771862478715
17	-95	-20	-0.000475810464954	6.25583929065e-05	-0.000777603560157
19	-95	-20	-0.000479191035049	4.75850834888e-05	-0.000783337804151
21	-95	-20	-0.000482291236064	3.22974147891e-05	-0.000789231511089
23	-95	-20	-0.000485087475181	1.66817268254e-05	-0.000795364807367
25	-95	-20	-0.000487562967943	7.05795652894e-07	-0.000801735600719
27	-95	-20	-0.00048970846347	-1.56821396024e-05	-0.000808256701551
29	-95	-20	-0.000491525132527	-3.25440599005e-05	-0.000814745668515
31	-95	-20	-0.000493028844946	-4.99354828474e-05	-0.000820910812901
33	-95	-20	-0.00049424396602	-6.7888996586e-05	-0.000826386381145
35	-95	-20	-0.000495153694281	-8.64118252041e-05	-0.000830964518157
37	-95	-20	-0.000495653054363	-0.000105491235094	-0.000834817332114
39	-95	-20	-0.000495601149739	-0.000125086419458	-0.000838276095736
41	-95	-20	-0.000494876046072	-0.000145128643094	-0.000841600016072
43	-95	-20	-0.000493386152772	-0.000165536223024	-0.000844940646457
45	-95	-20	-0.000491071082684	-0.000186230880879	-0.000848353598348
47	-95	-20	-0.00048790392149	-0.000207148275409	-0.000851803625516
49	-95	-20	-0.000483895871129	-0.000228240421517	-0.000855158587747
51	-95	-20	-0.000479103431338	-0.000249470465182	-0.000858171800107
53	-95	-20	-0.000473636905496	-0.00027080183882	-0.000860457677553
55	-95	-20	-0.000467653693598	-0.000292178292075	-0.000861524465804
57	-95	-20	-0.000461290870728	-0.000313478040694	-0.000861038917381
59	-95	-20	-0.000454599594725	-0.000334478492452	-0.000859083964767
61	-95	-20	-0.000447613120969	-0.000354899418876	-0.000855904945944
63	-95	-20	-0.000440416782901	-0.000374456325643	-0.000851648228645
65	-95	-20	-0.000433157807818	-0.000392887094441	-0.000846330434
67	-95	-20	-0.000426041655575	-0.000409967962126	-0.00083986220543
69	-95	-20	-0.000419334404339	-0.000425521186884	-0.000832060428871
71	-95	-20	-0.000413379028584	-0.000439410355805	-0.000822639371952
73	-95	-20	-0.000408636346666	-0.000451519919585	-0.000811173867537
75	-95	-20	-0.000405741495781	-0.000461723360991	-0.000797044652966
77	-95	-20	-0.000405368830023	-0.000469896342401	-0.000779551041091
79	-95	-20	-0.000407326016079	-0.000476125363193	-0.000758706197992
81	-95	-20	-0.000409683545879	-0.000480916355882	-0.000735999242076
83	-95	-20	-0.000409631719116	-0.000484983593827	-0.000713621331476
85	-95	-20	-0.000404372407685	-0.000489038525717	-0.000693659803323
87	-95	-20	-0.000391238216965	-0.000493774258683	-0.000677977617031
89	-95	-20	-0.000367615628317	-0.000499895703543	-0.000668264884718
91	-95	-20	-0.000330873162873	-0.000508140374997	-0.000666080606372
93	-95	-20	-0.000278290744016	-0.000519288230999	-0.000672880099184
95	-95	-20	-0.000206958462433	-0.000534168368016	-0.000690042953633
97	-95	-20	-0.00011365317697	-0.000553663681507	-0.000718904195296
99	-95	-20	4.94905712347e-06	-0.0005786375532	-0.000760713423584
-99	-93	-20	-8.32681279262e-05	0.000318673725905	-0.000303285368528
-97	-93	-20	-6.76780695393e-05	0.00032748993712	-0.000300580923918
-95	-93	-20	-5.76676604079e-05	0.000334928928395	-0.000300413775987
-93	-93	-20	-5.25889773519e-05	0.000341120413339	-0.000302627246804
-91	-93	-20	-5.17154159291e-05	0.000346219019034	-0.000307018439762
-89	-93	-20	-5.43464995157e-05	0.000350376255952	-0.000313346046711
-87	-93	-20	-5.98264722716e-05	0.000353733082365	-0.000321334136889
-85	-93	-20	-6.75366215143e-05	0.000356420035866	-0.000330674117855
-83	-93	-20	-7.68847825095e-05	0.000358560001786	-0.000341026085397
-81	-93	-20	-8.72988466766e-05	0.000360272098589	-0.000352021921078
-79	-93	-20	-9.82326409503e-05	0.000361674115975	-0.000363279111877
-77	-93	-20	-0.000109204596038	0.000362877168984	-0.000374447967848
-75	-93	-20	-0.000119878000075	0.000363968526979	-0.000385302149761
-73	-93	-20	-0.000130110600769	0.000364998939227	-0.000395794613586
-71	-93	-20	-0.000139901166747	0.000365991922233	-0.000406000888259
-69	-93	-20	-0.000149304976906	0.000366957987396	-0.000416027758724
-67	-93	-20	-0.000158389993505	0.000367897991201	-0.000425965283543
-65	-93	-20	-0.000167224330485	0.00036880026016	-0.000435872355858
-63	-93	-20	-0.000175873970865	0.000369638521654	-0.000445773367501
-61	-93	-20	-0.000184402497011	0.00037037367094	-0.000455657493419
-59	-93	-20	-0.00019287081588	0.000370959800824	-0.00046547985267
-57	-93	-20	-0.000201336134313	0.000371352691192	-0.00047516942157
-55	-93	-20	-0.000209849016238	0.000371516004809	-0.000484656867168
-53	-93	-20	-0.000218448110317	0.000371420546415	-0.000493927841741
-51	-93	-20	-0.000227156913045	0.000371041193419	-0.000503055338763
-49	-93	-20	-0.000235986897501	0.000370358218115	-0.000512164788045
-47	-93	-20	-0.000244942773145	0.00036935660545	-0.000521378241254
-45	-93	-20	-0.000254025593387	0.00036801912807	-0.000530784105671
-43	-93	-20	-0.000263234179821	0.000366318272511	-0.000540426996872
-41	-93	-20	-0.00027256602676	0.00036421229775	-0.000550304706812
-39	-93	-20	-0.000282018082326	0.000361647739946	-0.000560367536685
-37	-93	-20	-0.000291587244811	0.000358568210265	-0.000570520383543
-35	-93	-20	-0.000301269518602	0.000354926234015	-0.00058063380656
-33	-93	-20	-0.000311055106812	0.000350690255748	-0.000590580425848
-31	-93	-20	-0.000320918279522	0.000345839852027	-0.0006003033303
-29	-93	-20	-0.000330811528373	0.000340359451607	-0.000609857938396
-27	-93	-20	-0.000340673511051	0.000334243730273	-0.000619368978328
-25	-93	-20	-0.000350441258122	0.000327501742626	-0.000628960834752
-23	-93	-20	-0.000360057107088	0.000320149793653	-0.000638719752355
-21	-93	-20	-0.000369471499946	0.000312200441745	-0.00064868119047
-19	-93	-20	-0.000378644339979	0.000303656073597	-0.000658826000864
-17	-93	-20	-0.000387545915068	0.000294510835481	-0.000669079366622
-15	-93	-20	-0.000396157377917	0.000284760995919	-0.000679312873788
-13	-93	-20	-0.000404469733848	0.000274419308339	-0.00068935749792
-11	-93	-20	-0.000412478537669	0.000263522216054	-0.000699048161307
-9	-93	-20	-0.000420173091491	0.000252119974058	-0.000708308553254
-7	-93	-20	-0.000427529913093	0.000240264563608	-0.000717203141089
-5	-93	-20	-0.000434520235172	0.000228014440698	-0.000725883390752
-3	-93	-20	-0.000441121706817	0.000215437648916	-0.000734501098306
-1	-93	-20	-0.000447324477522	0.000202599067606	-0.000743161867452
1	-93	-20	-0.000453132855759	0.000189542499867	-0.000751910079951
3	-93	-20	-0.000458565365094	0.000176279660597	-0.000760724844537
5	-93	-20	-0.000463654284783	0.000162791338318	-0.000769519464739
7	-93	-20	-0.000468444590027	0.000149040870926	-0.000778145031774
9	-93	-20	-0.000472990590473	0.000134994515711	-0.000786407686823
11	-93	-20	-0.000477345646648	0.00012063542011	-0.000794124510422
13	-93	-20	-0.000481542850892	0.000105958823057	-0.000801228044768
15	-93	-20	-0.000485582449964	9.09631304543e-05	-0.000807829446631
17	-93	-20	-0.000489441947326	7.56567802542e-05	-0.000814150798019
19	-93	-20	-0.000493093173341	6.00611320938e-05	-0.000820416115438
21	-93	-20	-0.000496510742739	4.41949189665e-05	-0.000826791140782
23	-93	-20	-0.000499674154509	2.80528648082e-05	-0.00083336201036
25	-93	-20	-0.000502568220657	1.15920523323e-05	-0.00084012798214
27	-93	-20	-0.000505183470243	-5.26819240482e-06	-0.000846998951813
29	-93	-20	-0.000507516212332	-2.26324896184e-05	-0.000853798133217
31	-93	-20	-0.000509565582319	-4.06053902119e-05	-0.00086028112973
33	-93	-20	-0.00051132078414	-5.92654237214e-05	-0.000866201376141
35	-93	-20	-0.00051273568359	-7.86472451594e-05	-0.000871434625666
37	-93	-20	-0.000513714433801	-9.8734976361e-05	-0.000876056489083
39	-93	-20	-0.000514131774706	-0.00011946487323	-0.000880267035183
41	-93	-20	-0.000513864358303	-0.000140739764494	-0.000884267920465
43	-93	-20	-0.00051280940654	-0.000162452655391	-0.000888197407806
45	-93	-20	-0.000510893524491	-0.000184509787259	-0.000892109768522
47	-93	-20	-0.000508078414427	-0.000206844985277	-0.000895968065099
49	-93	-20	-0.000504366041744	-0.000229421310559	-0.000899638172798
51	-93	-20	-0.000499803048582	-0.000252219132988	-0.000902883993031
53	-93	-20	-0.000494480771778	-0.000275211618425	-0.000905377764066
55	-93	-20	-0.000488521218606	-0.000298329515963	-0.000906763088273
57	-93	-20	-0.000482044368312	-0.000321422742752	-0.000906789685794
59	-93	-20	-0.000475148351145	-0.000344243892132	-0.000905400307511
61	-93	-20	-0.000467934449315	-0.000366473469792	-0.000902647827368
63	-93	-20	-0.000460544980499	-0.000387766704884	-0.000898563842444
65	-93	-20	-0.000453182551874	-0.000407796409912	-0.000893097719338
67	-93	-20	-0.000446115427028	-0.000426283896931	-0.000886106489017
69	-93	-20	-0.000439678701817	-0.000443015503144	-0.000877357547308
71	-93	-20	-0.000434273551348	-0.000457843504439	-0.000866530945468
73	-93	-20	-0.000430354717305	-0.000470674368881	-0.000853227997858
75	-93	-20	-0.000428359570453	-0.00048145930844	-0.000837028108328
77	-93	-20	-0.000428458463661	-0.000490224246477	-0.000817701383029
79	-93	-20	-0.000430072597685	-0.000497162851383	-0.000795625258363
81	-93	-20	-0.00043156977294	-0.000502700048042	-0.000772040825816
83	-93	-20	-0.000430550144566	-0.00050742725626	-0.000748783034842
85	-93	-20	-0.000424309375984	-0.000512007927566	-0.000727851832474
87	-93	-20	-0.000410068250458	-0.000517145894625	-0.000711189931078
89	-93	-20	-0.000385021792951	-0.000523593005299	-0.000700620588838
91	-93	-20	-0.000346327571335	-0.000532159233721	-0.000697839581923
93	-93	-20	-0.000291082056894	-0.000543710261503	-0.000704420131725
95	-93	-20	-0.0002163140522	-0.000559146311574	-0.000721817870542
97	-93	-20	-0.000119078435129	-0.000579347151778	-0.000751356895511
99	-93	-20	3.13916993291e-06	-0.000605042814221	-0.00079415074122
-99	-91	-20	-7.66835630793e-05	0.000331823216829	-0.000312156395098
-97	-91	-20	-6.12723578854e-05	0.000341068178394	-0.000309268196453
-95	-91	-20	-5.12882353559e-05	0.000348940379867	-0.000309060563859
-93	-91	-20	-4.62108285813e-05	0.000355545025554	-0.000311369548239
-91	-91	-20	-4.53984123858e-05	0.000361023650216	-0.000315977298011
-89	-91	-20	-4.81764049034e-05	0.000365527748256	-0.000322620954618
-87	-91	-20	-5.38790853952e-05	0.000369204280175	-0.000330999224694
-85	-91	-20	-6.18630004726e-05	0.000372189938372	-0.000340777447243
-83	-91	-20	-7.15105697444e-05	0.000374610520411	-0.000351593736141
-81	-91	-20	-8.2235781765e-05	0.00037658290444	-0.000363070723047
-79	-91	-20	-9.35014032299e-05	0.000378217014654	-0.000374840048083
-77	-91	-20	-0.00010485435855	0.000379614545767	-0.000386585779643
-75	-91	-20	-0.00011597048449	0.000380863565552	-0.000398096778762
-73	-91	-20	-0.000126675631266	0.000382033850332	-0.00040929196972
-71	-91	-20	-0.000136920510949	0.000383177157507	-0.000420194012535
-69	-91	-20	-0.000146731611297	0.000384328612199	-0.000430875821946
-67	-91	-20	-0.000156171015879	0.000385504778333	-0.000441416038584
-65	-91	-20	-0.000165314035497	0.000386699783418	-0.000451873791007
-63	-91	-20	-0.000174238935463	0.000387883195046	-0.000462277440744
-61	-91	-20	-0.000183022462788	0.000389002305183	-0.000472621920911
-59	-91	-20	-0.000191737482779	0.000389989863755	-0.000482873322505
-57	-91	-20	-0.000200450768358	0.000390776312905	-0.000492982960058
-55	-91	-20	-0.000209220013751	0.000391302962045	-0.000502913451443
-53	-91	-20	-0.000218090512913	0.000391531190894	-0.00051267001738
-51	-91	-20	-0.000227093563805	0.000391444773563	-0.00052231494135
-49	-91	-20	-0.000236248028795	0.000391044947946	-0.000531950387876
-47	-91	-20	-0.000245563707244	0.000390338912578	-0.000541684348825
-45	-91	-20	-0.000255044446334	0.000389325041931	-0.00055160177017
-43	-91	-20	-0.000264690290615	0.00038798028177	-0.000561747682709
-41	-91	-20	-0.000274498818834	0.000386254078029	-0.000572119833127
-39	-91	-20	-0.000284465767789	0.000384070816823	-0.000582668476112
-37	-91	-20	-0.000294584664058	0.000381340716022	-0.000593304083517
-35	-91	-20	-0.000304844748726	0.000377976666084	-0.00060391683859
-33	-91	-20	-0.000315226550442	0.000373911386173	-0.000614411369133
-31	-91	-20	-0.000325696423259	0.000369108570331	-0.000624747972242
-29	-91	-20	-0.000336204520296	0.000363565947599	-0.00063496222967
-27	-91	-20	-0.000346689210419	0.000357310967023	-0.000645144205245
-25	-91	-20	-0.000357084905641	0.000350388534915	-0.000655395917144
-23	-91	-20	-0.000367328796915	0.000342843119011	-0.000665795126356
-21	-91	-20	-0.000377365135184	0.000334701981962	-0.000676374254127
-19	-91	-20	-0.000387147623028	0.000325965871361	-0.000687111267956
-17	-91	-20	-0.000396640483298	0.000316610499893	-0.000697929368563
-15	-91	-20	-0.00040581819535	0.000306599287801	-0.000708706134818
-13	-91	-20	-0.000414663303486	0.0002959042409	-0.000719296821528
-11	-91	-20	-0.000423161689131	0.000284527143255	-0.000729576313888
-9	-91	-20	-0.000431296658596	0.000272512026907	-0.000739489330088
-7	-91	-20	-0.000439046409737	0.000259945885524	-0.000749074322419
-5	-91	-20	-0.000446387922895	0.000246948713993	-0.000758437807671
-3	-91	-20	-0.000453304112238	0.000233652319193	-0.000767702247384
-1	-91	-20	-0.000459789575376	0.000220171576482	-0.000776961972444
1	-91	-20	-0.000465853524895	0.000206578042631	-0.000786257707666
3	-91	-20	-0.000471520480219	0.000192884932091	-0.000795565685616
5	-91	-20	-0.000476829281175	0.000179047979839	-0.000804797700988
7	-91	-20	-0.000481830281228	0.000164982738769	-0.000813813335917
9	-91	-20	-0.00048657971991	0.000150594312169	-0.00082245034072
11	-91	-20	-0.000491130149031	0.000135809547079	-0.000830578312115
13	-91	-20	-0.000495518783835	0.000120599402756	-0.000838161817067
15	-91	-20	-0.000499760854641	0.000104985540382	-0.000845289360477
17	-91	-20	-0.000503852905832	8.90310050315e-05	-0.000852139193471
19	-91	-20	-0.000507781399456	7.28152685467e-05	-0.000858911031824
21	-91	-20	-0.000511529796864	5.6399792399e-05	-0.000865767405713
23	-91	-20	-0.000515082380922	3.97967428235e-05	-0.000872798735385
25	-91	-20	-0.000518425889499	2.29514093732e-05	-0.000880007472689
27	-91	-20	-0.000521549616183	5.74322138522e-06	-0.000887306261875
29	-91	-20	-0.000524443341092	-1.199394114e-05	-0.00089453066749
31	-91	-20	-0.000527091245039	-3.04353093016e-05	-0.00090147304167
33	-91	-20	-0.000529460183328	-4.97214972033e-05	-0.000907944035556
35	-91	-20	-0.000531485686048	-6.99217301438e-05	-0.000913846813429
37	-91	-20	-0.000533066953485	-9.10177179634e-05	-0.000919214063804
39	-91	-20	-0.000534078418559	-0.000112913927313	-0.000924174119587
41	-91	-20	-0.000534390316	-0.000135469290558	-0.000928879475695
43	-91	-20	-0.000533886976987	-0.000158537291831	-0.000933447070335
45	-91	-20	-0.000532479415007	-0.000182000476916	-0.000937924461935
47	-91	-20	-0.000530113652568	-0.000205790296066	-0.000942274272332
49	-91	-20	-0.000526776244438	-0.000229888018702	-0.000946369154627
51	-91	-20	-0.00052249680149	-0.000254305045845	-0.000949996549201
53	-91	-20	-0.000517345341566	-0.000279043608916	-0.000952880981242
55	-91	-20	-0.000511421846756	-0.0003040450411	-0.00095473474008
57	-91	-20	-0.000504841341968	-0.000329143354559	-0.000955326541932
59	-91	-20	-0.000497728298978	-0.00035404878992	-0.00095451794616
61	-91	-20	-0.000490229904625	-0.000378374061046	-0.00095223176395
63	-91	-20	-0.000482538363467	-0.000401690334942	-0.000948387591036
65	-91	-20	-0.000474907810398	-0.000423588055997	-0.000942854345517
67	-91	-20	-0.000467661002115	-0.000443724742884	-0.000935430573341
69	-91	-20	-0.00046118479417	-0.00046185276823	-0.000925843604909
71	-91	-20	-0.000455908234904	-0.000477827336012	-0.00091376508803
73	-91	-20	-0.000452245303914	-0.000491599999488	-0.000898855722036
75	-91	-20	-0.000450467971249	-0.00050320979283	-0.00088086915999
77	-91	-20	-0.000450477516155	-0.000512789431516	-0.000859843756675
79	-91	-20	-0.000451524825806	-0.000520590821906	-0.000836337113529
81	-91	-20	-0.000452067022513	-0.000527001560227	-0.000811536778928
83	-91	-20	-0.000449888257303	-0.000532528639796	-0.00078713365442
85	-91	-20	-0.000442356821145	-0.000537772663021	-0.00076507258449
87	-91	-20	-0.000426631824036	-0.000543420403035	-0.000747347745616
89	-91	-20	-0.000399770985203	-0.000550250920767	-0.000735888595754
91	-91	-20	-0.000358777803851	-0.00055913679179	-0.000732507465513
93	-91	-20	-0.000300637683355	-0.00057102596484	-0.000738875689593
95	-91	-20	-0.000222395330507	-0.000586893008514	-0.000756505067485
97	-91	-20	-0.000121343034732	-0.000607647869985	-0.000786714164178
99	-91	-20	4.61855763937e-06	-0.000633997491511	-0.000830562305081
-99	-89	-20	-7.08301081269e-05	0.000345160671362	-0.000320633723378
-97	-89	-20	-5.56171590292e-05	0.000354837495696	-0.000317547327849
-95	-89	-20	-4.57431889212e-05	0.000363123315587	-0.000317305343955
-93	-89	-20	-4.07503834188e-05	0.000370117020125	-0.000319731599172
-91	-89	-20	-4.00508452258e-05	0.000375957776779	-0.000324589979546
-89	-89	-20	-4.29959000276e-05	0.000380799895474	-0.000331595526054
-87	-89	-20	-4.89216358778e-05	0.000384795186744	-0.000340423187649
-85	-89	-20	-5.71727184651e-05	0.000388083535838	-0.000350714822489
-83	-89	-20	-6.7115583763e-05	0.000390789658749	-0.00036208794803
-81	-89	-20	-7.81521246745e-05	0.000393024114392	-0.000374151493329
-79	-89	-20	-8.97420743235e-05	0.000394887072067	-0.000386533704193
-77	-89	-20	-0.000101435766963	0.000396472973453	-0.000398922124951
-75	-89	-20	-0.000112906967991	0.000397873617704	-0.000411103202901
-73	-89	-20	-0.000123966181329	0.000399177558329	-0.000422979209545
-71	-89	-20	-0.00013454362641	0.000400465103203	-0.000434550279213
-69	-89	-20	-0.000144652601264	0.000401799882382	-0.00044587359858
-67	-89	-20	-0.00015435294138	0.000403219373878	-0.000457022071045
-65	-89	-20	-0.000163725555351	0.000404727182197	-0.000468055364752
-63	-89	-20	-0.00017285822489	0.00040628929433	-0.000479004691872
-61	-89	-20	-0.000181838556123	0.00040783610688	-0.000489868725682
-59	-89	-20	-0.000190750167059	0.000409272018769	-0.000500619382413
-57	-89	-20	-0.000199669630086	0.000410493540481	-0.00051121788617
-55	-89	-20	-0.000208663183073	0.000411413338694	-0.000521639526811
-53	-89	-20	-0.000217783689368	0.0004119818011	-0.000531898318015
-51	-89	-20	-0.000227069251896	0.000412194853647	-0.000542056896124
-49	-89	-20	-0.000236544316733	0.000412082615666	-0.000552213756679
-47	-89	-20	-0.000246222530043	0.000411684546479	-0.00056247560538
-45	-89	-20	-0.000256109882166	0.000411022680006	-0.00057292938374
-43	-89	-20	-0.000266207200056	0.000410081916753	-0.000583622702281
-41	-89	-20	-0.000276511727699	0.000408800942593	-0.000594554227658
-39	-89	-20	-0.000287017697809	0.000407074461793	-0.000605673497905
-37	-89	-20	-0.000297715593348	0.000404767130214	-0.000616891146009
-35	-89	-20	-0.00030858968114	0.000401738929721	-0.00062810166221
-33	-89	-20	-0.000319613968527	0.000397877804364	-0.000639217302504
-31	-89	-20	-0.000330748263785	0.000393128652657	-0.000650201803653
-29	-89	-20	-0.000341937236109	0.000387504715406	-0.000661084716519
-27	-89	-20	-0.000353114032186	0.000381074667132	-0.000671946005382
-25	-89	-20	-0.000364206868032	0.000373932072016	-0.000682881096121
-23	-89	-20	-0.000375145664995	0.000366161245171	-0.000693965477275
-21	-89	-20	-0.00038586698762	0.000357810763318	-0.000705230303681
-19	-89	-20	-0.000396317020011	0.000348879595261	-0.000716650854255
-17	-89	-20	-0.000406452801602	0.000339317515136	-0.000728146712421
-15	-89	-20	-0.000416241722907	0.000329041235761	-0.000739594306205
-13	-89	-20	-0.000425659056261	0.000317966657854	-0.000750854038029
-11	-89	-20	-0.000434683770915	0.000306051662101	-0.000761810359111
-9	-89	-20	-0.00044329435683	0.000293333717396	-0.00077241153742
-7	-89	-20	-0.00045146756186	0.000279941883616	-0.000782686508471
-5	-89	-20	-0.000459181551817	0.000266073504141	-0.000792726540209
-3	-89	-20	-0.000466421794767	0.000251945690428	-0.000802643713239
-1	-89	-20	-0.000473186597922	0.000237742548535	-0.000812528693284
1	-89	-20	-0.000479490446826	0.000223574715618	-0.000822421215938
3	-89	-20	-0.000485364821585	0.00020945819077	-0.000832295634767
5	-89	-20	-0.000490856680227	0.000195314278733	-0.000842060818343
7	-89	-20	-0.00049602458139	0.00018099200757	-0.000851576152565
9	-89	-20	-0.000500932182205	0.000166313184963	-0.000860687183517
11	-89	-20	-0.000505639423026	0.000151132596762	-0.000869278680628
13	-89	-20	-0.000510193585627	0.000135392450004	-0.000877326949538
15	-89	-20	-0.000514624054359	0.00011914376091	-0.000884920790727
17	-89	-20	-0.000518942994439	0.000102521541457	-0.000892234719141
19	-89	-20	-0.000523150148951	8.56870246985e-05	-0.000899470872196
21	-89	-20	-0.000527238263108	6.8764411178e-05	-0.000906800337401
23	-89	-20	-0.000531197119557	5.17934277359e-05	-0.000914322397047
25	-89	-20	-0.000535015763715	3.4705975738e-05	-0.000922044610603
27	-89	-20	-0.000538682670598	1.7328066983e-05	-0.000929881499556
29	-89	-20	-0.000542182925914	-5.92387874282e-07	-0.000937672080131
31	-89	-20	-0.000545491175168	-1.93321161443e-05	-0.000945219039029
33	-89	-20	-0.000548560644395	-3.91213214886e-05	-0.000952347092046
35	-89	-20	-0.000551312604903	-6.0077682563e-05	-0.000958961638457
37	-89	-20	-0.000553633858294	-8.2176351713e-05	-0.000965075483734
39	-89	-20	-0.000555386341972	-0.0001052714143	-0.000970786215231
41	-89	-20	-0.000556424794088	-0.000129154451301	-0.000976221492259
43	-89	-20	-0.000556614898841	-0.000153620238558	-0.00098148417542
45	-89	-20	-0.000555847444861	-0.0001785171067	-0.000986615540194
47	-89	-20	-0.000554047938426	-0.000203773561897	-0.000991577813592
49	-89	-20	-0.000551182415118	-0.000229399418072	-0.00099625127525
51	-89	-20	-0.000547259567207	-0.000255459171904	-0.00100044331633
53	-89	-20	-0.000542328498942	-0.000282015634618	-0.00100391050247
55	-89	-20	-0.000536472281659	-0.000309051650489	-0.00100639348293
57	-89	-20	-0.000529801050682	-0.000336397673466	-0.00100765434233
59	-89	-20	-0.00052245161692	-0.000363704722772	-0.00100749538143
61	-89	-20	-0.000514597345168	-0.000390482505557	-0.00100574710314
63	-89	-20	-0.000506463955409	-0.000416182846694	-0.00100223697803
65	-89	-20	-0.000498343104135	-0.000440288887665	-0.000996759820648
67	-89	-20	-0.000490597316606	-0.000462382448977	-0.000989061163945
69	-89	-20	-0.000483650227252	-0.000482182363885	-0.000978837102487
71	-89	-20	-0.00047795132473	-0.000499557379401	-0.000965756855121
73	-89	-20	-0.000473896441918	-0.000514518940373	-0.000949522978834
75	-89	-20	-0.000471683135849	-0.000527199312483	-0.000929987613121
77	-89	-20	-0.000471103210307	-0.000537823452002	-0.000907323012016
79	-89	-20	-0.000471334527815	-0.000546686210166	-0.00088219070299
81	-89	-20	-0.000470843107738	-0.000554144354895	-0.000855809540476
83	-89	-20	-0.00046745613534	-0.000560626441243	-0.000829868414686
85	-89	-20	-0.000458545744888	-0.000566656606849	-0.000806338539152
87	-89	-20	-0.000441214164689	-0.000572881874957	-0.000787285533369
89	-89	-20	-0.000412422510115	-0.000580090227031	-0.000774736883594
91	-89	-20	-0.00036907134453	-0.000589209223758	-0.00077060515007
93	-89	-20	-0.000308074730224	-0.000601276456381	-0.000776644582529
95	-89	-20	-0.000226480913237	-0.000617371151559	-0.000794418302782
97	-89	-20	-0.000121688204387	-0.000638497414	-0.000825259396716
99	-89	-20	8.23971297088e-06	-0.000665427246603	-0.000870220075559
-99	-87	-20	-6.54064273595e-05	0.00035877266158	-0.000328821898534
-97	-87	-20	-5.04009775326e-05	0.000368884811487	-0.000325530521831
-95	-87	-20	-4.0709013321e-05	0.000377562783508	-0.000325271545026
-93	-87	-20	-3.58938141578e-05	0.000384913593985	-0.000327851047299
-91	-87	-20	-3.53901631835e-05	0.000391086205117	-0.000333010343241
-89	-87	-20	-3.85645796597e-05	0.000396243793883	-0.000340441493697
-87	-87	-20	-4.47582272478e-05	0.000400544249105	-0.000349797568177
-85	-87	-20	-5.33120048027e-05	0.000404129187521	-0.000360699236997
-83	-87	-20	-6.35821279195e-05	0.000407119260696	-0.00037274247444
-81	-87	-20	-7.49561509036e-05	0.000409614661068	-0.000385513624856
-79	-87	-20	-8.68777625617e-05	0.000411701436912	-0.000398617994276
-77	-87	-20	-9.88825286035e-05	0.000413463643764	-0.000411722641658
-75	-87	-20	-0.000110633885996	0.000414996439325	-0.000424599985628
-73	-87	-20	-0.00012193814581	0.000416410059345	-0.000437146872595
-71	-87	-20	-0.000132726659319	0.000417818910808	-0.000449364934599
-69	-87	-20	-0.000143017044563	0.000419321654982	-0.000461316055406
-67	-87	-20	-0.000152874994581	0.000420982444482	-0.000473078126609
-65	-87	-20	-0.000162388198453	0.000422818331941	-0.000484714757457
-63	-87	-20	-0.00017165213182	0.000424793101886	-0.000496259463223
-61	-87	-20	-0.000180763099125	0.000426817677086	-0.000507711008763
-59	-87	-20	-0.000189814325205	0.000428759946425	-0.000519038751342
-57	-87	-20	-0.000198892453996	0.000430469034411	-0.000530199373203
-55	-87	-20	-0.00020807340495	0.00043181524395	-0.000541164423234
-53	-87	-20	-0.000217418287739	0.000432732488645	-0.000551949037964
-51	-87	-20	-0.000226971331799	0.000433236110097	-0.000562623895445
-49	-87	-20	-0.000236761019543	0.000433400631782	-0.00057330034912
-47	-87	-20	-0.00024680340505	0.000433313036598	-0.00058409854416
-45	-87	-20	-0.00025710567357	0.000433028867926	-0.000595116250864
-43	-87	-20	-0.000267668851973	0.000432544728085	-0.000606407901332
-41	-87	-20	-0.000278489512157	0.000431786855393	-0.000617974349221
-39	-87	-20	-0.000289560464695	0.00043061280941	-0.000629761987604
-37	-87	-20	-0.000300870108771	0.000428827285603	-0.00064167251673
-35	-87	-20	-0.000312399859474	0.000426216929563	-0.000653587027563
-33	-87	-20	-0.000324119647889	0.000422604964456	-0.000665404564817
-31	-87	-20	-0.000335983339612	0.000417908488751	-0.00067708248246
-29	-87	-20	-0.000347927547459	0.000412163698766	-0.000688654218909
-27	-87	-20	-0.000359875765826	0.000405499142541	-0.000700210782676
-25	-87	-20	-0.000371745880907	0.000398076640963	-0.000711859393856
-23	-87	-20	-0.000383457550324	0.000390034447909	-0.000723683484281
-21	-87	-20	-0.000394937546769	0.000381449862935	-0.000735716789451
-19	-87	-20	-0.000406122955567	0.000372321140445	-0.000747931811675
-17	-87	-20	-0.000416962599639	0.000362565699229	-0.000760240075457
-15	-87	-20	-0.000427416706837	0.000352037426904	-0.000772504786006
-13	-87	-20	-0.000437454471295	0.000340571249328	-0.000784569492256
-11	-87	-20	-0.000447049625935	0.000328056884362	-0.000796302619175
-9	-87	-20	-0.000456175900491	0.000314516912115	-0.000807643483974
-7	-87	-20	-0.000464805786386	0.000300138066385	-0.000818622493175
-5	-87	-20	-0.000472914421417	0.000285226582738	-0.000829340164303
-3	-87	-20	-0.000480486500749	0.000270116973754	-0.000839919873872
-1	-87	-20	-0.000487522539175	0.000255085626723	-0.000850461321887
1	-87	-20	-0.000494042409522	0.000240294681508	-0.000861009117213
3	-87	-20	-0.000500085919058	0.00022576558546	-0.0008715372644
5	-87	-20	-0.000505710763267	0.000211377006472	-0.000881947648664
7	-87	-20	-0.000510987986733	0.000196889609357	-0.000892085007476
9	-87	-20	-0.000515994899466	0.000182007626615	-0.000901774770917
11	-87	-20	-0.000520805954164	0.000166479308878	-0.000910884387959
13	-87	-20	-0.000525483656263	0.000150203766063	-0.000919387463557
15	-87	-20	-0.000530072821353	0.000133277847291	-0.000927390560328
17	-87	-20	-0.000534600101286	0.000115945164526	-0.000935100137449
19	-87	-20	-0.0005390774314	9.84851645881e-05	-0.000942752132339
21	-87	-20	-0.000543506568916	8.11086931817e-05	-0.000950544400784
23	-87	-20	-0.000547882940915	6.38928467802e-05	-0.00095859297677
25	-87	-20	-0.000552198252641	4.67537963903e-05	-0.000966912235819
27	-87	-20	-0.000556441351023	2.94492898815e-05	-0.000975413978671
29	-87	-20	-0.000560596012709	1.16112192985e-05	-0.000983925249316
31	-87	-20	-0.000564633761834	-7.1828764783e-06	-0.000992229434864
33	-87	-20	-0.000568501455478	-2.72981040911e-05	-0.00100013027313
35	-87	-20	-0.00057210854231	-4.89240706863e-05	-0.00100751848675
37	-87	-20	-0.000575323519919	-7.20183359205e-05	-0.00101440269941
39	-87	-20	-0.000577984950313	-9.63506277441e-05	-0.00102088332156
41	-87	-20	-0.000579921763984	-0.000121610207107	-0.00102709089506
43	-87	-20	-0.000580973362824	-0.000147509629777	-0.00103312731062
45	-87	-20	-0.000581004538354	-0.000173851841435	-0.00103902992933
47	-87	-20	-0.000579915205852	-0.000200561609116	-0.00104475794904
49	-87	-20	-0.000577646332939	-0.000227688447643	-0.00105019377677
51	-87	-20	-0.000574182607536	-0.000255377953841	-0.00105515419368
53	-87	-20	-0.000569551511766	-0.000283798832789	-0.00105940884132
55	-87	-20	-0.000563819157044	-0.000313022642224	-0.00106270320105
57	-87	-20	-0.000557086043105	-0.000342896055018	-0.00106477999348
59	-87	-20	-0.000549488220661	-0.000372986980862	-0.00106539104193
61	-87	-20	-0.00054120665629	-0.000402650961033	-0.00106429547595
63	-87	-20	-0.000532481258503	-0.000431171533005	-0.00106124756754
65	-87	-20	-0.000523622802018	-0.000457893377276	-0.00105598179621
67	-87	-20	-0.000515016847998	-0.000482308745157	-0.00104820203558
69	-87	-20	-0.000507113417489	-0.000504100801473	-0.00103758088319
71	-87	-20	-0.000500391138604	-0.000523157938151	-0.00102377890363
73	-87	-20	-0.000495276146744	-0.000539564299566	-0.00100650158124
75	-87	-20	-0.00049199308572	-0.000553561348744	-0.000985615440457
77	-87	-20	-0.000490348979747	-0.000565477911363	-0.000961324045595
79	-87	-20	-0.000489514506781	-0.000575652232501	-0.000934345851826
81	-87	-20	-0.000487920959667	-0.00058439746877	-0.000905985623983
83	-87	-20	-0.000483338135958	-0.00059204020331	-0.000878039640862
85	-87	-20	-0.000473068602983	-0.000599001033647	-0.000852594818172
87	-87	-20	-0.000454141809018	-0.000605864450374	-0.000831830147646
89	-87	-20	-0.000423448062157	-0.000613412998903	-0.000817878027383
91	-87	-20	-0.000377822020565	-0.000622626340616	-0.000812743273666
93	-87	-20	-0.000314119159823	-0.000634647333651	-0.000818255321329
95	-87	-20	-0.000229339173607	-0.000650705328238	-0.000836031428086
97	-87	-20	-0.0001208451199	-0.000671978200716	-0.000867437837121
99	-87	-20	1.3317542765e-05	-0.000699391897664	-0.000913546799138
-99	-85	-20	-6.01884293072e-05	0.000372729711878	-0.000336847782604
-97	-85	-20	-4.53959170542e-05	0.000383279411958	-0.000333352977983
-95	-85	-20	-3.59516065438e-05	0.000392323972669	-0.000333105930037
-93	-85	-20	-3.14056555685e-05	0.000399994292799	-0.000335885921154
-91	-85	-20	-3.11873912411e-05	0.00040646207351	-0.000341405669705
-89	-85	-20	-3.46663977356e-05	0.00041190572877	-0.000349333707253
-87	-85	-20	-4.11893751721e-05	0.000416490997452	-0.000359304324215
-85	-85	-20	-5.00993384985e-05	0.000420360973635	-0.000370920656701
-83	-85	-20	-6.07467983666e-05	0.000423630848294	-0.000383757343964
-81	-85	-20	-7.2501973984e-05	0.000426386863151	-0.000397369684775
-79	-85	-20	-8.4778444479e-05	0.000428693590005	-0.000411319377993
-77	-85	-20	-9.70773088132e-05	0.00043061536009	-0.000425226504994
-75	-85	-20	-0.000109042604538	0.00043224670279	-0.000438836135013
-73	-85	-20	-0.000120488422834	0.0004337258823	-0.000452051769678
-71	-85	-20	-0.000131370293542	0.000435213093812	-0.000464902375193
-69	-85	-20	-0.000141728375544	0.000436851754417	-0.000477475655363
-67	-85	-20	-0.000151642275001	0.000438738741406	-0.000489864862416
-65	-85	-20	-0.000161207356761	0.000440908597682	-0.000502140575845
-63	-85	-20	-0.000170524779325	0.000443325861322	-0.000514338312042
-61	-85	-20	-0.000179697394399	0.00044588212824	-0.000526454079698
-59	-85	-20	-0.000188827141306	0.00044840140753	-0.000538446858399
-57	-85	-20	-0.000198011572909	0.000450666045372	-0.000550253460155
-55	-85	-20	-0.000207338223814	0.00045247796118	-0.000561822877098
-53	-85	-20	-0.000216877746131	0.000453742000621	-0.000573162153249
-51	-85	-20	-0.000226679954691	0.000454507128602	-0.000584358909463
-49	-85	-20	-0.000236775731679	0.00045491998555	-0.000595556050326
-47	-85	-20	-0.000247182133925	0.000455136345173	-0.000606902717901
-45	-85	-20	-0.000257906761237	0.000455254781843	-0.000618516014443
-43	-85	-20	-0.000268950413988	0.000455285791466	-0.000630461220301
-41	-85	-20	-0.000280308708745	0.000455141981134	-0.000642743335409
-39	-85	-20	-0.0002919730806	0.000454638651701	-0.000655304651205
-37	-85	-20	-0.000303930802735	0.000453506220139	-0.000668029889446
-35	-85	-20	-0.00031616277726	0.000451428982013	-0.000680767802717
-33	-85	-20	-0.000328637728728	0.000448128657438	-0.00069337976387
-31	-85	-20	-0.000341304388538	0.000443475594007	-0.000705804668289
-29	-85	-20	-0.000354088395077	0.000437544996268	-0.000718091839136
-27	-85	-20	-0.000366898584968	0.000430559595165	-0.000730367977362
-25	-85	-20	-0.000379637994214	0.000422776860564	-0.000742771714607
-23	-85	-20	-0.000392212827997	0.000414402911465	-0.000755403758871
-21	-85	-20	-0.000404537770889	0.000405549866974	-0.000768303172199
-19	-85	-20	-0.00041653892137	0.000396218239721	-0.00078143946645
-17	-85	-20	-0.000428155425313	0.000386291341121	-0.000794712505734
-15	-85	-20	-0.000439339839121	0.000375545438436	-0.000807960833302
-13	-85	-20	-0.000450056207392	0.000363698121454	-0.000820987746927
-11	-85	-20	-0.000460274612377	0.000350522967661	-0.000833616423257
-9	-85	-20	-0.000469963793978	0.000336005760505	-0.000845762249725
-7	-85	-20	-0.000479088431411	0.000320420285599	-0.000857469488361
-5	-85	-20	-0.000487615557579	0.000304237264466	-0.000868875091984
-3	-85	-20	-0.000495525242184	0.0002879528915	-0.000880136149582
-1	-85	-20	-0.000502818592021	0.00027195896617	-0.000891373247615
1	-85	-20	-0.0005095211752	0.000256479465823	-0.000902641268493
3	-85	-20	-0.000515682923099	0.0002415460672	-0.000913916551837
5	-85	-20	-0.000521375505806	0.000226992515391	-0.000925092450335
7	-85	-20	-0.000526687419613	0.000212471139426	-0.000935986310437
9	-85	-20	-0.000531716420792	0.000197519920795	-0.000946373101667
11	-85	-20	-0.000536559008053	0.000181716090031	-0.00095606374489
13	-85	-20	-0.000541298708725	0.000164884137853	-0.000965010653991
15	-85	-20	-0.000545998189665	0.000147200776912	-0.000973359687929
17	-85	-20	-0.0005506987059	0.000129085281727	-0.000981391730578
19	-85	-20	-0.000555424155638	0.000110986688794	-0.000989410553016
21	-85	-20	-0.000560185414519	9.32252697806e-05	-0.000997657705336
23	-85	-20	-0.00056498369888	7.5920465848e-05	-0.0010062720361
25	-85	-20	-0.000569813430197	5.89697374645e-05	-0.00101527624078
27	-85	-20	-0.00057466456851	4.20513008775e-05	-0.00102457636291
29	-85	-20	-0.000579522772051	2.46510674508e-05	-0.00103397376706
31	-85	-20	-0.000584363534747	6.14125277154e-06	-0.00104320224138
33	-85	-20	-0.00058913612967	-1.40538520756e-05	-0.00105200607639
35	-85	-20	-0.00059374155391	-3.62376275067e-05	-0.00106024263385
37	-85	-20	-0.000598023316157	-6.03244100734e-05	-0.00106793541725
39	-85	-20	-0.000601784298635	-8.5938659825e-05	-0.00107522598289
41	-85	-20	-0.000604816636219	-0.000112619818432	-0.00108227685785
43	-85	-20	-0.000606925884995	-0.000139976717193	-0.00108919995768
45	-85	-20	-0.000607945274581	-0.000167760147755	-0.00109602738253
47	-85	-20	-0.00060774401538	-0.000195889387454	-0.00110270855963
49	-85	-20	-0.000606233041626	-0.000224458808338	-0.0011091188907
51	-85	-20	-0.000603369009553	-0.000253720832736	-0.00111507290754
53	-85	-20	-0.000599155377814	-0.000284010412566	-0.00112033904726
55	-85	-20	-0.000593639013204	-0.00031556707289	-0.00112465367989
57	-85	-20	-0.000586904377172	-0.000348292093179	-0.00112773228205
59	-85	-20	-0.000579073432952	-0.000381627970121	-0.00112927789831
61	-85	-20	-0.000570316670482	-0.000414692901533	-0.00112898751274
63	-85	-20	-0.000560869069615	-0.000446537855973	-0.00112655453936
65	-85	-20	-0.000551041865734	-0.000476339370193	-0.00112166640902
67	-85	-20	-0.000541226374764	-0.000503490782304	-0.00111399922291
69	-85	-20	-0.00053188783854	-0.000527636224694	-0.00110321336376
71	-85	-20	-0.000523542010913	-0.000548682874939	-0.00108895812191
73	-85	-20	-0.000516694312432	-0.000566796613047	-0.00107090502484
75	-85	-20	-0.000511701641326	-0.000582357380809	-0.00104884882124
77	-85	-20	-0.000508517352578	-0.000595839800039	-0.00102291578137
79	-85	-20	-0.000506374605675	-0.000607642730065	-0.000993830594436
81	-85	-20	-0.000503623506748	-0.000618002625192	-0.000963042081159
83	-85	-20	-0.000497870455158	-0.000627087083904	-0.000932569459709
85	-85	-20	-0.00048627188953	-0.000635170283696	-0.000904707545974
87	-85	-20	-0.000465768143148	-0.000642753667259	-0.000881790607407
89	-85	-20	-0.000433204848839	-0.000650606634884	-0.000866063141898
91	-85	-20	-0.000385387728464	-0.000659760199771	-0.000859616887029
93	-85	-20	-0.000319125771145	-0.000671475330573	-0.00086435344403
95	-85	-20	-0.000231316861023	-0.000687177037721	-0.000881950980027
97	-85	-20	-0.000119145871147	-0.000708311747901	-0.000913826364534
99	-85	-20	1.95429692458e-05	-0.0007360780628	-0.000961092384435
-99	-83	-20	-5.501999028e-05	0.000387086888874	-0.000344864554096
-97	-83	-20	-4.04469293568e-05	0.000398073846931	-0.000341177765052
-95	-83	-20	-3.13151737967e-05	0.00040745361869	-0.000340983948942
-93	-83	-20	-2.71215744664e-05	0.000415403606924	-0.000344018637651
-91	-83	-20	-2.72652343853e-05	0.000422130695495	-0.000349958563228
-89	-83	-20	-3.11117289855e-05	0.00042783153112	-0.000358450209825
-87	-83	-20	-3.80159025395e-05	0.00043267961015	-0.000369114437762
-85	-83	-20	-4.7329429974e-05	0.000436819877362	-0.000381543183859
-83	-83	-20	-5.84035270529e-05	0.000440363414732	-0.000395294556605
-81	-83	-20	-7.05915542925e-05	0.000443382045407	-0.000409890302613
-79	-83	-20	-8.32625773625e-05	0.000445910146897	-0.000424828345565
-77	-83	-20	-9.58531506345e-05	0.000447973397796	-0.00043964294743
-75	-83	-20	-0.000107970150796	0.000449654460066	-0.000454027810876
-73	-83	-20	-0.00011945521569	0.000451132967302	-0.000467914237483
-71	-83	-20	-0.000130320432729	0.000452635975575	-0.000481395159896
-69	-83	-20	-0.000140645741594	0.000454362696955	-0.000494603389995
-67	-83	-20	-0.000150527645513	0.000456446013358	-0.000507651144982
-65	-83	-20	-0.000160066621405	0.000458940430421	-0.000520614751222
-63	-83	-20	-0.000169366274812	0.000461816192358	-0.000533531349581
-61	-83	-20	-0.000178533806373	0.000464951904181	-0.00054639503652
-59	-83	-20	-0.000187679376251	0.000468127708923	-0.000559152118268
-57	-83	-20	-0.000196913300999	0.000471037173893	-0.000571705554069
-55	-83	-20	-0.000206338717536	0.000473365752931	-0.00058395431622
-53	-83	-20	-0.000216038824916	0.000474959702796	-0.000595880527611
-51	-83	-20	-0.000226068243183	0.000475932304337	-0.00060760480281
-49	-83	-20	-0.000236458033238	0.000476551612906	-0.000619328595737
-47	-83	-20	-0.000247225252297	0.000477065601685	-0.000631244149318
-45	-83	-20	-0.000258377922068	0.000477617798919	-0.000643491098894
-43	-83	-20	-0.000269916708949	0.000478229230853	-0.000656146508746
-41	-83	-20	-0.000281836025369	0.000478798214245	-0.000669222504143
-39	-83	-20	-0.000294125473598	0.000479099523842	-0.000682661662777
-37	-83	-20	-0.000306771350751	0.000478783683745	-0.000696331229451
-35	-83	-20	-0.000319756325162	0.000477399488309	-0.000710030283809
-33	-83	-20	-0.000333052530529	0.000474501193718	-0.000723545753135
-31	-83	-20	-0.00034660580334	0.000469870938266	-0.000736775340798
-29	-83	-20	-0.000360326387426	0.000463659589402	-0.000749806482601
-27	-83	-20	-0.000374101627395	0.000456245728982	-0.00076283815606
-25	-83	-20	-0.000387815141872	0.000448012434496	-0.000776058153437
-23	-83	-20	-0.000401357157147	0.000439237941397	-0.000789586197971
-21	-83	-20	-0.00041462826518	0.00043006875276	-0.000803464442126
-19	-83	-20	-0.000427541327094	0.000420512761455	-0.00081765927096
-17	-83	-20	-0.000440023333674	0.000410428795248	-0.000832060526096
-15	-83	-20	-0.000452017266263	0.000399514868585	-0.000846478609653
-13	-83	-20	-0.000463482241156	0.000387330078407	-0.000860654890271
-11	-83	-20	-0.000474387324332	0.000373441991942	-0.000874324659903
-9	-83	-20	-0.000484696784164	0.000357745640659	-0.000887352437089
-7	-83	-20	-0.00049436184304	0.000340663007345	-0.000899818965399
-5	-83	-20	-0.000503334059272	0.000322926545088	-0.000911936638025
-3	-83	-20	-0.000511584679693	0.000305243145028	-0.000923915634756
-1	-83	-20	-0.000519114413347	0.000288129488662	-0.000935900510615
1	-83	-20	-0.000525955448304	0.00027187224112	-0.000947956677572
3	-83	-20	-0.000532170033861	0.000256520577717	-0.000960067045021
5	-83	-20	-0.000537847234609	0.000241875988242	-0.000972123587668
7	-83	-20	-0.000543098036359	0.000227481340836	-0.000983915846125
9	-83	-20	-0.00054804797615	0.00021265422584	-0.000995140223157
11	-83	-20	-0.000552824869259	0.000196683052882	-0.00100549074432
13	-83	-20	-0.000557540923183	0.00017924532717	-0.00101486210028
15	-83	-20	-0.000562279549877	0.000160672747419	-0.0010234786179
17	-83	-20	-0.000567097185847	0.000141680874329	-0.00103175890526
19	-83	-20	-0.000572030845017	0.000122945455874	-0.00104010616456
21	-83	-20	-0.000577102046533	0.000104900584103	-0.00104881030959
23	-83	-20	-0.000582318616149	8.76990482973e-05	-0.00105803094082
25	-83	-20	-0.000587677313471	7.12162306742e-05	-0.00106780052851
27	-83	-20	-0.000593168186765	5.505275031e-05	-0.00107802432814
29	-83	-20	-0.00059877949173	3.85362460772e-05	-0.00108847675801
31	-83	-20	-0.00060449761027	2.07676637779e-05	-0.00109881588028
33	-83	-20	-0.000610288152878	8.30677032576e-07	-0.0011086713638
35	-83	-20	-0.000616051400794	-2.17764960595e-05	-0.00111783410024
37	-83	-20	-0.000621595294462	-4.68615912719e-05	-0.00112637838636
39	-83	-20	-0.000626669996427	-7.37932496014e-05	-0.00113454421866
41	-83	-20	-0.000631020300125	-0.000101911180643	-0.00114255287391
43	-83	-20	-0.000634412911094	-0.000130719463184	-0.00115052570889
45	-83	-20	-0.000636645546636	-0.000159924342102	-0.00115847908993
47	-83	-20	-0.000637551581906	-0.000189436383783	-0.00116634133715
49	-83	-20	-0.000637005461765	-0.000219382183427	-0.00117397058876
51	-83	-20	-0.000634929288358	-0.000250122894911	-0.00118116938508
53	-83	-20	-0.000631298026242	-0.000282223985098	-0.0011876958188
55	-83	-20	-0.000626137158906	-0.000316232824518	-0.00119326986766
57	-83	-20	-0.000619509550753	-0.00035219112978	-0.00119757412314
59	-83	-20	-0.00061150890209	-0.000389326354336	-0.00120025807592
61	-83	-20	-0.0006022774341	-0.000426375443566	-0.00120095486149
63	-83	-20	-0.000592029230239	-0.00046208807629	-0.00119930002897
65	-83	-20	-0.000581061135453	-0.000495465735372	-0.00119494166813
67	-83	-20	-0.000569754195996	-0.00052580982785	-0.00118754124531
69	-83	-20	-0.00055857198823	-0.000552722178013	-0.00117676534809
71	-83	-20	-0.000548057505122	-0.000576113148977	-0.00116226868299
73	-83	-20	-0.000538817847945	-0.000596220140141	-0.00114367952315
75	-83	-20	-0.00053144237184	-0.000613594248732	-0.00112064120432
77	-83	-20	-0.000526211920966	-0.000628944974386	-0.0010930476166
79	-83	-20	-0.000522533947752	-0.000642784449175	-0.00106153866975
81	-83	-20	-0.00051858551679	-0.000655200131526	-0.00102780616926
83	-83	-20	-0.000511649701702	-0.000666093209117	-0.000994255089959
85	-83	-20	-0.000498660461079	-0.000675542840198	-0.000963475258325
87	-83	-20	-0.000476474382248	-0.000683964979453	-0.000937972918906
89	-83	-20	-0.000441934468162	-0.000692122625489	-0.000920095966718
91	-83	-20	-0.000391868006069	-0.000701096851946	-0.000912014506769
93	-83	-20	-0.000323074843247	-0.00071226090523	-0.000915702747253
95	-83	-20	-0.000232335181392	-0.000727253695081	-0.000932910909682
97	-83	-20	-0.000116519460325	-0.00074788840751	-0.000965126948586
99	-83	-20	2.69871298399e-05	-0.000775825631993	-0.00101352781635
-99	-81	-20	-4.98195481286e-05	0.000401877278053	-0.000353061212657
-97	-81	-20	-3.54811484169e-05	0.000413296013011	-0.00034920802278
-95	-81	-20	-2.67282476668e-05	0.000422975098569	-0.000349121345236
-93	-81	-20	-2.29467509725e-05	0.000431173797759	-0.000352462976776
-91	-81	-20	-2.34937541104e-05	0.000438138173347	-0.000358870835488
-89	-81	-20	-2.77353582922e-05	0.000444077422951	-0.000367975666443
-87	-81	-20	-3.50403413613e-05	0.00044916915289	-0.000379391528747
-85	-81	-20	-4.47753279265e-05	0.000453560684049	-0.000392706392599
-83	-81	-20	-5.63009993901e-05	0.000457363936721	-0.000407471819882
-81	-81	-20	-6.89638115018e-05	0.000460643866417	-0.000423187069834
-79	-81	-20	-8.20837197667e-05	0.000463402954373	-0.00043927938815
-77	-81	-20	-9.49833100101e-05	0.00046559492109	-0.000455135749101
-75	-81	-20	-0.00010718626925	0.000467259071126	-0.000470340455163
-73	-81	-20	-0.000118608246662	0.000468649669185	-0.00048490544394
-71	-81	-20	-0.000129367861763	0.000470095686072	-0.000499044520846
-69	-81	-20	-0.000139590201092	0.000471855649068	-0.000512939266885
-67	-81	-20	-0.000149379813328	0.000474093140819	-0.000526708699356
-65	-81	-20	-0.000158835184002	0.000476881181323	-0.000540427073096
-63	-81	-20	-0.000168058805497	0.000480201399566	-0.000554132967175
-61	-81	-20	-0.000177160954483	0.000483933613129	-0.000567825453617
-59	-81	-20	-0.000186260124028	0.000487833026186	-0.000581448655485
-57	-81	-20	-0.000195481802696	0.000491499595088	-0.00059486982193
-55	-81	-20	-0.000204952074069	0.000494419694828	-0.000607895036883
-53	-81	-20	-0.000214773688034	0.000496302475957	-0.000620440074524
-51	-81	-20	-0.000225003355895	0.000497404652313	-0.000632698516344
-49	-81	-20	-0.000235668881946	0.000498198754652	-0.000644972234904
-47	-81	-20	-0.000246788023328	0.00049903008389	-0.000657498292554
-45	-81	-20	-0.000258370886305	0.000500068695885	-0.00067042939182
-43	-81	-20	-0.000270418933188	0.000501333638817	-0.000683849824554
-41	-81	-20	-0.000282925260379	0.000502708038714	-0.000697782596112
-39	-81	-20	-0.000295876446697	0.000503937701878	-0.000712182840679
-37	-81	-20	-0.00030925598785	0.000504611644622	-0.000726917005222
-35	-81	-20	-0.000323048673077	0.000504131502422	-0.000741733598339
-33	-81	-20	-0.000337237840938	0.000501773003077	-0.000756286584009
-31	-81	-20	-0.000351773412309	0.000497124857913	-0.000770375433946
-29	-81	-20	-0.00036654108498	0.000490511591477	-0.000784181588214
-27	-81	-20	-0.000381396692335	0.000482571925516	-0.000798034015292
-25	-81	-20	-0.00039620176158	0.000473820445851	-0.000812170438176
-23	-81	-20	-0.000410829915846	0.000464585242591	-0.000826713772221
-21	-81	-20	-0.000425166237918	0.000455035048927	-0.000841699127079
-19	-81	-20	-0.000439107669813	0.000445190892313	-0.000857089732109
-17	-81	-20	-0.000452565124279	0.000434912261198	-0.000872775429354
-15	-81	-20	-0.000465467356401	0.000423855073835	-0.000888553723242
-13	-81	-20	-0.000477766029132	0.000411412087913	-0.000904100312307
-11	-81	-20	-0.000489434090478	0.000396789649501	-0.000918996161388
-9	-81	-20	-0.000500435652399	0.000379645050383	-0.000932990082277
-7	-81	-20	-0.000510697312112	0.00036070200021	-0.00094625747057
-5	-81	-20	-0.000520143903444	0.000341116468692	-0.000959146697432
-3	-81	-20	-0.000528734999381	0.000321820696099	-0.000971920384778
-1	-81	-20	-0.000536471583091	0.000303427724285	-0.000984729688561
1	-81	-20	-0.000543394151147	0.000286271558328	-0.000997641464307
3	-81	-20	-0.000549579719866	0.000270427469034	-0.0010106501218
5	-81	-20	-0.000555138049981	0.000255698456533	-0.00102366594867
7	-81	-20	-0.000560206986496	0.000241565418732	-0.0010364784916
9	-81	-20	-0.000564946756439	0.000227115453505	-0.00104870456093
11	-81	-20	-0.000569528757304	0.000211147027683	-0.00105982387737
13	-81	-20	-0.000574105807764	0.000192999023086	-0.00106957900013
15	-81	-20	-0.000578783631074	0.000173352742589	-0.00107836892306
17	-81	-20	-0.000583634233982	0.000153424117363	-0.00108684952179
19	-81	-20	-0.000588711847222	0.000134128689293	-0.00109552725706
21	-81	-20	-0.000594052906666	0.000115970046727	-0.00110471637133
23	-81	-20	-0.000599674197978	9.91043296094e-05	-0.00111458260541
25	-81	-20	-0.000605574518985	8.33814026236e-05	-0.00112517006566
27	-81	-20	-0.000611740700158	6.83470090575e-05	-0.00113640113487
29	-81	-20	-0.000618158512853	5.32064960624e-05	-0.00114805006283
31	-81	-20	-0.000624826567731	3.67668346852e-05	-0.00115970046961
33	-81	-20	-0.00063174981969	1.75564985403e-05	-0.00117078139994
35	-81	-20	-0.000638849314108	-5.33091705959e-06	-0.00118093395819
37	-81	-20	-0.000645873938222	-3.14179900836e-05	-0.00119037261339
39	-81	-20	-0.000652495758718	-5.96284614668e-05	-0.00119952722872
41	-81	-20	-0.00065840783531	-8.91009077543e-05	-0.00120868052055
43	-81	-20	-0.000663339143109	-0.000119285964356	-0.00121793780377
45	-81	-20	-0.000667050219283	-0.000149875992849	-0.00122727840853
47	-81	-20	-0.000669332961497	-0.000180769011958	-0.0012365965138
49	-81	-20	-0.00067001628425	-0.000212084990696	-0.00124572531914
51	-81	-20	-0.000668976660699	-0.000244235357784	-0.0012544498594
53	-81	-20	-0.000666151541811	-0.00027802482056	-0.00126251367666
55	-81	-20	-0.000661544864727	-0.000314544735285	-0.00126961949425
57	-81	-20	-0.000655197448154	-0.000354203842335	-0.00127541432092
59	-81	-20	-0.000647156519315	-0.000395784445784	-0.00127948052324
61	-81	-20	-0.000637518174923	-0.000437402065555	-0.00128137317207
63	-81	-20	-0.000626467565236	-0.000477491383398	-0.00128066155647
65	-81	-20	-0.000614281665349	-0.000514931091731	-0.00127695137737
67	-81	-20	-0.000601322233963	-0.000548962155979	-0.00126989481243
69	-81	-20	-0.000588032801911	-0.000579139919858	-0.0012591848666
71	-81	-20	-0.000574949640339	-0.000605339590248	-0.00124452311922
73	-81	-20	-0.000562741262401	-0.000627811608433	-0.00122554735077
75	-81	-20	-0.000552267137834	-0.000647267361418	-0.00120173155739
77	-81	-20	-0.000544412181628	-0.000664811200402	-0.00117249379652
79	-81	-20	-0.00053901412968	-0.000681224856721	-0.00113816151315
81	-81	-20	-0.000533834746519	-0.000696266397625	-0.00110090578817
83	-81	-20	-0.000525570980292	-0.00070938851993	-0.00106376951119
85	-81	-20	-0.0005109109359	-0.000720467816485	-0.00102966441999
87	-81	-20	-0.000486684019828	-0.000729879728343	-0.00100122551775
89	-81	-20	-0.000449786624261	-0.000738410907521	-0.00098087321891
91	-81	-20	-0.000397121278455	-0.000747192554291	-0.000970847940916
93	-81	-20	-0.00032554537161	-0.000757676516206	-0.000973205213769
95	-81	-20	-0.00023179265164	-0.000771663120133	-0.000989786182965
97	-81	-20	-0.000112371712649	-0.000791363414314	-0.00102217610424
99	-81	-20	3.61970944746e-05	-0.000819207345968	-0.00107165066673
-99	-79	-20	-4.46132604663e-05	0.000417089102291	-0.00036168545199
-97	-79	-20	-3.05496884238e-05	0.000428921472365	-0.00035771577705
-95	-79	-20	-2.22201174638e-05	0.000438879455718	-0.000357789830292
-93	-79	-20	-1.88478956563e-05	0.000447335358001	-0.000361466874395
-91	-79	-20	-1.9777644015e-05	0.000454549693759	-0.000368364321851
-89	-79	-20	-2.43900848133e-05	0.000460729988701	-0.000378106538606
-87	-79	-20	-3.20695944773e-05	0.000466053328899	-0.000390302948116
-85	-79	-20	-4.21969264243e-05	0.000470669785673	-0.0004045390751
-83	-79	-20	-5.41463337468e-05	0.000474697601145	-0.000420367367047
-81	-79	-20	-6.72752608905e-05	0.000478210149555	-0.000437287782669
-79	-79	-20	-8.08877445975e-05	0.000481203877807	-0.00045469731576
-77	-79	-20	-9.41471834539e-05	0.000483530308162	-0.00047178022946
-75	-79	-20	-0.00010635209153	0.000485085919341	-0.000487837961631
-73	-79	-20	-0.000117632650423	0.000486300587887	-0.000503128616003
-71	-79	-20	-0.000128257686767	0.000487636749414	-0.000518034865976
-69	-79	-20	-0.000138362530844	0.000489387366065	-0.000532740242533
-67	-79	-20	-0.000148039964654	0.000491732165024	-0.000547342647863
-65	-79	-20	-0.000157380475519	0.000494758215565	-0.000561904757499
-63	-79	-20	-0.000166485477081	0.000498461047755	-0.000576467750935
-61	-79	-20	-0.000175470371683	0.00050273500416	-0.000591046091702
-59	-79	-20	-0.00018446372513	0.000507347003033	-0.000605605714654
-57	-79	-20	-0.000193606758378	0.000511865477676	-0.000620014999465
-55	-79	-20	-0.000203057061576	0.000515502779234	-0.00063395097644
-53	-79	-20	-0.000212955071425	0.000517587005199	-0.000647136443539
-51	-79	-20	-0.000223348140981	0.000518762497418	-0.000659962146735
-49	-79	-20	-0.000234258712678	0.000519780949076	-0.000672864730233
-47	-79	-20	-0.000245710649408	0.000521021747626	-0.000686088601388
-45	-79	-20	-0.000257719521459	0.000522642694245	-0.000699776512481
-43	-79	-20	-0.000270289114077	0.00052464506477	-0.000714012372157
-41	-79	-20	-0.000283411527369	0.000526893667945	-0.000728833448959
-39	-79	-20	-0.000297069231026	0.000529116884832	-0.000744222804964
-37	-79	-20	-0.000311239265372	0.000530883598564	-0.000760080503252
-35	-79	-20	-0.000325902130653	0.000531522078173	-0.00077615707736
-33	-79	-20	-0.000341059291512	0.000529927418979	-0.00079192426877
-31	-79	-20	-0.000356688117309	0.000525176243722	-0.000806907538757
-29	-79	-20	-0.000372624321629	0.000518075496868	-0.000821556208017
-27	-79	-20	-0.000388683160749	0.000509616486595	-0.000836376941455
-25	-79	-20	-0.000404708206433	0.000500362417773	-0.000851603926599
-23	-79	-20	-0.000420557689552	0.000490641870387	-0.000867328979954
-21	-79	-20	-0.000436099629987	0.000480628502195	-0.000883566221499
-19	-79	-20	-0.000451211846406	0.000470358620602	-0.000900275543165
-17	-79	-20	-0.00046578435532	0.000459717948605	-0.000917360564106
-15	-79	-20	-0.000479724205797	0.000448391732729	-0.000934640791898
-13	-79	-20	-0.000492965340963	0.000435726901296	-0.000951780921394
-11	-79	-20	-0.000505487519065	0.000420428459083	-0.000968151062623
-9	-79	-20	-0.000517274055453	0.000401454179348	-0.000983189573041
-7	-79	-20	-0.000528198511053	0.000380297159634	-0.000997351702916
-5	-79	-20	-0.00053814764433	0.000358682584842	-0.00101116958316
-3	-79	-20	-0.00054707241903	0.000337652612334	-0.00102489644105
-1	-79	-20	-0.000554976112588	0.000317849910402	-0.00103865028868
1	-79	-20	-0.000561909055298	0.000299635450221	-0.00105248393751
3	-79	-20	-0.000567965431837	0.00028311698709	-0.00106640612191
5	-79	-20	-0.000573279212381	0.000268135588137	-0.00108036905209
7	-79	-20	-0.000578018928782	0.000254204995581	-0.00109421890618
9	-79	-20	-0.000582383173384	0.000240338656202	-0.00110758118282
11	-79	-20	-0.000586599970035	0.000224664542614	-0.0011196389557
13	-79	-20	-0.000590886532938	0.000205586266391	-0.00112968802036
15	-79	-20	-0.000595364192903	0.00018473479668	-0.00113859719561
17	-79	-20	-0.000600123577087	0.000164010217114	-0.00114734288057
19	-79	-20	-0.000605246627329	0.000144413922919	-0.00115644816675
21	-79	-20	-0.00061079226888	0.000126426717253	-0.00116619769371
23	-79	-20	-0.000616790635227	0.000110173936972	-0.00117674378524
25	-79	-20	-0.000623243868727	9.54767943551e-05	-0.0011881453721
27	-79	-20	-0.000630132569777	8.18535415451e-05	-0.00120036703238
29	-79	-20	-0.000637429453132	6.84712425749e-05	-0.00121323939884
31	-79	-20	-0.000645127152619	5.39862630215e-05	-0.00122635754889
33	-79	-20	-0.000653290359628	3.6176069428e-05	-0.00123888081864
35	-79	-20	-0.000661929131186	1.31164072945e-05	-0.00125003812652
37	-79	-20	-0.000670664309527	-1.38523798063e-05	-0.00126045637577
39	-79	-20	-0.000679068249724	-4.30462508955e-05	-0.00127083385264
41	-79	-20	-0.000686798354229	-7.35739894409e-05	-0.00128143739762
43	-79	-20	-0.000693553086388	-0.000104937662814	-0.0012923066171
45	-79	-20	-0.000699054071416	-0.000136855142418	-0.00130336229718
47	-79	-20	-0.000703044284667	-0.000169210467322	-0.00131445785605
49	-79	-20	-0.000705295260278	-0.000202072330927	-0.00132540214352
51	-79	-20	-0.000705621445637	-0.000235783739316	-0.00133596486638
53	-79	-20	-0.000703902842957	-0.000271194743819	-0.00134587454494
55	-79	-20	-0.000700118417305	-0.000310149152934	-0.00135482017211
57	-79	-20	-0.000694304864123	-0.000354129368457	-0.0013624204656
59	-79	-20	-0.000686427063158	-0.000400763149096	-0.00136816044973
61	-79	-20	-0.000676522308855	-0.000447332516162	-0.00137149142604
63	-79	-20	-0.000664754074434	-0.000492145835381	-0.00137189628683
65	-79	-20	-0.00065138738721	-0.000534070339346	-0.00136891825111
67	-79	-20	-0.000636771045926	-0.00057232158598	-0.00136218642333
69	-79	-20	-0.000621327143114	-0.000606398776824	-0.0013514230122
71	-79	-20	-0.000605556773678	-0.000636092411553	-0.00133641490748
73	-79	-20	-0.000590092225326	-0.000661556865594	-0.00131692067687
75	-79	-20	-0.000575887331574	-0.000683496913634	-0.00129243272571
77	-79	-20	-0.000564676450294	-0.000703547568409	-0.00126168229333
79	-79	-20	-0.000557489625969	-0.000723273012102	-0.00122398011404
81	-79	-20	-0.000550918167892	-0.000741559294809	-0.00118268987871
83	-79	-20	-0.00054083268445	-0.00075724781292	-0.00114171280728
85	-79	-20	-0.00052385322901	-0.000770157830343	-0.0011041049206
87	-79	-20	-0.000496878279688	-0.000780719059855	-0.00107252986319
89	-79	-20	-0.00045688395366	-0.000789785241373	-0.00104945462739
91	-79	-20	-0.000400857278877	-0.000798548078169	-0.00103720101971
93	-79	-20	-0.000325754906339	-0.000808504942665	-0.00103793422341
95	-79	-20	-0.000228409679405	-0.000821497313933	-0.00105361958039
97	-79	-20	-0.000105234269723	-0.000839919531609	-0.00108596948554
99	-79	-20	4.84807540445e-05	-0.000867245913145	-0.00113640189793
-99	-77	-20	-3.96889523134e-05	0.000432561218022	-0.000371134745856
-97	-77	-20	-2.59237892882e-05	0.000444809404717	-0.000367100621393
-95	-77	-20	-1.78958501422e-05	0.000455145364785	-0.000367307482215
-93	-77	-20	-1.48074552428e-05	0.000463954294063	-0.000371292583334
-91	-77	-20	-1.60247078077e-05	0.00047148259741	-0.000378671316779
-89	-77	-20	-2.09346251015e-05	0.000477934805274	-0.000389055573391
-87	-77	-20	-2.89220451081e-05	0.000483489221537	-0.000402039794342
-85	-77	-20	-3.93670326416e-05	0.000488298715754	-0.000417196554767
-83	-77	-20	-5.16450621116e-05	0.000492486257424	-0.000434070233375
-81	-77	-20	-6.51206566471e-05	0.000496135199698	-0.000452161044022
-79	-77	-20	-7.91187760953e-05	0.000499264737752	-0.000470882479648
-77	-77	-20	-9.27816932138e-05	0.000501724268811	-0.000489382583894
-75	-77	-20	-0.000104928064326	0.00050308815971	-0.000506370920562
-73	-77	-20	-0.000116153980171	0.000504142752722	-0.000522650113509
-71	-77	-20	-0.000126736873315	0.000505385039277	-0.000538594927703
-69	-77	-20	-0.000136781428877	0.000507113976016	-0.000554334499733
-67	-77	-20	-0.000146367680979	0.000509522969778	-0.0005699373665
-65	-77	-20	-0.000155584387835	0.000512712214228	-0.000585455820851
-63	-77	-20	-0.000164539315432	0.000516686870911	-0.000600937311813
-61	-77	-20	-0.000173360465513	0.000521349219873	-0.000616417170479
-59	-77	-20	-0.000182193156619	0.000526480268399	-0.000631894712541
-57	-77	-20	-0.000191196662927	0.000531686221946	-0.000647284873156
-55	-77	-20	-0.000200551506988	0.000536148380882	-0.000662267815592
-53	-77	-20	-0.000210466814	0.000538375599681	-0.000676146512864
-51	-77	-20	-0.000220958628087	0.000539838653362	-0.000689731943172
-49	-77	-20	-0.000232061566874	0.000541325143582	-0.000703460350758
-47	-77	-20	-0.000243812099087	0.000543177184372	-0.000717536620675
-45	-77	-20	-0.000256233266148	0.000545533257689	-0.000732082701855
-43	-77	-20	-0.000269332317969	0.000548375463804	-0.000747179866593
-41	-77	-20	-0.000283101411695	0.000551543114275	-0.000762881608434
-39	-77	-20	-0.000297519852365	0.000554734883727	-0.000779205064934
-37	-77	-20	-0.000312557976881	0.000557496989535	-0.000796100065127
-35	-77	-20	-0.000328184842187	0.00055916657095	-0.000813383614737
-33	-77	-20	-0.000344395421519	0.000558562804438	-0.000830531312707
-31	-77	-20	-0.000361237238987	0.000553680740094	-0.000846479459653
-29	-77	-20	-0.000378451445725	0.00054636680841	-0.000862257803172
-27	-77	-20	-0.000395835362069	0.000537647785126	-0.000878362363155
-25	-77	-20	-0.000413219595014	0.000528040844595	-0.000894957755283
-23	-77	-20	-0.000430444836656	0.000517865099679	-0.000912087902348
-21	-77	-20	-0.000447358480152	0.000507298772809	-0.000929740208218
-19	-77	-20	-0.000463815373062	0.000496388022494	-0.000947870640969
-17	-77	-20	-0.000479680560434	0.000485035358633	-0.000966401047621
-15	-77	-20	-0.000494834038611	0.000472963157653	-0.000985188548951
-13	-77	-20	-0.00050917976915	0.000459607656175	-0.00100395477867
-11	-77	-20	-0.00052267473408	0.00044363791748	-0.00102205844419
-9	-77	-20	-0.000535358479954	0.000422480450942	-0.00103828025057
-7	-77	-20	-0.000547002692468	0.000399235236563	-0.00105368976117
-5	-77	-20	-0.000557474609328	0.000375736366533	-0.00106879150954
-3	-77	-20	-0.000566719326606	0.000353004509405	-0.00108375110188
-1	-77	-20	-0.000574740391169	0.000331705767564	-0.00109862979066
1	-77	-20	-0.000581597310977	0.000312236268294	-0.00111345657548
3	-77	-20	-0.000587403499796	0.000294737213914	-0.00112825257918
5	-77	-20	-0.000592321980792	0.000279082204657	-0.00114301823609
7	-77	-20	-0.000596558653573	0.000264832929791	-0.00115768084904
9	-77	-20	-0.000600354930101	0.000251106627985	-0.00117198180692
11	-77	-20	-0.000603990465216	0.000235962021505	-0.00118512091767
13	-77	-20	-0.000607784655245	0.000215794674596	-0.00119541737439
15	-77	-20	-0.000611857948995	0.000194262400131	-0.00120473855586
17	-77	-20	-0.000616344740729	0.000173352214071	-0.0012140673713
19	-77	-20	-0.000621368142278	0.000153977193355	-0.00122383657585
21	-77	-20	-0.000627017599433	0.000136582378894	-0.00123427805712
23	-77	-20	-0.000633342535615	0.000121268374982	-0.00124552689963
25	-77	-20	-0.000640352850709	0.00010782528816	-0.00125766223598
27	-77	-20	-0.000648025580088	9.57324003369e-05	-0.00127070504834
29	-77	-20	-0.000656318767632	8.41244033291e-05	-0.00128457401326
31	-77	-20	-0.00066519791189	7.16708259974e-05	-0.00129898273856
33	-77	-20	-0.000674717821981	5.5979626023e-05	-0.00131311471068
35	-77	-20	-0.000685100890849	3.30169419014e-05	-0.00132531365762
37	-77	-20	-0.000695717588646	6.03326739512e-06	-0.00133710563437
39	-77	-20	-0.000706110548555	-2.33026921262e-05	-0.00134917708127
41	-77	-20	-0.000715921849984	-5.42695804015e-05	-0.00136168529812
43	-77	-20	-0.000724818596407	-8.64544100632e-05	-0.00137458578593
45	-77	-20	-0.000732476504011	-0.000119606499593	-0.00138773976431
47	-77	-20	-0.000738579078461	-0.000153599870281	-0.00140096732026
49	-77	-20	-0.000742826977853	-0.000188453658839	-0.00141406667793
51	-77	-20	-0.000744955965135	-0.000224412619094	-0.00142680825511
53	-77	-20	-0.000744763670907	-0.000262147509609	-0.00143891507585
55	-77	-20	-0.000742160444792	-0.000303530398702	-0.00145005289827
57	-77	-20	-0.000737217453174	-0.000352388469031	-0.00145983196443
59	-77	-20	-0.000729759175099	-0.00040392264153	-0.00146759084689
61	-77	-20	-0.000719791374218	-0.000455303259353	-0.00147265757283
63	-77	-20	-0.000707470566086	-0.000504932299275	-0.00147439063145
65	-77	-20	-0.000693065428157	-0.000551687342175	-0.00147222692788
67	-77	-20	-0.000676935876763	-0.000594744867046	-0.00146573176013
69	-77	-20	-0.000659516187865	-0.000633528149609	-0.00145462334759
71	-77	-20	-0.000641309600279	-0.000667718737726	-0.0014387537149
73	-77	-20	-0.00062291842437	-0.00069732540658	-0.00141802327169
75	-77	-20	-0.000605187536945	-0.000722850697288	-0.0013921651788
77	-77	-20	-0.000589958034538	-0.000745892131517	-0.00135994863966
79	-77	-20	-0.000580811793654	-0.000769727585038	-0.00131840258166
81	-77	-20	-0.000571812480746	-0.000791402450968	-0.00127335735165
83	-77	-20	-0.000558745974294	-0.00080968117764	-0.00122885722811
85	-77	-20	-0.000538359507406	-0.000824494626363	-0.00118789075042
87	-77	-20	-0.000507595616001	-0.000836359924681	-0.001153141209
89	-77	-20	-0.000463440039156	-0.000846218469706	-0.0011271561198
91	-77	-20	-0.000402882714856	-0.000855352059717	-0.00111238729366
93	-77	-20	-0.000322900760592	-0.000865337980364	-0.0011111667668
95	-77	-20	-0.000220402456616	-0.000878057349259	-0.00112564348274
97	-77	-20	-9.20042837318e-05	-0.000895842609456	-0.00115770307054
99	-77	-20	6.71135809135e-05	-0.000922340488195	-0.00120891459379
-99	-75	-20	-3.57469648653e-05	0.000447880076798	-0.000382044448315
-97	-75	-20	-2.18087473957e-05	0.000460897070892	-0.000377726934782
-95	-75	-20	-1.3732373358e-05	0.000471879260284	-0.000377924504207
-93	-75	-20	-1.07226133627e-05	0.000481205002926	-0.000382163366993
-91	-75	-20	-1.21001166095e-05	0.00048914660016	-0.000390015315729
-89	-75	-20	-1.7219047802e-05	0.000495924447219	-0.000401053969947
-87	-75	-20	-2.54373376928e-05	0.000501725649432	-0.000414839584097
-85	-75	-20	-3.61113851637e-05	0.00050670548809	-0.000430914351565
-83	-75	-20	-4.85940806552e-05	0.000510983335366	-0.000448794067518
-81	-75	-20	-6.22242755664e-05	0.000514633023859	-0.000467946114724
-79	-75	-20	-7.62891398405e-05	0.000517656031423	-0.000487733974997
-77	-75	-20	-8.99356884663e-05	0.00051991892846	-0.00050730205563
-75	-75	-20	-0.000102445879061	0.00052134684124	-0.000525902310576
-73	-75	-20	-0.000113933748513	0.000522411856753	-0.000543734676456
-71	-75	-20	-0.000124654416316	0.000523627886295	-0.000561120844012
-69	-75	-20	-0.000134735019588	0.000525340938614	-0.000578190144208
-67	-75	-20	-0.000144268953097	0.000527776358806	-0.000595003679826
-65	-75	-20	-0.00015335868086	0.000531051676439	-0.000611613081803
-63	-75	-20	-0.000162130028416	0.000535173554578	-0.000628077461568
-61	-75	-20	-0.000170734445823	0.000540028965952	-0.000644454560862
-59	-75	-20	-0.000179345547207	0.000545364945505	-0.000660768423521
-57	-75	-20	-0.000188154574937	0.000550727277403	-0.000676945020373
-55	-75	-20	-0.000197369481325	0.00055531341252	-0.000692702393471
-53	-75	-20	-0.000207177126581	0.000558451685904	-0.000707776259914
-51	-75	-20	-0.000217664253705	0.000560802737503	-0.000722539702663
-49	-75	-20	-0.000228884152109	0.000563143893188	-0.000737389231999
-47	-75	-20	-0.000240882913571	0.000565876848706	-0.00075252307286
-45	-75	-20	-0.000253690528134	0.000569163761576	-0.000768051181104
-43	-75	-20	-0.000267318455009	0.000572980365383	-0.000784054259484
-41	-75	-20	-0.000281760605422	0.000577130577462	-0.000800603780274
-39	-75	-20	-0.000296995953641	0.000581249648703	-0.000817751043579
-37	-75	-20	-0.000312993033527	0.000584792677915	-0.000835483943997
-35	-75	-20	-0.000329718991928	0.000586971175256	-0.000853638229721
-33	-75	-20	-0.000347157200209	0.000586579827071	-0.000871744420425
-31	-75	-20	-0.00036526223438	0.00058262664354	-0.000889342511645
-29	-75	-20	-0.000383842251292	0.000575888605117	-0.00090684676923
-27	-75	-20	-0.000402680046609	0.000567362066306	-0.000924688787137
-25	-75	-20	-0.000421581732336	0.000557637987517	-0.000943009326318
-23	-75	-20	-0.000440363193305	0.000547079156705	-0.00096181517549
-21	-75	-20	-0.000458845635719	0.000535885287283	-0.000981067247598
-19	-75	-20	-0.000476856282176	0.000524102248099	-0.00100071698458
-17	-75	-20	-0.000494231572384	0.000511609265729	-0.00102070261924
-15	-75	-20	-0.000510822779887	0.000498078259716	-0.00104090478661
-13	-75	-20	-0.000526506677227	0.000482851460274	-0.00106104856034
-11	-75	-20	-0.000541205593857	0.000464654677073	-0.00108053391599
-9	-75	-20	-0.000554847125721	0.000442504322561	-0.00109877666627
-7	-75	-20	-0.00056725403123	0.000417992703069	-0.00111615190708
-5	-75	-20	-0.000578271631508	0.000392975957814	-0.00113306880317
-3	-75	-20	-0.000587823960406	0.00036864068267	-0.00114964556141
-1	-75	-20	-0.000595906769106	0.000345765098686	-0.00116589010733
1	-75	-20	-0.000602585922895	0.000324816789497	-0.00118180180801
3	-75	-20	-0.000607995886063	0.000305968900627	-0.0011974095289
5	-75	-20	-0.000612335025737	0.000289085369243	-0.00121275614934
7	-75	-20	-0.000615857502309	0.000273670313013	-0.00122782612464
9	-75	-20	-0.000618863984194	0.000258713574773	-0.001242393663
11	-75	-20	-0.000621694907494	0.000242326754458	-0.00125576017333
13	-75	-20	-0.000624683464463	0.00022292082493	-0.00126727809341
15	-75	-20	-0.00062806373282	0.000202163272351	-0.00127780043091
17	-75	-20	-0.000632029519558	0.000182011684553	-0.00128822930522
19	-75	-20	-0.000636750834575	0.000163526749817	-0.00129898897895
21	-75	-20	-0.000642355086276	0.000147226431166	-0.00131028287968
23	-75	-20	-0.000648918285393	0.000133229597177	-0.00132223644733
25	-75	-20	-0.000656464810191	0.000121293694636	-0.00133495622895
27	-75	-20	-0.000664975335487	0.000110812579773	-0.00134852670911
29	-75	-20	-0.000674404637348	0.000100775093539	-0.00136294636518
31	-75	-20	-0.000684715551052	8.96203237745e-05	-0.00137798582937
33	-75	-20	-0.00069593758406	7.48888107152e-05	-0.00139294296154
35	-75	-20	-0.000708044675523	5.44200835932e-05	-0.001407112724
37	-75	-20	-0.000720621000884	2.93371783831e-05	-0.00142110107542
39	-75	-20	-0.000733197373496	1.13999754242e-06	-0.00143550946279
41	-75	-20	-0.000745376996625	-2.94211848864e-05	-0.00145046421738
43	-75	-20	-0.000756782924086	-6.19398574318e-05	-0.00146586252728
45	-75	-20	-0.000767033860289	-9.61728482566e-05	-0.00148151816766
47	-75	-20	-0.000775740627944	-0.000131991689716	-0.00149723408203
49	-75	-20	-0.000782517332324	-0.000169407265124	-0.00151282345882
51	-75	-20	-0.00078700511796	-0.000208671550426	-0.00152809029197
53	-75	-20	-0.000788908226913	-0.000250527249968	-0.00154278589786
55	-75	-20	-0.000788042462392	-0.000296712478247	-0.00155656534221
57	-75	-20	-0.00078430783321	-0.000348618986362	-0.00156892368621
59	-75	-20	-0.000777569224934	-0.000403802594353	-0.00157912544044
61	-75	-20	-0.000767805819587	-0.000459484209195	-0.0015863285678
63	-75	-20	-0.000755165070612	-0.000513905224741	-0.00158969919819
65	-75	-20	-0.000739934388849	-0.000565840739118	-0.00158850075092
67	-75	-20	-0.000722517080701	-0.00061437389509	-0.00158217375252
69	-75	-20	-0.000703413890781	-0.000658825198879	-0.00157037698833
71	-75	-20	-0.000683219351918	-0.000698765227393	-0.00155296469443
73	-75	-20	-0.000662663330447	-0.000734102411926	-0.00152987032151
75	-75	-20	-0.000642789840036	-0.000765291933878	-0.00150082378254
77	-75	-20	-0.000625404629973	-0.000793740877589	-0.0014648038081
79	-75	-20	-0.000611580691634	-0.000820830888924	-0.00142133563707
81	-75	-20	-0.000597917470031	-0.000845329239109	-0.00137394595582
83	-75	-20	-0.000580256664047	-0.000866033184366	-0.00132665913658
85	-75	-20	-0.00055515413926	-0.000882795634475	-0.00128265031428
87	-75	-20	-0.000519413959313	-0.000896154098952	-0.00124474323763
89	-75	-20	-0.000469895380469	-0.000907134874049	-0.00121564299977
91	-75	-20	-0.000403456737009	-0.000917152147856	-0.0011980030055
93	-75	-20	-0.00031692818679	-0.000927955163333	-0.00119440100255
95	-75	-20	-0.000207035935901	-0.000941640572302	-0.00120725635012
97	-75	-20	-7.01258575237e-05	-0.000960831552557	-0.0012387184329
99	-75	-20	9.85195256202e-05	-0.000989176293332	-0.00129056123669
-99	-73	-20	-3.16951549975e-05	0.000463874411541	-0.000394018213487
-97	-73	-20	-1.76135913701e-05	0.000477693839606	-0.000389503781184
-95	-73	-20	-9.3791777178e-06	0.000489449324238	-0.000389709681165
-93	-73	-20	-6.33938251135e-06	0.000499414596881	-0.000394227813646
-91	-73	-20	-7.80163238885e-06	0.000507862146307	-0.000402600230212
-89	-73	-20	-1.30772212988e-05	0.000515029227063	-0.000414352119059
-87	-73	-20	-2.14807682671e-05	0.000521114420599	-0.000428996841979
-85	-73	-20	-3.2329573775e-05	0.000526274530233	-0.000446035703521
-83	-73	-20	-4.49416684244e-05	0.000530620880522	-0.000464949369315
-81	-73	-20	-5.86269047891e-05	0.00053421507714	-0.000485176121466
-79	-73	-20	-7.26721848655e-05	0.00053706509616	-0.00050608073958
-77	-73	-20	-8.63675460018e-05	0.000539151404287	-0.000526973565594
-75	-73	-20	-9.92028331205e-05	0.000540569852815	-0.000547339872246
-73	-73	-20	-0.000111059576756	0.000541661570856	-0.000567071413832
-71	-73	-20	-0.000122026353805	0.000542863572633	-0.000586253175
-69	-73	-20	-0.000132209067176	0.000544546767875	-0.000604950387131
-67	-73	-20	-0.00014171121606	0.00054697168035	-0.00062320173149
-65	-73	-20	-0.000150654011947	0.000550275791643	-0.000641055867875
-63	-73	-20	-0.000159188855687	0.000554463310492	-0.000658588277411
-61	-73	-20	-0.000167499513967	0.000559396092022	-0.00067589045959
-59	-73	-20	-0.000175797020071	0.000564783544556	-0.000693032356257
-57	-73	-20	-0.000184309896439	0.000570173427723	-0.000710007039023
-55	-73	-20	-0.000193267843575	0.000575017332623	-0.00072671052012
-53	-73	-20	-0.000202868676664	0.000579024366811	-0.000743086161663
-51	-73	-20	-0.000213249170819	0.000582488778154	-0.000759286493309
-49	-73	-20	-0.00022449933007	0.000585943548141	-0.000775521535355
-47	-73	-20	-0.00023668153377	0.000589789160556	-0.00079192238318
-45	-73	-20	-0.000249834997354	0.000594213063039	-0.000808564931079
-43	-73	-20	-0.000263977148591	0.000599187430329	-0.00082552174001
-41	-73	-20	-0.000279105661708	0.000604471959166	-0.00084288670375
-39	-73	-20	-0.000295201245664	0.000609618642627	-0.000860761758919
-37	-73	-20	-0.000312231470029	0.000613976894861	-0.000879205156285
-35	-73	-20	-0.000330155343754	0.000616701256376	-0.000898153633493
-33	-73	-20	-0.000348920753349	0.000616855425943	-0.000917392663375
-31	-73	-20	-0.000368432581363	0.000613885554085	-0.000936755970244
-29	-73	-20	-0.000388521735341	0.000608058243957	-0.000956349271328
-27	-73	-20	-0.000408979108097	0.000600030314974	-0.000976336952694
-25	-73	-20	-0.000429590800861	0.00059038242425	-0.000996751650571
-23	-73	-20	-0.000450144677894	0.000579520251149	-0.00101753011474
-21	-73	-20	-0.000470430634093	0.000567669356066	-0.0010385919249
-19	-73	-20	-0.000490242555753	0.000554868550959	-0.0010598841361
-17	-73	-20	-0.000509382246306	0.000540956926848	-0.00108137678688
-15	-73	-20	-0.000527664946042	0.000525551914393	-0.00110300839182
-13	-73	-20	-0.000544925859099	0.000508023880487	-0.00112459646922
-11	-73	-20	-0.000561020468882	0.000487610920648	-0.00114579762441
-9	-73	-20	-0.000575798041725	0.000464084715857	-0.00116631962566
-7	-73	-20	-0.000589079351007	0.00043837307875	-0.00118616705329
-5	-73	-20	-0.000600701736187	0.000411906670296	-0.00120542016921
-3	-73	-20	-0.000610566594254	0.000385922662283	-0.00122404478324
-1	-73	-20	-0.000618656559581	0.000361320042278	-0.00124194863344
1	-73	-20	-0.000625041418936	0.000338655981882	-0.0012590784018
3	-73	-20	-0.000629878684776	0.000318139388296	-0.00127546891204
5	-73	-20	-0.000633408511362	0.000299614337333	-0.00129122554294
7	-73	-20	-0.000635943028507	0.000282531877912	-0.00130643832551
9	-73	-20	-0.00063785071875	0.000265919096143	-0.00132104856109
11	-73	-20	-0.000639532579852	0.000248531864746	-0.00133479356316
13	-73	-20	-0.000641378471379	0.000229721541927	-0.00134753574013
15	-73	-20	-0.000643724762505	0.00021024963691	-0.00135963149211
17	-73	-20	-0.000646854920602	0.000191461637802	-0.00137156328145
19	-73	-20	-0.000651004257686	0.000174408838729	-0.00138360986627
21	-73	-20	-0.000656350717923	0.000159683859941	-0.00139589760813
23	-73	-20	-0.00066300650939	0.000147438722342	-0.00140852509751
25	-73	-20	-0.000671017098024	0.000137397456454	-0.00142163409677
27	-73	-20	-0.000680369761802	0.000128852139837	-0.00143540483704
29	-73	-20	-0.000691012945129	0.000120641871524	-0.00144997682655
31	-73	-20	-0.00070288345308	0.000111126549072	-0.00146531817202
33	-73	-20	-0.000715914547759	9.83478772005e-05	-0.00148116225428
35	-73	-20	-0.000729956151617	8.09155355437e-05	-0.00149729474447
37	-73	-20	-0.000744687909526	5.88630624324e-05	-0.0015138822558
39	-73	-20	-0.000759704960971	3.2891034099e-05	-0.00153113982978
41	-73	-20	-0.000774598215425	3.57257585712e-06	-0.00154904133128
43	-73	-20	-0.00078895003358	-2.87316487364e-05	-0.00156738260811
45	-73	-20	-0.000802315736509	-6.37966104578e-05	-0.00158591551684
47	-73	-20	-0.000814219325196	-0.000101497358565	-0.00160443548153
49	-73	-20	-0.000824167271386	-0.000141836203343	-0.0016228026565
51	-73	-20	-0.000831678837397	-0.000185036305501	-0.00164090098322
53	-73	-20	-0.000836327931546	-0.00023167943551	-0.00165855338831
55	-73	-20	-0.00083778067435	-0.000282639263443	-0.00167542046441
57	-73	-20	-0.000835795281476	-0.000338142826555	-0.00169090921568
59	-73	-20	-0.000830212926966	-0.000396835587497	-0.00170414561538
61	-73	-20	-0.000821010408388	-0.000456723303122	-0.0017140641542
63	-73	-20	-0.000808339856016	-0.000516120066142	-0.00171955860108
65	-73	-20	-0.000792523197199	-0.000573729772222	-0.00171963698459
67	-73	-20	-0.000774032125456	-0.000628531042986	-0.00171354968507
69	-73	-20	-0.000753469266498	-0.000679716495346	-0.00170085684028
71	-73	-20	-0.000731560801424	-0.000726709359339	-0.00168140782981
73	-73	-20	-0.000709174803101	-0.000769251487684	-0.00165521804869
75	-73	-20	-0.000687356415845	-0.000807536682446	-0.00162226987162
77	-73	-20	-0.000667138577556	-0.000842196310775	-0.00158250296891
79	-73	-20	-0.000648449040619	-0.00087363353382	-0.0015366828507
81	-73	-20	-0.000629068339409	-0.000901360067816	-0.00148729385841
83	-73	-20	-0.000605636737143	-0.000924735888457	-0.00143759542226
85	-73	-20	-0.000574714392429	-0.000943703644397	-0.00139070193885
87	-73	-20	-0.000532941974485	-0.000958855419892	-0.00134953960522
89	-73	-20	-0.000476981507852	-0.000971326334989	-0.00131699159483
91	-73	-20	-0.000403475702878	-0.000982699096119	-0.0012959675877
93	-73	-20	-0.000309023774818	-0.000994939856068	-0.00128937285333
95	-73	-20	-0.000190138370967	-0.00101037343434	-0.00129999441459
97	-73	-20	-4.31859175296e-05	-0.00103168368271	-0.00133033354691
99	-73	-20	0.000135335292008	-0.00106166002883	-0.00138241321294
-99	-71	-20	-2.68498739989e-05	0.000481117652767	-0.000406894182421
-97	-71	-20	-1.26772073432e-05	0.000495784204687	-0.000402301876213
-95	-71	-20	-4.35369829397e-06	0.000508347849378	-0.000402662020173
-93	-71	-20	-1.31514866725e-06	0.000519014052375	-0.000407595191773
-91	-71	-20	-2.88162822958e-06	0.000528036978273	-0.000416622057371
-89	-71	-20	-8.33211765314e-06	0.00053566154686	-0.000429220087381
-87	-71	-20	-1.69369712857e-05	0.000542095302278	-0.000444852904887
-85	-71	-20	-2.7972312434e-05	0.000547495161713	-0.000462982361032
-83	-71	-20	-4.07256170317e-05	0.000551964024995	-0.000483066465659
-81	-71	-20	-5.4496975626e-05	0.000555557495845	-0.000504546617424
-79	-71	-20	-6.86078722001e-05	0.000558305882156	-0.000526839542323
-77	-71	-20	-8.24468763915e-05	0.000560265663776	-0.000549373385595
-75	-71	-20	-9.55683715017e-05	0.000561601943335	-0.00057169371323
-73	-71	-20	-0.000107758045223	0.000562630954616	-0.0005935415951
-71	-71	-20	-0.000118975954445	0.000563755286531	-0.000614798573777
-69	-71	-20	-0.000129265870842	0.000565359341947	-0.000635401849784
-67	-71	-20	-0.000138716763625	0.000567736467096	-0.000655325228868
-65	-71	-20	-0.000147459997213	0.000571047346564	-0.000674597046775
-63	-71	-20	-0.000155672720274	0.000575297307969	-0.000693311871118
-61	-71	-20	-0.000163575919634	0.000580329940384	-0.000711617220091
-59	-71	-20	-0.000171424864513	0.000585840843223	-0.000729673250565
-57	-71	-20	-0.000179492201343	0.000591426519758	-0.000747600343296
-55	-71	-20	-0.000188044016051	0.000596706168279	-0.000765454308309
-53	-71	-20	-0.000197311759482	0.000601523942963	-0.000783264014826
-51	-71	-20	-0.000207473206517	0.000606062414808	-0.000801073315562
-49	-71	-20	-0.000218653684243	0.000610704902804	-0.000818914732795
-47	-71	-20	-0.000230937357209	0.000615810286648	-0.000836785211863
-45	-71	-20	-0.000244376549479	0.000621571090022	-0.000854679456165
-43	-71	-20	-0.000258997585513	0.000627949195899	-0.000872642739777
-41	-71	-20	-0.000274804404215	0.000634653838602	-0.000890799514287
-39	-71	-20	-0.000291780866547	0.000641149788625	-0.00090933904841
-37	-71	-20	-0.00030989227232	0.000646696811392	-0.000928458586231
-35	-71	-20	-0.000329085012571	0.000650437022431	-0.000948287160657
-33	-71	-20	-0.000349279908456	0.000651576483827	-0.000968846987601
-31	-71	-20	-0.000370356663982	0.000649669187871	-0.00099010161068
-29	-71	-20	-0.00039214425489	0.000644784926476	-0.00101200983798
-27	-71	-20	-0.000414432686546	0.000637351439673	-0.00103448485163
-25	-71	-20	-0.000436991217734	0.00062787937913	-0.00105735812714
-23	-71	-20	-0.000459578678706	0.000616787663372	-0.00108042752904
-21	-71	-20	-0.000481948756991	0.000604320418646	-0.00110353772331
-19	-71	-20	-0.000503854795657	0.000590508876162	-0.00112663209746
-17	-71	-20	-0.000525055023765	0.000575162123056	-0.00114974885961
-15	-71	-20	-0.000545317206935	0.000557889309444	-0.00117295927567
-13	-71	-20	-0.00056442062604	0.000538181050369	-0.00119627425633
-11	-71	-20	-0.000582151818807	0.000515625461414	-0.00121958657009
-9	-71	-20	-0.000598294282	0.000490280770454	-0.0012427112234
-7	-71	-20	-0.000612629692545	0.000462890084429	-0.0012654448844
-5	-71	-20	-0.000624966378706	0.000434631974096	-0.00128753827555
-3	-71	-20	-0.000635177124493	0.00040671317696	-0.00130868512041
-1	-71	-20	-0.000643226639344	0.000380118112187	-0.00132860370036
1	-71	-20	-0.000649186540196	0.000355494098917	-0.00134714438122
3	-71	-20	-0.000653239714087	0.000333098416925	-0.00136435068164
5	-71	-20	-0.000655674912188	0.000312782262019	-0.00138044262523
7	-71	-20	-0.000656872235185	0.000294015768899	-0.00139572339245
9	-71	-20	-0.000657279983823	0.000275991870699	-0.00141044877686
11	-71	-20	-0.00065738239521	0.000257907793226	-0.00142475641646
13	-71	-20	-0.000657659941523	0.000239453117146	-0.00143873918768
15	-71	-20	-0.000658554793312	0.000221099203505	-0.00145252777531
17	-71	-20	-0.000660453263191	0.000203795282286	-0.00146621327254
19	-71	-20	-0.000663676459386	0.000188466366339	-0.00147977686126
21	-71	-20	-0.000668469906662	0.000175718176543	-0.00149315948779
23	-71	-20	-0.000674994367773	0.000165719253631	-0.00150638514063
25	-71	-20	-0.000683322768293	0.000158159611792	-0.00151963897505
27	-71	-20	-0.000693446946239	0.000152246164195	-0.00153325979714
29	-71	-20	-0.000705295304771	0.00014673170406	-0.00154764753631
31	-71	-20	-0.000718755150346	0.000140014436665	-0.00156312591217
33	-71	-20	-0.000733680266391	0.000130415129468	-0.00157985468145
35	-71	-20	-0.000749866631371	0.00011667766388	-0.00159787521925
37	-71	-20	-0.000767029083344	9.83062742279e-05	-0.00161717322393
39	-71	-20	-0.000784818948265	7.53514264823e-05	-0.00163760865836
41	-71	-20	-0.000802844554002	4.80254469387e-05	-0.00165886464768
43	-71	-20	-0.000820663858948	1.6525924707e-05	-0.00168053297715
45	-71	-20	-0.000837768465602	-1.8990719156e-05	-0.00170225313603
47	-71	-20	-0.000853580716236	-5.84077191028e-05	-0.00172381024317
49	-71	-20	-0.000867471956416	-0.000101671355582	-0.00174514985154
51	-71	-20	-0.000878801201102	-0.000148844471767	-0.00176630265351
53	-71	-20	-0.000886967056262	-0.00020013543893	-0.00178723673846
55	-71	-20	-0.000891458634998	-0.000255746815388	-0.00180767970939
57	-71	-20	-0.00089189141675	-0.000315445603496	-0.00182697544408
59	-71	-20	-0.00088803513536	-0.000378272742196	-0.00184404815503
61	-71	-20	-0.000879846033128	-0.000442834370152	-0.00185750937843
63	-71	-20	-0.000867486700654	-0.000507735143878	-0.00186587010134
65	-71	-20	-0.000851321823038	-0.000571739133345	-0.00186778239379
67	-71	-20	-0.00083189906645	-0.000633760136864	-0.00186224129357
69	-71	-20	-0.000809924321896	-0.00069284143858	-0.00184869856856
71	-71	-20	-0.00078623240756	-0.000748183745433	-0.00182706475961
73	-71	-20	-0.000761740622086	-0.000799218434979	-0.00179760818315
75	-71	-20	-0.000737330455082	-0.000845672952041	-0.00176082458741
77	-71	-20	-0.000713518365474	-0.000887503657557	-0.00171746318813
79	-71	-20	-0.000689857286412	-0.000924621092398	-0.00166884609145
81	-71	-20	-0.000664558315617	-0.000956722125654	-0.00161709994417
83	-71	-20	-0.00063482177517	-0.000983559036697	-0.00156487315826
85	-71	-20	-0.000597390626468	-0.00100530774014	-0.0015149638034
87	-71	-20	-0.000548839254471	-0.00102271143687	-0.00147023831132
89	-71	-20	-0.000485658940204	-0.0010370628111	-0.00143370397618
91	-71	-20	-0.000404282834055	-0.00105013475301	-0.00140855080352
93	-71	-20	-0.000301111608737	-0.00106409728075	-0.00139809149288
95	-71	-20	-0.000172573963795	-0.0010814119264	-0.00140559380003
97	-71	-20	-1.53040114552e-05	-0.00110464106606	-0.00143403037037
99	-71	-20	0.000173363059948	-0.00113601641918	-0.00148579215803
-99	-69	-20	-2.07811403262e-05	0.000500027811069	-0.000420653793643
-97	-69	-20	-6.55017460622e-06	0.000515630197765	-0.000416113434618
-95	-69	-20	1.75876424055e-06	0.000529047309321	-0.000416823283649
-93	-69	-20	4.68384689181e-06	0.000540460715019	-0.000422388543118
-91	-69	-20	2.91018554599e-06	0.000550120854172	-0.000432288973112
-89	-69	-20	-2.8077952838e-06	0.000558283034256	-0.000445946524869
-87	-69	-20	-1.16978977083e-05	0.000565163805423	-0.000462773592807
-85	-69	-20	-2.29993856855e-05	0.000570918352148	-0.000482199408233
-83	-69	-20	-3.59782808879e-05	0.000575637149457	-0.000503677178545
-81	-69	-20	-4.99372512452e-05	0.000579362613945	-0.000526677521199
-79	-69	-20	-6.42310223253e-05	0.000582128344742	-0.000550680386041
-77	-69	-20	-7.82991962218e-05	0.000584019444963	-0.000575184350308
-75	-69	-20	-9.17129097537e-05	0.000585234320212	-0.000599739522655
-73	-69	-20	-0.000104202128979	0.000586105761721	-0.000623976133434
-71	-69	-20	-0.000115638796096	0.000587055371715	-0.000647604336462
-69	-69	-20	-0.000125999908315	0.000588506971192	-0.000670408299337
-67	-69	-20	-0.000135343213279	0.000590801470877	-0.000692260588463
-65	-69	-20	-0.000143798990566	0.000594134323877	-0.000713147712829
-63	-69	-20	-0.000151566708078	0.000598520487561	-0.000733183937819
-61	-69	-20	-0.000158907667514	0.000603790202996	-0.000752597150325
-59	-69	-20	-0.000166129502778	0.000609623338594	-0.000771681073325
-57	-69	-20	-0.000173561585612	0.000615633378716	-0.000790722021111
-55	-69	-20	-0.000181523666136	0.000621502536622	-0.000809925902413
-53	-69	-20	-0.000190294964949	0.000627126631713	-0.000829375320711
-51	-69	-20	-0.000200094712686	0.000632673307776	-0.000849024451293
-49	-69	-20	-0.000211080322355	0.000638493772467	-0.000868726083177
-47	-69	-20	-0.000223357935033	0.000644949036609	-0.000888294481986
-45	-69	-20	-0.000236995363512	0.000652248755093	-0.000907593813871
-43	-69	-20	-0.000252031372106	0.000660346836168	-0.000926618414206
-41	-69	-20	-0.000268480085244	0.00066889701507	-0.000945533504705
-39	-69	-20	-0.000286331777936	0.000677264655098	-0.00096466091375
-37	-69	-20	-0.000305551617779	0.000684597536381	-0.00098440914526
-35	-69	-20	-0.00032607678077	0.00068996446235	-0.0010051646841
-33	-69	-20	-0.000347811083103	0.000692560041614	-0.00102718330792
-31	-69	-20	-0.00037061786656	0.00069192064011	-0.00105052346162
-29	-69	-20	-0.000394316464457	0.00068802674965	-0.00107503164153
-27	-69	-20	-0.000418686463348	0.000681213912435	-0.00110037219902
-25	-69	-20	-0.000443476315649	0.000671968704457	-0.00112610905228
-23	-69	-20	-0.000468411635024	0.000660733523142	-0.00115182836824
-21	-69	-20	-0.000493202876609	0.000647774946213	-0.00117725740082
-19	-69	-20	-0.000517553380951	0.000633118436005	-0.0012023355653
-17	-69	-20	-0.000541167075929	0.000616544027746	-0.00122721374202
-15	-69	-20	-0.000563753516977	0.000597647569533	-0.00125217644577
-13	-69	-20	-0.000585027824943	0.000575983345836	-0.00127750437335
-11	-69	-20	-0.000604705545264	0.000551294334948	-0.00130332601084
-9	-69	-20	-0.000622498630165	0.000523764577136	-0.00132951945222
-7	-69	-20	-0.000638124722301	0.000494126410364	-0.00135569312937
-5	-69	-20	-0.000651336156636	0.000463515509241	-0.0013812448559
-3	-69	-20	-0.000661959634833	0.000433180258224	-0.00140549792362
-1	-69	-20	-0.000669931849135	0.000404212805675	-0.0014278828643
1	-69	-20	-0.000675322462092	0.000377368786311	-0.00144809939469
3	-69	-20	-0.000678342245516	0.000352973203314	-0.00146620337032
5	-69	-20	-0.0006793370215	0.000330903917953	-0.00148259331821
7	-69	-20	-0.000678768753006	0.000310660663557	-0.001497896456
9	-69	-20	-0.000677185258046	0.00029154299511	-0.00151278349734
11	-69	-20	-0.000675180948446	0.000272947234968	-0.0015277789565
13	-69	-20	-0.00067335404034	0.000254698209942	-0.00154314036144
15	-69	-20	-0.000672269072152	0.000237199553148	-0.00155882580715
17	-69	-20	-0.000672430485921	0.000221264820779	-0.00157453746901
19	-69	-20	-0.000674264446025	0.000207768495698	-0.00158985092441
21	-69	-20	-0.000678103477221	0.000197333790371	-0.00160440835963
23	-69	-20	-0.000684172880261	0.000190140912265	-0.00161809982738
25	-69	-20	-0.000692582268589	0.000185843646054	-0.00163116358297
27	-69	-20	-0.000703327446361	0.00018356786207	-0.00164417464953
29	-69	-20	-0.000716306583617	0.000181983070881	-0.00165792257925
31	-69	-20	-0.000731348655422	0.000179462332088	-0.00167321032859
33	-69	-20	-0.000748242673133	0.000174350228988	-0.00169064279404
35	-69	-20	-0.000766753639333	0.000165285213569	-0.00171048180428
37	-69	-20	-0.000786622694377	0.000151397270433	-0.00173259524448
39	-69	-20	-0.000807555452585	0.000132258804433	-0.00175649487696
41	-69	-20	-0.000829196665124	0.000107705944114	-0.00178147094258
43	-69	-20	-0.000851096044668	7.7701747904e-05	-0.00180679774459
45	-69	-20	-0.000872681988782	4.22821212236e-05	-0.00183193366077
47	-69	-20	-0.000893257862382	1.54453309625e-06	-0.00185664457803
49	-69	-20	-0.000912026364529	-4.43622651922e-05	-0.00188101225557
51	-69	-20	-0.000928140526705	-9.52626272029e-05	-0.00190531415514
53	-69	-20	-0.000940774588055	-0.000150966714449	-0.00192978689088
55	-69	-20	-0.000949202153471	-0.000211211937246	-0.00195432934486
57	-69	-20	-0.00095286611521	-0.000275525372362	-0.00197825474925
59	-69	-20	-0.000951429688958	-0.000343139581887	-0.00200021581546
61	-69	-20	-0.000944804464084	-0.000413069985104	-0.00201835959882
63	-69	-20	-0.000933154644451	-0.00048424837879	-0.00203065450152
65	-69	-20	-0.000916882449068	-0.000555583546067	-0.00203526347177
67	-69	-20	-0.000896602679664	-0.00062596139699	-0.00203085052596
69	-69	-20	-0.000873107980725	-0.00069425088308	-0.00201675922562
71	-69	-20	-0.000847314215059	-0.00075935012364	-0.00199304589649
73	-69	-20	-0.00082016017894	-0.000820266185901	-0.00196038258995
75	-69	-20	-0.00079241883223	-0.000876189075515	-0.00191988671225
77	-69	-20	-0.000764384691492	-0.000926505239789	-0.00187298076233
79	-69	-20	-0.000735504951429	-0.000970748496869	-0.00182135389741
81	-69	-20	-0.000704184779571	-0.0010085982222	-0.0017669590329
83	-69	-20	-0.0006679224625	-0.00104000934176	-0.00171196649152
85	-69	-20	-0.000623620754489	-0.00106538325392	-0.00165875045173
87	-69	-20	-0.000567847284822	-0.00108566102548	-0.00160997250016
89	-69	-20	-0.000496982761016	-0.00110232698745	-0.00156868999568
91	-69	-20	-0.000407304433189	-0.00111735597894	-0.00153838711112
93	-69	-20	-0.000295070481997	-0.00113311460493	-0.0015228748418
95	-69	-20	-0.000156672643288	-0.00115219264103	-0.00152604932168
97	-69	-20	1.10673856835e-05	-0.00117711660363	-0.00155152932628
99	-69	-20	0.000210410137887	-0.00120991448264	-0.00160223559122
-99	-67	-20	-1.3154908253e-05	0.000520968102835	-0.000435328488739
-97	-67	-20	1.10557452551e-06	0.000537631774745	-0.000430991226694
-95	-67	-20	9.28413237006e-06	0.000551976133858	-0.000432286492381
-93	-67	-20	1.19405465846e-05	0.00056419625577	-0.000438764515957
-91	-67	-20	9.79892246243e-06	0.000574567766145	-0.000449831245935
-89	-67	-20	3.66199863408e-06	0.00058337165565	-0.00046483431755
-87	-67	-20	-5.65259048661e-06	0.000590838874594	-0.00048312883858
-85	-67	-20	-1.73509651082e-05	0.000597120835788	-0.000504116529365
-83	-67	-20	-3.06843323225e-05	0.00060228547017	-0.000527260765834
-81	-67	-20	-4.49619832899e-05	0.000606340477154	-0.000552080842314
-79	-67	-20	-5.95632848113e-05	0.00060928654417	-0.000578129432129
-77	-67	-20	-7.39532673782e-05	0.000611193913043	-0.000604962493712
-75	-67	-20	-8.77004894385e-05	0.000612273780768	-0.000632117494849
-73	-67	-20	-0.000100489241325	0.000612901190718	-0.000659115409323
-71	-67	-20	-0.000112120583357	0.000613566683258	-0.000685492579767
-69	-67	-20	-0.000122506712662	0.000614778280571	-0.000710855872246
-67	-67	-20	-0.000131665863063	0.000616956779563	-0.000734944630342
-65	-67	-20	-0.000139718974673	0.000620354252744	-0.000757681277548
-63	-67	-20	-0.000146884639819	0.000625006799297	-0.000779196995968
-61	-67	-20	-0.000153467981499	0.000630727547567	-0.000799821669243
-59	-67	-20	-0.00015983963867	0.000637151285158	-0.000820026785765
-57	-67	-20	-0.000166402591218	0.000643842960362	-0.000840315103054
-55	-67	-20	-0.000173549329104	0.000650459985323	-0.000861073373525
-53	-67	-20	-0.00018162011716	0.00065690853199	-0.0008824410112
-51	-67	-20	-0.000190877967059	0.000663399939218	-0.000904264682993
-49	-67	-20	-0.000201508370282	0.000670358546574	-0.000926172251686
-47	-67	-20	-0.000213636433703	0.000678230386143	-0.000947731391387
-45	-67	-20	-0.000227346561649	0.000687288070426	-0.000968620901092
-43	-67	-20	-0.000242694790273	0.000697494821854	-0.000988758077255
-41	-67	-20	-0.000259712193409	0.000708443949672	-0.00100835884708
-39	-67	-20	-0.000278402353236	0.000719372470942	-0.0010279252145
-37	-67	-20	-0.000298736568646	0.000729253116609	-0.0010481559966
-35	-67	-20	-0.000320649317574	0.000736972466972	-0.00106978107529
-33	-67	-20	-0.00034403489537	0.000741577467758	-0.00109334623677
-31	-67	-20	-0.000368745089623	0.000742511779026	-0.00111902167768
-29	-67	-20	-0.000394587780141	0.000739721544348	-0.00114652828858
-27	-67	-20	-0.000421326844803	0.00073356768643	-0.0011752272127
-25	-67	-20	-0.000448684084656	0.000724605816603	-0.00120432862416
-23	-67	-20	-0.000476344227855	0.000713352873035	-0.00123312598416
-21	-67	-20	-0.000503963807695	0.000700118901757	-0.00126118068138
-19	-67	-20	-0.000531183209958	0.000684923689587	-0.00128842395696
-17	-67	-20	-0.000557639025824	0.000667495686655	-0.00131516446629
-15	-67	-20	-0.000582972087934	0.000647357772735	-0.00134198984119
-13	-67	-20	-0.000606826873286	0.000624010266292	-0.00136955619573
-11	-67	-20	-0.000628842864047	0.000597193020389	-0.00139829975994
-9	-67	-20	-0.000648648002743	0.000567135845205	-0.00142817577146
-7	-67	-20	-0.000665870316042	0.000534654094366	-0.00145856468493
-5	-67	-20	-0.000680175133371	0.00050101399159	-0.00148841352663
-3	-67	-20	-0.00069131733992	0.000467641727387	-0.00151654397732
-1	-67	-20	-0.000699189573618	0.000435818994631	-0.00154198557062
1	-67	-20	-0.000703853397394	0.000406457242965	-0.00156422513005
3	-67	-20	-0.000705550186476	0.000379973839856	-0.00158333073236
5	-67	-20	-0.000704693483889	0.000356269991911	-0.00159994361963
7	-67	-20	-0.000701845184467	0.000334821751816	-0.00161513337641
9	-67	-20	-0.000697677526923	0.00031490280386	-0.00163011706157
11	-67	-20	-0.000692924417004	0.000295918612349	-0.00164588870518
13	-67	-20	-0.000688329649305	0.000277734115021	-0.00166288641473
15	-67	-20	-0.00068460215602	0.000260807321707	-0.0016808617123
17	-67	-20	-0.000682383958639	0.000246031195189	-0.00169902920119
19	-67	-20	-0.000682227596266	0.00023438411681	-0.00171641546562
21	-67	-20	-0.000684575923859	0.000226578515635	-0.00173223970063
23	-67	-20	-0.000689741087438	0.000222825820117	-0.00174619606273
25	-67	-20	-0.000697885963957	0.000222735913302	-0.00175858850969
27	-67	-20	-0.0007090163104	0.00022532690946	-0.00177031440044
29	-67	-20	-0.000722994002396	0.000229126226068	-0.00178269891435
31	-67	-20	-0.000739578409483	0.000232358442438	-0.00179718752489
33	-67	-20	-0.00075848986344	0.00023320503111	-0.00181494754268
35	-67	-20	-0.000779468902202	0.000230071037811	-0.00183650852591
37	-67	-20	-0.000802295413381	0.000221750876495	-0.00186160808392
39	-67	-20	-0.000826750890745	0.000207435072245	-0.00188932402577
41	-67	-20	-0.000852542808569	0.000186615224824	-0.00191841580683
43	-67	-20	-0.000879229383245	0.000158990878482	-0.00194771157968
45	-67	-20	-0.000906173938577	0.000124431779894	-0.00197641150246
47	-67	-20	-0.000932538895586	8.29865605835e-05	-0.00200425262885
49	-67	-20	-0.000957317984469	3.49015264775e-05	-0.00203151843172
51	-67	-20	-0.00097940311461	-1.93857673655e-05	-0.00205887469872
53	-67	-20	-0.00099768166576	-7.92950891719e-05	-0.00208701893448
55	-67	-20	-0.00101115307819	-0.000144180603994	-0.00211619471907
57	-67	-20	-0.00101904042773	-0.000213397755974	-0.00214574643175
59	-67	-20	-0.00102086619613	-0.000286324420786	-0.00217395940687
61	-67	-20	-0.00101647609897	-0.000362324497263	-0.00219830767046
63	-67	-20	-0.00100602196817	-0.000440668045737	-0.00221598834583
65	-67	-20	-0.000989928226949	-0.000520446524965	-0.00222449781258
67	-67	-20	-0.000968857105914	-0.000600526687115	-0.00222207221546
69	-67	-20	-0.000943668573927	-0.000679565219867	-0.00220793589208
71	-67	-20	-0.000915354121263	-0.000756081026685	-0.00218236263797
73	-67	-20	-0.000884912013933	-0.00082856817532	-0.0021465593606
75	-67	-20	-0.00085313255266	-0.000895626242414	-0.00210238481615
77	-67	-20	-0.000820297302741	-0.00095608292074	-0.00205196274102
79	-67	-20	-0.000785878416076	-0.00100909400741	-0.00199732709106
81	-67	-20	-0.000748387920876	-0.00105422590788	-0.00194026426375
83	-67	-20	-0.000705458151613	-0.00109152781743	-0.00188242677488
85	-67	-20	-0.000654073569597	-0.00112158323148	-0.00182563942662
87	-67	-20	-0.000590807473456	-0.00114552937458	-0.0017722295837
89	-67	-20	-0.000511985637546	-0.00116504598358	-0.00172524226224
91	-67	-20	-0.000413790356648	-0.00118231235317	-0.0016884818694
93	-67	-20	-0.000292368934987	-0.00119991141137	-0.00166637225145
95	-67	-20	-0.000144028876592	-0.00122063759179	-0.0016636326701
97	-67	-20	3.44096798586e-05	-0.00124716451674	-0.00168477272175
99	-67	-20	0.000245110659261	-0.00128158581191	-0.00173346730058
-99	-65	-20	-3.69675103446e-06	0.000544264231607	-0.000450976798586
-97	-65	-20	1.05623332777e-05	0.000562149351592	-0.000447019422201
-95	-65	-20	1.8479859235e-05	0.000577522186759	-0.000449180835406
-93	-65	-20	2.06834145393e-05	0.00059063132044	-0.000456910827651
-91	-65	-20	1.79769215366e-05	0.000601814411099	-0.000469498861711
-89	-65	-20	1.12330298376e-05	0.000611399923341	-0.000486192223362
-87	-65	-20	1.32063481225e-06	0.000619641478587	-0.000506278327814
-85	-65	-20	-1.09352028911e-05	0.000626684981535	-0.000529132063204
-83	-65	-20	-2.47744920125e-05	0.000632562834116	-0.000554236929742
-81	-65	-20	-3.95142337704e-05	0.000637218205814	-0.000581180082432
-79	-65	-20	-5.45538403721e-05	0.000640570432879	-0.000609611732558
-77	-65	-20	-6.93737500069e-05	0.000642623108156	-0.000639165271071
-75	-65	-20	-8.35308736861e-05	0.000643577430134	-0.000669369119679
-73	-65	-20	-9.66608934191e-05	0.000643876204882	-0.000699617219794
-71	-65	-20	-0.000108493255145	0.000644135544807	-0.000729237186809
-69	-65	-20	-0.000118871564203	0.000645004785319	-0.000757617862966
-67	-65	-20	-0.000127768208419	0.000647027591619	-0.000784329681447
-65	-65	-20	-0.000135289116737	0.000650541959557	-0.000809205935595
-63	-65	-20	-0.000141669838095	0.000655621520137	-0.000832384837895
-61	-65	-20	-0.000147263295584	0.000662057484968	-0.000854312305788
-59	-65	-20	-0.000152515867168	0.000669397656117	-0.000875686321181
-57	-65	-20	-0.000157925900447	0.000677072850404	-0.000897307909922
-55	-65	-20	-0.000163983310126	0.000684618055455	-0.000919827906686
-53	-65	-20	-0.000171105399266	0.000691910194888	-0.000943474376978
-51	-65	-20	-0.000179599704002	0.000699263834429	-0.000967939179546
-49	-65	-20	-0.000189671488636	0.00070729470453	-0.000992526106499
-47	-65	-20	-0.000201458664786	0.000716641175709	-0.00101645794728
-45	-65	-20	-0.000215063756993	0.00072770302439	-0.00103916321894
-43	-65	-20	-0.000230568287872	0.00074047799419	-0.00106045525408
-41	-65	-20	-0.000248031752351	0.000754494879187	-0.00108060799614
-39	-65	-20	-0.000267482701307	0.00076882567613	-0.00110034859659
-37	-65	-20	-0.000288908539085	0.000782183166267	-0.0011207579826
-35	-65	-20	-0.000312248744877	0.000793132666787	-0.00114304304111
-33	-65	-20	-0.000337393825208	0.000800421395406	-0.00116817156707
-31	-65	-20	-0.000364187958747	0.000803324201948	-0.00119648545653
-29	-65	-20	-0.00039242934012	0.000801805110998	-0.00122753047649
-27	-65	-20	-0.000421865037245	0.000796380571249	-0.00126024009496
-25	-65	-20	-0.000452185068391	0.000787796017781	-0.00129333947712
-23	-65	-20	-0.000483023036698	0.000776714346076	-0.00132573390876
-21	-65	-20	-0.000513966346684	0.000763516854133	-0.00135676626138
-19	-65	-20	-0.000544574128565	0.000748214907504	-0.00138634726011
-17	-65	-20	-0.00057439784158	0.0007304492698	-0.00141498014002
-15	-65	-20	-0.000602996742107	0.000709581638308	-0.00144365927239
-13	-65	-20	-0.000629938769897	0.000684909134457	-0.00147358351146
-11	-65	-20	-0.000654783001839	0.000656004918394	-0.0015056663408
-9	-65	-20	-0.000677058480358	0.000623072710389	-0.0015400070077
-7	-65	-20	-0.000696271834912	0.000587094212041	-0.00157566635437
-5	-65	-20	-0.000711961344513	0.000549643930536	-0.00161094492873
-3	-65	-20	-0.000723776044216	0.000512494165022	-0.00164396699199
-1	-65	-20	-0.000731543907096	0.000477229391479	-0.00167322710659
1	-65	-20	-0.000735311056443	0.000444982723523	-0.00169793332163
3	-65	-20	-0.000735352838627	0.000416295877978	-0.00171815816382
5	-65	-20	-0.000732162976123	0.000391083346677	-0.00173484022493
7	-65	-20	-0.000726424581484	0.000368716768741	-0.00174962517486
9	-65	-20	-0.000718963743109	0.000348277914957	-0.00176448253008
11	-65	-20	-0.000710687554609	0.000328989830726	-0.00178108032656
13	-65	-20	-0.000702516389315	0.00031067890551	-0.00180011810027
15	-65	-20	-0.000695327891173	0.000293972994518	-0.00182103498648
17	-65	-20	-0.000689922805329	0.000280069931615	-0.0018423309758
19	-65	-20	-0.000687004215266	0.000270246568575	-0.00186225966843
21	-65	-20	-0.00068715484328	0.000265406990111	-0.0018794724005
23	-65	-20	-0.00069080603134	0.000265819204725	-0.00189341041061
25	-65	-20	-0.000698203068797	0.000271029379048	-0.0019044598932
27	-65	-20	-0.000709379144522	0.000279897459795	-0.00191392918567
29	-65	-20	-0.000724157291168	0.000290720884252	-0.00192385159407
31	-65	-20	-0.000742203960441	0.000301441381978	-0.00193656136905
33	-65	-20	-0.000763142546041	0.000309924408653	-0.00195403238538
35	-65	-20	-0.000786683138186	0.000314246437379	-0.00197718042776
37	-65	-20	-0.0008126746188	0.000312875018733	-0.00200553993596
39	-65	-20	-0.000841025655668	0.000304679758828	-0.00203755172838
41	-65	-20	-0.000871550309218	0.000288840986543	-0.00207123092393
43	-65	-20	-0.000903834444591	0.000264773121679	-0.00210480879251
45	-65	-20	-0.000937169307062	0.000232121833791	-0.00213714956962
47	-65	-20	-0.000970547896095	0.00019082376904	-0.00216794976585
49	-65	-20	-0.00100270774849	0.000141182064509	-0.00219776157371
51	-65	-20	-0.00103221362687	8.38940863814e-05	-0.0022278154595
53	-65	-20	-0.00105758420903	1.9960532871e-05	-0.00225955559727
55	-65	-20	-0.00107746088256	-4.95574604266e-05	-0.0022938659678
57	-65	-20	-0.00109078291568	-0.000123838889671	-0.00233024498494
59	-65	-20	-0.00109689972353	-0.000202438558733	-0.0023664597803
61	-65	-20	-0.00109557972098	-0.000285127494652	-0.00239898483267
63	-65	-20	-0.00108695124108	-0.000371569995736	-0.00242392444753
65	-65	-20	-0.00107143890735	-0.000461061892394	-0.00243789098894
67	-65	-20	-0.00104972263606	-0.000552427992481	-0.0024385814815
69	-65	-20	-0.00102270608047	-0.000644053323026	-0.00242507067483
71	-65	-20	-0.000991462106508	-0.000733994610978	-0.00239789515628
73	-65	-20	-0.000957113903453	-0.000820140554495	-0.00235893036419
75	-65	-20	-0.000920610918629	-0.000900415375269	-0.00231098610704
77	-65	-20	-0.00088239685246	-0.000973022745786	-0.00225709187694
79	-65	-20	-0.000842066074769	-0.00103668884055	-0.0021997046109
81	-65	-20	-0.000798189642767	-0.00109081885438	-0.00214033775284
83	-65	-20	-0.00074841131229	-0.00113551769599	-0.00207989794578
85	-65	-20	-0.00068971320234	-0.00117152565905	-0.00201943606265
87	-65	-20	-0.000618671864123	-0.00120015355931	-0.00196080799161
89	-65	-20	-0.000531615184028	-0.00122325024447	-0.00190700926062
91	-65	-20	-0.000424699889057	-0.00124318115187	-0.00186221267869
93	-65	-20	-0.000293986059223	-0.00126276832452	-0.00183158881407
95	-65	-20	-0.000135611277465	-0.00128512154991	-0.00182091862558
97	-65	-20	5.38306629476e-05	-0.00131328257018	-0.0018359390547
99	-65	-20	0.000276683469465	-0.00134966857813	-0.00188141543017
-99	-63	-20	7.81621180015e-06	0.000570201374916	-0.000467679861497
-97	-63	-20	2.20382069586e-05	0.000589502706475	-0.000464306140071
-95	-63	-20	2.95437616805e-05	0.000606028975713	-0.000467665007238
-93	-63	-20	3.10898526456e-05	0.0006201378594	-0.000477039704736
-91	-63	-20	2.76075693333e-05	0.000632272630028	-0.000491550617929
-89	-63	-20	2.00586936329e-05	0.000642829091982	-0.000510319225068
-87	-63	-20	9.36524064033e-06	0.000652088923227	-0.000532556088396
-85	-63	-20	-3.61937268458e-06	0.00066019179127	-0.000557605625218
-83	-63	-20	-1.8125123166e-05	0.000667125936634	-0.000584972696538
-81	-63	-20	-3.34760048945e-05	0.000672741262495	-0.000614328759548
-79	-63	-20	-4.90919288716e-05	0.000676814915367	-0.000645465665824
-77	-63	-20	-6.44707679713e-05	0.000679206340002	-0.000678154790833
-75	-63	-20	-7.91547103183e-05	0.000680067625481	-0.000711943355169
-73	-63	-20	-9.27177474396e-05	0.000679945729051	-0.000746059435183
-71	-63	-20	-0.000104801097646	0.000679660174619	-0.000779548797319
-69	-63	-20	-0.00011516775774	0.000680068597603	-0.000811522455929
-67	-63	-20	-0.000123737572997	0.000681880117358	-0.000841345387418
-65	-63	-20	-0.000130597415245	0.000685548771753	-0.000868735889557
-63	-63	-20	-0.000135997465699	0.000691211329242	-0.000893816963442
-61	-63	-20	-0.000140340345461	0.000698648054194	-0.00091714344308
-59	-63	-20	-0.00014416013643	0.000707286563562	-0.000939680248694
-57	-63	-20	-0.000148077899823	0.000716318527111	-0.000962646710173
-55	-63	-20	-0.000152717558653	0.000725011701881	-0.000987123817715
-53	-63	-20	-0.000158596629624	0.000733146406745	-0.00101350851352
-51	-63	-20	-0.000166061893617	0.000741228306408	-0.00104124348011
-49	-63	-20	-0.000175319578503	0.000750231083371	-0.00106912709039
-47	-63	-20	-0.000186510612017	0.000761114537985	-0.00109589963867
-45	-63	-20	-0.000199760949353	0.000774465694566	-0.00112067816409
-43	-63	-20	-0.000215192583047	0.000790334266022	-0.00114315595441
-41	-63	-20	-0.000232911764739	0.000808183235659	-0.0011636672649
-39	-63	-20	-0.000252989583853	0.000826895438022	-0.00118319022328
-37	-63	-20	-0.000275443559629	0.000844844021412	-0.00120327570783
-35	-63	-20	-0.000300226674888	0.000860105381808	-0.00122579797402
-33	-63	-20	-0.000327229364235	0.000870912626432	-0.00125239431559
-31	-63	-20	-0.000356291666976	0.000876257903497	-0.00128370754814
-29	-63	-20	-0.000387208110514	0.000876207366165	-0.00131900060016
-27	-63	-20	-0.000419713301084	0.000871620127106	-0.00135654883905
-25	-63	-20	-0.000453462309277	0.000863576431095	-0.0013944105332
-23	-63	-20	-0.000488025149305	0.000852948293977	-0.00143101160865
-21	-63	-20	-0.000522899597748	0.000840202306108	-0.00146543467039
-19	-63	-20	-0.000557537654408	0.000825336624931	-0.00149754433374
-17	-63	-20	-0.000591379106464	0.000807877818754	-0.00152804095601
-15	-63	-20	-0.000623882120745	0.000786942255785	-0.00155841593453
-13	-63	-20	-0.000654532657379	0.000761446485807	-0.00159065081542
-11	-63	-20	-0.000682812327214	0.000730572527548	-0.00162646221723
-9	-63	-20	-0.000708138500762	0.000694389050842	-0.00166625205027
-7	-63	-20	-0.000729852455203	0.00065415840523	-0.00170858231168
-5	-63	-20	-0.00074730845744	0.000611996918988	-0.00175075787529
-3	-63	-20	-0.000760006325853	0.000570216519068	-0.00178993696872
-1	-63	-20	-0.000767687457007	0.000530814005399	-0.00182395288749
1	-63	-20	-0.000770376871199	0.000495205155227	-0.00185168915408
3	-63	-20	-0.000768388606898	0.000464099622816	-0.0018732039376
5	-63	-20	-0.000762309540451	0.000437441521017	-0.00188974781884
7	-63	-20	-0.000752966495529	0.000414435127102	-0.00190365934986
9	-63	-20	-0.000741373177399	0.000393777015166	-0.00191795386634
11	-63	-20	-0.000728650974295	0.000374243487755	-0.001935366973
13	-63	-20	-0.000715932988976	0.000355503585714	-0.00195704780318
15	-63	-20	-0.000704288803924	0.000338523493555	-0.00198190122109
17	-63	-20	-0.000694696279517	0.000325115825715	-0.00200728830854
19	-63	-20	-0.000688035024664	0.00031708679993	-0.00203037116767
21	-63	-20	-0.000685065009465	0.000315621515281	-0.00204909887451
23	-63	-20	-0.000686382406324	0.000321041840495	-0.00206263652849
25	-63	-20	-0.00069236229993	0.000332789703744	-0.00207147376923
27	-63	-20	-0.000703102849642	0.000349508319465	-0.00207739365552
29	-63	-20	-0.000718396537459	0.000369177636842	-0.00208330649311
31	-63	-20	-0.00073777814701	0.000389324124907	-0.00209277841243
33	-63	-20	-0.000760705773248	0.000407344623669	-0.0021090293265
35	-63	-20	-0.000786830747151	0.000420895489152	-0.0021335959375
37	-63	-20	-0.000816129109007	0.000428136741289	-0.00216563613817
39	-63	-20	-0.000848733619314	0.000427687565384	-0.00220256981195
41	-63	-20	-0.00088462983101	0.0004184483826	-0.00224136913903
43	-63	-20	-0.000923445806069	0.000399509678291	-0.00227952918462
45	-63	-20	-0.000964381482231	0.000370201300755	-0.00231552795304
47	-63	-20	-0.00100622377998	0.000330234030477	-0.0023490017107
49	-63	-20	-0.0010474037552	0.000279869457483	-0.00238079748034
51	-63	-20	-0.00108608709258	0.000220034277813	-0.00241287269018
53	-63	-20	-0.00112032067433	0.000152236196355	-0.00244780937436
55	-63	-20	-0.00114826771267	7.81201107996e-05	-0.00248765022697
57	-63	-20	-0.00116849641625	-1.23226586918e-06	-0.00253230215249
59	-63	-20	-0.00118016207035	-8.5666816664e-05	-0.00257874225232
61	-63	-20	-0.00118296846406	-0.00017556035328	-0.00262190455431
63	-63	-20	-0.00117701774014	-0.000271088916862	-0.00265637692463
65	-63	-20	-0.00116270384158	-0.000371754307406	-0.00267767987563
67	-63	-20	-0.00114067894729	-0.000476272953351	-0.00268288576364
69	-63	-20	-0.00111185095379	-0.000582669379622	-0.00267087015927
71	-63	-20	-0.00107736685927	-0.000688445231882	-0.00264241642655
73	-63	-20	-0.00103853485535	-0.000790781478899	-0.00260016950591
75	-63	-20	-0.000996615146289	-0.000886800859394	-0.00254820591948
77	-63	-20	-0.000952411600336	-0.000973945019074	-0.00249090885257
79	-63	-20	-0.000905751032205	-0.00105042044642	-0.0024313741574
81	-63	-20	-0.000855201550557	-0.00111546894672	-0.00237058009723
83	-63	-20	-0.000798272653777	-0.00116928934583	-0.00230819977942
85	-63	-20	-0.000731852566944	-0.00121279041933	-0.00224416707257
87	-63	-20	-0.000652530560122	-0.00124742494568	-0.00217975439094
89	-63	-20	-0.000556719502754	-0.00127515256018	-0.00211793066421
91	-63	-20	-0.000440655987485	-0.0012984665408	-0.00206330940919
93	-63	-20	-0.00030037580955	-0.00132041205429	-0.00202192530703
95	-63	-20	-0.000131781272843	-0.0013445070642	-0.00200085826084
97	-63	-20	6.90179178239e-05	-0.00137441608921	-0.00200751096937
99	-63	-20	0.000304904611097	-0.00141321879935	-0.0020482795375
-99	-61	-20	2.15433313808e-05	0.000599005064666	-0.000485554185498
-97	-61	-20	3.5684114513e-05	0.000619951158572	-0.00048299646342
-95	-61	-20	4.2602523425e-05	0.000637777890595	-0.000487937185003
-93	-61	-20	4.32854339143e-05	0.00065304288622	-0.00049938306764
-91	-61	-20	3.88378281062e-05	0.000666337120252	-0.000516231728215
-89	-61	-20	3.03112669645e-05	0.000678125545437	-0.000537471859088
-87	-61	-20	1.86692371403e-05	0.000688711312985	-0.000562239710197
-85	-61	-20	4.78736034767e-06	0.00069822857165	-0.000589842350858
-83	-61	-20	-1.05510441177e-05	0.000706627943884	-0.000619789716348
-81	-61	-20	-2.66694560002e-05	0.000713657712623	-0.000651833237807
-79	-61	-20	-4.30091921261e-05	0.000718888736222	-0.0006859590767
-77	-61	-20	-5.91015106289e-05	0.000721906231761	-0.00072220082702
-75	-61	-20	-7.44800975391e-05	0.000722730471878	-0.000760201714728
-73	-61	-20	-8.86290790335e-05	0.000722083564396	-0.000798941233459
-71	-61	-20	-0.000101065390542	0.000721110679122	-0.000837051409877
-69	-61	-20	-0.000111454052839	0.000720941637737	-0.000873300472106
-67	-61	-20	-0.000119658708307	0.000722470285471	-0.000906832258281
-65	-61	-20	-0.000125745844239	0.000726284865912	-0.000937235149382
-63	-61	-20	-0.000129976404084	0.000732622962142	-0.00096457965836
-61	-61	-20	-0.00013279781538	0.000741303889886	-0.000989477566802
-59	-61	-20	-0.000134835103372	0.00075165190932	-0.00101314766163
-57	-61	-20	-0.00013686104579	0.000762514872202	-0.00103736191463
-55	-61	-20	-0.00013969292929	0.000772644145845	-0.001063944115
-53	-61	-20	-0.000143989655756	0.000781571472847	-0.00109365383415
-51	-61	-20	-0.000150114988757	0.000790164348135	-0.00112548030678
-49	-61	-20	-0.000158235724063	0.000800023795648	-0.00115739207522
-47	-61	-20	-0.000168485973138	0.000812559040301	-0.00118749777319
-45	-61	-20	-0.000181031639907	0.000828555768746	-0.00121459534165
-43	-61	-20	-0.000196061031186	0.000848100436012	-0.00123827989393
-41	-61	-20	-0.000213753611657	0.000870593123265	-0.00125894235596
-39	-61	-20	-0.00023424713786	0.00089474577878	-0.00127778611317
-37	-61	-20	-0.000257608621515	0.0009185704657	-0.00129685445824
-35	-61	-20	-0.000283814730152	0.000939484138825	-0.00131890348481
-33	-61	-20	-0.0003127553241	0.000954858413176	-0.00134668702597
-31	-61	-20	-0.000344267282433	0.00096318051732	-0.00138143408786
-29	-61	-20	-0.000378155051966	0.000964803335525	-0.00142187714836
-27	-61	-20	-0.000414154026127	0.000961241180211	-0.00146521846865
-25	-61	-20	-0.000451883378213	0.000954050197663	-0.00150865556366
-23	-61	-20	-0.000490834430776	0.000944311310585	-0.00155011571431
-21	-61	-20	-0.000530389481731	0.000932545869521	-0.00158842712385
-19	-61	-20	-0.000569858770747	0.00091873294468	-0.00162336704499
-17	-61	-20	-0.000608530366053	0.000902301599034	-0.00165575327322
-15	-61	-20	-0.000645726362118	0.000882101611038	-0.00168756085347
-13	-61	-20	-0.000680841078457	0.000856491123108	-0.00172181824576
-11	-61	-20	-0.000713300569606	0.000823896976985	-0.00176164876675
-9	-61	-20	-0.000742411316566	0.000784028372402	-0.00180813219061
-7	-61	-20	-0.000767280025183	0.000738647333718	-0.00185894414532
-5	-61	-20	-0.000786989909014	0.000690775403105	-0.00190977438948
-3	-61	-20	-0.000800842412099	0.000643450562542	-0.00195652746983
-1	-61	-20	-0.000808477253554	0.000599124877178	-0.00199635309258
1	-61	-20	-0.000809898689528	0.000559517371417	-0.00202783694784
3	-61	-20	-0.000805465801096	0.000525563631605	-0.00205099185908
5	-61	-20	-0.000795869401109	0.000497325659647	-0.00206729582185
7	-61	-20	-0.000782099068949	0.000473875356651	-0.00207976829561
9	-61	-20	-0.000765391774001	0.000453342767114	-0.00209278938759
11	-61	-20	-0.00074713698908	0.000433616541435	-0.00211088915295
13	-61	-20	-0.000728726845468	0.000413947301633	-0.00213611011794
15	-61	-20	-0.000711438200537	0.000395966766156	-0.00216633425538
17	-61	-20	-0.000696434187343	0.000382604303719	-0.00219701601467
19	-61	-20	-0.000684798277368	0.000376427676222	-0.0022238735202
21	-61	-20	-0.000677514121096	0.000378903416332	-0.0022441414129
23	-61	-20	-0.000675401885393	0.000390334099821	-0.00225677889982
25	-61	-20	-0.000679034773986	0.000409991879055	-0.00226240511063
27	-61	-20	-0.000688645410647	0.000436259545324	-0.00226325812859
29	-61	-20	-0.000704038013036	0.000466750074936	-0.00226318147073
31	-61	-20	-0.000724573726473	0.000498463494498	-0.00226735438713
33	-61	-20	-0.00074940297828	0.000528140789688	-0.00228102037784
35	-61	-20	-0.0007780335694	0.000552898033086	-0.0023068356158
37	-61	-20	-0.000810689287319	0.000570664120567	-0.00234316555252
39	-61	-20	-0.000847903437885	0.000579938173412	-0.00238570722392
41	-61	-20	-0.000889906131299	0.0005793681159	-0.00243007056362
43	-61	-20	-0.00093635309037	0.000567644683525	-0.00247300056253
45	-61	-20	-0.000986308481953	0.000543645141185	-0.00251262721078
47	-61	-20	-0.00103830750367	0.00050668161468	-0.00254849480275
49	-61	-20	-0.00109043100522	0.000456792335015	-0.00258165448561
51	-61	-20	-0.00114038560946	0.000395020214325	-0.00261479923512
53	-61	-20	-0.00118563166748	0.000323491111297	-0.00265207318399
55	-61	-20	-0.00122367515816	0.000244819702734	-0.00269760643822
57	-61	-20	-0.00125258010492	0.000160597090596	-0.00275229164788
59	-61	-20	-0.0012713235049	7.04066024012e-05	-0.002811737896
61	-61	-20	-0.00127960794031	-2.71514870089e-05	-0.00286840169739
63	-61	-20	-0.00127751092338	-0.000132908180153	-0.00291490696321
65	-61	-20	-0.00126534439031	-0.000246493483022	-0.00294562905432
67	-61	-20	-0.00124366550632	-0.000366375854634	-0.00295703528394
69	-61	-20	-0.00121332295389	-0.000490097274102	-0.00294773558575
71	-61	-20	-0.00117549413458	-0.000614514587994	-0.00291860802114
73	-61	-20	-0.00113168760522	-0.000736015310627	-0.00287299263107
75	-61	-20	-0.00108362257902	-0.000850772970171	-0.00281657008537
77	-61	-20	-0.00103275120292	-0.000955232950918	-0.00275593724453
79	-61	-20	-0.000979315261523	-0.00104692759675	-0.00269536057205
81	-61	-20	-0.000921736612687	-0.00112501809491	-0.00263468108396
83	-61	-20	-0.000857146010801	-0.00118995012922	-0.00257141684331
85	-61	-20	-0.000782242197344	-0.00124284699856	-0.00250400253524
87	-61	-20	-0.000693678292686	-0.00128525440804	-0.00243317963373
89	-61	-20	-0.00058807986697	-0.00131915166529	-0.00236204680278
91	-61	-20	-0.000461925553668	-0.00134705186673	-0.00229575423195
93	-61	-20	-0.00031138206107	-0.00137212501511	-0.00224122874152
95	-61	-20	-0.000132161511045	-0.00139829305047	-0.00220695118301
97	-61	-20	8.03672076318e-05	-0.00143009901089	-0.00220245944179
99	-61	-20	0.000330219481472	-0.00147183235431	-0.00223669792617
-99	-59	-20	3.75372244351e-05	0.000630794228444	-0.000504796583775
-97	-59	-20	5.15318308558e-05	0.000653640010857	-0.000503324990746
-95	-59	-20	5.76733316097e-05	0.000672949488858	-0.000510270553743
-93	-59	-20	5.73450828091e-05	0.000689629807251	-0.000524181616842
-91	-59	-20	5.18302999897e-05	0.000704419934934	-0.000543724746529
-89	-59	-20	4.22268823025e-05	0.000717811750676	-0.000567797091819
-87	-59	-20	2.95097660758e-05	0.000730103591555	-0.000595483744914
-85	-59	-20	1.45692134937e-05	0.000741425251438	-0.000626046352566
-83	-59	-20	-1.78607131754e-06	0.00075171894562	-0.000658959536665
-81	-59	-20	-1.88542599077e-05	0.000760675116606	-0.000693996047668
-79	-59	-20	-3.60833759947e-05	0.00076764177758	-0.000731341140359
-77	-59	-20	-5.30728035861e-05	0.000771715475554	-0.000771510252324
-75	-59	-20	-6.93821675042e-05	0.000772576607535	-0.000814456204762
-73	-59	-20	-8.43418961833e-05	0.000771306258336	-0.000858698414881
-71	-59	-20	-9.72825387702e-05	0.000769569752999	-0.000902235636746
-69	-59	-20	-0.000107762534472	0.000768774380213	-0.000943484072391
-67	-59	-20	-0.000115596938669	0.000769956911391	-0.000981412234463
-65	-59	-20	-0.000120835117346	0.000773831115149	-0.00101549150573
-63	-59	-20	-0.000123743267425	0.000780779779714	-0.00104569623356
-61	-59	-20	-0.000124798712216	0.000790763445951	-0.00107258601454
-59	-59	-20	-0.000124698386771	0.000803136479097	-0.00109748746451
-57	-59	-20	-0.000124375457846	0.000816407325073	-0.00112273850376
-55	-59	-20	-0.000124936074591	0.000828389951319	-0.00115144670853
-53	-59	-20	-0.000127274374614	0.000837957446034	-0.00118525649211
-51	-59	-20	-0.00013169696465	0.000846764297351	-0.00122217608401
-49	-59	-20	-0.000138255477402	0.00085747610188	-0.00125879753037
-47	-59	-20	-0.000147088559754	0.000871965940847	-0.00129257727857
-45	-59	-20	-0.000158441909088	0.000891108555006	-0.0013221281771
-43	-59	-20	-0.000172607775617	0.000914958050068	-0.0013470323889
-41	-59	-20	-0.0001898708847	0.000942856567909	-0.00136773287749
-39	-59	-20	-0.000210464711985	0.000973426795392	-0.00138555858349
-37	-59	-20	-0.000234532620601	0.00100444242711	-0.00140289344829
-35	-59	-20	-0.000262092218792	0.00103262456063	-0.00142343330818
-33	-59	-20	-0.000293024815595	0.00105391942434	-0.00145180326284
-31	-59	-20	-0.000327154044543	0.00106576284271	-0.00149054528654
-29	-59	-20	-0.000364325550265	0.00106929330119	-0.00153719343661
-27	-59	-20	-0.000404302419683	0.00106719956738	-0.00158717497157
-25	-59	-20	-0.000446665198064	0.001061511382	-0.00163680917616
-23	-59	-20	-0.000490807895539	0.00105336597987	-0.00168369689574
-21	-59	-20	-0.000535968746933	0.00104323989714	-0.00172650217597
-19	-59	-20	-0.000581275942327	0.00103108560185	-0.0017648668097
-17	-59	-20	-0.000625811072691	0.00101631931712	-0.00179953229744
-15	-59	-20	-0.000668695629725	0.000997659771437	-0.00183268226707
-13	-59	-20	-0.000709193906145	0.000972875652069	-0.00186841817343
-11	-59	-20	-0.000746731669296	0.000939044071679	-0.00191230646973
-9	-59	-20	-0.0007805567236	0.000894941467191	-0.00196710790639
-7	-59	-20	-0.000809406809511	0.000843381899113	-0.00202860835447
-5	-59	-20	-0.000831960787574	0.000788871259241	-0.00208984240592
-3	-59	-20	-0.00084729003296	0.000735200119265	-0.00214542379769
-1	-59	-20	-0.000854938008062	0.000685151893624	-0.00219206929042
1	-59	-20	-0.000854896525146	0.000640697232388	-0.00222821325615
3	-59	-20	-0.000847576073569	0.000603065246466	-0.00225378679471
5	-59	-20	-0.000833776877617	0.000572626338389	-0.00227026850171
7	-59	-20	-0.00081465913237	0.000548579500868	-0.00228102160823
9	-59	-20	-0.000791709062883	0.000528520188505	-0.00229181176717
11	-59	-20	-0.000766657493621	0.000508710682128	-0.00231021000139
13	-59	-20	-0.000741229504154	0.000487266105666	-0.00234035072211
15	-59	-20	-0.000716897763463	0.00046728686468	-0.00237783525052
17	-59	-20	-0.000694999593774	0.000453638379279	-0.00241491122663
19	-59	-20	-0.000676858621867	0.000449687351378	-0.00244578878122
21	-59	-20	-0.000663738614112	0.000456973963714	-0.00246729547389
23	-59	-20	-0.000656749326807	0.000475617276569	-0.00247839515144
25	-59	-20	-0.000656742440915	0.000504643285415	-0.00247986588609
27	-59	-20	-0.000664189002594	0.000542173466919	-0.00247424957704
29	-59	-20	-0.000679021075125	0.000585496881423	-0.00246607340215
31	-59	-20	-0.000700451922476	0.000631069612575	-0.00246223563789
33	-59	-20	-0.000727064204041	0.000674718932913	-0.00247130257491
35	-59	-20	-0.000757967052522	0.000712774712249	-0.00249830053854
37	-59	-20	-0.000793929925906	0.000743179331656	-0.0025396615965
39	-59	-20	-0.000836186780272	0.000764554676472	-0.00258816246635
41	-59	-20	-0.00088522162209	0.000775269685828	-0.00263803083662
43	-59	-20	-0.000940631267526	0.000773480233456	-0.00268557371214
45	-59	-20	-0.00100126610887	0.000757444886065	-0.00272875600124
47	-59	-20	-0.00106535729125	0.000725873133428	-0.00276699388371
49	-59	-20	-0.00113060758786	0.000678313754057	-0.00280128168994
51	-59	-20	-0.00119424804306	0.00061562816709	-0.00283466278969
53	-59	-20	-0.00125307623514	0.000540506856995	-0.00287290802584
55	-59	-20	-0.00130367313143	0.00045725080763	-0.00292380951718
57	-59	-20	-0.00134334157485	0.000368676009616	-0.00299076412236
59	-59	-20	-0.00137101250074	0.000273048263871	-0.0030665176326
61	-59	-20	-0.00138653417526	0.000167198574248	-0.00313948792724
63	-59	-20	-0.0013899212513	4.96663063183e-05	-0.00320026465216
65	-59	-20	-0.00138131148001	-7.90381408657e-05	-0.00324242920115
67	-59	-20	-0.00136108544076	-0.000216906677793	-0.00326203370491
69	-59	-20	-0.00132995952322	-0.000360855362321	-0.00325734181909
71	-59	-20	-0.00128905902279	-0.000507031324405	-0.00322897641195
73	-59	-20	-0.00124000909375	-0.00065101530024	-0.00318046866572
75	-59	-20	-0.00118503872954	-0.00078794975457	-0.00311904790591
77	-59	-20	-0.00112670018672	-0.0009129137226	-0.00305502041683
79	-59	-20	-0.00106607279099	-0.00102242718731	-0.00299529018784
81	-59	-20	-0.00100103315906	-0.00111586968421	-0.00293699237638
83	-59	-20	-0.000927908438519	-0.00119425599756	-0.00287390403275
85	-59	-20	-0.000843191650828	-0.00125893857187	-0.00280294791989
87	-59	-20	-0.000743731879205	-0.0013114666029	-0.00272480080558
89	-59	-20	-0.000626522586763	-0.00135373930028	-0.00264303922145
91	-59	-20	-0.000488471857822	-0.00138816492549	-0.00256346629671
93	-59	-20	-0.000326133305111	-0.00141785256692	-0.00249378002281
95	-59	-20	-0.000135320436285	-0.00144690744226	-0.0024435975614
97	-59	-20	8.93587838087e-05	-0.00148079914074	-0.00242471947731
99	-59	-20	0.000354050414897	-0.00152592890022	-0.00245015174687
-99	-57	-20	5.56201989627e-05	0.000665459786992	-0.00052581623714
-97	-57	-20	6.93448014374e-05	0.000690457797911	-0.000525773247937
-95	-57	-20	7.46087077931e-05	0.000711570855179	-0.000535066179773
-93	-57	-20	7.33353442099e-05	0.000730181279315	-0.000551627366188
-91	-57	-20	6.68425812398e-05	0.00074703613148	-0.000574043859911
-89	-57	-20	5.61883479762e-05	0.000762566355768	-0.000601211750203
-87	-57	-20	4.23282228292e-05	0.00077702999199	-0.000632195883604
-85	-57	-20	2.61668540272e-05	0.000790550761975	-0.000666206790004
-83	-57	-20	8.55962538644e-06	0.000803097135406	-0.000702639021839
-81	-57	-20	-9.72129696978e-06	0.000814398297024	-0.000741173840735
-79	-57	-20	-2.80650089889e-05	0.000823737267902	-0.000782013893747
-77	-57	-20	-4.61626826224e-05	0.000829529494461	-0.000826354221694
-75	-57	-20	-6.3737030865e-05	0.000830489975721	-0.000875124922853
-73	-57	-20	-7.97894034977e-05	0.000828644770779	-0.000925728336686
-71	-57	-20	-9.34041745507e-05	0.000826336629041	-0.000975341700953
-69	-57	-20	-0.000104066902985	0.000825065967661	-0.00102221775594
-67	-57	-20	-0.000111563451706	0.000825902447028	-0.0010652642757
-65	-57	-20	-0.000115930365466	0.000829655365657	-0.00110387218793
-63	-57	-20	-0.000117433855577	0.000836885615428	-0.00113789580761
-61	-57	-20	-0.000116563910475	0.000847806973452	-0.0011677333214
-59	-57	-20	-0.000114048053583	0.000862053364052	-0.00119454494758
-57	-57	-20	-0.000110913488593	0.000878179467429	-0.00122078876577
-55	-57	-20	-0.000108640823709	0.000892698332686	-0.00125133900309
-53	-57	-20	-0.0001086320883	0.000902531027078	-0.00129035740048
-51	-57	-20	-0.000110884512602	0.000911423230003	-0.00133323791122
-49	-57	-20	-0.000115269304077	0.000923479727654	-0.00137471401727
-47	-57	-20	-0.000122016206764	0.000940663628505	-0.00141203912665
-45	-57	-20	-0.000131512314859	0.000963702882619	-0.00144392045475
-43	-57	-20	-0.000144192148613	0.000992525721299	-0.00147003876327
-41	-57	-20	-0.000160474947052	0.0010264156484	-0.00149089753044
-39	-57	-20	-0.000180717966446	0.00106400587442	-0.00150784300638
-37	-57	-20	-0.000205173684848	0.00110310104079	-0.00152327607927
-35	-57	-20	-0.000233939224449	0.00114016406687	-0.00154128544677
-33	-57	-20	-0.000266884512418	0.00116922101715	-0.00156905162559
-31	-57	-20	-0.000303765820994	0.00118500637744	-0.00161263419459
-29	-57	-20	-0.000344553694889	0.0011910351322	-0.00166624762479
-27	-57	-20	-0.000389068590985	0.00119160925562	-0.00172293800535
-25	-57	-20	-0.000436835332107	0.00118874433378	-0.00177876007632
-23	-57	-20	-0.000487131594014	0.00118332335511	-0.00183136113853
-21	-57	-20	-0.000539027549161	0.00117564892487	-0.00187937203246
-19	-57	-20	-0.00059143309709	0.00116563477687	-0.00192227051396
-17	-57	-20	-0.000643166150518	0.00115279135695	-0.00196051062115
-15	-57	-20	-0.000693054675215	0.0011360029095	-0.00199595053074
-13	-57	-20	-0.000740104522093	0.00111293004276	-0.0020329026375
-11	-57	-20	-0.000783777442325	0.00107878138822	-0.00208029679273
-9	-57	-20	-0.000823505781546	0.0010296408021	-0.00214570264356
-7	-57	-20	-0.000857316580498	0.00097109341364	-0.00221990214023
-5	-57	-20	-0.000883354766553	0.000909613448431	-0.00229236610711
-3	-57	-20	-0.000900506885567	0.000849239767961	-0.00235728654024
-1	-57	-20	-0.000908244247195	0.000792785033597	-0.00241147973838
1	-57	-20	-0.000906551748484	0.000742381971842	-0.00245342219898
3	-57	-20	-0.000895893065331	0.000699613782752	-0.00248294056758
5	-57	-20	-0.000877179584081	0.000665384090757	-0.00250125618571
7	-57	-20	-0.000851738296181	0.000639506799564	-0.00251141362741
9	-57	-20	-0.000821293348212	0.00061978645531	-0.00251948995957
11	-57	-20	-0.000787986647771	0.000600241690337	-0.00253718992678
13	-57	-20	-0.000754042868846	0.00057554138308	-0.00257451984086
15	-57	-20	-0.00072102711591	0.000552673829624	-0.00262094178145
17	-57	-20	-0.000690442831869	0.000539160894353	-0.00266433304816
19	-57	-20	-0.000663923999663	0.00053851685351	-0.00269841408325
21	-57	-20	-0.000643074403379	0.000551943389659	-0.00272023247836
23	-57	-20	-0.000629347995037	0.000579203062135	-0.00272900208172
25	-57	-20	-0.00062394045417	0.000619031566897	-0.00272568890779
27	-57	-20	-0.000627662900083	0.000669335412624	-0.00271295378548
29	-57	-20	-0.000640759898057	0.000727230258749	-0.00269544957585
31	-57	-20	-0.000662569470782	0.000788871775581	-0.00268085279259
33	-57	-20	-0.000690881313388	0.000848983533095	-0.00268222375299
35	-57	-20	-0.000723564613978	0.000902374175583	-0.0027107386615
37	-57	-20	-0.000762827839911	0.000947785180853	-0.00275725831731
39	-57	-20	-0.000810878458058	0.000984190109242	-0.00281060102374
41	-57	-20	-0.000868221098311	0.00100945024905	-0.00286466900444
43	-57	-20	-0.000934237481455	0.00102101195385	-0.00291598007263
45	-57	-20	-0.00100748040062	0.00101638250719	-0.00296257661948
47	-57	-20	-0.00108582506949	0.000993517150729	-0.00300373208592
49	-57	-20	-0.00116657080106	0.000951230035839	-0.00304009026015
51	-57	-20	-0.00124650027905	0.000889736268881	-0.00307426718723
53	-57	-20	-0.00132183309669	0.000811595413586	-0.00311239245251
55	-57	-20	-0.00138797141886	0.00072343382632	-0.00316732089584
57	-57	-20	-0.00144078942888	0.000631583739474	-0.00324965722235
59	-57	-20	-0.0014797052106	0.000530668926256	-0.00334463495572
61	-57	-20	-0.00150483971978	0.000415083010568	-0.00343527590582
63	-57	-20	-0.00151594714062	0.000283409581013	-0.00351142435844
65	-57	-20	-0.00151286863525	0.000136750844857	-0.003566633943
67	-57	-20	-0.00149575291472	-2.21730792232e-05	-0.00359678195072
69	-57	-20	-0.00146515069874	-0.000189523990486	-0.00359969413877
71	-57	-20	-0.00142207358794	-0.000360689936181	-0.00357531587008
73	-57	-20	-0.00136809472106	-0.000530510564565	-0.00352642447118
75	-57	-20	-0.001305657446	-0.000693284488057	-0.00346034201518
77	-57	-20	-0.00123881902733	-0.000842389898187	-0.00339236453008
79	-57	-20	-0.00117075951465	-0.000972353026753	-0.00333671754381
81	-57	-20	-0.00109755190431	-0.0010837525124	-0.00328300504852
83	-57	-20	-0.00101432077119	-0.00117850153704	-0.00321985585759
85	-57	-20	-0.000917657518783	-0.00125797880736	-0.00314403763827
87	-57	-20	-0.00080479054171	-0.00132363516026	-0.00305704746751
89	-57	-20	-0.000673172046909	-0.00137726126755	-0.00296334885856
91	-57	-20	-0.00052023971054	-0.00142111859707	-0.00286952607602
93	-57	-20	-0.000343153717465	-0.00145810269466	-0.00278389327332
95	-57	-20	-0.000138341996906	-0.0014920858883	-0.00271656981754
97	-57	-20	9.95171989645e-05	-0.00152876379908	-0.00268048801037
99	-57	-20	0.000379582812811	-0.00157744723382	-0.00269405183184
-99	-55	-20	7.48462061695e-05	0.000702160166017	-0.000549815705095
-97	-55	-20	8.82867410183e-05	0.000729723767598	-0.000551426200996
-95	-55	-20	9.3194094434e-05	0.0007536012955	-0.000562744266739
-93	-55	-20	9.14985592057e-05	0.000775151568096	-0.000581655682799
-91	-55	-20	8.43847085618e-05	0.000794963199152	-0.000606844788508
-89	-55	-20	7.2848548226e-05	0.000813370781047	-0.000637230187488
-87	-55	-20	5.78333336577e-05	0.000830580244949	-0.000671856011428
-85	-55	-20	4.02734476033e-05	0.000846701682048	-0.000709881390239
-83	-55	-20	2.10924867084e-05	0.000861726270251	-0.000750620653369
-81	-55	-20	1.16619076169e-06	0.000875445161626	-0.000793636143051
-79	-55	-20	-1.87561556398e-05	0.000887262973433	-0.000838940165544
-77	-55	-20	-3.82665229577e-05	0.000895522023022	-0.000887733723908
-75	-55	-20	-5.7508539165e-05	0.000896856711501	-0.000943124152809
-73	-55	-20	-7.48486081995e-05	0.000895297112205	-0.001000215047
-71	-55	-20	-8.92700461344e-05	0.000893203654206	-0.00105605386474
-69	-55	-20	-0.000100223377157	0.000891940017985	-0.00110895549729
-67	-55	-20	-0.000107463075595	0.000892554117613	-0.00115781241493
-65	-55	-20	-0.000111006709525	0.000895936756378	-0.00120195412821
-63	-55	-20	-0.000111117130817	0.000902831126828	-0.00124113525466
-61	-55	-20	-0.000108296279714	0.000913729312169	-0.00127560820766
-59	-55	-20	-0.000103293567131	0.000928638964449	-0.00130630897966
-57	-55	-20	-9.71525565211e-05	0.000946615668365	-0.00133530665262
-55	-55	-20	-9.14675064293e-05	0.000964238131958	-0.00136757709674
-53	-55	-20	-8.86312114661e-05	0.000974145487292	-0.00141273446857
-51	-55	-20	-8.78700478047e-05	0.000984512530656	-0.00146062331055
-49	-55	-20	-8.91567064878e-05	0.00099952404778	-0.00150578717726
-47	-55	-20	-9.29101675413e-05	0.0010207843988	-0.0015457966915
-45	-55	-20	-9.96870097266e-05	0.0010487835929	-0.0015795337672
-43	-55	-20	-0.00011008249896	0.00108329699133	-0.00160679979596
-41	-55	-20	-0.000124669409989	0.00112353637311	-0.00162819303573
-39	-55	-20	-0.000143949257729	0.00116814720656	-0.00164512052288
-37	-55	-20	-0.00016830765531	0.00121504363307	-0.00165996032913
-35	-55	-20	-0.000197964545878	0.00126095232901	-0.00167656767674
-33	-55	-20	-0.000232871309807	0.00129963573312	-0.00170252920807
-31	-55	-20	-0.000272611176053	0.00132018140935	-0.00175136190202
-29	-55	-20	-0.000317425175632	0.00133135550373	-0.00181012985312
-27	-55	-20	-0.000367134980484	0.00133734876266	-0.00187175143925
-25	-55	-20	-0.000421196690143	0.00133957870101	-0.00193273801954
-23	-55	-20	-0.000478768625282	0.00133854192363	-0.00199090494374
-21	-55	-20	-0.00053874165291	0.00133432181013	-0.00204487298614
-19	-55	-20	-0.000599784199729	0.00132677341199	-0.00209397177945
-17	-55	-20	-0.000660413921154	0.00131550702869	-0.00213837209974
-15	-55	-20	-0.000719105046628	0.00129966850619	-0.00217947094533
-13	-55	-20	-0.000774456380148	0.00127738646845	-0.00222079777842
-11	-55	-20	-0.000825605533154	0.00124379405517	-0.00227145136148
-9	-55	-20	-0.000872636904465	0.00118912917325	-0.0023494330483
-7	-55	-20	-0.000912281265769	0.00112483754724	-0.00243492482137
-5	-55	-20	-0.000942397960961	0.00105751140361	-0.00251705430596
-3	-55	-20	-0.00096173803604	0.000990817132719	-0.00259061062887
-1	-55	-20	-0.000969679998751	0.000927473873036	-0.00265266944218
1	-55	-20	-0.000966181058625	0.00086976567754	-0.00270176918011
3	-55	-20	-0.000951750694338	0.000819667545847	-0.002737640199
5	-55	-20	-0.000927418341148	0.000778704210936	-0.00276123802377
7	-55	-20	-0.000894691509601	0.000747528386774	-0.00277510347011
9	-55	-20	-0.000855518048459	0.000725041108375	-0.00278438079357
11	-55	-20	-0.000812346114293	0.000705568689103	-0.00280095929305
13	-55	-20	-0.000768176820783	0.00067614939358	-0.00284752941781
15	-55	-20	-0.000724457158518	0.000651975163598	-0.00290049720439
17	-55	-20	-0.000683024769893	0.000640799345091	-0.00294722430874
19	-55	-20	-0.000645895198254	0.000645512890097	-0.0029821112418
21	-55	-20	-0.000615045798546	0.000666857418428	-0.00300256552562
23	-55	-20	-0.000592301907304	0.000704236146187	-0.00300805124669
25	-55	-20	-0.000579229291265	0.000756122649558	-0.0029997467278
27	-55	-20	-0.000577009201593	0.000820261046642	-0.00298048086151
29	-55	-20	-0.000586268220318	0.00089369766341	-0.00295494659503
31	-55	-20	-0.000606778322836	0.000972610920355	-0.00293051306868
33	-55	-20	-0.000636459785715	0.0010514812173	-0.0029210410642
35	-55	-20	-0.000670412849962	0.00112228205501	-0.00295060793676
37	-55	-20	-0.000713879403465	0.00118597176234	-0.00299792947234
39	-55	-20	-0.000769176162901	0.00124110970736	-0.00305172727856
41	-55	-20	-0.000836566281279	0.00128480376852	-0.00310681350898
43	-55	-20	-0.000915175996667	0.00131374134039	-0.00316012584878
45	-55	-20	-0.00100323675955	0.00132465631529	-0.00320982640161
47	-55	-20	-0.00109822294062	0.00131472861199	-0.00325507797926
49	-55	-20	-0.0011969644974	0.00128200369244	-0.00329619231507
51	-55	-20	-0.00129573885192	0.0012259101918	-0.00333517151153
53	-55	-20	-0.00139028513431	0.00114809987827	-0.00337703696974
55	-55	-20	-0.00147534422807	0.00105511626979	-0.0034349485502
57	-55	-20	-0.00154420928035	0.000960947197538	-0.00353516539791
59	-55	-20	-0.00159778733895	0.000852394513078	-0.00364705512365
61	-55	-20	-0.00163581520734	0.000723789141736	-0.00375308111591
63	-55	-20	-0.001657572325	0.000574516309541	-0.00384386382623
65	-55	-20	-0.00166257710648	0.000406411731938	-0.00391313443984
67	-55	-20	-0.00165077263314	0.000222970141956	-0.00395655282707
69	-55	-20	-0.00162259711653	2.88628300932e-05	-0.00397140632791
71	-55	-20	-0.00157901379856	-0.00017044246008	-0.00395680865496
73	-55	-20	-0.00152156094872	-0.000368982849049	-0.00391439157487
75	-55	-20	-0.00145256491557	-0.000560428887863	-0.00384986011085
77	-55	-20	-0.0013763557502	-0.00073738685914	-0.00377843966898
79	-55	-20	-0.001300469578	-0.000890646882174	-0.00373013880516
81	-55	-20	-0.0012169083816	-0.00102376391764	-0.00367837907842
83	-55	-20	-0.00112081314992	-0.00113865545413	-0.00361152907757
85	-55	-20	-0.001009188942	-0.00123654627564	-0.0035277729962
87	-55	-20	-0.000879604856274	-0.00131888903258	-0.0034297306975
89	-55	-20	-0.000729876235896	-0.00138750851916	-0.00332287698081
91	-55	-20	-0.000557876099133	-0.00144465294407	-0.00321471026661
93	-55	-20	-0.00036130628348	-0.00149310194418	-0.00311429169171
95	-55	-20	-0.000137300499952	-0.0015364455267	-0.00303217141967
97	-55	-20	0.000118446765553	-0.00157979944683	-0.0029811011657
99	-55	-20	0.00041500134819	-0.00163268158178	-0.00298040916216
-99	-53	-20	9.29734008408e-05	0.000738822428197	-0.000579364795172
-97	-53	-20	0.000107916722962	0.000771088764043	-0.000580905441515
-95	-53	-20	0.000113866658582	0.0007995823891	-0.000592973595836
-93	-53	-20	0.000112628227455	0.00082550689971	-0.000613540827345
-91	-53	-20	0.00010542416942	0.000849435361475	-0.000641194626779
-89	-53	-20	9.32612665884e-05	0.000871654393821	-0.000674794451159
-87	-53	-20	7.71055951854e-05	0.000892327104888	-0.000713334655972
-85	-53	-20	5.79444281268e-05	0.000911539763039	-0.000755925963274
-83	-53	-20	3.67881685873e-05	0.000929272961517	-0.000801840218308
-81	-53	-20	1.46253214858e-05	0.000945293276291	-0.000850621893269
-79	-53	-20	-7.67647068517e-06	0.000958910922416	-0.000902333518249
-77	-53	-20	-2.95376819611e-05	0.000968523076166	-0.000958037363507
-75	-53	-20	-5.04221700598e-05	0.000972760848631	-0.00101854552377
-73	-53	-20	-6.91037373415e-05	0.000973508443452	-0.00108115837264
-71	-53	-20	-8.44809292492e-05	0.000972948183551	-0.00114296141612
-69	-53	-20	-9.58978442522e-05	0.000972464631491	-0.00120211485558
-67	-53	-20	-0.000103042148276	0.000973125395333	-0.00125742072611
-65	-53	-20	-0.000105894644659	0.000975905581403	-0.00130814153431
-63	-53	-20	-0.000104709651198	0.000981720087129	-0.00135397702896
-61	-53	-20	-0.00010001196924	0.000991300286674	-0.00139514849937
-59	-53	-20	-9.2612716841e-05	0.00100489112041	-0.00143262750332
-57	-53	-20	-8.36707902973e-05	0.00102164835104	-0.00146868713612
-55	-53	-20	-7.48427836821e-05	0.0010385649369	-0.00150803789307
-53	-53	-20	-6.77454371809e-05	0.00105283412418	-0.001554715771
-51	-53	-20	-6.26239824855e-05	0.00106823228343	-0.00160404037741
-49	-53	-20	-5.96264634969e-05	0.00108868329216	-0.00165073100862
-47	-53	-20	-5.92838851114e-05	0.00111583912477	-0.00169209121041
-45	-53	-20	-6.23027133622e-05	0.00115008955439	-0.00172694324445
-43	-53	-20	-6.94453992365e-05	0.00119108812579	-0.00175514604474
-41	-53	-20	-8.14553599083e-05	0.00123795783375	-0.0017774409517
-39	-53	-20	-9.89974060106e-05	0.00128928300593	-0.00179546659349
-37	-53	-20	-0.000122604091461	0.00134287728757	-0.00181196303845
-35	-53	-20	-0.000152617441517	0.00139518227789	-0.00183139348476
-33	-53	-20	-0.000189111133031	0.00144007830939	-0.00186133173368
-31	-53	-20	-0.000231996170857	0.00147196354179	-0.00190822690572
-29	-53	-20	-0.000281335456603	0.00149381557449	-0.00196665063163
-27	-53	-20	-0.0003369595812	0.00150925339062	-0.00202994024193
-25	-53	-20	-0.000398297859025	0.00151957263378	-0.00209434042724
-23	-53	-20	-0.000464405657011	0.00152503019505	-0.00215755520732
-21	-53	-20	-0.000533991429782	0.00152551121417	-0.00221811780623
-19	-53	-20	-0.000605464373091	0.0015207856524	-0.00227525235877
-17	-53	-20	-0.00067701782477	0.00151048816806	-0.00232902848901
-15	-53	-20	-0.000746760043546	0.00149381592666	-0.00238084371249
-13	-53	-20	-0.000812921179307	0.00146879766444	-0.00243455064221
-11	-53	-20	-0.00087417614526	0.00143091876507	-0.00249870217465
-9	-53	-20	-0.000929204680972	0.00137634219534	-0.00258063563441
-7	-53	-20	-0.000975356825034	0.00131051451554	-0.00267106461193
-5	-53	-20	-0.00101021077238	0.00123963668933	-0.00275952383776
-3	-53	-20	-0.00103222389727	0.00116750340032	-0.00284032900861
-1	-53	-20	-0.00104059626806	0.00109690427658	-0.00291039089823
1	-53	-20	-0.00103521300294	0.0010303287428	-0.00296817281641
3	-53	-20	-0.00101661489424	0.000970170905962	-0.00301333273937
5	-53	-20	-0.000985962370758	0.000918562465283	-0.00304675922684
7	-53	-20	-0.000944986264379	0.00087681476917	-0.00307102844194
9	-53	-20	-0.000895940942978	0.000844270858236	-0.00309166940882
11	-53	-20	-0.000841589932877	0.000816276502522	-0.00311982895349
13	-53	-20	-0.000784837019584	0.000788409677435	-0.00316501452969
15	-53	-20	-0.000727958407032	0.00076804839257	-0.00321630463102
17	-53	-20	-0.000673186710121	0.000762613400899	-0.00326134542141
19	-53	-20	-0.000622898249569	0.000775164466944	-0.00329379692634
21	-53	-20	-0.000579449922459	0.00080628657603	-0.00331082102244
23	-53	-20	-0.000545053248997	0.000855144729791	-0.00331191585236
25	-53	-20	-0.00052165253595	0.000920018495051	-0.00329849200044
27	-53	-20	-0.000510778984855	0.000998539180958	-0.00327380097581
29	-53	-20	-0.000513346089525	0.0010876862098	-0.0032432122091
31	-53	-20	-0.000529286928945	0.00118351554436	-0.00321521618612
33	-53	-20	-0.00055689019939	0.0012805586059	-0.00320374652831
35	-53	-20	-0.000594404707372	0.0013732223005	-0.00322086466928
37	-53	-20	-0.000644272548409	0.00145956341723	-0.00325827349299
39	-53	-20	-0.00070875891969	0.00153757383367	-0.0033055303015
41	-53	-20	-0.000788220575268	0.0016038770136	-0.0033571126676
43	-53	-20	-0.000881662518699	0.00165450241022	-0.00340989583454
45	-53	-20	-0.000987022061576	0.00168545276411	-0.00346202444104
47	-53	-20	-0.0011013287937	0.00169318130278	-0.00351261257488
49	-53	-20	-0.00122083579757	0.00167508532178	-0.00356192045299
51	-53	-20	-0.00134112838037	0.00163012365256	-0.00361204210074
53	-53	-20	-0.00145714249737	0.00155983010551	-0.00366856857443
55	-53	-20	-0.00156298303798	0.00147009924664	-0.00374392500891
57	-53	-20	-0.00165328420863	0.00136687779629	-0.00384847777708
59	-53	-20	-0.00172634218423	0.00124478565476	-0.00396741253341
61	-53	-20	-0.001781319885	0.00109860902273	-0.00408379586121
63	-53	-20	-0.00181720788279	0.000927714765622	-0.00418743883158
65	-53	-20	-0.00183329572222	0.000734354213115	-0.00427159372438
67	-53	-20	-0.00182939857639	0.000522717552317	-0.00433142042814
69	-53	-20	-0.00180594478727	0.000298363639348	-0.0043635555762
71	-53	-20	-0.00176401100336	6.77723387763e-05	-0.00436634665437
73	-53	-20	-0.00170537980741	-0.000162019832736	-0.00434074399852
75	-53	-20	-0.00163278959729	-0.000383591212033	-0.00429227849559
77	-53	-20	-0.00155061592161	-0.000588916811503	-0.00423478352413
79	-53	-20	-0.00146233282028	-0.000771554972393	-0.00418160010881
81	-53	-20	-0.00136426719698	-0.000931590879398	-0.00412217088075
83	-53	-20	-0.00125177961919	-0.00107086537431	-0.00404569868797
85	-53	-20	-0.00112173098003	-0.00119097782108	-0.0039501549353
87	-53	-20	-0.000971713461486	-0.00129373073006	-0.00383869204935
89	-53	-20	-0.000799685492863	-0.00138124752967	-0.0037176810835
91	-53	-20	-0.000603752804509	-0.00145599994271	-0.00359568050801
93	-53	-20	-0.000381889748353	-0.00152092934654	-0.00348288657045
95	-53	-20	-0.000131436705519	-0.00157980664204	-0.00339107452536
97	-53	-20	0.000151987022509	-0.00163813940751	-0.00333449321328
99	-53	-20	0.000476647431804	-0.00170504471037	-0.00333243621997
-99	-51	-20	0.00011411063151	0.000779146713973	-0.000610174965673
-97	-51	-20	0.000130721241527	0.00081684050114	-0.000611654574643
-95	-51	-20	0.000138411143744	0.000851256775535	-0.000623936976576
-93	-51	-20	0.000138311778277	0.000882929791497	-0.000645650717874
-91	-51	-20	0.000131499256998	0.000912232799514	-0.000675464561739
-89	-51	-20	0.000118953586687	0.000939353639965	-0.000712203963265
-87	-51	-20	0.000101659275484	0.000964392364984	-0.000754814709903
-85	-51	-20	8.06669537918e-05	0.000987406016501	-0.000802359722349
-83	-51	-20	5.70983192957e-05	0.00100837508487	-0.000854067293633
-81	-51	-20	3.20982559593e-05	0.0010270880656	-0.000909433610792
-79	-51	-20	6.74749370187e-06	0.00104297234878	-0.000968359723456
-77	-51	-20	-1.799589975e-05	0.00105510358409	-0.00103109280578
-75	-51	-20	-4.11609900773e-05	0.00106299044954	-0.00109735045422
-73	-51	-20	-6.16152260748e-05	0.00106740279934	-0.00116545326502
-71	-51	-20	-7.83132290269e-05	0.00106963906334	-0.0012332246581
-69	-51	-20	-9.05265609258e-05	0.0010708225302	-0.00129890406739
-67	-51	-20	-9.78672967391e-05	0.00107194209084	-0.00136125403896
-65	-51	-20	-0.000100263271438	0.00107402075722	-0.00141948986016
-63	-51	-20	-9.79448931054e-05	0.00107815676458	-0.0014732721504
-61	-51	-20	-9.14479014533e-05	0.00108538512573	-0.00152279736742
-59	-51	-20	-8.16284014711e-05	0.0010963468183	-0.00156900210688
-57	-51	-20	-6.96789870192e-05	0.00111082602101	-0.0016138401421
-55	-51	-20	-5.70570998754e-05	0.00112765601527	-0.00166007793437
-53	-51	-20	-4.50874771407e-05	0.00114627861124	-0.00170909692086
-51	-51	-20	-3.45751264139e-05	0.00116839043193	-0.00175874807684
-49	-51	-20	-2.6129780879e-05	0.00119624143063	-0.00180558916607
-47	-51	-20	-2.05006299903e-05	0.00123101591064	-0.0018471727069
-45	-51	-20	-1.85845946078e-05	0.00127285742115	-0.00188233818733
-43	-51	-20	-2.134586013e-05	0.00132124550557	-0.00191102099162
-41	-51	-20	-2.97346976026e-05	0.00137521372025	-0.0019341373172
-39	-51	-20	-4.46150855546e-05	0.00143333498663	-0.0019535999274
-37	-51	-20	-6.67023945763e-05	0.00149347312548	-0.0019724730638
-35	-51	-20	-9.65129095307e-05	0.00155238295744	-0.0019952078386
-33	-51	-20	-0.000134343985646	0.00160577529116	-0.00202722787727
-31	-51	-20	-0.000180339999803	0.00165042781487	-0.00207187278654
-29	-51	-20	-0.000234546494032	0.00168636876084	-0.00212741615364
-27	-51	-20	-0.000296764048548	0.00171484420116	-0.00218989834583
-25	-51	-20	-0.000366397392398	0.00173634831269	-0.00225605157224
-23	-51	-20	-0.00044240486013	0.00175067841293	-0.00232362047954
-21	-51	-20	-0.0005233012108	0.00175741988154	-0.0023910947876
-19	-51	-20	-0.000607203506728	0.00175622839	-0.00245761337824
-17	-51	-20	-0.000691925781075	0.00174681058227	-0.00252313214105
-15	-51	-20	-0.00077512519044	0.00172859381598	-0.0025888773285
-13	-51	-20	-0.000854486144893	0.00170017956081	-0.00265798620212
-11	-51	-20	-0.000927831911719	0.00165927021312	-0.00273523565192
-9	-51	-20	-0.000992878558368	0.0016048122453	-0.00282291197064
-7	-51	-20	-0.00104698681853	0.0015392803218	-0.00291668714342
-5	-51	-20	-0.00108768225264	0.00146651304147	-0.00300977142133
-3	-51	-20	-0.00111316015649	0.00138967125078	-0.00309708088515
-1	-51	-20	-0.00112240546432	0.00131137364271	-0.00317556429654
1	-51	-20	-0.00111519724265	0.00123424237486	-0.00324364831985
3	-51	-20	-0.0010920924253	0.00116114135459	-0.00330091732901
5	-51	-20	-0.00105438952467	0.00109498549962	-0.00334815034142
7	-51	-20	-0.00100406538791	0.00103811415788	-0.00338772284136
9	-51	-20	-0.000943682056148	0.000991365263522	-0.00342424631093
11	-51	-20	-0.00087623028421	0.000953792061754	-0.00346412054184
13	-51	-20	-0.000804806126908	0.000925392441547	-0.00351043722412
15	-51	-20	-0.000732311068542	0.000910021160566	-0.00355799930587
17	-51	-20	-0.000661543563226	0.000912243873181	-0.00359857332656
19	-51	-20	-0.000595316035754	0.000934390166346	-0.00362623758924
21	-51	-20	-0.000536408547871	0.000976653805346	-0.00363804041926
23	-51	-20	-0.000487463470809	0.00103789276977	-0.00363350722559
25	-51	-20	-0.000450852633126	0.0011162143942	-0.00361429939888
27	-51	-20	-0.000428511768479	0.00120923870928	-0.00358413797836
29	-51	-20	-0.000421733735107	0.00131407063659	-0.00354898757355
31	-51	-20	-0.000430942335461	0.00142707097867	-0.00351738743864
33	-51	-20	-0.000455737637459	0.00154377631404	-0.0034996733162
35	-51	-20	-0.000496008714915	0.00165977442283	-0.00350267479043
37	-51	-20	-0.000553015143192	0.00177165816719	-0.00352455045002
39	-51	-20	-0.000628129464046	0.00187607017445	-0.00355960562953
41	-51	-20	-0.000721559266894	0.00196886787391	-0.00360327413044
43	-51	-20	-0.000832159027377	0.00204533388205	-0.00365263081158
45	-51	-20	-0.000957547718867	0.00210068426093	-0.00370588441079
47	-51	-20	-0.0010942517075	0.00213059834826	-0.00376214529626
49	-51	-20	-0.00123785507375	0.00213176838897	-0.00382161860849
51	-51	-20	-0.00138315759467	0.0021025192515	-0.00388625011996
53	-51	-20	-0.00152434729164	0.00204346329524	-0.00396066889414
55	-51	-20	-0.00165536837952	0.00195741093172	-0.00405176529447
57	-51	-20	-0.00177100683407	0.00184638344542	-0.00416247174473
59	-51	-20	-0.00186792049292	0.00170862045994	-0.00428551769151
61	-51	-20	-0.0019440187355	0.00154172390792	-0.00440954101371
63	-51	-20	-0.00199776976906	0.0013457877201	-0.0045252085712
65	-51	-20	-0.00202819099512	0.00112361167811	-0.00462561298709
67	-51	-20	-0.00203498286246	0.00088014434868	-0.00470542240251
69	-51	-20	-0.00201861290017	0.00062193028426	-0.00476049260022
71	-51	-20	-0.0019803461038	0.000356604265334	-0.0047881408435
73	-51	-20	-0.00192225022235	9.24090491324e-05	-0.00478807300559
75	-51	-20	-0.00184717526686	-0.000162277380722	-0.00476374037443
77	-51	-20	-0.0017583351838	-0.000399667209018	-0.00472235252108
79	-51	-20	-0.00165740356049	-0.000614331012653	-0.00466894050862
81	-51	-20	-0.00154274695767	-0.000804705744788	-0.00460029876563
83	-51	-20	-0.0014111286647	-0.000971751022615	-0.00451140592389
85	-51	-20	-0.00125954129915	-0.00111736542635	-0.00440168084845
87	-51	-20	-0.0010855338709	-0.00124388981559	-0.00427519783839
89	-51	-20	-0.000887106360821	-0.00135393950382	-0.00413941293313
91	-51	-20	-0.000662521472283	-0.00145034943055	-0.00400411870439
93	-51	-20	-0.000410000681942	-0.00153628727248	-0.00388080545795
95	-51	-20	-0.000127235284336	-0.00161559576715	-0.00378242724458
97	-51	-20	0.000189228739458	-0.00169329891202	-0.00372344032874
99	-51	-20	0.00054370366259	-0.00177534840289	-0.00371864029709
-99	-49	-20	0.000141064707795	0.000825550031749	-0.000639360892903
-97	-49	-20	0.000159583051375	0.000869548852004	-0.000640687776841
-95	-49	-20	0.000169275276597	0.000910906716976	-0.000653096865387
-93	-49	-20	0.00017071153219	0.000949581788528	-0.000675718758418
-91	-49	-20	0.000164642537734	0.000985569869278	-0.000707457297262
-89	-49	-20	0.00015190241796	0.00101883877809	-0.000747197999573
-87	-49	-20	0.000133438858496	0.00104937051971	-0.00079387354724
-85	-49	-20	0.000110354421458	0.00107719342911	-0.000846496593149
-83	-49	-20	8.39085891885e-05	0.00110235050601	-0.0009042062724
-81	-49	-20	5.54689772704e-05	0.00112479859286	-0.000966331628307
-79	-49	-20	2.64274343952e-05	0.00114429670896	-0.00103242142175
-77	-49	-20	-1.86892315484e-06	0.00116044507661	-0.00110209856364
-75	-49	-20	-2.81251118975e-05	0.00117300034427	-0.0011746547301
-73	-49	-20	-5.11123963508e-05	0.00118214709193	-0.00124878468487
-71	-49	-20	-6.97755309967e-05	0.001188358751	-0.00132287942382
-69	-49	-20	-8.33409705989e-05	0.00119220089372	-0.00139546433467
-67	-49	-20	-9.13510937617e-05	0.00119437954198	-0.00146538880195
-65	-49	-20	-9.36627363524e-05	0.00119588574167	-0.00153185879627
-63	-49	-20	-9.04500284438e-05	0.00119804553223	-0.00159446211254
-61	-49	-20	-8.22172678113e-05	0.0012023885103	-0.00165324162415
-59	-49	-20	-6.98068007834e-05	0.00121033678269	-0.00170879840795
-57	-49	-20	-5.4370764014e-05	0.00122284804178	-0.00176229182476
-55	-49	-20	-3.72525201663e-05	0.00124036426025	-0.00181499914309
-53	-49	-20	-1.97601962281e-05	0.00126333684205	-0.00186725657735
-51	-49	-20	-3.01051697849e-06	0.00129264290824	-0.00191779654587
-49	-49	-20	1.19825673961e-05	0.00132911247197	-0.0019645222005
-47	-49	-20	2.41493799319e-05	0.00137294235415	-0.00200567640686
-45	-49	-20	3.23147252449e-05	0.0014236765717	-0.00204038852608
-43	-49	-20	3.52395420013e-05	0.00148047465215	-0.00206877517178
-41	-49	-20	3.169994661e-05	0.00154230687226	-0.00209192987523
-39	-49	-20	2.05716513003e-05	0.00160793617581	-0.00211192806107
-37	-49	-20	8.99571289847e-07	0.00167570028488	-0.00213183673412
-35	-49	-20	-2.806161957e-05	0.00174327176328	-0.00215555888176
-33	-49	-20	-6.68449202112e-05	0.00180782275959	-0.0021870743581
-31	-49	-20	-0.000115795250426	0.00186689590644	-0.00222885366057
-29	-49	-20	-0.000175055587702	0.00191908559496	-0.00228080099591
-27	-49	-20	-0.000244462709061	0.00196353792791	-0.00234111552957
-25	-49	-20	-0.000323412004874	0.00199925215697	-0.00240769923329
-23	-49	-20	-0.000410764438612	0.0020250678354	-0.00247877568283
-21	-49	-20	-0.000504816675302	0.00204001989468	-0.00255297028442
-19	-49	-20	-0.000603337081868	0.00204361356968	-0.00262932311496
-17	-49	-20	-0.000703665342153	0.00203581957673	-0.00270743475142
-15	-49	-20	-0.00080286365638	0.00201676911249	-0.00278775101451
-13	-49	-20	-0.000897884243607	0.00198633231872	-0.00287173333467
-11	-49	-20	-0.000985676687707	0.00194407607511	-0.0029612210729
-9	-49	-20	-0.00106318385566	0.00189000483368	-0.00305655310094
-7	-49	-20	-0.00112739077169	0.00182520774569	-0.00315529593698
-5	-49	-20	-0.00117560270854	0.00175138210676	-0.00325353311465
-3	-49	-20	-0.00120576332871	0.00167024527595	-0.00334776987232
-1	-49	-20	-0.00121663340977	0.00158368993161	-0.00343561582026
1	-49	-20	-0.00120786246061	0.00149424980563	-0.00351569034487
3	-49	-20	-0.0011800064621	0.00140534342763	-0.00358745812559
5	-49	-20	-0.00113450176694	0.00132107591682	-0.00365125731264
7	-49	-20	-0.00107358520347	0.00124560916893	-0.00370849315586
9	-49	-20	-0.00100014810487	0.001182375975	-0.00376166462039
11	-49	-20	-0.000917514463591	0.00113381795026	-0.00381340327186
13	-49	-20	-0.000829165830344	0.00110218091368	-0.00386407463948
15	-49	-20	-0.000738536923669	0.00109015298952	-0.00391028775966
17	-49	-20	-0.000648986016989	0.00109994345341	-0.00394673254052
19	-49	-20	-0.000563837605556	0.00113221901148	-0.00396890528931
21	-49	-20	-0.000486375311966	0.00118613083631	-0.0039743533308
23	-49	-20	-0.000419764976897	0.00125992428191	-0.00396285919467
25	-49	-20	-0.000366921455988	0.00135148428624	-0.0039363493812
27	-49	-20	-0.0003303391217	0.001458573926	-0.0038988216402
29	-49	-20	-0.000311921952236	0.00157876284054	-0.00385628329624
31	-49	-20	-0.000312896808869	0.00170918146589	-0.00381640527164
33	-49	-20	-0.000333986423709	0.00184637913928	-0.00378714037004
35	-49	-20	-0.000375918653103	0.00198651497661	-0.003773929677
37	-49	-20	-0.000439709818707	0.00212553647925	-0.00377783262391
39	-49	-20	-0.000526160539059	0.00225892213921	-0.00379696568239
41	-49	-20	-0.00063513644334	0.00238145295788	-0.00382888995484
43	-49	-20	-0.000765208661375	0.00248740799708	-0.00387164282328
45	-49	-20	-0.000913593663654	0.00257102097095	-0.00392383028432
47	-49	-20	-0.00107623588044	0.00262700080761	-0.00398458206189
49	-49	-20	-0.00124797231087	0.0026510508186	-0.00405371590552
51	-49	-20	-0.00142277026786	0.00264035290448	-0.00413213771061
53	-49	-20	-0.0015940680959	0.00259384947924	-0.0042220981072
55	-49	-20	-0.00175530945714	0.00251185056221	-0.00432624675342
57	-49	-20	-0.00190069099071	0.00239469579989	-0.00444479922714
59	-49	-20	-0.00202570937778	0.00224188517785	-0.00457354594277
61	-49	-20	-0.00212710509239	0.0020531421122	-0.00470562007936
63	-49	-20	-0.00220258927817	0.00182993660743	-0.00483414230512
65	-49	-20	-0.00225074824384	0.00157604413152	-0.00495305464376
67	-49	-20	-0.00227108062378	0.00129739636388	-0.00505688278457
69	-49	-20	-0.0022640447928	0.00100167805613	-0.00514055225619
71	-49	-20	-0.00223104742509	0.000697813309534	-0.00519970287063
73	-49	-20	-0.00217432143607	0.000395331482227	-0.00523149344856
75	-49	-20	-0.00209660169904	0.000103554099643	-0.0052354246786
77	-49	-20	-0.00200040416386	-0.000169495320756	-0.00521299696869
79	-49	-20	-0.00188688180966	-0.000418382828243	-0.00516539972899
81	-49	-20	-0.00175514339891	-0.000640973769955	-0.00509193102257
83	-49	-20	-0.00160287604959	-0.000837872134512	-0.00499207034099
85	-49	-20	-0.0014274217911	-0.00101129848423	-0.0048682388295
87	-49	-20	-0.00122641119698	-0.00116421381861	-0.00472649627013
89	-49	-20	-0.000997965919727	-0.00129979582914	-0.00457591091608
91	-49	-20	-0.000740646487246	-0.00142120557111	-0.00442770157202
93	-49	-20	-0.000453224960155	-0.00153160912875	-0.00429453845749
95	-49	-20	-0.000134367661398	-0.00163437633913	-0.00418996491702
97	-49	-20	0.000217504194256	-0.00173319926634	-0.00412756394231
99	-49	-20	0.000603531296478	-0.00183153143884	-0.00411900016956
-99	-47	-20	0.000175859986621	0.000879611634921	-0.0006649051567
-97	-47	-20	0.000196784829647	0.00093111272863	-0.000665693684589
-95	-47	-20	0.000208859806399	0.000980657943046	-0.000678000638578
-93	-47	-20	0.000212210536541	0.00102772641938	-0.000701278561394
-91	-47	-20	0.000207210269866	0.001071874813	-0.000734660289054
-89	-47	-20	0.000194450929721	0.00111275264657	-0.000777139177199
-87	-47	-20	0.000174772845986	0.00115016171538	-0.00082766810481
-85	-47	-20	0.00014930233515	0.00118409996407	-0.000885210353285
-83	-47	-20	0.00011945403211	0.00121474196813	-0.000948777221509
-81	-47	-20	8.68759505427e-05	0.00124233848817	-0.00101746293032
-79	-47	-20	5.33392377799e-05	0.00126706582936	-0.00109045184162
-77	-47	-20	2.06026001778e-05	0.00128891258455	-0.00116694741968
-75	-47	-20	-9.70755857817e-06	0.00130768029544	-0.00124602826981
-73	-47	-20	-3.61848058626e-05	0.00132306136801	-0.0013265703593
-71	-47	-20	-5.76998353609e-05	0.00133473412851	-0.00140734428868
-69	-47	-20	-7.34206388691e-05	0.00134252498343	-0.00148718343044
-67	-47	-20	-8.2806084105e-05	0.00134665947133	-0.00156508889738
-65	-47	-20	-8.56053391936e-05	0.00134800150154	-0.00164027150957
-63	-47	-20	-8.18813666292e-05	0.00134815705841	-0.00171218602164
-61	-47	-20	-7.20469142959e-05	0.00134936838096	-0.00178058130872
-59	-47	-20	-5.68817512333e-05	0.001354189164	-0.00184553527064
-57	-47	-20	-3.74952669117e-05	0.00136502624989	-0.00190737990143
-55	-47	-20	-1.52143670455e-05	0.00138374370615	-0.00196640032183
-53	-47	-20	8.57010426542e-06	0.00141149077402	-0.00202237455572
-51	-47	-20	3.24996238531e-05	0.00144866839412	-0.00207436533316
-49	-47	-20	5.52235684467e-05	0.00149490644632	-0.00212106036413
-47	-47	-20	7.53180286718e-05	0.00154917639924	-0.00216136243252
-45	-47	-20	9.12470437013e-05	0.00161012023505	-0.00219481474104
-43	-47	-20	0.00010139951089	0.00167642743784	-0.00222178876589
-41	-47	-20	0.000104180934012	0.0017470554672	-0.00224353912553
-39	-47	-20	9.81214581992e-05	0.0018212027936	-0.00226219598222
-37	-47	-20	8.19617926293e-05	0.00189805810306	-0.00228067685853
-35	-47	-20	5.46903730938e-05	0.00197646133059	-0.00230240650807
-33	-47	-20	1.55312447268e-05	0.0020547077958	-0.0023307048328
-31	-47	-20	-3.6079021206e-05	0.00213062962562	-0.00236794999627
-29	-47	-20	-0.000100460957288	0.00220176064258	-0.00241508154955
-27	-47	-20	-0.000177575262868	0.0022653839232	-0.00247184930884
-25	-47	-20	-0.000266858825918	0.00231865726752	-0.00253741569841
-23	-47	-20	-0.000367086055016	0.00235900101307	-0.00261076466768
-21	-47	-20	-0.000476304798953	0.00238459704934	-0.00269083650395
-19	-47	-20	-0.000591861469698	0.00239474077381	-0.00277656503818
-17	-47	-20	-0.000710507554739	0.00238987603189	-0.0028669673305
-15	-47	-20	-0.000828567033667	0.00237126335067	-0.00296131542495
-13	-47	-20	-0.000942131892378	0.00234038816929	-0.00305924885677
-11	-47	-20	-0.00104724399317	0.00229840062381	-0.00316055280338
-9	-47	-20	-0.00114004689397	0.00224587246129	-0.00326457125674
-7	-47	-20	-0.00121695246861	0.00218283705412	-0.00336985107154
-5	-47	-20	-0.00127486018646	0.00210897565253	-0.00347449918603
-3	-47	-20	-0.00131138048796	0.00202407333581	-0.00357677829876
-1	-47	-20	-0.00132500315753	0.00192875938656	-0.00367535361415
1	-47	-20	-0.0013152057091	0.00182521550428	-0.00376923099948
3	-47	-20	-0.00128251192248	0.00171751381455	-0.00385767092329
5	-47	-20	-0.00122849120894	0.00161142070737	-0.00394022036792
7	-47	-20	-0.00115567383053	0.00151367407142	-0.00401680444908
9	-47	-20	-0.00106736197818	0.0014309328423	-0.00408763798886
11	-47	-20	-0.000967349333862	0.00136880530446	-0.00415265180262
13	-47	-20	-0.000859620217509	0.00133130461837	-0.00421054717934
15	-47	-20	-0.00074814239786	0.00132062522896	-0.00425839948499
17	-47	-20	-0.000636815430776	0.00133703157245	-0.00429248354161
19	-47	-20	-0.000529513838032	0.00137907732494	-0.00430963099546
21	-47	-20	-0.000430113471165	0.00144427659638	-0.00430817593308
23	-47	-20	-0.000342435215542	0.00152990415226	-0.00428834079135
25	-47	-20	-0.000270104116046	0.00163355712758	-0.00425231618817
27	-47	-20	-0.000216365315313	0.00175332623983	-0.00420420429393
29	-47	-20	-0.00018392399039	0.00188759898511	-0.00414980612713
31	-47	-20	-0.000174891761986	0.00203462167339	-0.00409606008282
33	-47	-20	-0.000190901543315	0.00219202281005	-0.0040498961815
35	-47	-20	-0.000233319620254	0.00235648265007	-0.00401670792861
37	-47	-20	-0.000303286568964	0.00252357740789	-0.00399943370072
39	-47	-20	-0.000401407624086	0.00268776406054	-0.00399895331309
41	-47	-20	-0.000527281012442	0.00284257118976	-0.00401511332221
43	-47	-20	-0.000679145264307	0.00298100987262	-0.00404741637532
45	-47	-20	-0.000853736614885	0.00309608334681	-0.00409521584349
47	-47	-20	-0.00104632563285	0.00318127999489	-0.00415771554361
49	-47	-20	-0.00125089551962	0.00323100904527	-0.00423404712
51	-47	-20	-0.00146045128235	0.00324095515779	-0.00432350739921
53	-47	-20	-0.00166747047045	0.00320825717984	-0.00442575976739
55	-47	-20	-0.00186449425411	0.00313135295865	-0.00454056463096
57	-47	-20	-0.00204476280936	0.00300954339839	-0.00466692674328
59	-47	-20	-0.00220266744447	0.00284279640489	-0.00480247286028
61	-47	-20	-0.00233387320052	0.00263217999026	-0.00494374978787
63	-47	-20	-0.00243524496896	0.00238052835937	-0.00508678073831
65	-47	-20	-0.0025047851137	0.00209280926931	-0.00522710495937
67	-47	-20	-0.002541645542	0.00177611940654	-0.00535947223191
69	-47	-20	-0.0025461605714	0.00143943083168	-0.00547771476902
71	-47	-20	-0.00251980481157	0.00109312601991	-0.00557510066624
73	-47	-20	-0.002464966959	0.000748259540891	-0.00564516943447
75	-47	-20	-0.00238443916053	0.00041547954766	-0.00568273200113
77	-47	-20	-0.00228060410771	0.000103673729855	-0.00568446233185
79	-47	-20	-0.00215455413024	-0.000181303649351	-0.00564882829463
81	-47	-20	-0.00200567263462	-0.000437210577477	-0.00557606792282
83	-47	-20	-0.0018320021125	-0.000664961748801	-0.00546884763711
85	-47	-20	-0.00163106808472	-0.000867494940848	-0.00533293155276
87	-47	-20	-0.00140062044543	-0.00104859122581	-0.00517710762701
89	-47	-20	-0.00113904690669	-0.00121202857342	-0.00501254700794
91	-47	-20	-0.000845464545283	-0.00136115558958	-0.00485205433206
93	-47	-20	-0.000519588788039	-0.0014988161576	-0.00470937692266
95	-47	-20	-0.000161531246534	-0.00162747241024	-0.0045984347539
97	-47	-20	0.000228242199342	-0.00174928950951	-0.00453215660636
99	-47	-20	0.000648537210434	-0.00186591205187	-0.004520666072
-99	-45	-20	0.000220265800304	0.000942521373289	-0.00068512117418
-97	-45	-20	0.00024433539562	0.00100301536397	-0.000684722588898
-95	-45	-20	0.000259425068931	0.0010623410663	-0.000696431918965
-93	-45	-20	0.000265244082118	0.00111951167006	-0.000719910153631
-91	-45	-20	0.000261753404468	0.00117359519248	-0.000754465363227
-89	-45	-20	0.000249227362802	0.00122384106532	-0.000799202896891
-87	-45	-20	0.000228326919018	0.00126980504085	-0.000853118979668
-85	-45	-20	0.000200160443782	0.00131143733578	-0.000915141638964
-83	-45	-20	0.000166300874352	0.00134909392368	-0.000984147528902
-81	-45	-20	0.000128727426988	0.00138342820615	-0.0010589808424
-79	-45	-20	8.96706125101e-05	0.00141513976353	-0.00113848486726
-77	-45	-20	5.13754916317e-05	0.00144462573811	-0.00122153749613
-75	-45	-20	1.58552275579e-05	0.00147168252063	-0.00130707515483
-73	-45	-20	-1.5264137197e-05	0.00149544742389	-0.00139410209571
-71	-45	-20	-4.07575819512e-05	0.00151466954424	-0.00148168951666
-69	-45	-20	-5.9721024372e-05	0.00152821793277	-0.00156896342886
-67	-45	-20	-7.14938576988e-05	0.00153562922211	-0.00165508778971
-65	-45	-20	-7.56484608943e-05	0.00153752649297	-0.00173926197937
-63	-45	-20	-7.20484260956e-05	0.00153582224344	-0.00182074450238
-61	-45	-20	-6.09340832712e-05	0.00153365926063	-0.00189889339972
-59	-45	-20	-4.29786036726e-05	0.00153504327733	-0.00197319172111
-57	-45	-20	-1.92656376201e-05	0.00154414921257	-0.00204321269072
-55	-45	-20	8.8240320866e-06	0.00156440974995	-0.00210849931614
-53	-45	-20	3.97643261188e-05	0.00159769162276	-0.00216841721566
-51	-45	-20	7.19768565847e-05	0.00164394289248	-0.00222212708578
-49	-45	-20	0.000103813092106	0.00170149074153	-0.0022687633316
-47	-45	-20	0.000133478405726	0.00176780951078	-0.0023077299548
-45	-45	-20	0.000158995769947	0.00184037386187	-0.00233896301852
-43	-45	-20	0.000178261398235	0.00191728727637	-0.00236309215168
-41	-45	-20	0.000189178606415	0.00199756828137	-0.00238150890193
-39	-45	-20	0.00018981804977	0.00208109876034	-0.00239635533757
-37	-45	-20	0.000178542444025	0.00216826722573	-0.00241041425447
-35	-45	-20	0.000154046724839	0.00225935858977	-0.00242685470651
-33	-45	-20	0.000115308805539	0.00235382615628	-0.00244881416046
-31	-45	-20	6.15180053943e-05	0.00244970565288	-0.00247892276031
-29	-45	-20	-7.90816896773e-06	0.00254345780405	-0.00251899942523
-27	-45	-20	-9.31628180971e-05	0.00263036641443	-0.00257005387465
-25	-45	-20	-0.000193804567779	0.00270536569185	-0.00263246627225
-23	-45	-20	-0.000308545683134	0.00276400643011	-0.00270612553783
-21	-45	-20	-0.000435151087954	0.00280328715865	-0.00279044266682
-19	-45	-20	-0.000570461250142	0.00282218330016	-0.00288429780317
-17	-45	-20	-0.000710517401259	0.00282176869978	-0.00298603018302
-15	-45	-20	-0.000850762559078	0.00280482554486	-0.00309356485906
-13	-45	-20	-0.000986294824115	0.00277488804255	-0.00320470487697
-11	-45	-20	-0.00111214685917	0.00273488767317	-0.0033175096295
-9	-45	-20	-0.00122356055415	0.00268592351606	-0.00343060103984
-7	-45	-20	-0.00131623063335	0.0026268380927	-0.00354327135231
-5	-45	-20	-0.00138650602741	0.00255492239347	-0.00365535573921
-3	-45	-20	-0.00143155425469	0.00246742200055	-0.00376691163227
-1	-45	-20	-0.00144950457995	0.00236315247075	-0.00387783663923
1	-45	-20	-0.00143958039941	0.00224367334713	-0.00398758997903
3	-45	-20	-0.00140220934	0.00211379892531	-0.00409510403285
5	-45	-20	-0.00133907349479	0.00198141010507	-0.00419886298089
7	-45	-20	-0.00125304489078	0.00185655429788	-0.00429705163452
9	-45	-20	-0.00114795928216	0.00174985749054	-0.00438764442097
11	-45	-20	-0.00102823966882	0.0016705003824	-0.00446834309445
13	-45	-20	-0.000898486689729	0.00162438710497	-0.004536444106
15	-45	-20	-0.000763217488614	0.00161328536624	-0.00458890896906
17	-45	-20	-0.000626845783247	0.00163530274655	-0.00462280564583
19	-45	-20	-0.000493810676257	0.00168633472371	-0.00463594265606
21	-45	-20	-0.000368674906216	0.0017617122867	-0.00462740506885
23	-45	-20	-0.00025608223619	0.00185744133402	-0.00459787745288
25	-45	-20	-0.000160577530289	0.00197082564947	-0.00454978233291
27	-45	-20	-8.63640994886e-05	0.00210052273526	-0.00448726026943
29	-45	-20	-3.70964775744e-05	0.00224613945018	-0.00441594827055
31	-45	-20	-1.57950646818e-05	0.00240746780826	-0.00434246377587
33	-45	-20	-2.49066050356e-05	0.00258352029041	-0.00427356570085
35	-45	-20	-6.64121776002e-05	0.0027716572144	-0.00421520885099
37	-45	-20	-0.000141792307912	0.00296715190978	-0.00417193951009
39	-45	-20	-0.000251746041305	0.00316335756159	-0.00414688852998
41	-45	-20	-0.000395772298759	0.00335232372316	-0.00414211264132
43	-45	-20	-0.000571813644611	0.00352554046902	-0.00415885281889
45	-45	-20	-0.00077608099887	0.00367456797732	-0.00419753154529
47	-45	-20	-0.00100307405273	0.00379148681896	-0.00425759219444
49	-45	-20	-0.00124577654076	0.00386921786594	-0.00433739712557
51	-45	-20	-0.00149601908467	0.00390177874678	-0.00443438840227
53	-45	-20	-0.00174501422546	0.00388450381782	-0.00454560022084
55	-45	-20	-0.00198403023708	0.00381421019048	-0.00466838928524
57	-45	-20	-0.00220507021221	0.003689306474	-0.00480103144963
59	-45	-20	-0.00240135218754	0.00350990519015	-0.00494282508309
61	-45	-20	-0.00256748313648	0.00327798646743	-0.00509356108087
63	-45	-20	-0.00269942768483	0.00299756262079	-0.00525251287874
65	-45	-20	-0.00279446084412	0.00267477416717	-0.0054173315866
67	-45	-20	-0.00285120351752	0.00231789884162	-0.00558325182786
69	-45	-20	-0.00286970404617	0.00193724517605	-0.00574284560853
71	-45	-20	-0.00285143856964	0.00154482126704	-0.00588640704702
73	-45	-20	-0.00279906253905	0.00115359172917	-0.00600298733034
75	-45	-20	-0.00271577419501	0.000776161553324	-0.00608201760926
77	-45	-20	-0.00260432031907	0.000422980732184	-0.00611524139733
79	-45	-20	-0.0024659956386	0.000100642366136	-0.00609841621031
81	-45	-20	-0.00230019868388	-0.000188860356121	-0.00603221946002
83	-45	-20	-0.00210483641178	-0.000447479443669	-0.00592211740319
85	-45	-20	-0.00187728343817	-0.000679506333171	-0.00577742264643
87	-45	-20	-0.00161532998925	-0.000889889918834	-0.00561007282515
89	-45	-20	-0.00131776152402	-0.00108306366271	-0.00543360001513
91	-45	-20	-0.000984530734325	-0.00126239104645	-0.00526243129585
93	-45	-20	-0.000616651282761	-0.00143007951995	-0.00511135066175
95	-45	-20	-0.000215980917347	-0.00158736270317	-0.00499479477425
97	-45	-20	0.00021494987873	-0.0017347742383	-0.00492567015128
99	-45	-20	0.000672965258052	-0.00187237860466	-0.00491365632511
-99	-43	-20	0.000275906698019	0.00101514349894	-0.000698573829397
-97	-43	-20	0.000304109151468	0.00108640456446	-0.000696083753172
-95	-43	-20	0.000323144029799	0.00115748219831	-0.000706413619646
-93	-43	-20	0.000332263887971	0.00122686710456	-0.000729349128393
-91	-43	-20	0.000330954401359	0.00129305705469	-0.000764314817216
-89	-43	-20	0.000319091875811	0.00135481009274	-0.000810521359362
-87	-43	-20	0.000297077105261	0.00141135352932	-0.000867037816803
-85	-43	-20	0.000265938898678	0.00146253912069	-0.000932796250715
-83	-43	-20	0.000227389312591	0.00150891865084	-0.00100656699755
-81	-43	-20	0.000183785412757	0.00155166166315	-0.00108695257234
-79	-43	-20	0.000137933102212	0.00159219675938	-0.00117245080926
-77	-43	-20	9.27070187033e-05	0.00163153503367	-0.00126161317004
-75	-43	-20	5.06022267777e-05	0.00166952686852	-0.00135324098285
-73	-43	-20	1.34718206175e-05	0.00170459113932	-0.00144647721154
-71	-43	-20	-1.74028286209e-05	0.00173422996661	-0.0015407097298
-69	-43	-20	-4.10561555701e-05	0.00175602371692	-0.00163537203181
-67	-43	-20	-5.66496710769e-05	0.00176857034407	-0.00172978541296
-65	-43	-20	-6.34612195095e-05	0.00177210846678	-0.00182310130599
-63	-43	-20	-6.10138642677e-05	0.00176882851975	-0.00191432020627
-61	-43	-20	-4.92538701291e-05	0.00176289903048	-0.00200234303611
-59	-43	-20	-2.8685968797e-05	0.00176011043187	-0.00208602300901
-57	-43	-20	-3.8657652273e-07	0.00176692718521	-0.0021642068987
-55	-43	-20	3.4138978399e-05	0.00178887571467	-0.00223577540102
-53	-43	-20	7.31810096741e-05	0.0018287819352	-0.00229969925899
-51	-43	-20	0.000114959256713	0.00188595480776	-0.00235511507938
-49	-43	-20	0.000157566323467	0.00195694850975	-0.00240141725937
-47	-43	-20	0.000198821446673	0.00203727281361	-0.00243836785029
-45	-43	-20	0.000236207795543	0.00212295704269	-0.00246621659847
-43	-43	-20	0.000266967317489	0.00221145363294	-0.00248580577784
-41	-43	-20	0.000288317920497	0.00230194695271	-0.0024986322622
-39	-43	-20	0.000297711473411	0.00239525329805	-0.00250684520342
-37	-43	-20	0.000293038472388	0.00249335716772	-0.00251316033245
-35	-43	-20	0.000272687363754	0.00259848112025	-0.00252067911398
-33	-43	-20	0.000235418687818	0.00271166377506	-0.00253262838053
-31	-43	-20	0.000180158832377	0.0028312930231	-0.00255207968021
-29	-43	-20	0.000105954110969	0.00295252450783	-0.00258172699894
-27	-43	-20	1.22245240746e-05	0.00306812316832	-0.00262375889303
-25	-43	-20	-0.000100823571446	0.00317019957793	-0.00267978416732
-23	-43	-20	-0.000231869863705	0.00325191637576	-0.00275073178912
-21	-43	-20	-0.000378350171681	0.00330871247241	-0.00283667635444
-19	-43	-20	-0.00053650150638	0.00333904278007	-0.00293660911513
-17	-43	-20	-0.000701524305573	0.00334466595438	-0.00304825197365
-15	-43	-20	-0.000867827094417	0.00333030050834	-0.00316809812799
-13	-43	-20	-0.00102934817211	0.00330228465085	-0.00329192466167
-11	-43	-20	-0.00117994970194	0.00326611112234	-0.00341589351492
-9	-43	-20	-0.00131383056666	0.00322369738299	-0.00353785218336
-7	-43	-20	-0.00142585059778	0.00317223004351	-0.00365792963956
-5	-43	-20	-0.0015117051703	0.00310564573066	-0.0037778970611
-3	-43	-20	-0.00156801262878	0.00301769460444	-0.00389982589773
-1	-43	-20	-0.00159241889735	0.00290474998755	-0.00402494993653
1	-43	-20	-0.0015837589704	0.00276749011562	-0.0041531228812
3	-43	-20	-0.00154224423232	0.00261153203728	-0.00428276098846
5	-43	-20	-0.00146960628	0.00244726536711	-0.00441104041879
7	-43	-20	-0.00136910077855	0.00228884372178	-0.00453419880596
9	-43	-20	-0.00124526164738	0.00215200694463	-0.00464789634505
11	-43	-20	-0.00110336378729	0.00205063296956	-0.00474764834859
13	-43	-20	-0.000948768973422	0.00199304511857	-0.00482929645425
15	-43	-20	-0.00078653535038	0.00198022934725	-0.00488938974835
17	-43	-20	-0.000621508941731	0.00200719661175	-0.00492539052721
19	-43	-20	-0.000458677057201	0.00206624233363	-0.00493579043103
21	-43	-20	-0.00030340386532	0.002149941558	-0.00492025942458
23	-43	-20	-0.000161379491486	0.00225286198175	-0.00487983705578
25	-43	-20	-3.83394643989e-05	0.00237213474742	-0.00481709462175
27	-43	-20	6.03072186032e-05	0.00250730627019	-0.00473618608914
29	-43	-20	0.000129800666554	0.00265969679465	-0.0046427117978
31	-43	-20	0.000166184695802	0.00283126359841	-0.004543335954
33	-43	-20	0.000166248463578	0.00302298667564	-0.00444517160508
35	-43	-20	0.000127374654773	0.00323321075137	-0.00435509239026
37	-43	-20	4.75575840441e-05	0.00345681149057	-0.0042792300311
39	-43	-20	-7.42577356557e-05	0.00368567724005	-0.00422278994254
41	-43	-20	-0.000237665400497	0.00391000051487	-0.00419004211313
43	-43	-20	-0.000440383817441	0.00411950590747	-0.00418422641283
45	-43	-20	-0.000678069934716	0.00430420096069	-0.00420723335257
47	-43	-20	-0.000944354250521	0.00445471436628	-0.00425911455105
49	-43	-20	-0.00123105628297	0.00456243460784	-0.00433764106435
51	-43	-20	-0.00152857827583	0.00461964366651	-0.00443828340058
53	-43	-20	-0.00182651366783	0.00461980183038	-0.00455508820971
55	-43	-20	-0.00211446907479	0.00455806037799	-0.00468266332512
57	-43	-20	-0.00238293232172	0.00443187344948	-0.00481851129656
59	-43	-20	-0.00262386211761	0.00424137090432	-0.00496397479265
61	-43	-20	-0.00283081862598	0.00398929071707	-0.0051227764908
63	-43	-20	-0.00299882066518	0.0036806764989	-0.00529816300163
65	-43	-20	-0.00312425047653	0.00332267696168	-0.0054903917443
67	-43	-20	-0.00320494914113	0.00292456080828	-0.00569535086901
69	-43	-20	-0.0032404371495	0.00249782678467	-0.00590419463141
71	-43	-20	-0.00323208060984	0.00205615816909	-0.00610374086827
73	-43	-20	-0.00318295428026	0.00161485994887	-0.00627767655996
75	-43	-20	-0.00309712954604	0.00118935840174	-0.00640890802033
77	-43	-20	-0.00297830475729	0.000792642751988	-0.00648317917265
79	-43	-20	-0.0028282600244	0.000432483100648	-0.00649295763941
81	-43	-20	-0.00264614132641	0.000110156748469	-0.00643944092322
83	-43	-20	-0.0024291475588	-0.000178328205277	-0.00633144382714
85	-43	-20	-0.00217405055885	-0.000439498890027	-0.00618241756886
87	-43	-20	-0.00187854658865	-0.000679903502875	-0.0060077455542
89	-43	-20	-0.00154195853245	-0.000904651375131	-0.00582327488228
91	-43	-20	-0.00116536563923	-0.00111689699612	-0.00564483367969
93	-43	-20	-0.000751408245887	-0.00131788620505	-0.00548810489008
95	-43	-20	-0.0003039561839	-0.00150729884688	-0.00536826386029
97	-43	-20	0.000172274373448	-0.00168379419518	-0.00529891874425
99	-43	-20	0.000672136484106	-0.00184572933471	-0.00529024543119
-99	-41	-20	0.000344292400946	0.00109801046173	-0.000704100645112
-97	-41	-20	0.000377886157967	0.00118208340495	-0.000698364925654
-95	-41	-20	0.000402132909815	0.0012672718297	-0.000706249226122
-93	-41	-20	0.000415729426652	0.00135141937926	-0.000727569103815
-91	-41	-20	0.000417587872201	0.00143233530856	-0.000761806523149
-89	-41	-20	0.000407093361348	0.00150818529169	-0.000808284555043
-87	-41	-20	0.00038429077699	0.00157776564421	-0.000866201153687
-85	-41	-20	0.000350035297459	0.00164072497773	-0.00093457001056
-83	-41	-20	0.000306113878255	0.00169775024078	-0.00101212596481
-81	-41	-20	0.000255282469759	0.00175061343212	-0.00109725830635
-79	-41	-20	0.000201081427105	0.00180180493537	-0.00118807180471
-77	-41	-20	0.000147268370639	0.00185342911045	-0.0012826879962
-75	-41	-20	9.69808245912e-05	0.0019056155945	-0.00137972011571
-73	-41	-20	5.22411706792e-05	0.00195576230951	-0.00147852104705
-71	-41	-20	1.42402773239e-05	0.00199955194006	-0.00157891581376
-69	-41	-20	-1.60403292043e-05	0.00203281932326	-0.00168070799873
-67	-41	-20	-3.74830591116e-05	0.00205297106323	-0.00178336084474
-65	-41	-20	-4.88780005053e-05	0.00205971423286	-0.00188591872635
-63	-41	-20	-4.91883822054e-05	0.00205540643504	-0.0019870560488
-61	-41	-20	-3.78766498523e-05	0.00204522422841	-0.00208516048065
-59	-41	-20	-1.51732758969e-05	0.00203701583543	-0.00217841805842
-57	-41	-20	1.78334583212e-05	0.00204030387298	-0.00226492119692
-55	-41	-20	5.9401062216e-05	0.0020637769201	-0.00234285167178
-53	-41	-20	0.000107560386976	0.00211178129172	-0.00241073382402
-51	-41	-20	0.000160376703109	0.00218249548108	-0.00246761601229
-49	-41	-20	0.000215766325431	0.00226969987232	-0.00251307027822
-47	-41	-20	0.000271148587953	0.00236623349268	-0.00254712008325
-45	-41	-20	0.000323324806276	0.00246646077246	-0.00257023623307
-43	-41	-20	0.000368653728908	0.00256724314608	-0.00258340003664
-41	-41	-20	0.000403407813295	0.00266807889518	-0.00258816862734
-39	-41	-20	0.000424186440031	0.0027709270242	-0.00258669469596
-37	-41	-20	0.000428267458675	0.00287976972384	-0.00258168112394
-35	-41	-20	0.000413740208899	0.0029995233641	-0.00257627586763
-33	-41	-20	0.000379259858352	0.00313375643555	-0.00257393571979
-31	-41	-20	0.000323524615183	0.00328166133191	-0.00257828417312
-29	-41	-20	0.00024504405408	0.00343658420612	-0.0025929452897
-27	-41	-20	0.000142604996924	0.00358775926597	-0.00262132508294
-25	-41	-20	1.6030793433e-05	0.00372362059474	-0.00266635277343
-23	-41	-20	-0.000133333149717	0.0038344044523	-0.00273018546224
-21	-41	-20	-0.000302511329586	0.00391360549132	-0.00281384264809
-19	-41	-20	-0.000487017730762	0.00395881985265	-0.00291675436085
-17	-41	-20	-0.000681076700872	0.00397230587084	-0.00303629156316
-15	-41	-20	-0.000877903626957	0.00396102742974	-0.00316752673823
-13	-41	-20	-0.00107007709954	0.00393527645058	-0.0033037716963
-11	-41	-20	-0.00125006353856	0.0039047659142	-0.00343854087967
-9	-41	-20	-0.00141084237794	0.00387304182713	-0.00356851701425
-7	-41	-20	-0.00154635898298	0.00383467552377	-0.00369509687702
-5	-41	-20	-0.0016516130832	0.00377842109553	-0.00382277781813
-3	-41	-20	-0.00172258547103	0.00369317561282	-0.00395612399708
-1	-41	-20	-0.00175628318129	0.00357230059159	-0.00409773341765
1	-41	-20	-0.00175095427381	0.00341546696887	-0.00424762715967
3	-41	-20	-0.00170639131146	0.00322911449543	-0.0044034133826
5	-41	-20	-0.00162422622999	0.00302633065686	-0.00456069427367
7	-41	-20	-0.00150808994349	0.00282608767551	-0.00471352664008
9	-41	-20	-0.00136342452283	0.00265086764846	-0.00485500897124
11	-41	-20	-0.00119671600226	0.0025214069837	-0.00497818841791
13	-41	-20	-0.00101431420595	0.00244956571542	-0.00507721778516
15	-41	-20	-0.000821725842072	0.00243456319474	-0.00514811592434
17	-41	-20	-0.000624010557998	0.00246630689783	-0.00518865283749
19	-41	-20	-0.000426645237115	0.00253205978167	-0.00519785126752
21	-41	-20	-0.000235967648181	0.00262118047353	-0.00517576077683
23	-41	-20	-5.9035481308e-05	0.00272691681885	-0.00512357265866
25	-41	-20	9.68563451673e-05	0.00284653477315	-0.00504385128076
27	-41	-20	0.000224763335845	0.00298083592037	-0.00494070117986
29	-41	-20	0.000318611019755	0.00313337375656	-0.00481977049394
31	-41	-20	0.000373474871191	0.00330909463043	-0.00468802776561
33	-41	-20	0.00038546772902	0.00351192627038	-0.00455328907181
35	-41	-20	0.000351341886272	0.00374171373429	-0.00442359766836
37	-41	-20	0.000268355376736	0.00399257479305	-0.00430671911391
39	-41	-20	0.000134793241702	0.00425414072605	-0.00420991066378
41	-41	-20	-4.92380559562e-05	0.00451417571671	-0.00413977606903
43	-41	-20	-0.000281286254956	0.0047604632432	-0.00410191704706
45	-41	-20	-0.000556407089458	0.0049815309798	-0.00410026717442
47	-41	-20	-0.000867262912987	0.00516671095296	-0.0041361586492
49	-41	-20	-0.00120436053852	0.00530598784886	-0.00420732045316
51	-41	-20	-0.00155642833503	0.00538991904088	-0.00430730389611
53	-41	-20	-0.00191104773001	0.00540990598022	-0.00442636153882
55	-41	-20	-0.00225568899349	0.00535910073182	-0.00455497353925
57	-41	-20	-0.002579001169	0.0052337739348	-0.00468921190405
59	-41	-20	-0.00287165871421	0.00503412148614	-0.00483342027815
61	-41	-20	-0.00312627896004	0.00476377662681	-0.00499696161451
63	-41	-20	-0.0033369154592	0.00442877360328	-0.00518825128705
65	-41	-20	-0.00349883838388	0.00403699509694	-0.00541057086036
67	-41	-20	-0.00360875129071	0.00359827745311	-0.00566045845779
69	-41	-20	-0.00366525875246	0.00312486771584	-0.00592751695151
71	-41	-20	-0.00366935039832	0.00263187567764	-0.0061947978094
73	-41	-20	-0.00362459450778	0.00213723645113	-0.00643982272017
75	-41	-20	-0.00353653145383	0.00166032600735	-0.00663725636973
77	-41	-20	-0.00341072276134	0.00121828877449	-0.00676457111174
79	-41	-20	-0.0032499126903	0.000820888705415	-0.00680968460105
81	-41	-20	-0.00305254544833	0.00046785147995	-0.00677512264454
83	-41	-20	-0.00281422561153	0.000151506452124	-0.00667482643657
85	-41	-20	-0.00253054247295	-0.000138070172778	-0.0065275264589
87	-41	-20	-0.00219902479964	-0.00040936594857	-0.00635216663693
89	-41	-20	-0.0018197795696	-0.000667993040289	-0.00616641274424
91	-41	-20	-0.00139536418427	-0.000916551105538	-0.00598685287544
93	-41	-20	-0.000930380176551	-0.00115497164043	-0.00582963335254
95	-41	-20	-0.000430993495441	-0.0013810313085	-0.00571075226659
97	-41	-20	9.56370884644e-05	-0.00159110752275	-0.00564532056309
99	-41	-20	0.00064215114663	-0.00178141127185	-0.00564520267813
-99	-39	-20	0.000426825661259	0.00119130959344	-0.000700886784228
-97	-39	-20	0.000467361365705	0.00129048474442	-0.000690519957943
-95	-39	-20	0.000498455370127	0.00139251552855	-0.000694621235139
-93	-39	-20	0.0005180804824	0.00149438123673	-0.000712882518857
-91	-39	-20	0.000524457951442	0.00159307736296	-0.000744789585377
-89	-39	-20	0.000516394360171	0.00168610755977	-0.000789821760285
-87	-39	-20	0.000493475720097	0.00177173751538	-0.000847401340363
-85	-39	-20	0.000456248313228	0.00184924447592	-0.000916745514778
-83	-39	-20	0.000406427593909	0.00191924640831	-0.000996682175376
-81	-39	-20	0.000347095876523	0.00198404357837	-0.00108547030531
-79	-39	-20	0.000282692802338	0.00204757791362	-0.00118075254261
-77	-39	-20	0.00021831169089	0.00211399684026	-0.00127996276135
-75	-39	-20	0.000158048547613	0.00218430463104	-0.00138135822304
-73	-39	-20	0.000103875043551	0.00225425536572	-0.00148468914068
-71	-39	-20	5.65407253174e-05	0.00231671401267	-0.00159049414264
-69	-39	-20	1.69919930272e-05	0.0023652874753	-0.00169903417299
-67	-39	-20	-1.31703384431e-05	0.00239610152957	-0.00180985167095
-65	-39	-20	-3.19476939088e-05	0.00240827331673	-0.00192178262769
-63	-39	-20	-3.74312989703e-05	0.00240412426726	-0.00203309308725
-61	-39	-20	-2.83187278731e-05	0.00238953054712	-0.00214160849905
-59	-39	-20	-4.37527929508e-06	0.00237432516151	-0.00224481435039
-57	-39	-20	3.32976013078e-05	0.00237194523021	-0.0023399785351
-55	-39	-20	8.2499166699e-05	0.00239623738727	-0.00242444146577
-53	-39	-20	0.000140833818753	0.00245434613701	-0.00249616039144
-51	-39	-20	0.000206354866594	0.00254212790247	-0.00255409721668
-49	-39	-20	0.000276996768483	0.00264867746927	-0.00259802113725
-47	-39	-20	0.00034974972518	0.00276338447101	-0.00262815685339
-45	-39	-20	0.000420507198385	0.00287908427176	-0.00264509009617
-43	-39	-20	0.000484424762328	0.00299239072907	-0.00264984293893
-41	-39	-20	0.000536476590076	0.00310331577137	-0.00264396833939
-39	-39	-20	0.000572068394742	0.00321499547414	-0.00262960147416
-37	-39	-20	0.000587619846552	0.0033335646376	-0.00260945339781
-35	-39	-20	0.000580921354349	0.00346750855722	-0.0025867617739
-33	-39	-20	0.000550810987088	0.00362470659497	-0.00256525143143
-31	-39	-20	0.000495936906952	0.00380625143946	-0.0025491420397
-29	-39	-20	0.000413965162551	0.00400258327218	-0.00254306802004
-27	-39	-20	0.000302626800691	0.0041976039701	-0.00255175851364
-25	-39	-20	0.000161216208347	0.00437513455099	-0.00257960443083
-23	-39	-20	-8.8136178982e-06	0.00452220519809	-0.00263022061181
-21	-39	-20	-0.000203919532394	0.00463012244999	-0.00270593625053
-19	-39	-20	-0.000418744094878	0.00469512356629	-0.00280713229769
-17	-39	-20	-0.000646412445991	0.0047192888427	-0.00293141077275
-15	-39	-20	-0.000878817940461	0.00471155089373	-0.00307276030752
-13	-39	-20	-0.0011069703713	0.00468743940327	-0.00322147786528
-11	-39	-20	-0.00132162313907	0.00466407955564	-0.00336678084601
-9	-39	-20	-0.00151429521402	0.00464865175315	-0.00350311861966
-7	-39	-20	-0.00167802588635	0.00463101194473	-0.00363426609387
-5	-39	-20	-0.00180718742711	0.00459141886926	-0.00376913881548
-3	-39	-20	-0.00189705024351	0.00451245587567	-0.00391538868001
-1	-39	-20	-0.00194378096316	0.00438448376147	-0.00407669459495
1	-39	-20	-0.0019447730784	0.00420645556396	-0.00425273301722
3	-39	-20	-0.00189910196843	0.00398561152037	-0.00443988540797
5	-39	-20	-0.00180801314569	0.00373741560041	-0.00463191911868
7	-39	-20	-0.00167535709018	0.00348570296798	-0.00482051618476
9	-39	-20	-0.00150768906763	0.00326147710897	-0.00499586588179
11	-39	-20	-0.0013133384334	0.00309626877081	-0.00514792664122
13	-39	-20	-0.00110008661513	0.00300794465682	-0.0052687018579
15	-39	-20	-0.000873567729308	0.0029915503652	-0.00535381675834
17	-39	-20	-0.000638553436122	0.00302804641512	-0.00540162278642
19	-39	-20	-0.000400950765103	0.00309803670137	-0.00541162745414
21	-39	-20	-0.000168391475545	0.00318786357899	-0.0053839871793
23	-39	-20	5.02293268179e-05	0.00329014208672	-0.00531974318117
25	-39	-20	0.000245566119369	0.00340278938155	-0.00522121401703
27	-39	-20	0.000408691473382	0.0035281162052	-0.0050923115009
29	-39	-20	0.000531896391164	0.00367218000054	-0.0049387130005
31	-39	-20	0.000609232031904	0.00384377948512	-0.00476783096984
33	-39	-20	0.000636370170473	0.00405143837093	-0.00458845188488
35	-39	-20	0.000609570135043	0.0042975155836	-0.00440999791787
37	-39	-20	0.000525032184641	0.00457441177681	-0.00424188090184
39	-39	-20	0.000379947274642	0.00486795092792	-0.00409340069351
41	-39	-20	0.000173949490698	0.00516279951498	-0.00397368880851
43	-39	-20	-9.02928312845e-05	0.00544488643997	-0.00389117951941
45	-39	-20	-0.000407119939661	0.00570160452523	-0.00385260541452
47	-39	-20	-0.000768124020314	0.00592135609313	-0.00386160155153
49	-39	-20	-0.00116241454868	0.00609303727901	-0.0039169852138
51	-39	-20	-0.00157689748762	0.00620563509003	-0.00401104013203
53	-39	-20	-0.00199675800772	0.00624823856337	-0.00412921608006
55	-39	-20	-0.00240666514447	0.00621125703426	-0.00425482093302
57	-39	-20	-0.00279296281401	0.00608925698371	-0.00438055957198
59	-39	-20	-0.0031452128047	0.00588287577794	-0.00451593379094
61	-39	-20	-0.00345543076278	0.00559722057051	-0.0046792512466
63	-39	-20	-0.00371670736969	0.00523936532916	-0.00488544941879
65	-39	-20	-0.00392288096136	0.00481750849311	-0.00514066830431
67	-39	-20	-0.00406902573126	0.00434139938602	-0.00544165455459
69	-39	-20	-0.00415225569887	0.00382325480527	-0.00577635286975
71	-39	-20	-0.00417263137148	0.00327885283968	-0.00612426635574
73	-39	-20	-0.00413397201489	0.00272849954092	-0.00645660713592
75	-39	-20	-0.00404390392047	0.00219671788332	-0.00673785830386
77	-39	-20	-0.00391146040242	0.00170769713728	-0.0069330224763
79	-39	-20	-0.00374138643403	0.00127501417168	-0.00702277246413
81	-39	-20	-0.00353043606304	0.000895020657798	-0.00701332178641
83	-39	-20	-0.0032710529675	0.000553466112743	-0.00692754604491
85	-39	-20	-0.00295705393834	0.00023580011482	-0.00679088885171
87	-39	-20	-0.00258604043475	-6.82215235547e-05	-0.00662530489236
89	-39	-20	-0.00215940442323	-0.000364109215295	-0.00644910429901
91	-39	-20	-0.00168163743515	-0.000653390249589	-0.00627850216814
93	-39	-20	-0.00115962842921	-0.000934363308627	-0.00612924986659
95	-39	-20	-0.000602086587097	-0.00120265940039	-0.00601787168438
97	-39	-20	-1.89427589405e-05	-0.00145190772541	-0.0059617942257
99	-39	-20	0.000579728288522	-0.00167534930225	-0.00597654345513
-99	-37	-20	0.000524824355995	0.00129491648375	-0.000688598795847
-97	-37	-20	0.000574168991718	0.00141169689071	-0.000672032173895
-95	-37	-20	0.000614120433504	0.00153359809803	-0.000670750452915
-93	-37	-20	0.000641668555428	0.00165638512944	-0.000684058524765
-91	-37	-20	0.000654269629295	0.00177621712814	-0.000711454463327
-89	-37	-20	0.000650112153715	0.00188997812309	-0.000752682763863
-87	-37	-20	0.000628233110056	0.00199535470335	-0.000807515160107
-85	-37	-20	0.000588705348566	0.00209105661397	-0.000875516324143
-83	-37	-20	0.000532925747677	0.0021772564874	-0.000955790614265
-81	-37	-20	0.000464020378071	0.00225630990763	-0.00104667171242
-79	-37	-20	0.000387300674698	0.00233364396323	-0.00114537913695
-77	-37	-20	0.000309962744542	0.0024171234899	-0.00124817176881
-75	-37	-20	0.000237839145534	0.00251025973674	-0.00135246294388
-73	-37	-20	0.000172154371354	0.00260557438675	-0.00145890979099
-71	-37	-20	0.000112538093914	0.00269146376162	-0.00156927180948
-69	-37	-20	6.00319224412e-05	0.00275925189867	-0.00168424621366
-67	-37	-20	1.71282844411e-05	0.00280415661395	-0.00180326831814
-65	-37	-20	-1.29784274385e-05	0.00282485013244	-0.00192480981631
-63	-37	-20	-2.71330517872e-05	0.00282337213552	-0.00204663578649
-61	-37	-20	-2.29053088762e-05	0.00280561518588	-0.00216597698509
-59	-37	-20	7.41111823001e-07	0.0027824692337	-0.00227962600634
-57	-37	-20	4.28243728113e-05	0.00277136602013	-0.00238398275393
-55	-37	-20	0.000100276206133	0.00279473697461	-0.00247528439379
-53	-37	-20	0.000169819212465	0.00286586597128	-0.00255065469925
-51	-37	-20	0.000249932083195	0.00297504821372	-0.00260912133621
-49	-37	-20	0.00033895553848	0.00310336928851	-0.00265079383145
-47	-37	-20	0.000433291020431	0.00323679168213	-0.00267601417999
-45	-37	-20	0.000527553776927	0.00336764242885	-0.00268533560572
-43	-37	-20	0.000615292793222	0.0034930337924	-0.00267969771398
-41	-37	-20	0.000689765724615	0.00361373228295	-0.00266056587913
-39	-37	-20	0.000744735375677	0.00373379050004	-0.00263001495866
-37	-37	-20	0.000775316967154	0.00386093763817	-0.00259075735782
-35	-37	-20	0.000778821713237	0.00400746439325	-0.00254611807937
-33	-37	-20	0.000754850474819	0.00418860330515	-0.00250003000234
-31	-37	-20	0.000702614147641	0.00441024595124	-0.00245726005546
-29	-37	-20	0.000618204622088	0.00465709804017	-0.00242356419816
-27	-37	-20	0.00049759283921	0.00490473619608	-0.00240513624121
-25	-37	-20	0.000339586308846	0.00513213759527	-0.00240795521491
-23	-37	-20	0.000146031244355	0.00532361784667	-0.00243729978439
-21	-37	-20	-7.870759567e-05	0.00546837661676	-0.00249717672891
-19	-37	-20	-0.000328230413641	0.00556070241836	-0.00258952843876
-17	-37	-20	-0.00059447429847	0.00560117854463	-0.00271311649301
-15	-37	-20	-0.000867975430606	0.00559899572824	-0.00286194442632
-13	-37	-20	-0.00113805652732	0.00557490922972	-0.00302342151026
-11	-37	-20	-0.00139330692753	0.00555902818904	-0.00317946513766
-9	-37	-20	-0.00162335022736	0.00556761953968	-0.00331931087877
-7	-37	-20	-0.00182056680593	0.00558036162683	-0.00345213407951
-5	-37	-20	-0.0019789457419	0.0055634096969	-0.00359431337103
-3	-37	-20	-0.00209291965089	0.00549295182536	-0.003756505206
-1	-37	-20	-0.00215754278419	0.00535786498688	-0.00394242306447
1	-37	-20	-0.00216904559881	0.00515734476194	-0.00415054519419
3	-37	-20	-0.00212543105775	0.00489940145742	-0.00437553755824
5	-37	-20	-0.00202712469952	0.00460081515741	-0.00460915964336
7	-37	-20	-0.00187773602489	0.0042886222958	-0.00484074562358
9	-37	-20	-0.00168485523554	0.00400256316182	-0.00505741121704
11	-37	-20	-0.00145973016309	0.00379164285941	-0.0052449853676
13	-37	-20	-0.00121267620404	0.00368617818719	-0.0053923025061
15	-37	-20	-0.000948451854918	0.00367056053758	-0.00549534882822
17	-37	-20	-0.00067057553066	0.00371011891578	-0.00555380946861
19	-37	-20	-0.000385592474969	0.00377864574232	-0.00556750212217
21	-37	-20	-0.000103045718536	0.00386130106871	-0.00553623849487
23	-37	-20	0.000165711123371	0.00395146454822	-0.0054605199111
25	-37	-20	0.000408707922356	0.00404831241816	-0.00534212869491
27	-37	-20	0.000614481332978	0.00415559094299	-0.00518456620276
29	-37	-20	0.000773176906245	0.00428138910197	-0.00499338560563
31	-37	-20	0.000877591013684	0.00443853433742	-0.00477642264022
33	-37	-20	0.000923458584296	0.00464282197133	-0.00454368626449
35	-37	-20	0.000907097132664	0.00490165900821	-0.00430624536269
37	-37	-20	0.000822954861547	0.00520310388836	-0.00407499386009
39	-37	-20	0.000666465812749	0.00552644542656	-0.00386116294654
41	-37	-20	0.000436830965576	0.00585311435032	-0.00367665315418
43	-37	-20	0.000137200392867	0.00616786932884	-0.00353324129108
45	-37	-20	-0.000225827627429	0.00645756775157	-0.00344125184309
47	-37	-20	-0.000642660370849	0.00671013477734	-0.00340782843879
49	-37	-20	-0.00110101974716	0.00691380740904	-0.00343464036481
51	-37	-20	-0.00158607595347	0.0070564306405	-0.00351475758043
53	-37	-20	-0.00208046582885	0.00712477135723	-0.00362906160238
55	-37	-20	-0.00256507628118	0.00710514748653	-0.00374811432184
57	-37	-20	-0.00302300562656	0.00698909081387	-0.00385572840816
59	-37	-20	-0.00344343946666	0.0067789259333	-0.00397218493358
61	-37	-20	-0.00381853807505	0.00648247771814	-0.00413044010973
63	-37	-20	-0.00414028340704	0.00610772274314	-0.00435192816563
65	-37	-20	-0.00440059509344	0.00566253127802	-0.00464395270946
67	-37	-20	-0.0045923528414	0.00515581480294	-0.00500233327718
69	-37	-20	-0.00471050955678	0.00459882681833	-0.00541323685235
71	-37	-20	-0.00475333552723	0.0040067234953	-0.00585356817781
73	-37	-20	-0.00472395998082	0.00340070633441	-0.00628981600275
75	-37	-20	-0.00463206204873	0.00281051904883	-0.00667591863817
77	-37	-20	-0.00449290005306	0.00227234355071	-0.00695729008043
79	-37	-20	-0.00431593191397	0.00180836917129	-0.00710050290775
81	-37	-20	-0.00409357967107	0.00140679180117	-0.00712215906179
83	-37	-20	-0.00381243908916	0.00104184550242	-0.00706098250047
85	-37	-20	-0.00346464165994	0.000694274039375	-0.00694917565162
87	-37	-20	-0.00304882829572	0.000353502425198	-0.00680959602962
89	-37	-20	-0.00256850346092	1.526670488e-05	-0.00665937442263
91	-37	-20	-0.00203061971955	-0.000320281562128	-0.00651301743965
93	-37	-20	-0.00144460893253	-0.000649658384984	-0.00638474487009
95	-37	-20	-0.00082179045799	-0.000966484192364	-0.00629060772667
97	-37	-20	-0.000175044946808	-0.00126150939775	-0.00625048838735
99	-37	-20	0.000482018877896	-0.00152365416992	-0.00628692069595
-99	-35	-20	0.000639631304529	0.00140860027722	-0.000667646405199
-97	-35	-20	0.000700009688296	0.00154568989238	-0.000643235919131
-95	-35	-20	0.00075107549381	0.00169046450477	-0.000634591670928
-93	-35	-20	0.000788602830982	0.0018371915378	-0.000640393682863
-91	-35	-20	0.000809391506821	0.00198151452359	-0.000660381401047
-89	-35	-20	0.000811031931791	0.00211987970407	-0.000694721877652
-87	-35	-20	0.000791940135389	0.00224942278713	-0.00074363525129
-85	-35	-20	0.000751565997269	0.00236816813878	-0.000807133979798
-83	-35	-20	0.000690724063545	0.0024754825938	-0.000884760668014
-81	-35	-20	0.000612097061128	0.00257292483484	-0.000975237007427
-79	-35	-20	0.000521157279319	0.00266604549879	-0.0010758329533
-77	-35	-20	0.000427868302869	0.00276794532094	-0.0011811955141
-75	-35	-20	0.000342166618448	0.00288972192173	-0.00128632868574
-73	-35	-20	0.000262222930081	0.00301571200862	-0.00139438803477
-71	-35	-20	0.000185950005493	0.00312843747705	-0.00150881302368
-69	-35	-20	0.000115277114624	0.0032183832837	-0.00163027898894
-67	-35	-20	5.41782752794e-05	0.00328073966016	-0.00175780897137
-65	-35	-20	7.44186800734e-06	0.00331402566778	-0.00188935434002
-63	-35	-20	-2.01954230969e-05	0.00331985615607	-0.00202209844639
-61	-35	-20	-2.48195255844e-05	0.00330342926029	-0.00215265262448
-59	-35	-20	-4.12925492951e-06	0.00327492910153	-0.0022771712759
-57	-35	-20	4.15841091326e-05	0.00325294425137	-0.00239131961937
-55	-35	-20	0.00010804788172	0.00327153365157	-0.00248998032594
-53	-35	-20	0.000189646310047	0.00336045073342	-0.002568711537
-51	-35	-20	0.000286731642643	0.0034942105681	-0.00262723617988
-49	-35	-20	0.000398374944811	0.00364296537093	-0.00266614791069
-47	-35	-20	0.000519796764945	0.00379221919518	-0.00268565611574
-45	-35	-20	0.000643838529011	0.0039356963437	-0.00268609727676
-43	-35	-20	0.000762042501503	0.00407186004093	-0.00266820653384
-41	-35	-20	0.000865561434925	0.00420247391002	-0.00263326935474
-39	-35	-20	0.000946063132654	0.00433216797729	-0.00258323043564
-37	-35	-20	0.000996729874505	0.00446897662774	-0.00252076820173
-35	-35	-20	0.00101358726453	0.00462674322008	-0.00244929931688
-33	-35	-20	0.000997491759475	0.00483079790967	-0.00237285400511
-31	-35	-20	0.000950310457097	0.00510076620899	-0.00229649186936
-29	-35	-20	0.00086436760721	0.00540683765602	-0.00222733220159
-27	-35	-20	0.000733275010344	0.00571365490676	-0.00217314521199
-25	-35	-20	0.000556040932304	0.00599770342377	-0.00214152464116
-23	-35	-20	0.000335394809728	0.00624191404844	-0.00213953196362
-21	-35	-20	7.68062450303e-05	0.00643366624507	-0.00217309914693
-19	-35	-20	-0.000212116151929	0.00656484242487	-0.00224618559083
-17	-35	-20	-0.000522053164137	0.00663313525601	-0.0023596020142
-15	-35	-20	-0.000842252674564	0.00664487851637	-0.00250917698855
-13	-35	-20	-0.00116055386	0.00662119092801	-0.00268219850878
-11	-35	-20	-0.00146299336702	0.00661011142365	-0.00285060013809
-9	-35	-20	-0.00173616677191	0.00665408207822	-0.00298897238804
-7	-35	-20	-0.00197280302594	0.00670560691487	-0.0031213656673
-5	-35	-20	-0.00216675252034	0.00671186465389	-0.00327434620713
-3	-35	-20	-0.00231122456339	0.00664754206864	-0.00345884523494
-1	-35	-20	-0.00239985240153	0.00650310795863	-0.00367683517398
1	-35	-20	-0.00242744790478	0.00627922950969	-0.00392474832269
3	-35	-20	-0.00239064966259	0.00598473673912	-0.00419515556411
5	-35	-20	-0.00228863075196	0.00563650613836	-0.00447773787917
7	-35	-20	-0.00212401288972	0.00526140187286	-0.00475977788625
9	-35	-20	-0.00190435777668	0.00490234756024	-0.00502595821114
11	-35	-20	-0.00164475205539	0.00463169251316	-0.00525704369597
13	-35	-20	-0.00136142381202	0.00451224828279	-0.0054357917419
15	-35	-20	-0.00105494233939	0.00449754829627	-0.00556127345563
17	-35	-20	-0.000726730814026	0.00453129143215	-0.00563523953036
19	-35	-20	-0.000385139648861	0.00458594500658	-0.00565693577839
21	-35	-20	-4.25081353849e-05	0.00464889008143	-0.00562522637638
23	-35	-20	0.00028674002173	0.00471566629486	-0.0055397274108
25	-35	-20	0.000587493635083	0.00478707379908	-0.00540143992791
27	-35	-20	0.000845217700733	0.00486793386459	-0.00521322505675
29	-35	-20	0.00104723880432	0.00496706326221	-0.0049802408307
31	-35	-20	0.0011842840892	0.00509910620464	-0.0047104304154
33	-35	-20	0.0012525773507	0.00528941240754	-0.00441514931982
35	-35	-20	0.00125044151419	0.00555830454568	-0.00410777980085
37	-35	-20	0.0011685374762	0.00588137792472	-0.00379999053614
39	-35	-20	0.00100001560394	0.00622886721122	-0.00350480870841
41	-35	-20	0.000744330414618	0.00658098598715	-0.00323727005773
43	-35	-20	0.000405616071026	0.00692252559124	-0.00301291827256
45	-35	-20	-8.29604618571e-06	0.00724026956051	-0.00284622514012
47	-35	-20	-0.000486480631089	0.00752186356336	-0.00274873451567
49	-35	-20	-0.00101529855503	0.00775513940925	-0.00272663884231
51	-35	-20	-0.00157850740792	0.0079274198937	-0.00277715194131
53	-35	-20	-0.00215682176513	0.00802419964654	-0.0028816961043
55	-35	-20	-0.00272651234596	0.0080264627242	-0.0029930753487
57	-35	-20	-0.0032647773104	0.0079186245674	-0.00306867580345
59	-35	-20	-0.00376299431829	0.00770877260288	-0.00315704272353
61	-35	-20	-0.00421418886497	0.00740866888702	-0.0033107583099
63	-35	-20	-0.00460843971527	0.00702608493455	-0.00355264692729
65	-35	-20	-0.00493516979116	0.00656782917485	-0.00388789942699
67	-35	-20	-0.00518464958977	0.00604151808841	-0.00430999120068
69	-35	-20	-0.0053491989107	0.00545688172943	-0.00480307490996
71	-35	-20	-0.00542449957637	0.00482730240044	-0.00534251591524
73	-35	-20	-0.0054114106575	0.00417230114204	-0.00589338749547
75	-35	-20	-0.00531926004526	0.00352274222542	-0.00640469722108
77	-35	-20	-0.00517196780706	0.00293121240621	-0.00679595735626
79	-35	-20	-0.0049921220713	0.00244344772092	-0.00699853507521
81	-35	-20	-0.00475948629395	0.00202459061848	-0.00706058599006
83	-35	-20	-0.00445246397305	0.00163298780411	-0.00704302648356
85	-35	-20	-0.00406399853767	0.00124882062041	-0.0069791691407
87	-35	-20	-0.0035954367887	0.000863793066106	-0.00688930758509
89	-35	-20	-0.00305325091559	0.000476026709505	-0.00678793234588
91	-35	-20	-0.00244729800312	8.77585973494e-05	-0.00668715311866
93	-35	-20	-0.00178972089038	-0.000295803122116	-0.00659894143877
95	-35	-20	-0.00109429568684	-0.000666857027815	-0.00653737962344
97	-35	-20	-0.000376392178452	-0.00101435599046	-0.0065223636181
99	-35	-20	0.000346120372555	-0.00132175397684	-0.00658651512345
-99	-33	-20	0.000773236748253	0.00153313250065	-0.000640093362513
-97	-33	-20	0.000846999696328	0.00169295009834	-0.000605920652922
-95	-33	-20	0.000911001327739	0.00186229109179	-0.000586784653574
-93	-33	-20	0.000960404301526	0.0020350992362	-0.000581561876965
-91	-33	-20	0.000991490155893	0.00220690189618	-0.000590484283458
-89	-33	-20	0.00100120046133	0.00237380564352	-0.000614171673146
-87	-33	-20	0.000987242742043	0.00253244924126	-0.000653288197672
-85	-33	-20	0.000948351840529	0.00268023062342	-0.000708288873097
-83	-33	-20	0.000884660390918	0.00281575569905	-0.000779162102465
-81	-33	-20	0.000798211583775	0.00293961313757	-0.000865102603907
-79	-33	-20	0.000693812652626	0.0030559339255	-0.000963956098424
-77	-33	-20	0.000581734366466	0.00317798370021	-0.00107040307857
-75	-33	-20	0.00048025140639	0.00333356565245	-0.00117421008162
-73	-33	-20	0.000380282777474	0.00348991720634	-0.0012838948931
-71	-33	-20	0.000280527719414	0.00362895496487	-0.00140296077169
-69	-33	-20	0.000184684879774	0.00374205419327	-0.00153155216002
-67	-33	-20	9.84788308271e-05	0.0038247231805	-0.00166819218338
-65	-33	-20	2.84824851691e-05	0.00387544486787	-0.00181027785056
-63	-33	-20	-1.87863713234e-05	0.00389550316466	-0.00195436424916
-61	-33	-20	-3.77128693205e-05	0.00388944292273	-0.00209638187704
-59	-33	-20	-2.44540875213e-05	0.00386630977176	-0.00223180545935
-57	-33	-20	2.20439724409e-05	0.00384258029946	-0.00235571075908
-55	-33	-20	9.79527726175e-05	0.0038534169493	-0.00246226074164
-53	-33	-20	0.000192687448571	0.00396357493966	-0.00254417161496
-51	-33	-20	0.000311109740706	0.00411336207631	-0.00260305153725
-49	-33	-20	0.000451371801557	0.00427264043583	-0.00263925189601
-47	-33	-20	0.000606846391697	0.00442987183261	-0.00265260280441
-45	-33	-20	0.000768295730803	0.00458079947514	-0.00264315134137
-43	-33	-20	0.000924990227797	0.00472543812091	-0.00261136260313
-41	-33	-20	0.00106571011557	0.0048667522357	-0.00255825152753
-39	-33	-20	0.00117975457447	0.00501015757139	-0.00248551842358
-37	-33	-20	0.00125802187534	0.00516382681885	-0.00239569130374
-35	-33	-20	0.00129434339528	0.00534055593156	-0.00229223088588
-33	-33	-20	0.00128844798138	0.00556691330662	-0.00217940470611
-31	-33	-20	0.00124869126869	0.00589227924799	-0.00206207843159
-29	-33	-20	0.00115971888179	0.0062565432756	-0.001949135769
-27	-33	-20	0.00101508231734	0.0066224965608	-0.00184970503492
-25	-33	-20	0.000814804253267	0.00696692978807	-0.00177297681429
-23	-33	-20	0.000562739968789	0.00727171794242	-0.00172786140975
-21	-33	-20	0.000265615932603	0.00752233666532	-0.00172229228405
-19	-33	-20	-6.76145711136e-05	0.00770814679528	-0.00176230954807
-17	-33	-20	-0.000426259553573	0.00782377203881	-0.00185086863477
-15	-33	-20	-0.00079823070276	0.00787176300666	-0.00198613688512
-13	-33	-20	-0.00117015298675	0.00786801956571	-0.00215839081503
-11	-33	-20	-0.00152655634795	0.00786094697583	-0.00233936260085
-9	-33	-20	-0.00184905546532	0.00794991048557	-0.00247199500791
-7	-33	-20	-0.00213262793958	0.00802968346158	-0.0026122667036
-5	-33	-20	-0.00236986798516	0.00804621276488	-0.00278719361752
-3	-33	-20	-0.00255238537447	0.00797842833014	-0.00300490441727
-1	-33	-20	-0.00267228608696	0.0078194558374	-0.00326513085779
1	-33	-20	-0.00272287484981	0.00757172962078	-0.00356215359706
3	-33	-20	-0.00269931028419	0.00724511036395	-0.00388634775637
5	-33	-20	-0.0025993536277	0.0068566667784	-0.00422519097188
7	-33	-20	-0.00242431519184	0.00643223287117	-0.00456389822229
9	-33	-20	-0.00218048958146	0.00601146468011	-0.00488548435193
11	-33	-20	-0.00188322273424	0.00566935294912	-0.00516842903848
13	-33	-20	-0.00156070491934	0.00553723421664	-0.00538428513939
15	-33	-20	-0.00120328704761	0.00550146510012	-0.00554023791624
17	-33	-20	-0.000813913124043	0.00550455584587	-0.0056372135276
19	-33	-20	-0.000404045210224	0.00552389053828	-0.00567298610563
21	-33	-20	1.0746132507e-05	0.00554979131545	-0.0056453255576
23	-33	-20	0.000412646320313	0.00557980409499	-0.00555289938987
25	-33	-20	0.000783077996415	0.00561616439042	-0.00539581977045
27	-33	-20	0.00110409690376	0.00566461133881	-0.00517613939296
29	-33	-20	0.00135980380704	0.00573421773033	-0.00489838247757
31	-33	-20	0.00153794508733	0.00583878888681	-0.00457015832738
33	-33	-20	0.00163297268962	0.00600492646502	-0.00420325276639
35	-33	-20	0.00164879918382	0.00628003265179	-0.00381451188652
37	-33	-20	0.00156868525201	0.0066126876924	-0.00341504306873
39	-33	-20	0.00138571943147	0.00697197823921	-0.00302042030766
41	-33	-20	0.0011004636066	0.00733914107312	-0.00264912756965
43	-33	-20	0.000718361264925	0.00769902194218	-0.00232063261705
45	-33	-20	0.000248709302236	0.00803798313862	-0.00205368663184
47	-33	-20	-0.000296035074549	0.00834301870211	-0.00186434589191
49	-33	-20	-0.0009007224577	0.00860124215812	-0.00176350273484
51	-33	-20	-0.00154771102376	0.00879938281576	-0.00175346151594
53	-33	-20	-0.00221656783878	0.00892278121314	-0.00182192209918
55	-33	-20	-0.00288160040696	0.00895115771592	-0.00192199545957
57	-33	-20	-0.00350943233435	0.00885449912783	-0.00195302659498
59	-33	-20	-0.00409834836408	0.0086540468786	-0.00202326457707
61	-33	-20	-0.00463960347979	0.0083614955317	-0.00218667081588
63	-33	-20	-0.00512057206918	0.00798333377625	-0.00246152430425
65	-33	-20	-0.00552808394077	0.00752538675245	-0.00284972584954
67	-33	-20	-0.00584980796668	0.00699426063063	-0.00334194753943
69	-33	-20	-0.00607543616279	0.00639846922732	-0.00391987688049
71	-33	-20	-0.00619800956688	0.0057498315624	-0.00455694527779
73	-33	-20	-0.00621567512145	0.00506568196455	-0.00521738653439
75	-33	-20	-0.00613466637905	0.00437335209113	-0.00585173902509
77	-33	-20	-0.00597892788599	0.00372661806301	-0.00637509427775
79	-33	-20	-0.00579929175823	0.00322159615023	-0.00664574474484
81	-33	-20	-0.00554784883561	0.00277358050427	-0.0067815274314
83	-33	-20	-0.00520355612583	0.00234029981778	-0.00684432356772
85	-33	-20	-0.00476303806183	0.00190611030019	-0.00686234217293
87	-33	-20	-0.00423094098914	0.00146562984064	-0.00685298767417
89	-33	-20	-0.00361694090652	0.00101933920853	-0.0068287775872
91	-33	-20	-0.00293400839548	0.000571491486176	-0.00680017776676
93	-33	-20	-0.00219719711146	0.000128963609988	-0.00677754988954
95	-33	-20	-0.00142282023054	-0.000299240599436	-0.00677311626518
97	-33	-20	-0.000628168527842	-0.000701602017948	-0.00680412938002
99	-33	-20	0.000166808227526	-0.0010602762751	-0.00690369037026
-99	-31	-20	0.000928896744056	0.00167141280296	-0.000610535820326
-97	-31	-20	0.00101638546156	0.00185233616221	-0.00056181674065
-95	-31	-20	0.00109434881337	0.00204589145487	-0.000527602254198
-93	-31	-20	0.00115743705664	0.00224601832608	-0.000507141133556
-91	-31	-20	0.00120112025617	0.0024478075913	-0.000500859795128
-89	-31	-20	0.00122151551545	0.00264693831394	-0.000509695913462
-87	-31	-20	0.00121550319406	0.00283959102629	-0.000534684916913
-85	-31	-20	0.00118103467308	0.0030226936054	-0.00057665973048
-83	-31	-20	0.00111758324196	0.00319444750297	-0.00063594983544
-81	-31	-20	0.00102678837721	0.00335527635012	-0.000711991594231
-79	-31	-20	0.000913530485631	0.00350974181625	-0.00080265819431
-77	-31	-20	0.000787778794479	0.00367020908304	-0.000903048877922
-75	-31	-20	0.00066018361962	0.00384735804744	-0.001008430652
-73	-31	-20	0.000530386283608	0.00402541718059	-0.00112199837797
-71	-31	-20	0.000398500369504	0.00418701981252	-0.0012469786214
-69	-31	-20	0.000269289445516	0.00432283124783	-0.00138356128458
-67	-31	-20	0.000150045672546	0.00442812321789	-0.00153000221431
-65	-31	-20	4.91738893725e-05	0.00450126463836	-0.00168321095571
-63	-31	-20	-2.48881878981e-05	0.00454343505468	-0.00183908544166
-61	-31	-20	-6.46841589621e-05	0.00455916389614	-0.00199277030671
-59	-31	-20	-6.48026542639e-05	0.0045578913069	-0.00213886755418
-57	-31	-20	-2.31472471695e-05	0.00455762319621	-0.00227152375741
-55	-31	-20	5.74022711451e-05	0.00459225627258	-0.0023842564963
-53	-31	-20	0.000171424819263	0.0046920121022	-0.0024714998426
-51	-31	-20	0.000318181923387	0.00483260212184	-0.00253212021429
-49	-31	-20	0.000494418350929	0.00498606123845	-0.00256607866883
-47	-31	-20	0.000691963792603	0.00514029948271	-0.00257307939083
-45	-31	-20	0.000899455017172	0.0052917386237	-0.00255296969464
-43	-31	-20	0.00110370261179	0.00544158925534	-0.00250592943612
-41	-31	-20	0.00129089645352	0.00559420271458	-0.00243260549335
-39	-31	-20	0.00144780827359	0.00575647533408	-0.00233428714828
-37	-31	-20	0.00156309278986	0.00593826721341	-0.00221312853318
-35	-31	-20	0.00162891425296	0.00615471503016	-0.00207235810103
-33	-31	-20	0.00164319914677	0.00643183025119	-0.00191637140087
-31	-31	-20	0.00160600315576	0.00678923063561	-0.00175132176293
-29	-31	-20	0.00150902435198	0.0071963317998	-0.00158623489576
-27	-31	-20	0.0013463645972	0.00761616343938	-0.00143157141112
-25	-31	-20	0.00111845742057	0.00802270232589	-0.00129826832824
-23	-31	-20	0.000830151927284	0.00839545641418	-0.00119718398993
-21	-31	-20	0.000489488350149	0.00871752172878	-0.00113827182083
-19	-31	-20	0.000106891739281	0.00897580454331	-0.00112950505202
-17	-31	-20	-0.000305406123358	0.00916264764768	-0.00117547531369
-15	-31	-20	-0.00073374019895	0.00927913900919	-0.00127534139799
-13	-31	-20	-0.00116308816925	0.00934184419698	-0.0014190630636
-11	-31	-20	-0.00157669412745	0.00939552563277	-0.00158040192782
-9	-31	-20	-0.00195841952237	0.00948104597425	-0.00173479208451
-7	-31	-20	-0.00229828386468	0.00955114306317	-0.00190606877563
-5	-31	-20	-0.00258740382033	0.00955480203467	-0.00211952658269
-3	-31	-20	-0.00281618119725	0.00946955924819	-0.00238384033777
-1	-31	-20	-0.00297533964822	0.00928911725192	-0.0026978642939
1	-31	-20	-0.00305669799938	0.00901715423186	-0.00305420798939
3	-31	-20	-0.00305390889647	0.00866487426718	-0.00344109969606
5	-31	-20	-0.0029633462275	0.00825073830275	-0.00384357301898
7	-31	-20	-0.00278528821295	0.00780251023357	-0.00424420529119
9	-31	-20	-0.00252574052059	0.00736362708583	-0.00462318017997
11	-31	-20	-0.00219935933569	0.00700695088829	-0.00495721318171
13	-31	-20	-0.00182333670622	0.00679615549447	-0.00522562923965
15	-31	-20	-0.00140073142756	0.0066861984284	-0.00542472690829
17	-31	-20	-0.00093694281136	0.00662279055257	-0.00555404946792
19	-31	-20	-0.000445590769025	0.00658085873615	-0.00561100276271
21	-31	-20	5.4721303529e-05	0.00655045341736	-0.00559275081418
23	-31	-20	0.000542663520308	0.00652973904905	-0.0054971765387
25	-31	-20	0.000995952317831	0.00652188495915	-0.0053234669747
27	-31	-20	0.00139300751002	0.00653368442188	-0.00507270457894
29	-31	-20	0.00171465043953	0.0065754550308	-0.00474858356908
31	-31	-20	0.00194605995425	0.00666284729281	-0.00435829670945
33	-31	-20	0.00207924218549	0.00682173041929	-0.00391359521664
35	-31	-20	0.00210989058014	0.00707248309029	-0.00342976267378
37	-31	-20	0.00202769931229	0.00739032238844	-0.00292206608209
39	-31	-20	0.00182638315658	0.00774470111968	-0.00240880519083
41	-31	-20	0.00150719260582	0.00811467855328	-0.0019117428706
43	-31	-20	0.00107690631344	0.00848355405071	-0.0014542489118
45	-31	-20	0.0005464762309	0.00883632690562	-0.0010592945018
47	-31	-20	-6.9866812266e-05	0.00915863231601	-0.000747140012614
49	-31	-20	-0.000755169797288	0.0094361613558	-0.000532433289638
51	-31	-20	-0.00148993066491	0.00965409348895	-0.000420079896382
53	-31	-20	-0.00225163021117	0.00979592362539	-0.000397920562608
55	-31	-20	-0.0030132460831	0.00984091323869	-0.000423443765066
57	-31	-20	-0.00374851845064	0.00977211072363	-0.000456661271009
59	-31	-20	-0.00444510710257	0.00959657910984	-0.000546577115253
61	-31	-20	-0.00509199656669	0.00932528477544	-0.00074420486894
63	-31	-20	-0.00567488117129	0.00896524392536	-0.00106911963007
65	-31	-20	-0.00617848502546	0.0085223433333	-0.00152204441045
67	-31	-20	-0.00658815355973	0.00800295325917	-0.0020912453589
69	-31	-20	-0.00689121814694	0.00741518146935	-0.00275534644353
71	-31	-20	-0.00707856282728	0.00677050256831	-0.00348420371089
73	-31	-20	-0.00714678710441	0.00608648004503	-0.00423765917685
75	-31	-20	-0.00710190985233	0.00539231404108	-0.00495995797061
77	-31	-20	-0.00696590130174	0.00473959476709	-0.00556644615607
79	-31	-20	-0.00676106861215	0.00417403455804	-0.00598497794845
81	-31	-20	-0.0064686874614	0.00366187329152	-0.00626082645079
83	-31	-20	-0.0060703685732	0.00316362865293	-0.00645255617455
85	-31	-20	-0.00556366662837	0.0026625090293	-0.00659150483049
87	-31	-20	-0.00495553769329	0.00215378687823	-0.00669620042453
89	-31	-20	-0.00425862494343	0.00163936276813	-0.0067794391119
91	-31	-20	-0.00348910866143	0.00112517228636	-0.00685163445045
93	-31	-20	-0.00266524407899	0.000619811099475	-0.0069230709647
95	-31	-20	-0.0018063888325	0.000133982376883	-0.00700624677317
97	-31	-20	-0.000932683275199	-0.000318980440066	-0.00711973041325
99	-31	-20	-6.57310377164e-05	-0.000720946972308	-0.00729524533126
-99	-29	-20	0.00110163436421	0.001812231945	-0.000574011358892
-97	-29	-20	0.00120537583994	0.00201573205536	-0.000508619080953
-95	-29	-20	0.00129943573639	0.0022342683998	-0.00045590016318
-93	-29	-20	0.00137854943985	0.00246296185591	-0.000416304480492
-91	-29	-20	0.00143749808633	0.00269687450917	-0.000390715909032
-89	-29	-20	0.00147150169125	0.0029313608729	-0.000380432420973
-87	-29	-20	0.00147649613729	0.00316219396468	-0.000386866903909
-85	-29	-20	0.00144951423733	0.00338587203976	-0.000411234239414
-83	-29	-20	0.00138920897566	0.00360019794126	-0.000454222329936
-81	-29	-20	0.00129654106059	0.00380520074015	-0.000515606377758
-79	-29	-20	0.00117555238061	0.00400427139822	-0.000593827808394
-77	-29	-20	0.00103337623599	0.00420376908686	-0.000686068355537
-75	-29	-20	0.000877229053543	0.00440638294325	-0.000790287808809
-73	-29	-20	0.00071127172709	0.00460448858764	-0.000907243703987
-71	-29	-20	0.000539564239744	0.0047868196175	-0.00103829257549
-69	-29	-20	0.000368865071665	0.00494518853567	-0.00118318342589
-67	-29	-20	0.000208359398837	0.00507508124733	-0.0013398361141
-65	-29	-20	6.85382641502e-05	0.0051749216567	-0.00150464734351
-63	-29	-20	-3.99609979999e-05	0.00524585885962	-0.00167280173334
-61	-29	-20	-0.000107516378665	0.00529235227426	-0.00183856337255
-59	-29	-20	-0.000126737001174	0.00532364737625	-0.00199556588343
-57	-29	-20	-9.3686394237e-05	0.0053558288867	-0.0021371112252
-55	-29	-20	-8.52963024102e-06	0.0054108465275	-0.00225666279438
-53	-29	-20	0.000125902775162	0.00550283303837	-0.00234909217052
-51	-29	-20	0.000305890815278	0.00562447820427	-0.00241175803068
-49	-29	-20	0.000525043840785	0.00576070813396	-0.00244358506468
-47	-29	-20	0.000772873023715	0.00590240539365	-0.00244399435728
-45	-29	-20	0.00103547582026	0.00604739134038	-0.00241262854439
-43	-29	-20	0.00129684189071	0.00619833886123	-0.00234933840515
-41	-29	-20	0.00154021321151	0.00636121918974	-0.00225427507425
-39	-29	-20	0.00174946239374	0.00654462250552	-0.00212810684014
-37	-29	-20	0.0019105374786	0.00675992782279	-0.00197235736762
-35	-29	-20	0.00201291446821	0.00702201992891	-0.00178981928194
-33	-29	-20	0.0020502525895	0.00734752064714	-0.00158502206348
-31	-29	-20	0.00201812182559	0.00774235654326	-0.00136484176994
-29	-29	-20	0.0019114203681	0.00818975989291	-0.00113883942006
-27	-29	-20	0.00172721790215	0.00866217470196	-0.000918642056032
-25	-29	-20	0.00146731312496	0.00913365989372	-0.000717000733585
-23	-29	-20	0.00113791531756	0.00958176569818	-0.000546879027692
-21	-29	-20	0.000748613567553	0.00998715061743	-0.00042040891504
-19	-29	-20	0.000311478403072	0.0103340827528	-0.000347634197142
-17	-29	-20	-0.000159601110731	0.0106122596022	-0.000334951741919
-15	-29	-20	-0.000649359173756	0.0108200915757	-0.000383104495708
-13	-29	-20	-0.00114143570695	0.0109689064039	-0.000484925657816
-11	-29	-20	-0.0016188883377	0.0110820189848	-0.000626056680468
-9	-29	-20	-0.00206593882856	0.0111724837013	-0.00079746011751
-7	-29	-20	-0.00246962633302	0.011220623807	-0.00100788577094
-5	-29	-20	-0.00281855443048	0.0111965669911	-0.00127114529413
-3	-29	-20	-0.00310161416954	0.0110826266247	-0.00159334476545
-1	-29	-20	-0.00330808839787	0.0108745135085	-0.00197192123474
1	-29	-20	-0.00342822482932	0.0105776623982	-0.00239766502352
3	-29	-20	-0.00345399701048	0.0102048639997	-0.00285650196581
5	-29	-20	-0.00338010628477	0.00977592640514	-0.00333081830556
7	-29	-20	-0.0032052913757	0.00931941915552	-0.0038004367509
9	-29	-20	-0.00293382223037	0.00887579126493	-0.00424337415554
11	-29	-20	-0.00257590416181	0.00849478848457	-0.00463729966275
13	-29	-20	-0.00214367381539	0.0082082720358	-0.00496420044979
15	-29	-20	-0.00164685840223	0.00800343621726	-0.00521462823186
17	-29	-20	-0.00109699917515	0.00784970247289	-0.00538403415821
19	-29	-20	-0.000511292642046	0.00772590830389	-0.00546875568832
21	-29	-20	8.80722275215e-05	0.00762267608156	-0.00546536387
23	-29	-20	0.000675819641772	0.00753871769665	-0.00537096554615
25	-29	-20	0.00122552210827	0.00747797901835	-0.00518367177746
27	-29	-20	0.00171149150153	0.00744814030176	-0.00490326502637
29	-29	-20	0.00211070178881	0.0074602589828	-0.00453211549738
31	-29	-20	0.00240468974398	0.00752913554879	-0.00407626256825
33	-29	-20	0.00258064102926	0.00767156972658	-0.0035462434692
35	-29	-20	0.00262960145868	0.00789505663877	-0.00295676497109
37	-29	-20	0.00254419501841	0.00818688696895	-0.00232588058946
39	-29	-20	0.00232118926474	0.00852478646678	-0.00167543813167
41	-29	-20	0.00196361660078	0.0088878867322	-0.00103092230489
43	-29	-20	0.00148012591428	0.00925797440409	-0.000419903399672
45	-29	-20	0.000883693866107	0.00961834303919	0.000130161157426
47	-29	-20	0.000190574858421	0.00995288358791	0.000594555654101
49	-29	-20	-0.000580352775061	0.0102455140112	0.000954532718962
51	-29	-20	-0.00140782508767	0.0104797354203	0.00120143629091
53	-29	-20	-0.00226812945884	0.0106382583357	0.00134133825828
55	-29	-20	-0.00313569415202	0.0107039304502	0.00139415084087
57	-29	-20	-0.00398682025437	0.010665585962	0.00137076773774
59	-29	-20	-0.00480335787631	0.0105236096829	0.00125008809676
61	-29	-20	-0.00556946505269	0.0102843999766	0.00100250174422
63	-29	-20	-0.00626841415748	0.00995460470122	0.000613325504194
65	-29	-20	-0.00688276104368	0.00954040342964	8.44194639249e-05
67	-29	-20	-0.00739552945452	0.0090482980702	-0.000569453378589
69	-29	-20	-0.00779162999273	0.00848628408685	-0.00132330676105
71	-29	-20	-0.00805959832313	0.00786558537698	-0.00214298121257
73	-29	-20	-0.00819383963403	0.0072032869493	-0.00298448712385
75	-29	-20	-0.00819718423255	0.00652556678109	-0.00379224298549
77	-29	-20	-0.00808079956052	0.00586640902386	-0.00450336182645
79	-29	-20	-0.00785349338631	0.00524784718144	-0.00507745909129
81	-29	-20	-0.00751075417444	0.00466028687997	-0.00552548090699
83	-29	-20	-0.00704574004437	0.00408241967281	-0.00588158439739
85	-29	-20	-0.00645999973017	0.00350120318168	-0.00617416132324
87	-29	-20	-0.00576357549642	0.00291334595237	-0.00642265081812
89	-29	-20	-0.00497245380005	0.00232224296896	-0.00664085936072
91	-29	-20	-0.0041063326077	0.00173549591722	-0.00683990568407
93	-29	-20	-0.00318694626147	0.00116338540864	-0.00703058034208
95	-29	-20	-0.00223684960235	0.000618102388507	-0.00722566500425
97	-29	-20	-0.00127852850516	0.000113469659745	-0.00744226827901
99	-29	-20	-0.000333093420599	-0.000336278010493	-0.00770102706903
-99	-27	-20	0.00128773825487	0.00194670126016	-0.000528110629706
-97	-27	-20	0.00141028581219	0.00217357506598	-0.000443994897427
-95	-27	-20	0.00152329980026	0.00241822495368	-0.000370208477556
-93	-27	-20	0.00162135105439	0.00267669002265	-0.000308181975054
-91	-27	-20	0.0016986080321	0.00294434121796	-0.000259511471945
-89	-27	-20	0.00174937371856	0.00321640461274	-0.000226037119224
-87	-27	-20	0.0017685162973	0.00348827597288	-0.00020966746274
-85	-27	-20	0.00175192396329	0.0037558779973	-0.000212115240836
-83	-27	-20	0.00169704919711	0.00401618051101	-0.000234605271376
-81	-27	-20	0.00160352831399	0.00426784753411	-0.000277587251136
-79	-27	-20	0.00147367422356	0.00451160636425	-0.000340574233406
-77	-27	-20	0.00131229108805	0.00474924219474	-0.000422429678061
-75	-27	-20	0.00112543746572	0.00498055037054	-0.000522280623884
-73	-27	-20	0.00091948296666	0.00520124695803	-0.000640081094077
-71	-27	-20	0.000701904125235	0.00540500470243	-0.000775821715204
-69	-27	-20	0.000482348425204	0.00558650093883	-0.000928399503273
-67	-27	-20	0.000272591080272	0.00574254130101	-0.0010951362681
-65	-27	-20	8.57187462192e-05	0.00587201105721	-0.00127178533736
-63	-27	-20	-6.49560069417e-05	0.00597585207059	-0.00145272639818
-61	-27	-20	-0.000167088849793	0.00605755017061	-0.00163125574338
-59	-27	-20	-0.000210576716851	0.00612406690089	-0.00179998041346
-57	-27	-20	-0.000188770730627	0.00618633965525	-0.00195135665339
-55	-27	-20	-9.92036922267e-05	0.00625707385226	-0.00207844015741
-53	-27	-20	5.65513324128e-05	0.00634445856572	-0.00217579241518
-51	-27	-20	0.000273196457553	0.00644795911166	-0.00223998757298
-49	-27	-20	0.000541351875619	0.00656264493091	-0.00226923349442
-47	-27	-20	0.000847386664569	0.00668557824732	-0.00226261334063
-45	-27	-20	0.0011741491427	0.006818090744	-0.0022195277999
-43	-27	-20	0.00150223518592	0.00696529219327	-0.00213942623196
-41	-27	-20	0.00181139635003	0.00713505629312	-0.00202179946351
-39	-27	-20	0.00208197687837	0.00733731853049	-0.00186643002788
-37	-27	-20	0.00229636762962	0.00758366904439	-0.00167388419355
-35	-27	-20	0.00244030962159	0.00788649264997	-0.00144619272568
-33	-27	-20	0.0025035030216	0.00825581279492	-0.00118762224633
-31	-27	-20	0.00247907906759	0.00869289650425	-0.000905353714213
-29	-27	-20	0.00236306902464	0.00918615786576	-0.000609719188652
-27	-27	-20	0.0021551702258	0.00971503678753	-0.000313747334699
-25	-27	-20	0.0018595342591	0.0102562389767	-3.22154856462e-05
-23	-27	-20	0.00148447337026	0.0107868755426	0.000219504248444
-21	-27	-20	0.00104156671647	0.0112855447881	0.000426699800226
-19	-27	-20	0.000544757848403	0.0117333217364	0.000576670144219
-17	-27	-20	9.65019824578e-06	0.012115511018	0.000660190221404
-15	-27	-20	-0.000547013260429	0.0124241318348	0.000672969379258
-13	-27	-20	-0.00110781860574	0.0126597094927	0.00061636874532
-11	-27	-20	-0.00165535087483	0.0128285063011	0.000495406435608
-9	-27	-20	-0.00217318803799	0.0129327174149	0.000312939681134
-7	-27	-20	-0.00264655068786	0.0129636362326	6.58255977521e-05
-5	-27	-20	-0.00306194117212	0.0129084456894	-0.000250931638278
-3	-27	-20	-0.00340650883003	0.0127600466656	-0.000638059281208
-1	-27	-20	-0.00366789430685	0.0125199999436	-0.0010897276198
1	-27	-20	-0.00383454004133	0.0121971612408	-0.00159399204595
3	-27	-20	-0.00389634752393	0.0118060033745	-0.00213400644506
5	-27	-20	-0.00384566760656	0.0113661512102	-0.00268929397615
7	-27	-20	-0.00367857619391	0.0109030363198	-0.00323701204181
9	-27	-20	-0.00339610398046	0.0104478867692	-0.00375342675671
11	-27	-20	-0.00300453674099	0.0100325958698	-0.0042160766506
13	-27	-20	-0.00251411147283	0.00967688526887	-0.00460672444985
15	-27	-20	-0.00193790406892	0.00937991300347	-0.00491312988303
17	-27	-20	-0.00129292409157	0.00912898990081	-0.00512777274675
19	-27	-20	-0.000601354838565	0.00891263821718	-0.00524546955459
21	-27	-20	0.00010991301847	0.00872571786557	-0.00526193769451
23	-27	-20	0.000810852947164	0.00856904291627	-0.00517332049672
25	-27	-20	0.00147018652503	0.00844774591395	-0.0049763282783
27	-27	-20	0.00205733736046	0.00836999525716	-0.00466888707634
29	-27	-20	0.00254443562995	0.00834620492653	-0.00425124196112
31	-27	-20	0.00290820925199	0.00838802771194	-0.00372733771625
33	-27	-20	0.00313118673111	0.00850540579739	-0.00310606164249
35	-27	-20	0.00320167085667	0.00870077143452	-0.00240186944903
37	-27	-20	0.00311341212604	0.00896534729681	-0.0016348396097
39	-27	-20	0.00286614738115	0.00928261754043	-0.00083041196852
41	-27	-20	0.00246588788629	0.0096338292534	-1.84447113739e-05
43	-27	-20	0.00192408783084	0.0100004919828	0.000768587964059
45	-27	-20	0.00125631192128	0.010364675839	0.00149795021775
47	-27	-20	0.000481071418411	0.0107087091882	0.00213934379461
49	-27	-20	-0.000380928522933	0.0110149196865	0.00266794671474
51	-27	-20	-0.00130716942815	0.0112656278488	0.00306759056468
53	-27	-20	-0.00227361720343	0.0114436768846	0.0033327018438
55	-27	-20	-0.00325557613083	0.0115341864628	0.0034652520425
57	-27	-20	-0.00422948933991	0.0115277565052	0.0034644710114
59	-27	-20	-0.00517415919057	0.0114223932553	0.00331988839965
61	-27	-20	-0.00606979056162	0.0112214958768	0.00301877651449
63	-27	-20	-0.00689655844286	0.0109306235562	0.00255698841419
65	-27	-20	-0.007634352146	0.0105558408672	0.00194270628531
67	-27	-20	-0.00826346965643	0.0101035062779	0.00119544801106
69	-27	-20	-0.00876582239314	0.00958092685762	0.00034420686377
71	-27	-20	-0.00912653472339	0.00899769036899	-0.000573837453423
73	-27	-20	-0.00933581817763	0.00836740717198	-0.00151415269025
75	-27	-20	-0.00939041662726	0.00770862357121	-0.00242695148816
77	-27	-20	-0.00929271196248	0.0070416849567	-0.00326485184339
79	-27	-20	-0.0090462374908	0.00637964947372	-0.00399825431858
81	-27	-20	-0.00865246934135	0.0057222386563	-0.00462516349813
83	-27	-20	-0.00811410169125	0.00506221409421	-0.00516195714821
85	-27	-20	-0.00743959356808	0.00439477625488	-0.00562872212906
87	-27	-20	-0.00664410861506	0.00372098000917	-0.00604257563672
89	-27	-20	-0.00574808894716	0.0030470396534	-0.00641700614599
91	-27	-20	-0.00477535730008	0.00238270861132	-0.00676315814218
93	-27	-20	-0.0037514226042	0.00173991341785	-0.0070914964857
95	-27	-20	-0.00270201942079	0.00113174921075	-0.00741337693931
97	-27	-20	-0.00165165803336	0.000571451839862	-0.00774174895102
99	-27	-20	-0.000621768262698	7.04892534748e-05	-0.00808902332915
-99	-25	-20	0.00148415956777	0.00206733393673	-0.000472113167364
-97	-25	-20	0.00162781587795	0.00231719901439	-0.000367122232178
-95	-25	-20	0.00176263192375	0.00258814277898	-0.000269817015949
-93	-25	-20	0.00188271885228	0.00287679450738	-0.000182379258661
-91	-25	-20	0.0019815058283	0.00317883518907	-0.00010716969591
-89	-25	-20	0.00205228892392	0.00348943757606	-4.67160166676e-05
-87	-25	-20	0.00208872386197	0.00380359780807	-3.57075523422e-06
-85	-25	-20	0.00208530203847	0.00411645111145	1.98962285602e-05
-83	-25	-20	0.0020378731366	0.00442366213145	2.17223110114e-05
-81	-25	-20	0.00194422849218	0.00472186856619	5.49817736548e-07
-79	-25	-20	0.00180463318555	0.00500893069769	-4.4287504027e-05
-77	-25	-20	0.00162206341931	0.0052835545907	-0.00011290060523
-75	-25	-20	0.00140204933849	0.00554427356199	-0.000205153188718
-73	-25	-20	0.00115248369803	0.00578878875173	-0.000320764445355
-71	-25	-20	0.000883712816095	0.00601447148134	-0.000458930708901
-69	-25	-20	0.000608572600298	0.00621926541253	-0.000617749399984
-67	-25	-20	0.000341981759104	0.00640203982683	-0.000793835109217
-65	-25	-20	0.000100151446308	0.00656248173856	-0.000982201700522
-63	-25	-20	-0.000100401688003	0.00670104748866	-0.00117633928585
-61	-25	-20	-0.00024398754923	0.00681928080165	-0.00136846463253
-59	-25	-20	-0.000317051132083	0.00692041371697	-0.00154998778595
-57	-25	-20	-0.00030960272084	0.00700966910969	-0.00171223923329
-55	-25	-20	-0.000216511740736	0.00709335217756	-0.00184740808244
-53	-25	-20	-3.83382525451e-05	0.00717674187275	-0.00194943420468
-51	-25	-20	0.000218381653953	0.00726290126465	-0.00201441618179
-49	-25	-20	0.000541339006643	0.00735405961946	-0.00204029349353
-47	-25	-20	0.000913212610504	0.00745389834334	-0.00202606074304
-45	-25	-20	0.00131291957064	0.00756859940176	-0.00197097469409
-43	-25	-20	0.00171705541988	0.00770660655127	-0.00187404650331
-41	-25	-20	0.00210130554093	0.007877945134	-0.00173392035053
-39	-25	-20	0.00244182632449	0.00809357117096	-0.0015491539341
-37	-25	-20	0.00271668038131	0.00836466266877	-0.00131888776187
-35	-25	-20	0.00290728910976	0.00870132488119	-0.00104384532087
-33	-25	-20	0.00299963249628	0.0091100813869	-0.000727490477913
-31	-25	-20	0.00298491397763	0.00959057213757	-0.000376996065304
-29	-25	-20	0.00285978432755	0.0101337765285	-3.59599222288e-06
-27	-25	-20	0.00262631576784	0.0107234262297	0.000377897914077
-25	-25	-20	0.0022915557214	0.0113389910377	0.000750236454701
-23	-25	-20	0.00186659341696	0.0119579843712	0.00109515410527
-21	-25	-20	0.00136546139636	0.0125572636182	0.00139479251037
-19	-25	-20	0.000804196685459	0.0131140855515	0.00163303343012
-17	-25	-20	0.000200153808425	0.0136075776904	0.00179673338673
-15	-25	-20	-0.00042851088854	0.0140207188268	0.00187673755325
-13	-25	-20	-0.00106332921172	0.0143420056568	0.00186820949395
-11	-25	-20	-0.00168610198657	0.0145651954384	0.00176958598689
-9	-25	-20	-0.00227950763007	0.0146867710065	0.00158038868499
-7	-25	-20	-0.0028274228042	0.0147041855223	0.00130007121302
-5	-25	-20	-0.00331475129606	0.0146174371059	0.000929526663796
-3	-25	-20	-0.00372702224386	0.0144314748641	0.000473627199821
-1	-25	-20	-0.00405014984031	0.0141564449179	-5.73898538877e-05
1	-25	-20	-0.00427053193259	0.0138062213599	-0.000647936469421
3	-25	-20	-0.00437553148126	0.0133969439865	-0.00127782850134
5	-25	-20	-0.00435437095535	0.0129464628725	-0.00192337369331
7	-25	-20	-0.00419942114107	0.01247447143	-0.00255877181681
9	-25	-20	-0.00390767180778	0.0120020658611	-0.00315797610753
11	-25	-20	-0.00348190571789	0.011548959098	-0.00369704917987
13	-25	-20	-0.00293119909136	0.0111285875741	-0.00415649967543
15	-25	-20	-0.00227100863682	0.0107455513652	-0.00452242368942
17	-25	-20	-0.00152318186157	0.0103987476465	-0.0047857403624
19	-25	-20	-0.000715516148867	0.0100867574535	-0.00494029063574
21	-25	-20	0.000119446253249	0.00981093714738	-0.00498105003169
23	-25	-20	0.000946093557752	0.0095758141934	-0.00490307471567
25	-25	-20	0.00172753662658	0.00938833293776	-0.00470128317433
27	-25	-20	0.00242746387252	0.00925697077251	-0.00437103789856
29	-25	-20	0.00301216965018	0.00919087501206	-0.00390946932681
31	-25	-20	0.00345274019419	0.00919858500297	-0.0033173802869
33	-25	-20	0.00372705465645	0.00928575350506	-0.00260132414425
35	-25	-20	0.00382110768322	0.0094522174981	-0.00177522830374
37	-25	-20	0.00372947024055	0.0096904800692	-0.000861011422667
39	-25	-20	0.00345494845438	0.00998706889278	0.000112027941567
41	-25	-20	0.00300742035676	0.0103252574972	0.00110891521691
43	-25	-20	0.00240208587452	0.0106870331896	0.002091356834
45	-25	-20	0.00165769908531	0.0110539028869	0.00302028250268
47	-25	-20	0.000795225947183	0.0114070912105	0.00385837514517
49	-25	-20	-0.000162961606753	0.011727673839	0.00457260994248
51	-25	-20	-0.00119348523216	0.0119970201697	0.00513665437278
53	-25	-20	-0.0022722278504	0.0121978467247	0.00553229799893
55	-25	-20	-0.00337478819016	0.0123160269472	0.00574849726209
57	-25	-20	-0.00447715808369	0.0123426545446	0.00577812961982
59	-25	-20	-0.00555609760158	0.012274955878	0.00561610309291
61	-25	-20	-0.00658881131959	0.0121151519623	0.0052616683878
63	-25	-20	-0.00755240612494	0.0118682153796	0.00472213604399
65	-25	-20	-0.00842376653005	0.0115399867487	0.00401440865709
67	-25	-20	-0.00917997527303	0.0111362404667	0.00316429579935
69	-25	-20	-0.00979918500135	0.0106626694148	0.00220506725893
71	-25	-20	-0.0102618965166	0.0101255955822	0.00117599370162
73	-25	-20	-0.0105525412319	0.00953301280667	0.00012056027604
75	-25	-20	-0.0106609158941	0.00889505572809	-0.000916872378991
77	-25	-20	-0.0105826323881	0.00822260979272	-0.0018973467555
79	-25	-20	-0.0103183253583	0.0075241698482	-0.00279535974839
81	-25	-20	-0.0098730222939	0.0068041176012	-0.0036030105127
83	-25	-20	-0.00925687626774	0.00606485927755	-0.00432626603087
85	-25	-20	-0.0084860541447	0.00531036769077	-0.00497741772596
87	-25	-20	-0.00758236264028	0.00454793249936	-0.0055695199945
89	-25	-20	-0.00657184253921	0.00378795883	-0.00611412483939
91	-25	-20	-0.0054831148946	0.00304299881627	-0.00662108213065
93	-25	-20	-0.00434583108603	0.00232673902452	-0.0070992151506
95	-25	-20	-0.00318915202815	0.00165302450608	-0.00755710698124
97	-25	-20	-0.00204003486927	0.00103465669426	-0.00800325336363
99	-25	-20	-0.000921239363614	0.000481698122243	-0.00844480364734
-99	-23	-20	0.0016879372512	0.00216717279921	-0.000406076734514
-97	-23	-20	0.00185473540702	0.00243843678248	-0.000278094523213
-95	-23	-20	0.00201399536906	0.00273454091587	-0.0001548403282
-93	-23	-20	0.00215912335904	0.00305249307547	-3.91566694014e-05
-91	-23	-20	0.0022826090666	0.00338818280786	6.58144421205e-05
-89	-23	-20	0.00237660547128	0.00373672376056	0.000156767525102
-87	-23	-20	0.00243342621187	0.00409269454958	0.000230392621849
-85	-23	-20	0.00244597270754	0.00445031296433	0.000283537555329
-83	-23	-20	0.00240818606824	0.00480365009808	0.000313365268802
-81	-23	-20	0.00231563010179	0.0051469828859	0.000317498697231
-79	-23	-20	0.00216625180881	0.00547529800444	0.000294133485673
-77	-23	-20	0.00196122706291	0.00578481863356	0.000242098116513
-75	-23	-20	0.00170564543819	0.00607334628145	0.000160887802214
-73	-23	-20	0.00140876184346	0.00634028991922	5.07629626644e-05
-71	-23	-20	0.00108369607241	0.00658636321548	-8.70298036206e-05
-69	-23	-20	0.000746688531904	0.00681298510392	-0.00024997443042
-67	-23	-20	0.00041616661794	0.00702153829797	-0.000434039445419
-65	-23	-20	0.000111832969018	0.00721274364499	-0.000633519899869
-63	-23	-20	-0.000146196638019	0.00738636405481	-0.000840998532402
-61	-23	-20	-0.000338356056393	0.00754134408319	-0.00104749939059
-59	-23	-20	-0.000446925321167	0.00767639403166	-0.00124295944023
-57	-23	-20	-0.000457821813025	0.00779089053369	-0.0014171276067
-55	-23	-20	-0.000362743555818	0.00788579170683	-0.00156082044312
-53	-23	-20	-0.000161057368299	0.00796426017374	-0.00166712171562
-51	-23	-20	0.000139396668017	0.00803193838968	-0.00173190404173
-49	-23	-20	0.000522987436335	0.00809693364746	-0.00175335752048
-47	-23	-20	0.000968064377879	0.0081694453775	-0.00173084787478
-45	-23	-20	0.00144900127331	0.00826107013962	-0.00166374048804
-43	-23	-20	0.00193792962071	0.0083840464826	-0.00155063425154
-41	-23	-20	0.00240606780728	0.00855065132005	-0.00138913706229
-39	-23	-20	0.00282488998038	0.00877271437498	-0.00117617540799
-37	-23	-20	0.00316747973879	0.0090610055377	-0.000908841649048
-35	-23	-20	0.00341030343574	0.00942416948765	-0.000585780416817
-33	-23	-20	0.00353529846228	0.00986706698052	-0.000208935670514
-31	-23	-20	0.00353170147112	0.0103889653582	0.000214883125726
-29	-23	-20	0.0033968340019	0.0109825706575	0.000673363108721
-27	-23	-20	0.00313547231738	0.0116344784373	0.00114935407855
-25	-23	-20	0.00275818515746	0.0123264850455	0.00162248253735
-23	-23	-20	0.00227943931963	0.0130368036749	0.00207099487776
-21	-23	-20	0.00171608161566	0.0137408195151	0.00247333612716
-19	-23	-20	0.00108636374745	0.0144116683004	0.0028093633911
-17	-23	-20	0.000409374332159	0.015021190413	0.00306130083608
-15	-23	-20	-0.000295348964765	0.0155417709969	0.00321453011914
-13	-23	-20	-0.00100821875579	0.0159492214291	0.00325817449745
-11	-23	-20	-0.00171008278864	0.0162261611823	0.00318534318797
-9	-23	-20	-0.00238268415564	0.0163647254437	0.00299307839195
-7	-23	-20	-0.00300885686725	0.016367492095	0.00268238099518
-5	-23	-20	-0.00357233020625	0.0162462197817	0.00225857952355
-3	-23	-20	-0.00405729682015	0.0160188264481	0.00173177712457
-1	-23	-20	-0.00444803391316	0.0157057494856	0.00111699449109
1	-23	-20	-0.0047287860274	0.0153269261999	0.000433947636182
3	-23	-20	-0.00488401939833	0.0149000441578	-0.000293447830266
5	-23	-20	-0.00489915440561	0.0144400581114	-0.00103788207377
7	-23	-20	-0.00476191617042	0.0139596024184	-0.00176997883584
9	-23	-20	-0.00446436711229	0.0134697268137	-0.00246037441945
11	-23	-20	-0.00400536393785	0.0129803414941	-0.00308244170254
13	-23	-20	-0.00339270697171	0.0125002061135	-0.00361485802811
15	-23	-20	-0.00264407040817	0.0120370493107	-0.00404275631193
17	-23	-20	-0.00178628500918	0.0115982821815	-0.00435681249271
19	-23	-20	-0.000853383318806	0.0111918084084	-0.00455094481252
21	-23	-20	0.000115717066793	0.010826279728	-0.00461993033952
23	-23	-20	0.00107923705033	0.0105108276957	-0.00455782154091
25	-23	-20	0.00199415948604	0.0102546333943	-0.0043574124201
27	-23	-20	0.00281777063724	0.0100665036874	-0.00401074125148
29	-23	-20	0.00350959448326	0.00995433662747	-0.00351064773004
31	-23	-20	0.00403405825906	0.00992421647633	-0.00285339273675
33	-23	-20	0.00436371875441	0.00997901790112	-0.00204199392182
35	-23	-20	0.00448211435018	0.0101169187406	-0.00108924795521
37	-23	-20	0.00438493334159	0.0103307152339	-1.90486244743e-05
39	-23	-20	0.00407886262267	0.0106084524128	0.00113468984887
41	-23	-20	0.00357877116044	0.0109348433824	0.00233085191392
43	-23	-20	0.00290456895638	0.01129257032	0.00352435588545
45	-23	-20	0.0020787368978	0.0116630604556	0.00466889945662
47	-23	-20	0.00112480759953	0.0120268770652	0.00571908894928
49	-23	-20	6.66291786417e-05	0.0123640847013	0.00663229414171
51	-23	-20	-0.00107186891188	0.0126549749831	0.00737060942063
53	-23	-20	-0.00226665543776	0.0128814505552	0.00790300590615
55	-23	-20	-0.00349350884481	0.0130290281443	0.00820732022247
57	-23	-20	-0.00472795111722	0.0130887724591	0.00827158266617
59	-23	-20	-0.00594517727933	0.0130580162714	0.00809454241092
61	-23	-20	-0.00711994828573	0.012939265636	0.00768546467158
63	-23	-20	-0.00822651916394	0.0127379118194	0.00706314402515
65	-23	-20	-0.00923869786581	0.0124599300743	0.00625429590224
67	-23	-20	-0.0101300798765	0.0121103223162	0.0052918404887
69	-23	-20	-0.0108745221315	0.0116924662682	0.0042134323941
71	-23	-20	-0.0114470054066	0.0112082624129	0.00306008867006
73	-23	-20	-0.0118250756637	0.0106589053443	0.00187432703771
75	-23	-20	-0.0119909187669	0.0100460025084	0.000697070581494
77	-23	-20	-0.0119337459359	0.00937260991218	-0.000436901513171
79	-23	-20	-0.0116517612883	0.00864385904907	-0.00150364164805
81	-23	-20	-0.0111529629682	0.00786727073744	-0.00249216482023
83	-23	-20	-0.0104544731098	0.00705292876044	-0.00340250772102
85	-23	-20	-0.00958069624533	0.0062133313572	-0.0042412726495
87	-23	-20	-0.00856104087393	0.00536279950392	-0.00501740807051
89	-23	-20	-0.007427897665	0.00451670260644	-0.00573962902416
91	-23	-20	-0.00621511996561	0.00369079050867	-0.00641538393391
93	-23	-20	-0.00495680732116	0.00290064507769	-0.00705076192695
95	-23	-20	-0.00368598051456	0.00216102641117	-0.00765078184977
97	-23	-20	-0.00243278436359	0.00148483906108	-0.00821962555469
99	-23	-20	-0.00122221866002	0.000881669442048	-0.00876052691684
-99	-21	-20	0.00189618841943	0.00223986719791	-0.00033055161129
-97	-21	-20	0.00208785199886	0.00252969153089	-0.000177580234396
-95	-21	-20	0.00227392251551	0.00284840051204	-2.60071661843e-05
-93	-21	-20	0.00244683788883	0.00319320738444	0.000120640017245
-91	-21	-20	0.00259791721248	0.00356009851406	0.000258388961795
-89	-21	-20	0.00271804788559	0.00394413746661	0.000383100762346
-87	-21	-20	0.00279815294259	0.00433956413123	0.000490656172333
-85	-21	-20	0.00282948551781	0.00473973421308	0.000577069272938
-83	-21	-20	0.00280391727099	0.00513706559456	0.000638573670222
-81	-21	-20	0.00271445622124	0.00552325874068	0.000671724689214
-79	-21	-20	0.00255626579355	0.00589013082969	0.000673561934816
-77	-21	-20	0.00232828480024	0.00623121863121	0.000641862495019
-75	-21	-20	0.00203496118991	0.00654359124814	0.000575447531905
-73	-21	-20	0.00168703429443	0.00682858098369	0.000474425404579
-71	-21	-20	0.0013007496876	0.0070906694883	0.000340300515371
-69	-21	-20	0.000896125781907	0.00733527617702	0.000176024970804
-67	-21	-20	0.000495335642773	0.00756673219915	-1.38899432567e-05
-65	-21	-20	0.000121673746479	0.00778701274301	-0.000223180763468
-63	-21	-20	-0.00020104913832	0.00799514297809	-0.0004436361029
-61	-21	-20	-0.000449096818172	0.0081871320555	-0.000665052105954
-59	-21	-20	-0.000599900275396	0.00835657420055	-0.000875580531873
-57	-21	-20	-0.000634199914326	0.00849633877564	-0.00106276338569
-55	-21	-20	-0.000539406571517	0.00860157336101	-0.00121533848363
-53	-21	-20	-0.000313172719335	0.00867310294733	-0.00132521619249
-51	-21	-20	3.49580080309e-05	0.0087190879219	-0.00138838167086
-49	-21	-20	0.000485045157081	0.00875368070253	-0.00140401008686
-47	-21	-20	0.00101016465495	0.00879394076124	-0.0013725025796
-45	-21	-20	0.00157961085795	0.00885713564751	-0.00129368885072
-43	-21	-20	0.00216089374043	0.00895931078697	-0.00116581174117
-41	-21	-20	0.00272074497097	0.00911481739352	-0.000985263685838
-39	-21	-20	0.00322578462255	0.00933619178332	-0.000746917601629
-37	-21	-20	0.00364355917191	0.00963392104235	-0.000445079697586
-35	-21	-20	0.00394461794872	0.0100158390065	-7.52718639145e-05
-33	-21	-20	0.00410585647273	0.0104861469367	0.000363130457543
-31	-21	-20	0.00411411354477	0.0110443634293	0.000864185938979
-29	-21	-20	0.00396783054198	0.0116846790894	0.0014141635444
-27	-21	-20	0.00367550950224	0.0123959514846	0.00199269311974
-25	-21	-20	0.00325223034008	0.0131620842982	0.00257539716672
-23	-21	-20	0.00271642005088	0.013962308298	0.0031364386432
-21	-21	-20	0.00208790283579	0.0147710918322	0.00365021918946
-19	-21	-20	0.00138705688882	0.0155578115915	0.00409231759837
-17	-21	-20	0.000634549290603	0.0162867575126	0.00444005169448
-15	-21	-20	-0.000148783229256	0.0169185667314	0.00467306232153
-13	-21	-20	-0.000942177535922	0.017414559231	0.00477430277373
-11	-21	-20	-0.00172540368271	0.0177446102025	0.00473164362306
-9	-21	-20	-0.00247927758101	0.0178959700541	0.00453968995484
-7	-21	-20	-0.00318585926984	0.017877183785	0.00420074298904
-5	-21	-20	-0.00382812346465	0.0177136910939	0.00372426223223
-3	-21	-20	-0.00438930434008	0.0174385073427	0.00312547662926
-1	-21	-20	-0.00485228567015	0.0170838245544	0.00242421170663
1	-21	-20	-0.00519924893307	0.0166761406993	0.00164432119242
3	-21	-20	-0.00541165016527	0.0162343725233	0.0008134726808
5	-21	-20	-0.00547066009126	0.0157697249489	-3.71806666989e-05
7	-21	-20	-0.00535843036401	0.0152867334549	-0.000873984301361
9	-21	-20	-0.00506073422753	0.0147856443395	-0.0016629751958
11	-21	-20	-0.00457115379447	0.0142663411458	-0.00237341111547
13	-21	-20	-0.00389555618133	0.0137327587735	-0.00298152157337
15	-21	-20	-0.00305419747284	0.0131952174722	-0.0034722219688
17	-21	-20	-0.00207992711808	0.0126691477815	-0.00383750707771
19	-21	-20	-0.00101402972227	0.0121717649203	-0.00407279745083
21	-21	-20	9.7638825705e-05	0.011719265866	-0.00417349674795
23	-21	-20	0.0012070065051	0.0113255448476	-0.00413290735473
25	-21	-20	0.00226494015701	0.0110019960243	-0.00394149897325
27	-21	-20	0.00322207465232	0.0107576865722	-0.00358730112093
29	-21	-20	0.0040303019002	0.0105994052586	-0.00305754359906
31	-21	-20	0.00464587576479	0.0105313469512	-0.00234201452466
33	-21	-20	0.0050344411363	0.0105544474121	-0.00143823149192
35	-21	-20	0.00517642211209	0.0106656726042	-0.000356880631195
37	-21	-20	0.00506943241724	0.0108577240689	0.000875622325898
39	-21	-20	0.00472578883674	0.0111194005328	0.00221923592539
41	-21	-20	0.00416703715456	0.0114364011318	0.00362524982875
43	-21	-20	0.00341882637713	0.0117921387519	0.00504094165248
45	-21	-20	0.00250772221056	0.0121682963678	0.00641243681977
47	-21	-20	0.00145974654827	0.0125451502719	0.00768605541755
49	-21	-20	0.000299931798404	0.0129019087316	0.00880910818717
51	-21	-20	-0.000947602005274	0.0132174671176	0.00973126625247
53	-21	-20	-0.00225923712037	0.0134720216971	0.0104076777853
55	-21	-20	-0.00361117752022	0.0136496452213	0.0108043681779
57	-21	-20	-0.0049786886963	0.0137409630246	0.0109042889847
59	-21	-20	-0.00633564389511	0.0137442012956	0.0107101608439
61	-21	-20	-0.0076545965059	0.0136636280593	0.0102418355785
63	-21	-20	-0.00890713864437	0.013506352649	0.00953043702913
65	-21	-20	-0.0100641603399	0.0132792095117	0.0086131157354
67	-21	-20	-0.0110958816422	0.0129866174716	0.00753002732624
69	-21	-20	-0.0119718144972	0.0126294190321	0.0063229792044
71	-21	-20	-0.0126610163017	0.0122045287892	0.00503459957022
73	-21	-20	-0.0131332377408	0.0117055292101	0.00370705898324
75	-21	-20	-0.0133617526913	0.0111247133676	0.00237972240311
77	-21	-20	-0.0133281753723	0.0104568482814	0.00108575151129
79	-21	-20	-0.013027757974	0.00970349580451	-0.000151238870123
81	-21	-20	-0.0124718478045	0.00887516694915	-0.00131861273441
83	-21	-20	-0.0116855757281	0.00798970052239	-0.00241324155349
85	-21	-20	-0.0107027041374	0.00706847813068	-0.00343809785702
87	-21	-20	-0.00956094768868	0.0061331877397	-0.00439875391235
89	-21	-20	-0.00829924501239	0.0052042476913	-0.00530089845393
91	-21	-20	-0.00695660205504	0.00430048178783	-0.00614898483221
93	-21	-20	-0.00557155936649	0.0034392524621	-0.00694569466793
95	-21	-20	-0.00418139935857	0.00263639721017	-0.00769195295033
97	-21	-20	-0.00282039312182	0.00190551452919	-0.00838744386547
99	-21	-20	-0.00151688454874	0.00125649657512	-0.00903164625865
-99	-19	-20	0.00210626572625	0.00227998590314	-0.000246382821095
-97	-19	-20	0.00232418349886	0.00258429675952	-6.65936219155e-05
-95	-19	-20	0.00253912578423	0.00292161965188	0.000115565374031
-93	-19	-20	0.00274217653711	0.00328913763576	0.000295736817953
-91	-19	-20	0.00292321399574	0.00368281510293	0.000469022115479
-89	-19	-20	0.00307180239314	0.00409774816458	0.000630429301015
-87	-19	-20	0.0031775682536	0.00452808104683	0.000775054033839
-85	-19	-20	0.00323026112029	0.00496662205689	0.000898113675383
-83	-19	-20	0.00321974262921	0.00540437202621	0.000994941436809
-81	-19	-20	0.00313622821342	0.00583035113198	0.00106101950303
-79	-19	-20	0.00297136785782	0.00623249904886	0.00109215829857
-77	-19	-20	0.00272083346802	0.00660056046006	0.00108494847533
-75	-19	-20	0.00238789037169	0.00693032958475	0.0010374240842
-73	-19	-20	0.00198523970952	0.00722575213288	0.000949508706848
-71	-19	-20	0.00153320312144	0.00749636169075	0.000822936053745
-69	-19	-20	0.00105619461118	0.00775252672145	0.000660970043032
-67	-19	-20	0.000580209847737	0.00800196253092	0.000468365784878
-65	-19	-20	0.000131868084709	0.00824809537419	0.000251636454059
-63	-19	-20	-0.00026167622194	0.00848937390407	1.94770462212e-05
-61	-19	-20	-0.00057265484812	0.00871892539438	-0.000216851345705
-59	-19	-20	-0.000773151384303	0.00892478775142	-0.000443500224195
-57	-19	-20	-0.000837226594869	0.00909192845411	-0.000644987065427
-55	-19	-20	-0.000745919467594	0.00920763178377	-0.000806802298976
-53	-19	-20	-0.000494085574117	0.00926923730106	-0.000919089539937
-51	-19	-20	-9.39448971395e-05	0.00928826567975	-0.00097854670206
-49	-19	-20	0.000428291285885	0.0092866395228	-0.00098652557267
-47	-19	-20	0.00103907224128	0.0092893029401	-0.000945336040947
-45	-19	-20	0.00170229994915	0.00931921086719	-0.000855590521687
-43	-19	-20	0.00238121872605	0.00939569855265	-0.000715156382068
-41	-19	-20	0.00303863569907	0.00953460466462	-0.00051905177149
-39	-19	-20	0.003636672131	0.0097487891546	-0.000259783217044
-37	-19	-20	0.00413700915935	0.0100484262315	7.1833032929e-05
-35	-19	-20	0.00450287547496	0.0104408834013	0.000484740701556
-33	-19	-20	0.00470407872611	0.0109302253123	0.000983802210869
-31	-19	-20	0.00472401284074	0.0115165564755	0.001564796054
-29	-19	-20	0.00456329141229	0.0121955094651	0.00221185265434
-27	-19	-20	0.00423620816368	0.0129580214541	0.00289986551921
-25	-19	-20	0.00376380820341	0.0137901959055	0.0035993087747
-23	-19	-20	0.0031689029628	0.0146728847309	0.00427982632554
-21	-19	-20	0.00247408223517	0.0155807358014	0.00491181105181
-19	-19	-20	0.00170143335968	0.0164806988913	0.00546678133548
-17	-19	-20	0.00087283274438	0.0173304484568	0.00591733397442
-15	-19	-20	1.02347907677e-05	0.0180782293976	0.00623728267308
-13	-19	-20	-0.00086435448757	0.0186674689221	0.00640280677691
-11	-19	-20	-0.00172941342542	0.0190501090659	0.00639554715835
-9	-19	-20	-0.00256476748085	0.0192058753591	0.00620708891328
-7	-19	-20	-0.00335199194179	0.0191521637949	0.0058414220675
-5	-19	-20	-0.00407379492496	0.0189335664778	0.00531291861261
-3	-19	-20	-0.00471289086106	0.0186019585045	0.0046422997503
-1	-19	-20	-0.00525110096348	0.018202406503	0.00385401012592
1	-19	-20	-0.00566882730687	0.0177676363689	0.00297555717914
3	-19	-20	-0.00594475170209	0.0173171171539	0.00203785514343
5	-19	-20	-0.00605577825823	0.0168576362722	0.00107568017496
7	-19	-20	-0.00597773628351	0.0163846333857	0.000127465426349
9	-19	-20	-0.0056881582239	0.0158856152675	-0.000766649819188
11	-19	-20	-0.00517269317639	0.0153478022466	-0.00156964634957
13	-19	-20	-0.00443386944035	0.0147688014943	-0.00225424468832
15	-19	-20	-0.00349567926147	0.0141624595464	-0.00280629745054
17	-19	-20	-0.00239935697635	0.0135542139098	-0.00322141025557
19	-19	-20	-0.00119501721613	0.0129717181794	-0.00349828997593
21	-19	-20	6.42840959612e-05	0.0124386777107	-0.00363379099857
23	-19	-20	0.00132475929271	0.0119731593573	-0.00362069658196
25	-19	-20	0.0025319767389	0.0115881587024	-0.00344712511584
27	-19	-20	0.00363040578412	0.0112926374296	-0.00309674666858
29	-19	-20	0.0045637585219	0.0110922698962	-0.00255000612808
31	-19	-20	0.00527795269548	0.0109897091259	-0.00178769515694
33	-19	-20	0.00572861495059	0.0109844471731	-0.000798567130624
35	-19	-20	0.00589150141811	0.0110725205997	0.000410504902042
37	-19	-20	0.00576782064532	0.0112464063934	0.00180920486571
39	-19	-20	0.00537877194713	0.0114953020596	0.00334849039252
41	-19	-20	0.00475494975085	0.0118056553373	0.0049700585706
43	-19	-20	0.00392859107505	0.0121616657399	0.00661309540946
45	-19	-20	0.0029302588019	0.0125455854638	0.00821673853474
47	-19	-20	0.00178806182727	0.0129378133878	0.00971998316861
49	-19	-20	0.000527792481569	0.0133169440948	0.0110607917857
51	-19	-20	-0.000826656448815	0.0136601813875	0.0121760496471
53	-19	-20	-0.00225257550085	0.0139448990121	0.0130048525327
55	-19	-20	-0.00372714662132	0.0141521772073	0.0134979281052
57	-19	-20	-0.00522574103856	0.0142715164623	0.0136312747367
59	-19	-20	-0.0067209166533	0.0143030669438	0.0134133044782
61	-19	-20	-0.00818290501978	0.0142547917957	0.0128777948335
63	-19	-20	-0.00958071994441	0.0141370982851	0.0120703016586
65	-19	-20	-0.0108826990053	0.0139585517851	0.0110386932379
67	-19	-20	-0.0120562538824	0.0137234381184	0.00982965504308
69	-19	-20	-0.0130671621391	0.0134303739712	0.00848830668888
71	-19	-20	-0.0138788784662	0.0130714155391	0.00705849480709
73	-19	-20	-0.0144527560436	0.0126320247855	0.00558252868742
75	-19	-20	-0.0147510033542	0.0120934584435	0.00409972408655
77	-19	-20	-0.0147445111384	0.0114396257945	0.00264352890928
79	-19	-20	-0.0144239352265	0.0106670913898	0.0012381055133
81	-19	-20	-0.0138054743753	0.00979045465032	-0.000103251815495
83	-19	-20	-0.0129252346844	0.00883751313529	-0.00137630719608
85	-19	-20	-0.0118282956722	0.00783982093174	-0.00258215737638
87	-19	-20	-0.0105610425685	0.00682642195581	-0.00372387694947
89	-19	-20	-0.00916837241957	0.00582207272052	-0.00480431518228
91	-19	-20	-0.00769360169199	0.00484783969049	-0.00582479181752
93	-19	-20	-0.00617912791903	0.00392227887172	-0.00678434021731
95	-19	-20	-0.00466663259337	0.0030622400398	-0.007679443187
97	-19	-20	-0.00319569236575	0.00228263150358	-0.00850468118597
99	-19	-20	-0.00179976691927	0.00159464464713	-0.00925496674383
-99	-17	-20	0.00231605347657	0.00228346830249	-0.000154500534985
-97	-17	-20	0.00256130613088	0.00259705701861	5.37445468404e-05
-95	-17	-20	0.00280688118012	0.00294764033001	0.000268622375986
-93	-17	-20	0.00304183631952	0.00333193780053	0.000484620202264
-91	-17	-20	0.00325431605363	0.00374576046427	0.000695795115503
-89	-17	-20	0.00343263048987	0.00418442225955	0.000896355836096
-87	-17	-20	0.00356536915315	0.0046423819952	0.00108072471108
-85	-17	-20	0.00364114771808	0.00511249294956	0.00124344425553
-83	-17	-20	0.00364821063787	0.00558500836567	0.00137906431617
-81	-17	-20	0.00357408124051	0.00604658716073	0.00148205991851
-79	-17	-20	0.00340603966039	0.00648036036656	0.00154691319459
-77	-17	-20	0.00313448715169	0.0068698071427	0.00156871538752
-75	-17	-20	0.00276024197797	0.00720786240222	0.00154448184402
-73	-17	-20	0.0022992100542	0.00750270689121	0.00147408394043
-71	-17	-20	0.00177775114536	0.00777148262936	0.00135967688252
-69	-17	-20	0.00122544236561	0.00803062329728	0.00120477011976
-67	-17	-20	0.000671826131428	0.00829127137517	0.00101406252563
-65	-17	-20	0.000146142143288	0.00855826521806	0.000793875855891
-63	-17	-20	-0.000321958002385	0.00882984248704	0.000552853035346
-61	-17	-20	-0.000701470255518	0.00909696402725	0.000302780352707
-59	-17	-20	-0.00095929488001	0.00934241067196	5.93271237597e-05
-57	-17	-20	-0.00106113227246	0.00954151059486	-0.000158131638028
-55	-17	-20	-0.000977817755333	0.00966932755683	-0.000329749520407
-53	-17	-20	-0.000698999171031	0.009716856049	-0.000442578345339
-51	-17	-20	-0.000241908475807	0.00970155133481	-0.000495320684736
-49	-17	-20	0.000357232067425	0.00965715153893	-0.000493580408192
-47	-17	-20	0.0010566918214	0.00961785542529	-0.000442474813554
-45	-17	-20	0.00181533209451	0.00961155092103	-0.000343332043701
-43	-17	-20	0.00259320223115	0.0096595752931	-0.00019335279242
-41	-17	-20	0.00335040196537	0.00977820263718	1.39585115156e-05
-39	-17	-20	0.00404564760523	0.00997998676245	0.000288451639795
-37	-17	-20	0.00463512034996	0.0102745665796	0.000643068060113
-35	-17	-20	0.005073110657	0.0106689431768	0.00109265016812
-33	-17	-20	0.00531842306403	0.0111673009164	0.00164913022636
-31	-17	-20	0.00534852917425	0.0117704997149	0.00231174458005
-29	-17	-20	0.00516866059938	0.0124755746143	0.00306081033279
-27	-17	-20	0.00480280446997	0.0132754815654	0.00386374901045
-25	-17	-20	0.00427961910593	0.0141587627223	0.00468462724313
-23	-17	-20	0.00362604918406	0.0151086954326	0.00548861956478
-21	-17	-20	0.00286660684424	0.0161016769578	0.00624266758752
-19	-17	-20	0.00202429267135	0.0171046411364	0.00691492912051
-17	-17	-20	0.0011216117776	0.0180714631345	0.00747398121626
-15	-17	-20	0.000181335205907	0.0189393045223	0.00788814051334
-13	-17	-20	-0.000773188827935	0.0196295502219	0.00812591021525
-11	-17	-20	-0.00171866126648	0.0200653481038	0.0081602543359
-9	-17	-20	-0.00263361404921	0.0202119607041	0.0079781138968
-7	-17	-20	-0.00349953609073	0.0201026995785	0.00758663226461
-5	-17	-20	-0.00429951078938	0.0198123549836	0.00700736299826
-3	-17	-20	-0.00501612837795	0.0194161252976	0.00626720765898
-1	-17	-20	-0.00563039463809	0.018971180642	0.00539463508711
1	-17	-20	-0.00612129024412	0.0185145348072	0.00441978167517
3	-17	-20	-0.00646533445081	0.0180650863399	0.00337573747211
5	-17	-20	-0.00663589669466	0.0176251360214	0.00229998992285
7	-17	-20	-0.00660256424684	0.0171809270801	0.00123555272857
9	-17	-20	-0.00633244437647	0.0167047584075	0.000230397019731
11	-17	-20	-0.00579834934752	0.0161653755208	-0.000668436049164
13	-17	-20	-0.00499637453066	0.0155502745108	-0.00142782817982
15	-17	-20	-0.00395720095204	0.0148802850443	-0.0020368981202
17	-17	-20	-0.00273516032422	0.0141962280673	-0.00249865614958
19	-17	-20	-0.00139107924721	0.0135379917836	-0.00281691899204
21	-17	-20	1.53613917031e-05	0.0129358182145	-0.00299018620212
23	-17	-20	0.00142617163631	0.0124103573215	-0.00301056671386
25	-17	-20	0.00278334358146	0.0119749924335	-0.00286397341823
27	-17	-20	0.00402673719219	0.0116379332773	-0.00253012471155
29	-17	-20	0.00509236699961	0.0114035889757	-0.00198246319345
31	-17	-20	0.00591334809206	0.0112732791474	-0.00119010288094
33	-17	-20	0.00642941567209	0.0112454209412	-0.000127383617576
35	-17	-20	0.00660797275966	0.011315379768	0.00120614238701
37	-17	-20	0.00645754075109	0.0114753945693	0.00277286464467
39	-17	-20	0.00601414849146	0.0117149026683	0.00450929594431
41	-17	-20	0.00532007374615	0.0120210189122	0.00634527330605
43	-17	-20	0.0044139981015	0.0123788499373	0.00821245792668
45	-17	-20	0.00332953106553	0.012771568481	0.0100447633202
47	-17	-20	0.00209607882485	0.0131802381753	0.0117760588186
49	-17	-20	0.000739753902113	0.0135834089656	0.0133371712045
51	-17	-20	-0.000716052572275	0.0139567161789	0.0146531905213
53	-17	-20	-0.00225004390251	0.0142735207579	0.0156442518239
55	-17	-20	-0.00384130249892	0.01450923859	0.0162381167319
57	-17	-20	-0.00546590796531	0.0146506507541	0.016398850148
59	-17	-20	-0.00709466881219	0.0147016774496	0.0161453297433
61	-17	-20	-0.00869483197538	0.0146769561058	0.0155327450866
63	-17	-20	-0.0102327957157	0.0145918124428	0.014623874248
65	-17	-20	-0.0116749077206	0.0144570600765	0.013476328739
67	-17	-20	-0.012986737816	0.0142772358642	0.0121413701344
69	-17	-20	-0.0141316307296	0.0140495116438	0.0106658454629
71	-17	-20	-0.0150688466513	0.0137622167983	0.00909398186912
73	-17	-20	-0.0157518444576	0.0133932271523	0.00746830442192
75	-17	-20	-0.016129224987	0.0129106190314	0.00582928273633
77	-17	-20	-0.0161549220744	0.0122818654814	0.00421268955238
79	-17	-20	-0.0158110146758	0.0114948842318	0.00264439464131
81	-17	-20	-0.0151224258788	0.0105717737167	0.00113723242344
83	-17	-20	-0.0141423452335	0.00955559290263	-0.000305521239608
85	-17	-20	-0.0129295487196	0.00848985888675	-0.00168448805338
87	-17	-20	-0.0115383645724	0.00740996009777	-0.00300084026593
89	-17	-20	-0.0100179317696	0.00634321769259	-0.00425479635623
91	-17	-20	-0.0084141875064	0.0053113626261	-0.00544470170727
93	-17	-20	-0.00677206292818	0.00433301740213	-0.00656617406795
95	-17	-20	-0.00513714565055	0.00342557126811	-0.00761132039243
97	-17	-20	-0.00355560406134	0.00260584815815	-0.00856881295941
99	-17	-20	-0.00206923576728	0.00188802467975	-0.00942701823061
-99	-15	-20	0.00252447126945	0.00224822430435	-5.56208979356e-05
-97	-15	-20	0.00279797312746	0.00256499176623	0.000182559150431
-95	-15	-20	0.00307563169204	0.00292225744083	0.000432095997447
-93	-15	-20	0.00334332338009	0.00331549283904	0.000685723968208
-91	-15	-20	0.00358736507089	0.00374033298627	0.000936462823862
-89	-15	-20	0.0037950917168	0.00419261238834	0.0011779194086
-87	-15	-20	0.00395439251532	0.00466755997309	0.00140402377994
-85	-15	-20	0.00405320460419	0.00515878126046	0.00160880509557
-83	-15	-20	0.00407887348809	0.00565689392431	0.00178621366347
-81	-15	-20	0.00401711498789	0.00614754173856	0.00192992063516
-79	-15	-20	0.00385069317349	0.00660901294124	0.00203310146374
-77	-15	-20	0.00356123773915	0.00701401837504	0.00208878430194
-75	-15	-20	0.00314377012586	0.00734821777959	0.0020923992782
-73	-15	-20	0.00262079387385	0.00762832748517	0.00204430552794
-71	-15	-20	0.00202823805254	0.00788352829694	0.00194759599286
-69	-15	-20	0.00140098348618	0.00813638160547	0.00180591193894
-67	-15	-20	0.000771146386273	0.00840033297988	0.00162352477669
-65	-15	-20	0.000169607773201	0.00868109262337	0.0014060909677
-63	-15	-20	-0.000372522699201	0.00897714469056	0.00116155849102
-61	-15	-20	-0.000822414569297	0.00927883836983	0.000901316335925
-59	-15	-20	-0.00114342495051	0.00956589331424	0.000641791466052
-57	-15	-20	-0.0012925670991	0.00980393651404	0.000406306726088
-55	-15	-20	-0.00122388214133	0.00994807974568	0.0002236187314
-53	-15	-20	-0.000915510852271	0.00997537169743	0.000113251294278
-51	-15	-20	-0.000395975744094	0.00991657744852	7.11069288062e-05
-49	-15	-20	0.000281933233791	0.00982473397947	8.38387086562e-05
-47	-15	-20	0.00106804376836	0.00974305755608	0.000143516853898
-45	-15	-20	0.00191794294634	0.00970178093179	0.000249135287584
-43	-15	-20	0.00279013468595	0.00972213311077	0.000404897044592
-41	-15	-20	0.0036434895303	0.00981953564626	0.00061896645246
-39	-15	-20	0.00443502716497	0.0100055527966	0.000903074591741
-37	-15	-20	0.00511728736772	0.0102889917563	0.00127306858677
-35	-15	-20	0.00563536582081	0.0106764431258	0.00175008387762
-33	-15	-20	0.00593020961661	0.0111723464136	0.00235780270481
-31	-15	-20	0.00596677024408	0.0117784089687	0.00310332360495
-29	-15	-20	0.00576140712085	0.0124928776224	0.00395870952765
-27	-15	-20	0.00535457643333	0.0133105514182	0.00487921970975
-25	-15	-20	0.00478275749202	0.0142225511186	0.00582217759275
-23	-15	-20	0.00407519751201	0.0152152311559	0.00674934771847
-21	-15	-20	0.0032568202501	0.0162682432725	0.00762519737849
-19	-15	-20	0.00235058725937	0.0173514068281	0.00841540241025
-17	-15	-20	0.00137901499616	0.0184196535882	0.00908560369723
-15	-15	-20	0.000365266145276	0.0194050311739	0.00959987701773
-13	-15	-20	-0.000665983407564	0.0202068829638	0.00991894316607
-11	-15	-20	-0.00168869907639	0.0207001309199	0.0100025537677
-9	-15	-20	-0.00267916788507	0.0208165599053	0.00982858942284
-7	-15	-20	-0.00361964094576	0.020624364824	0.0094116623758
-5	-15	-20	-0.00449447388239	0.0202479741229	0.0087849224056
-3	-15	-20	-0.00528616810655	0.0197860461121	0.00798139673096
-1	-15	-20	-0.00597478430723	0.0193022690444	0.00703210032585
1	-15	-20	-0.00653805704184	0.0188339155664	0.00596840799627
3	-15	-20	-0.00695109858566	0.0183979868423	0.00482428386706
5	-15	-20	-0.00718531473616	0.017993430704	0.00363838518343
7	-15	-20	-0.00720610558547	0.0175999012118	0.00245663447888
9	-15	-20	-0.00696977168352	0.0171743991063	0.00133512328691
11	-15	-20	-0.00642789210298	0.0166569173718	0.000337260814674
13	-15	-20	-0.00556208970224	0.0160147699125	-0.000491899742744
15	-15	-20	-0.00441780023192	0.0152858718844	-0.00115069383834
17	-15	-20	-0.00307083915015	0.0145366401207	-0.00165576879328
19	-15	-20	-0.00159302536054	0.0138189977439	-0.00201631776617
21	-15	-20	-4.83188479161e-05	0.0131663984772	-0.0022310084603
23	-15	-20	0.00150331913463	0.0125994549938	-0.00229038599223
25	-15	-20	0.00300238349813	0.0121304722534	-0.00217836682615
27	-15	-20	0.0043866076747	0.0117662750233	-0.00187214037343
29	-15	-20	0.00558704050825	0.0115098889202	-0.00134027637153
31	-15	-20	0.0065235808577	0.0113614971589	-0.00053969924739
33	-15	-20	0.00710982753112	0.0113188449495	0.000579098399505
35	-15	-20	0.00729499053591	0.0113769736521	0.00203285261997
37	-15	-20	0.00710465166655	0.0115278834268	0.00376750291076
39	-15	-20	0.00659985181205	0.0117611534713	0.00569556916244
41	-15	-20	0.00583498164995	0.0120645758426	0.00773458671145
43	-15	-20	0.00485262158509	0.012424301385	0.00981127322157
45	-15	-20	0.00368747054266	0.0128247400236	0.0118569261609
47	-15	-20	0.00236929622172	0.0132482170864	0.0138029855122
49	-15	-20	0.000924364431027	0.0136742183916	0.0155766525399
51	-15	-20	-0.000624169947309	0.014077979757	0.0170952652124
53	-15	-20	-0.00225643876083	0.014428641223	0.018259776295
55	-15	-20	-0.00395485644073	0.0146914048114	0.0189610956284
57	-15	-20	-0.00569759424221	0.0148460062971	0.0191378156295
59	-15	-20	-0.00745219900925	0.0149045593821	0.018832556947
61	-15	-20	-0.00918144035052	0.0148930735992	0.0181355676278
63	-15	-20	-0.010849198188	0.014832268337	0.0171268936163
65	-15	-20	-0.0124205787424	0.0147345312739	0.0158698167646
67	-15	-20	-0.0138603544102	0.0146045755272	0.0144169339296
69	-15	-20	-0.0151310277912	0.0144391355066	0.0128149350401
71	-15	-20	-0.0161901860669	0.0142251016115	0.0111074342307
73	-15	-20	-0.0169864641899	0.0139358051897	0.00933674953426
75	-15	-20	-0.0174546154081	0.0135261965522	0.00754510904234
77	-15	-20	-0.0175206472377	0.0129373325154	0.0057734422928
79	-15	-20	-0.0171474312409	0.0121386622674	0.00405182853107
81	-15	-20	-0.0163791991379	0.0111695091807	0.00239039146805
83	-15	-20	-0.0152971370552	0.0100980522876	0.000788808104501
85	-15	-20	-0.0139738754463	0.00897953588846	-0.000753633649483
87	-15	-20	-0.0124684785192	0.00785235279119	-0.00223607743203
89	-15	-20	-0.0108315590472	0.00674358408175	-0.00365608209408
91	-15	-20	-0.00910963254587	0.00567371322676	-0.00500930305418
93	-15	-20	-0.00734835565611	0.00466002710424	-0.00628865052082
95	-15	-20	-0.00559555102075	0.00371937830767	-0.00748284099329
97	-15	-20	-0.00390417333334	0.00287055005497	-0.00857459503605
99	-15	-20	-0.00232998064161	0.00213363028294	-0.00954215365293
-99	-13	-20	0.00273248333059	0.00217505525247	5.03341838823e-05
-97	-13	-20	0.00303535762137	0.00248848794931	0.000319915094208
-95	-13	-20	0.0033457266332	0.00284452209514	0.000605483528247
-93	-13	-20	0.00364520060291	0.00323660487192	0.000897476823114
-91	-13	-20	0.00391900859469	0.003660685422	0.0011883866979
-89	-13	-20	0.00415390475935	0.00411342805077	0.00147153209886
-87	-13	-20	0.00433720246057	0.00459104181821	0.00174049203725
-85	-13	-20	0.00445631321741	0.00508826284071	0.00198887448252
-83	-13	-20	0.00449823703765	0.00559702967081	0.00221017346466
-81	-13	-20	0.0044484510748	0.00610425057896	0.00239757007105
-79	-13	-20	0.00428789196236	0.00658705167699	0.00254343808239
-77	-13	-20	0.0039862338366	0.00700324877403	0.00263824464597
-75	-13	-20	0.00352226062632	0.00731743749998	0.00267409006658
-73	-13	-20	0.00293562432189	0.00756837400066	0.00265362714311
-71	-13	-20	0.00227512355869	0.00780114144116	0.00258143053354
-69	-13	-20	0.0015783755458	0.00804053787152	0.0024607823912
-67	-13	-20	0.000878607258633	0.00829993210278	0.00229517280945
-65	-13	-20	0.000207811207352	0.00858508116528	0.00208931664582
-63	-13	-20	-0.000401833052244	0.00889498076844	0.00185006109116
-61	-13	-20	-0.000916721187145	0.00922097988013	0.00158754642243
-59	-13	-20	-0.00129957253975	0.00954379000623	0.00131708125219
-57	-13	-20	-0.00150368127804	0.00982587797781	0.00106297698493
-55	-13	-20	-0.0014603108274	0.00999548805112	0.000866087139398
-53	-13	-20	-0.00111658333947	0.0099921155735	0.000763297555933
-51	-13	-20	-0.000531864863864	0.00988330077543	0.000734483997224
-49	-13	-20	0.000218465407607	0.00974814229003	0.000755532007851
-47	-13	-20	0.00108073357121	0.00963215530867	0.000818829266391
-45	-13	-20	0.00201015628807	0.00956363607756	0.000925729020201
-43	-13	-20	0.00296481026767	0.0095617566918	0.00108277921958
-41	-13	-20	0.00390296128778	0.00964023081158	0.00130006975348
-39	-13	-20	0.00478112464132	0.00980925592934	0.00159068841591
-37	-13	-20	0.00555128076479	0.0100766226625	0.00197144069146
-35	-13	-20	0.0061545408516	0.0104483753324	0.00246631044185
-33	-13	-20	0.00650772037428	0.0109292515163	0.00311489511768
-31	-13	-20	0.00654278553105	0.0115220095068	0.00394573294735
-29	-13	-20	0.00630754606918	0.0122255501232	0.00490891276445
-27	-13	-20	0.00586504692439	0.0130361453905	0.00594322506236
-25	-13	-20	0.00525420811619	0.0139473698926	0.00700256703093
-23	-13	-20	0.00450332970514	0.0149487203156	0.00804716788734
-21	-13	-20	0.00363645761858	0.0160236630999	0.00903963739156
-19	-13	-20	0.00267604800894	0.0171466273502	0.00994344101011
-17	-13	-20	0.00164437782251	0.0182780294952	0.0107219573416
-15	-13	-20	0.000564602014403	0.0193550802123	0.0113370097847
-13	-13	-20	-0.00053792129636	0.0202715114427	0.0117450080376
-11	-13	-20	-0.00163345572988	0.0208364775809	0.0118882736875
-9	-13	-20	-0.00269309301874	0.0208886918045	0.0117218811939
-7	-13	-20	-0.00370248378979	0.0205905804414	0.0112816339898
-5	-13	-20	-0.00464789952819	0.0201335349464	0.010616452483
-3	-13	-20	-0.00551078504107	0.0196230968597	0.0097619359359
-1	-13	-20	-0.00626959704234	0.0191191931391	0.0087495164925
1	-13	-20	-0.00690056528916	0.018655222933	0.00761091124512
3	-13	-20	-0.00737766510772	0.0182455120104	0.00638033824021
5	-13	-20	-0.00767173760518	0.0178875254932	0.00509642265609
7	-13	-20	-0.00774786654276	0.0175598808727	0.00380505895892
9	-13	-20	-0.00755807945507	0.0172133738896	0.00256560417158
11	-13	-20	-0.00702518046534	0.0167502461747	0.00146356107217
13	-13	-20	-0.00609137925042	0.0160861020145	0.000574717138518
15	-13	-20	-0.00484201755465	0.0153079088985	-0.000126987874382
17	-13	-20	-0.00338214624456	0.0145170733221	-0.000677255176662
19	-13	-20	-0.00178823864129	0.0137687457937	-0.00108547593142
21	-13	-20	-0.000124795908013	0.0130940929656	-0.00134726587136
23	-13	-20	0.00154771476955	0.0125113738931	-0.00145033887568
25	-13	-20	0.00316917982848	0.0120310095963	-0.00137661058742
27	-13	-20	0.00467698947448	0.0116583092541	-0.00110226936444
29	-13	-20	0.00600183291051	0.011395071515	-0.000595413754435
31	-13	-20	0.00705816416584	0.0112405940477	0.000191795129507
33	-13	-20	0.00772407547634	0.0111924131386	0.00134105292163
35	-13	-20	0.0079000418276	0.0112458862859	0.00291322254495
37	-13	-20	0.00765902169307	0.0113925847822	0.00480944113115
39	-13	-20	0.00709621005834	0.0116221859854	0.00690939367997
41	-13	-20	0.00627011907234	0.01192325649	0.00912528957496
43	-13	-20	0.00522245505039	0.0122830485452	0.0113830098205
45	-13	-20	0.00398723669403	0.0126873066679	0.0136128923001
47	-13	-20	0.00259422295249	0.013119919495	0.0157451562387
49	-13	-20	0.00107017840176	0.0135621657662	0.0177060046141
51	-13	-20	-0.000561001107262	0.0139910157559	0.0194116508565
53	-13	-20	-0.00227937115994	0.0143748997716	0.0207548941041
55	-13	-20	-0.00407177733713	0.0146646890552	0.0215770433681
57	-13	-20	-0.00592282224013	0.0148195547225	0.0217490432079
59	-13	-20	-0.00779200209282	0.014873238033	0.021379126507
61	-13	-20	-0.00963606069169	0.0148671762407	0.0206050437788
63	-13	-20	-0.0114174412661	0.0148239692766	0.0195127899412
65	-13	-20	-0.0131006868474	0.0147555689781	0.0181644591329
67	-13	-20	-0.0146502139078	0.01466640214	0.0166112964197
69	-13	-20	-0.0160284925165	0.0145534674921	0.0148989924066
71	-13	-20	-0.017193610571	0.0144045410939	0.0130702648848
73	-13	-20	-0.0180947608418	0.0141938540984	0.0111666454731
75	-13	-20	-0.0186616905568	0.0138718942336	0.0092309398749
77	-13	-20	-0.0187825596207	0.0133443840739	0.00731183915959
79	-13	-20	-0.0183679092945	0.0125315924632	0.00545080348169
81	-13	-20	-0.0175144267999	0.0115208469112	0.00364853886918
83	-13	-20	-0.0163412445365	0.0104144299809	0.00189897921813
85	-13	-20	-0.0149260391783	0.00927070525704	0.000202929752164
87	-13	-20	-0.0133272559913	0.00812564426016	-0.00143584820462
89	-13	-20	-0.0115947855333	0.00700366581555	-0.00301205118649
91	-13	-20	-0.00977471832156	0.00592287257919	-0.00451886068409
93	-13	-20	-0.0079123148936	0.00489835164483	-0.00594724652193
95	-13	-20	-0.00605512697719	0.00394502190432	-0.00728439371396
97	-13	-20	-0.00425872364805	0.00308147749317	-0.00851007243472
99	-13	-20	-0.00259802411258	0.00233646515207	-0.0095891813154
-99	-11	-20	0.00294672436849	0.00207029088975	0.000166319217244
-97	-11	-20	0.00327942600405	0.00237316520613	0.000468166897934
-95	-11	-20	0.00361915882997	0.0027169238337	0.000788662152138
-93	-11	-20	0.00394643593129	0.00309504616653	0.00111783810409
-91	-11	-20	0.00424617820799	0.00350425977096	0.00144821589945
-89	-11	-20	0.00450435615648	0.00394188028662	0.00177285501555
-87	-11	-20	0.00470727564175	0.00440477999793	0.00208491680539
-85	-11	-20	0.00484131071157	0.00488846519188	0.00237751025359
-83	-11	-20	0.00489262900109	0.00538588884405	0.00264361273821
-81	-11	-20	0.00484648007238	0.0058855429468	0.00287595398855
-79	-11	-20	0.00468493755758	0.00636748524414	0.00306666001969
-77	-11	-20	0.00437618842224	0.00678838714462	0.00320547674894
-75	-11	-20	0.00386399091029	0.00706701435336	0.00327804092477
-73	-11	-20	0.00322408132769	0.00728850316387	0.00329258066453
-71	-11	-20	0.00250783505777	0.00749965849913	0.00325345144493
-69	-11	-20	0.00175287324249	0.00772297978321	0.00316314511447
-67	-11	-20	0.000993839748029	0.00797097437083	0.00302443541018
-65	-11	-20	0.000264752654071	0.00824924571538	0.0028412436592
-63	-11	-20	-0.000400088960766	0.00855711295778	0.00261946917871
-61	-11	-20	-0.000965345562699	0.00888680853832	0.00236808948787
-59	-11	-20	-0.00139309657474	0.00922097576978	0.00210087681155
-57	-11	-20	-0.00163842523455	0.00952636008259	0.00183975283111
-55	-11	-20	-0.00162928476311	0.0097284316019	0.001626727847
-53	-11	-20	-0.00124673387296	0.00968672614444	0.00153539847399
-51	-11	-20	-0.000616119038774	0.00954790362487	0.00151044982288
-49	-11	-20	0.000183959199818	0.00939297218577	0.00152815399386
-47	-11	-20	0.00110171775366	0.00926225622448	0.00158486716956
-45	-11	-20	0.00209185828519	0.0091811408811	0.00168508124609
-43	-11	-20	0.00311088844203	0.0091668505755	0.00183807832742
-41	-11	-20	0.00411519890509	0.0092315994697	0.00205631139298
-39	-11	-20	0.00505968894966	0.00938437488388	0.00235466905357
-37	-11	-20	0.00589572320484	0.00963202585888	0.00275075555091
-35	-11	-20	0.00656615443607	0.00997995511468	0.0032674442106
-33	-11	-20	0.00698397391102	0.0104327654803	0.00394657389375
-31	-11	-20	0.00701142855729	0.0109946519367	0.00486251006159
-29	-11	-20	0.00676435030209	0.0116642132905	0.00591876974638
-27	-11	-20	0.00630786714494	0.0124390474707	0.00705110948874
-25	-11	-20	0.00567734302001	0.0133146749692	0.00821366130572
-23	-11	-20	0.00489980880923	0.0142830113868	0.0093648906039
-21	-11	-20	0.00399902945506	0.0153304587715	0.010464598996
-19	-11	-20	0.00299757576969	0.0164350468588	0.011472980959
-17	-11	-20	0.00191797100575	0.0175619072638	0.0123501945799
-15	-11	-20	0.000783603156082	0.0186553790201	0.0130555833188
-13	-11	-20	-0.000380103232139	0.0196220161558	0.0135449602586
-11	-11	-20	-0.00154235110358	0.0202657514555	0.0137568237604
-9	-11	-20	-0.00266379213578	0.020225013129	0.0135987494593
-7	-11	-20	-0.00373827483334	0.019863257294	0.013152488703
-5	-11	-20	-0.00475083065095	0.0193778744443	0.0124691698641
-3	-11	-20	-0.00568057811461	0.018862428468	0.0115832561642
-1	-11	-20	-0.00650374489674	0.0183706703064	0.010526780092
1	-11	-20	-0.00719439947117	0.0179324048767	0.00933265922688
3	-11	-20	-0.00772457980529	0.0175597637983	0.00803627364798
5	-11	-20	-0.00806378547703	0.0172492430503	0.00667694949309
7	-11	-20	-0.00817714148997	0.0169802948248	0.00530032162201
9	-11	-20	-0.00801974641296	0.0167081015781	0.00396352945928
11	-11	-20	-0.00751081445254	0.0163301764745	0.00275542357951
13	-11	-20	-0.00650830628992	0.0156536424927	0.00181620728454
15	-11	-20	-0.00518265103231	0.014872078481	0.00105877167768
17	-11	-20	-0.00364333511831	0.0140896616029	0.000447539878065
19	-11	-20	-0.00196460936281	0.0133550218432	-2.10112109264e-05
21	-11	-20	-0.000211753674406	0.0126960879091	-0.000338405242899
23	-11	-20	0.00155271475211	0.0121292968833	-0.000489161161768
25	-11	-20	0.00326632964353	0.0116638796768	-0.000452719310977
27	-11	-20	0.00486458739009	0.0113042865728	-0.000203768232482
29	-11	-20	0.00627779620309	0.0110516755086	0.000289345877254
31	-11	-20	0.00742353213067	0.0109048813101	0.00107071792012
33	-11	-20	0.00817467119242	0.0108613123204	0.00222575641834
35	-11	-20	0.00832812300553	0.0109176168414	0.00390953913106
37	-11	-20	0.0080587424478	0.0110644938634	0.00592756370965
39	-11	-20	0.00746523754804	0.0112921553972	0.00815434730824
41	-11	-20	0.00660124273962	0.0115900105812	0.0105043498859
43	-11	-20	0.00550705452687	0.0119462804894	0.0129022116099
45	-11	-20	0.00421684177211	0.012347798774	0.0152754292028
47	-11	-20	0.00276121616995	0.012779681602	0.0175508830655
49	-11	-20	0.0011681498627	0.013224666475	0.0196519185065
51	-11	-20	-0.000536969167117	0.0136617050039	0.0214938607941
53	-11	-20	-0.00233222965401	0.0140624741215	0.0229734403248
55	-11	-20	-0.00420386347183	0.0143770044754	0.0239244508874
57	-11	-20	-0.00615079149727	0.0145195978461	0.0240744240803
59	-11	-20	-0.00811590252059	0.0145696860741	0.0236726645456
61	-11	-20	-0.0100542107451	0.0145703941943	0.0228620068278
63	-11	-20	-0.0119277031644	0.0145419772345	0.0217219231158
65	-11	-20	-0.0136999512621	0.0144953986485	0.0203126174421
67	-11	-20	-0.015334234273	0.0144347690683	0.018685277776
69	-11	-20	-0.0167920279102	0.0143572676981	0.0168860583767
71	-11	-20	-0.0180310351247	0.0142515259141	0.0149580694927
73	-11	-20	-0.0190016395225	0.0140939981971	0.0129428526557
75	-11	-20	-0.0196384430877	0.0138405122625	0.0108825164789
77	-11	-20	-0.0198251827288	0.0133930198581	0.00882721443618
79	-11	-20	-0.0193605159036	0.012567350228	0.0068424187551
81	-11	-20	-0.0184532156736	0.0115542980165	0.00490737397643
83	-11	-20	-0.0172270328003	0.0104589124665	0.00301721993152
85	-11	-20	-0.0157549669764	0.00933314914386	0.00117633048319
87	-11	-20	-0.0140944123146	0.00820958973995	-0.000608455532326
89	-11	-20	-0.012295707529	0.00711048925355	-0.00232904279235
91	-11	-20	-0.0104058519658	0.00605224578589	-0.00397614248949
93	-11	-20	-0.00847086463115	0.0050483543254	-0.00553875073935
95	-11	-20	-0.00653827230886	0.00411196684218	-0.00700292980255
97	-11	-20	-0.00466175900659	0.00325924244748	-0.00834889758097
99	-11	-20	-0.00291900289999	0.00251923786901	-0.00953932200382
-99	-9	-20	0.00318299692236	0.00194825862365	0.000300198560988
-97	-9	-20	0.00353475024345	0.00222586920388	0.000628459993183
-95	-9	-20	0.00389522662302	0.00254271646358	0.000979424826354
-93	-9	-20	0.00424440109266	0.00289258324762	0.00134312295825
-91	-9	-20	0.00456542475602	0.00327190005097	0.00171138736285
-89	-9	-20	0.00484256828077	0.00367793500073	0.00207665911291
-87	-9	-20	0.00506033801313	0.00410759345967	0.00243146292575
-85	-9	-20	0.00520315617107	0.00455636515594	0.00276822688437
-83	-9	-20	0.00525506682327	0.00501695851062	0.00307919986641
-81	-9	-20	0.00519891848262	0.00547702055856	0.00335632297611
-79	-9	-20	0.00501369726733	0.00591433464437	0.00359080955558
-77	-9	-20	0.00466815899728	0.00628724760629	0.00377210796564
-75	-9	-20	0.00414148288785	0.00656073368045	0.00389146830249
-73	-9	-20	0.00347516832449	0.00677377845783	0.00395083423248
-71	-9	-20	0.00272127616314	0.00697158088754	0.00395412726061
-69	-9	-20	0.00192190520514	0.00717900003845	0.00390390915339
-67	-9	-20	0.00111568197872	0.00740947505537	0.00380275961135
-65	-9	-20	0.000340562969576	0.00766889037419	0.00365421743847
-63	-9	-20	-0.000365120190512	0.00795643911121	0.00346370196174
-61	-9	-20	-0.000961820382731	0.00826370471226	0.00323980442324
-59	-9	-20	-0.00140694876341	0.00857159086425	0.00299641284363
-57	-9	-20	-0.0016495669072	0.00884260043962	0.00275688330163
-55	-9	-20	-0.001618188863	0.00900473361427	0.00256193573485
-53	-9	-20	-0.00125896627875	0.00899685900901	0.00244943089698
-51	-9	-20	-0.000632182498009	0.00888545475379	0.00240146486674
-49	-9	-20	0.000184086637262	0.008748132913	0.00239733909373
-47	-9	-20	0.00113198531292	0.00862856706248	0.00243383663014
-45	-9	-20	0.00216146677965	0.00855296655887	0.00251736403087
-43	-9	-20	0.00322469620898	0.00853830219724	0.00265981960011
-41	-9	-20	0.00427379206376	0.00859611306745	0.00287658233138
-39	-9	-20	0.00525926429291	0.00873459936075	0.00318562282312
-37	-9	-20	0.00612757951084	0.00895989439316	0.00360788452963
-35	-9	-20	0.00681514748183	0.00927689720401	0.00417041083507
-33	-9	-20	0.00723516084483	0.00968987853606	0.00491447132045
-31	-9	-20	0.00731720433024	0.0102019439553	0.00586864507849
-29	-9	-20	0.00710796020762	0.0108132349888	0.00698129483413
-27	-9	-20	0.0066704493949	0.0115221667426	0.00818771353642
-25	-9	-20	0.00604439414774	0.0123252998832	0.00943664995439
-23	-9	-20	0.00525939342127	0.0132158438627	0.010681756601
-21	-9	-20	0.00434098913638	0.0141815389874	0.0118779473979
-19	-9	-20	0.00331312399831	0.0152014301099	0.0129802763211
-17	-9	-20	0.00219946915941	0.0162406059507	0.0139435162158
-15	-9	-20	0.00102452092179	0.0172406501612	0.0147213385525
-13	-9	-20	-0.000184938836926	0.0180989660758	0.0152631851849
-11	-9	-20	-0.00139748045436	0.0186272927773	0.0155062880288
-9	-9	-20	-0.00258204496129	0.0186655644424	0.0154029984629
-7	-9	-20	-0.00372153125643	0.018375978072	0.0149888940498
-5	-9	-20	-0.00479878607827	0.0179483805304	0.0143148843426
-3	-9	-20	-0.00579116275167	0.0174857715307	0.0134201569371
-1	-9	-20	-0.00667243930599	0.0170449490417	0.0123405626392
1	-9	-20	-0.00741373036816	0.0166559965083	0.011112350013
3	-9	-20	-0.00798369163573	0.0163300528091	0.00977387193838
5	-9	-20	-0.00834797027444	0.0160617219316	0.00836726615365
7	-9	-20	-0.00846701556991	0.0158271672531	0.00694137188847
9	-9	-20	-0.00828928744811	0.015575128596	0.0055581917697
11	-9	-20	-0.00773559245218	0.0152061258842	0.00430595082056
13	-9	-20	-0.00674810003111	0.0146342912291	0.00326359665786
15	-9	-20	-0.005414237717	0.013945291258	0.00240891071977
17	-9	-20	-0.00384317297554	0.0132393469312	0.00171078732685
19	-9	-20	-0.00211720098095	0.0125705089584	0.00116509127398
21	-9	-20	-0.000307883166784	0.011968923167	0.000781910385964
23	-9	-20	0.00151652790508	0.0114519173544	0.000579401890895
25	-9	-20	0.00328790856062	0.0110290957193	0.000581372005993
27	-9	-20	0.00493588658383	0.0107051040809	0.00081685528686
29	-9	-20	0.00638408865827	0.0104812842085	0.00132208852862
31	-9	-20	0.00754103481677	0.0103567457961	0.00214794040641
33	-9	-20	0.00828037912542	0.0103291662353	0.00337742558397
35	-9	-20	0.00849989239705	0.010394414229	0.00507069252109
37	-9	-20	0.00827160679414	0.0105449486094	0.00712595947898
39	-9	-20	0.00769139713219	0.0107716754198	0.00941780448797
41	-9	-20	0.00681971683285	0.0110646602999	0.0118513330623
43	-9	-20	0.00570104750084	0.0114128334345	0.0143436493995
45	-9	-20	0.00437260543331	0.0118037003474	0.0168150620389
47	-9	-20	0.00286744482461	0.0122229048431	0.0191850196886
49	-9	-20	0.00121551611162	0.0126533972899	0.0213688359455
51	-9	-20	-0.000556301432739	0.0130736694513	0.0232724592459
53	-9	-20	-0.00242528420753	0.0134534672639	0.0247798662047
55	-9	-20	-0.00437564164147	0.0137447296841	0.0257257508672
57	-9	-20	-0.00638938499649	0.0139074249804	0.025977176796
59	-9	-20	-0.00842334998343	0.0139758231924	0.0256413503937
61	-9	-20	-0.0104314385831	0.0139916497853	0.024857505749
63	-9	-20	-0.0123729775471	0.0139775995737	0.0237149128539
65	-9	-20	-0.0142090636613	0.0139455808874	0.0222798444611
67	-9	-20	-0.0159003444766	0.0138998878424	0.0206078021383
69	-9	-20	-0.0174052943396	0.0138373296444	0.0187482260838
71	-9	-20	-0.0186779847227	0.0137454448163	0.0167468201336
73	-9	-20	-0.0196638898225	0.0135981632477	0.0146474063856
75	-9	-20	-0.0202897343573	0.0133455721876	0.0124947015315
77	-9	-20	-0.0204417551434	0.0128928493041	0.0103393660356
79	-9	-20	-0.0200299767164	0.0121595322702	0.00822530268261
81	-9	-20	-0.0191520955044	0.0112320047377	0.00615640295198
83	-9	-20	-0.0179296732987	0.0102113884793	0.00413059280261
85	-9	-20	-0.0164439389707	0.0091546873313	0.0021533488878
87	-9	-20	-0.0147576097934	0.00809635020783	0.000233532967331
89	-9	-20	-0.0129251551316	0.00705916119741	-0.00161831742885
91	-9	-20	-0.0109971960535	0.00605954176547	-0.0033903037857
93	-9	-20	-0.00902320558374	0.00511093528655	-0.00506873262747
95	-9	-20	-0.00705444154718	0.00422675799913	-0.00663678379574
97	-9	-20	-0.00514955024688	0.003424358977	-0.0080711015355
99	-9	-20	-0.00338583083336	0.0027316086002	-0.00933451927309
-99	-7	-20	0.0034174306812	0.00179831324346	0.000436968421318
-97	-7	-20	0.00378837737155	0.0020438214714	0.000791612725924
-95	-7	-20	0.00416617005202	0.00232306258984	0.00117107687577
-93	-7	-20	0.00453345506837	0.00263218263084	0.0015672756675
-91	-7	-20	0.00487242497048	0.00296778594378	0.0019719017615
-89	-7	-20	0.00516546426822	0.00332692185641	0.0023767964815
-87	-7	-20	0.00539483570128	0.00370621945594	0.00277377155274
-85	-7	-20	0.00554243808717	0.00410080172392	0.00315448265317
-83	-7	-20	0.00558958457878	0.00450284153673	0.00351036798369
-81	-7	-20	0.00551655653675	0.00489948054667	0.00383259010563
-79	-7	-20	0.00530201310201	0.00527034136759	0.00411197851292
-77	-7	-20	0.00492556747789	0.00558920693183	0.00433951999516
-75	-7	-20	0.00438292569997	0.00584248514697	0.00450897878771
-73	-7	-20	0.00370027617421	0.00604731978385	0.00461937434627
-71	-7	-20	0.00292014169683	0.00623307487715	0.00467260452041
-69	-7	-20	0.00208647328774	0.00642238122706	0.00467098763407
-67	-7	-20	0.00124229378097	0.00662878307527	0.00461706636373
-65	-7	-20	0.000430508866368	0.00685822693933	0.00451418072658
-63	-7	-20	-0.000305366021882	0.00710960508833	0.00436737959533
-61	-7	-20	-0.000920483236505	0.00737378286822	0.00418482319941
-59	-7	-20	-0.00136741243387	0.00763093944299	0.00397989339471
-57	-7	-20	-0.00159451466266	0.00784686196542	0.00377376643805
-55	-7	-20	-0.00155018254717	0.0079762537502	0.00359472471898
-53	-7	-20	-0.00121055931967	0.00799496159189	0.00346412077023
-51	-7	-20	-0.00060606260982	0.00793164085089	0.00338228766785
-49	-7	-20	0.000204971149452	0.00783633838494	0.00334279237755
-47	-7	-20	0.00116381666672	0.00774855358193	0.00334662228068
-45	-7	-20	0.00221536333199	0.00769430866901	0.00340300232858
-43	-7	-20	0.00330616430465	0.00769039466011	0.00352693732992
-41	-7	-20	0.00438270303205	0.00774784463266	0.00373725470879
-39	-7	-20	0.00538990735604	0.00787417575183	0.00405554166371
-37	-7	-20	0.00626920402596	0.00807481022558	0.00450603361815
-35	-7	-20	0.00695620624653	0.00835396551801	0.00511611534757
-33	-7	-20	0.00738457620877	0.00871506816585	0.00591293731172
-31	-7	-20	0.00751454221757	0.00916046112771	0.00690376803595
-29	-7	-20	0.00736034226192	0.00969084245254	0.00805725649669
-27	-7	-20	0.00696258843086	0.0103052915016	0.00932166406834
-25	-7	-20	0.00635958713521	0.0110009090498	0.0106439940608
-23	-7	-20	0.00558336914386	0.0117714917479	0.0119728231431
-21	-7	-20	0.00466196038478	0.0126052735994	0.0132571643623
-19	-7	-20	0.00362131515481	0.0134813779982	0.0144457418218
-17	-7	-20	0.00248667274829	0.0143642096061	0.0154867563607
-15	-7	-20	0.00128374748627	0.0151947429343	0.0163276573744
-13	-7	-20	3.98955424429e-05	0.0158798612606	0.0169148819993
-11	-7	-20	-0.0012156321825	0.0162998055768	0.0171977487599
-9	-7	-20	-0.00245496649603	0.0163888424671	0.0171486497625
-7	-7	-20	-0.00365496115341	0.0162146123729	0.0167819616733
-5	-7	-20	-0.00479319125033	0.0158982514085	0.0161352314566
-3	-7	-20	-0.00584401638474	0.0155330902559	0.0152491539531
-1	-7	-20	-0.00677815611937	0.0151763445805	0.0141640031907
1	-7	-20	-0.00756309376324	0.0148585158881	0.0129204711048
3	-7	-20	-0.00816321979786	0.0145901794424	0.0115608407377
5	-7	-20	-0.00853938731673	0.0143645842426	0.0101306533443
7	-7	-20	-0.00864748458774	0.0141565508251	0.00868144042954
9	-7	-20	-0.00843639966328	0.0139190672189	0.00727423906624
11	-7	-20	-0.00785348061713	0.0135887828833	0.00597757498429
13	-7	-20	-0.00688015032552	0.0131301512136	0.00484258005308
15	-7	-20	-0.00556604537033	0.0125785456865	0.00387847797401
17	-7	-20	-0.0039953641471	0.0119980492342	0.00307779153593
19	-7	-20	-0.00225177106072	0.011438405633	0.00244187954179
21	-7	-20	-0.000413534981479	0.0109310362147	0.0019835423369
23	-7	-20	0.00144366662136	0.0104946917512	0.00172404340607
25	-7	-20	0.00324419504326	0.0101400341012	0.00169099331202
27	-7	-20	0.00491014785557	0.00987253939449	0.00191777111651
29	-7	-20	0.00635832229072	0.00969428585848	0.00244465009301
31	-7	-20	0.00749662256939	0.00960504213992	0.00332096926896
33	-7	-20	0.00822969179134	0.00960280390768	0.0045990649888
35	-7	-20	0.00850135168144	0.00968362188715	0.00629437400991
37	-7	-20	0.00833547176767	0.00984128222936	0.00834704368183
39	-7	-20	0.00779468474415	0.0100678519697	0.0106593562846
41	-7	-20	0.00693752382383	0.0103541602362	0.0131345821493
43	-7	-20	0.00581234157042	0.0106897500905	0.0156818185821
45	-7	-20	0.00446037382723	0.0110625810998	0.0182122180972
47	-7	-20	0.00291803115289	0.0114585077372	0.0206355338156
49	-7	-20	0.00121792754136	0.0118603722624	0.0228569432623
51	-7	-20	-0.00061089200692	0.0122464635926	0.0247729129793
53	-7	-20	-0.00254310914633	0.0125885592512	0.0262663859606
55	-7	-20	-0.00455598951573	0.0128539947337	0.0272147856299
57	-7	-20	-0.00662265035516	0.013024085061	0.0275489240852
59	-7	-20	-0.00870544496276	0.0131119716348	0.0273096409172
61	-7	-20	-0.0107615798631	0.0131441993963	0.0265906505262
63	-7	-20	-0.012748806889	0.0131416332239	0.0254791284132
65	-7	-20	-0.0146254144221	0.0131165352292	0.0240472137475
67	-7	-20	-0.0163486609533	0.0130733276195	0.0223563252434
69	-7	-20	-0.0178730090573	0.0130083574516	0.0204607259202
71	-7	-20	-0.0191478796699	0.0129080498887	0.0184098564305
73	-7	-20	-0.0201142640176	0.0127451590571	0.0162503092412
75	-7	-20	-0.0207006355036	0.0124738688155	0.0140277548628
77	-7	-20	-0.0208289629432	0.012034181239	0.0117867087428
79	-7	-20	-0.0204610015089	0.0113941108259	0.00956189231778
81	-7	-20	-0.0196430563853	0.0105911095551	0.00736970335674
83	-7	-20	-0.0184613389266	0.00969104120024	0.00521783144167
85	-7	-20	-0.0169957971087	0.0087464310168	0.00311500274147
87	-7	-20	-0.0153142323239	0.00779262378885	0.00107237780471
89	-7	-20	-0.0134765485135	0.00685342319223	-0.000897054416238
91	-7	-20	-0.0115383903286	0.00594593154287	-0.00277873245035
93	-7	-20	-0.00955385820666	0.00508411326881	-0.00455618755269
95	-7	-20	-0.00757817774454	0.00428176499532	-0.0062100644101
97	-7	-20	-0.00567043393321	0.00355512394626	-0.00771676797851
99	-7	-20	-0.00389110734621	0.00292248282265	-0.00905037036039
-99	-5	-20	0.00363537445227	0.00161771280191	0.000566746840083
-97	-5	-20	0.00402594682024	0.00182538020138	0.000947442726733
-95	-5	-20	0.0044214404905	0.00205980609948	0.00135504150097
-93	-5	-20	0.00480616682733	0.00231873257403	0.00178278469712
-91	-5	-20	0.00516216647138	0.00259944272775	0.00222271202671
-89	-5	-20	0.00547037776414	0.00289908945659	0.00266636152168
-87	-5	-20	0.00571093999957	0.00321424693477	0.00310495998206
-85	-5	-20	0.00586328420934	0.00354006576963	0.00352946275254
-83	-5	-20	0.00590631851613	0.00386916814433	0.00393060061143
-81	-5	-20	0.00581896687008	0.00419051221654	0.00429901015462
-79	-5	-20	0.00558181939958	0.0044892860165	0.00462558026813
-77	-5	-20	0.00518177612854	0.00475060876831	0.00490231684302
-75	-5	-20	0.00462040686479	0.00496851870997	0.00512381478054
-73	-5	-20	0.00391913504951	0.00515175716128	0.00528813535009
-71	-5	-20	0.00311441261059	0.00531761375157	0.00539593143051
-69	-5	-20	0.00224970788986	0.0054824871069	0.00544903919029
-67	-5	-20	0.00137118463849	0.00565755615411	0.00544981181293
-65	-5	-20	0.000526329292507	0.00584796234739	0.00540120233575
-63	-5	-20	-0.000236385392432	0.0060525852778	0.00530741037516
-61	-5	-20	-0.000867631004817	0.00626327769174	0.00517505659513
-59	-5	-20	-0.00131770217778	0.00646370247995	0.00501472009599
-57	-5	-20	-0.00153882863449	0.00662965818116	0.00484193698308
-55	-5	-20	-0.00149296453548	0.00673580530167	0.00467529352898
-53	-5	-20	-0.00116660429464	0.00677146803491	0.00453016612159
-51	-5	-20	-0.000579989682177	0.00675096754255	0.00441448907514
-49	-5	-20	0.00022192008646	0.00670350372725	0.00433326661211
-47	-5	-20	0.00118406659295	0.00665760886889	0.0042950971642
-45	-5	-20	0.00224883956459	0.00663476540967	0.00431430971405
-43	-5	-20	0.00335807185083	0.0066495762927	0.00441013445281
-41	-5	-20	0.00445309112715	0.00671164959118	0.00460523837367
-39	-5	-20	0.00547430354627	0.00682734930631	0.00492445184636
-37	-5	-20	0.00636101389365	0.00700106470567	0.00539356750107
-35	-5	-20	0.00705307145684	0.00723602587824	0.00603713412918
-33	-5	-20	0.00749822712568	0.00753469175437	0.00687261021547
-31	-5	-20	0.00766695151925	0.00789872600736	0.00789971260678
-29	-5	-20	0.00756163713994	0.00832877133958	0.0090937219554
-27	-5	-20	0.00720704138562	0.00882419878879	0.0104115394564
-25	-5	-20	0.006635145595	0.00938254171789	0.0118016909499
-23	-5	-20	0.00587754664739	0.00999826931067	0.0132095082816
-21	-5	-20	0.0049636840366	0.0106607119406	0.014578645523
-19	-5	-20	0.00392108752144	0.0113509109713	0.0158515670478
-17	-5	-20	0.0027761707613	0.0120372539262	0.0169701513245
-15	-5	-20	0.00155519141633	0.0126707525202	0.0178769539811
-13	-5	-20	0.000285086421986	0.0131846270931	0.0185181195688
-11	-5	-20	-0.00100645616499	0.0135104175605	0.0188502521268
-9	-5	-20	-0.00229209719209	0.0136172267967	0.0188519176163
-7	-5	-20	-0.0035454846151	0.0135372789137	0.0185304761092
-5	-5	-20	-0.00473969063308	0.0133398791321	0.0179151982215
-3	-5	-20	-0.00584519226473	0.0130915894832	0.0170457851266
-1	-5	-20	-0.00682903831429	0.0128393213306	0.0159656833879
1	-5	-20	-0.00765481022054	0.0126095910949	0.0147196378889
3	-5	-20	-0.00828277287332	0.0124115485341	0.0133533157814
5	-5	-20	-0.00867007606688	0.012239026374	0.01191414464
7	-5	-20	-0.0087714250173	0.0120712217262	0.0104528123603
9	-5	-20	-0.00854207905465	0.0118746740033	0.00902380435629
11	-5	-20	-0.00794787138417	0.0116133689535	0.00768098555434
13	-5	-20	-0.00698428047787	0.0112707210139	0.00646598113132
15	-5	-20	-0.00568838323059	0.0108638916316	0.00540072207921
17	-5	-20	-0.00412750408863	0.0104302858697	0.00449593657634
19	-5	-20	-0.00238077489806	0.0100065675271	0.00376376160821
21	-5	-20	-0.000529808592294	0.00961995167079	0.00322305154661
23	-5	-20	0.00134350260901	0.0092882997768	0.00289955039087
25	-5	-20	0.00315671646843	0.00902251157559	0.00282480679999
27	-5	-20	0.00482599959406	0.00882872208707	0.00303523225386
29	-5	-20	0.006265680302	0.00870983379662	0.00357107262114
31	-5	-20	0.00739054100874	0.00866644173815	0.00447313567396
33	-5	-20	0.00812664880452	0.00869725193166	0.00577182678739
35	-5	-20	0.00843335529436	0.00879910762924	0.00746597799353
37	-5	-20	0.00831697742588	0.0089669567596	0.009509388384
39	-5	-20	0.00781654646208	0.00919405115098	0.0118231282098
41	-5	-20	0.00698123448903	0.00947216404667	0.0143154835793
43	-5	-20	0.00585894467025	0.0097915818827	0.0168915434191
45	-5	-20	0.00449343432366	0.0101408668864	0.0194548457097
47	-5	-20	0.00292418252009	0.0105064174196	0.0219064312889
49	-5	-20	0.00118674380787	0.0108718463444	0.0241435192422
51	-5	-20	-0.000686861462061	0.0112173927957	0.0260590242232
53	-5	-20	-0.00266743737931	0.0115203920743	0.0275450846886
55	-5	-20	-0.00472665079121	0.0117594595151	0.028508505856
57	-5	-20	-0.00683331694185	0.0119237099069	0.0289015942953
59	-5	-20	-0.0089507672934	0.012018529368	0.0287412677947
61	-5	-20	-0.0110382033337	0.0120592522344	0.0280892454442
63	-5	-20	-0.0130530978979	0.0120613076281	0.027020527156
65	-5	-20	-0.0149517719163	0.0120352214134	0.0256073001277
67	-5	-20	-0.0166886050447	0.0119850284985	0.0239148289689
69	-5	-20	-0.0182147819568	0.0119072982113	0.0220014787814
71	-5	-20	-0.0194769898893	0.011789687101	0.0199198152063
73	-5	-20	-0.0204166926417	0.0116092705682	0.0177179635901
75	-5	-20	-0.0209724484313	0.0113330652483	0.0154405586905
77	-5	-20	-0.0210916116383	0.0109270533037	0.0131278297407
79	-5	-20	-0.0207543618553	0.0103770704607	0.0108119913324
81	-5	-20	-0.0199888880874	0.00970244630643	0.00851507253952
83	-5	-20	-0.0188563737755	0.00894277884655	0.00625248471539
85	-5	-20	-0.0174271380748	0.00813750623276	0.00403803869543
87	-5	-20	-0.0157691071928	0.00731744115453	0.00188628555488
89	-5	-20	-0.0139456751887	0.00650497657452	-0.000186990977356
91	-5	-20	-0.0120166153511	0.00571673381293	-0.00216470008097
93	-5	-20	-0.0100395462147	0.00496626968558	-0.00402828554563
95	-5	-20	-0.00807112286017	0.00426626085016	-0.00575759894379
97	-5	-20	-0.00616664777201	0.00362956302194	-0.00733166499472
99	-5	-20	-0.00437491540307	0.00306754210367	-0.00873247739885
-99	-3	-20	0.00382798405312	0.00140904659334	0.000682966095292
-97	-3	-20	0.00423790580662	0.00157394747991	0.0010884909861
-95	-3	-20	0.00465199053543	0.00175805160438	0.00152354609514
-93	-3	-20	0.0050551679884	0.00195993471964	0.00198206623244
-91	-3	-20	0.00542933873413	0.00217756298702	0.00245640386645
-89	-3	-20	0.00575437269985	0.00240851200009	0.00293797042086
-87	-3	-20	0.00600866986432	0.0026497629299	0.00341758705297
-85	-3	-20	0.00616956535918	0.00289721225075	0.00388566188341
-83	-3	-20	0.00621398219095	0.00314507773903	0.00433235481382
-81	-3	-20	0.00611982644297	0.00338554644127	0.00474787980556
-79	-3	-20	0.00586876476048	0.00360942120503	0.00512308297097
-77	-3	-20	0.00545082379148	0.00380871497937	0.00545035385208
-75	-3	-20	0.00486972192417	0.00398066987129	0.00572461976732
-73	-3	-20	0.00414554981458	0.00412982252736	0.00594377163446
-71	-3	-20	0.00331255666323	0.00426564657919	0.00610811777386
-69	-3	-20	0.00241427183592	0.00439818285692	0.00621931668123
-67	-3	-20	0.00149931654383	0.00453497036746	0.00627950215209
-65	-3	-20	0.000618929356103	0.00467973052801	0.00629093881862
-63	-3	-20	-0.000174374646338	0.00483181262941	0.0062562637892
-61	-3	-20	-0.000827936019021	0.00498574878174	0.00617927006891
-59	-3	-20	-0.00129091973336	0.0051311242394	0.00606601482345
-57	-3	-20	-0.00151842829566	0.0052539920789	0.00592562084583
-55	-3	-20	-0.00147878368862	0.00534152214737	0.005769793965
-53	-3	-20	-0.0011622900193	0.00538908624658	0.00561100067477
-51	-3	-20	-0.000585545863486	0.00540406372901	0.00546142995165
-49	-3	-20	0.000212695884874	0.00540219202098	0.00533442214751
-47	-3	-20	0.0011801041708	0.00540066703507	0.00524666417948
-45	-3	-20	0.0022578370365	0.00541374293897	0.00521899372437
-43	-3	-20	0.00338440225743	0.00545166656526	0.00527579782684
-41	-3	-20	0.00449734571974	0.00552127984087	0.00544383951193
-39	-3	-20	0.00553414966166	0.00562700513465	0.00575086090261
-37	-3	-20	0.00643362882779	0.00577170793813	0.00622364584732
-35	-3	-20	0.00713929135424	0.00595731684347	0.00688472566342
-33	-3	-20	0.00760587676194	0.00618518440611	0.00774698619353
-31	-3	-20	0.00780754798644	0.00645619880149	0.00880728603989
-29	-3	-20	0.00774180375139	0.00677069604247	0.0100431586785
-27	-3	-20	0.00742505059081	0.00712819060195	0.0114153649166
-25	-3	-20	0.00688392673055	0.00752682372881	0.0128735276906
-23	-3	-20	0.00614836532407	0.0079623859628	0.0143607913166
-21	-3	-20	0.00524802539752	0.00842680052598	0.0158164521266
-19	-3	-20	0.00421107913182	0.0089060154784	0.0171774518205
-17	-3	-20	0.00306425573059	0.00937755817786	0.0183798998734
-15	-3	-20	0.00183348927437	0.00980901288558	0.0193616988851
-13	-3	-20	0.000544727635343	0.0101606674642	0.0200672840156
-11	-3	-20	-0.000775497984968	0.0103965523506	0.0204549122046
-9	-3	-20	-0.00209986334313	0.0105017945623	0.0205046152817
-7	-3	-20	-0.00339993034659	0.0104918092438	0.0202218332619
-5	-3	-20	-0.00464531140477	0.0104027313811	0.0196335547145
-3	-3	-20	-0.00580273980962	0.0102736136012	0.0187801968228
-1	-3	-20	-0.00683556874751	0.0101347879955	0.0177082893438
1	-3	-20	-0.0077037168268	0.0100043842967	0.0164659700582
3	-3	-20	-0.00836398250667	0.00988873233505	0.0151010293794
5	-3	-20	-0.00877098985537	0.00978353964674	0.0136606894949
7	-3	-20	-0.00887956683253	0.00967527786598	0.012192139745
9	-3	-20	-0.00864997840811	0.00954428893614	0.010742408432
11	-3	-20	-0.00805724773333	0.00937193834396	0.00935593202653
13	-3	-20	-0.0071024283489	0.00915077850443	0.00807017039976
15	-3	-20	-0.00581828933918	0.00889001553362	0.00691353577363
17	-3	-20	-0.00426431469803	0.00861066601346	0.00590882519961
19	-3	-20	-0.00251613028176	0.00833614940978	0.00507891814078
21	-3	-20	-0.000656897075102	0.00808617183299	0.00445037714845
23	-3	-20	0.00122723188813	0.00787510013441	0.00405440051943
25	-3	-20	0.00304896599662	0.00771259887229	0.00392635333775
27	-3	-20	0.00472085686587	0.00760477803368	0.00410449500227
29	-3	-20	0.0061571510986	0.00755514056717	0.00462739947066
31	-3	-20	0.00727860902592	0.00756516289152	0.00552854227704
33	-3	-20	0.008022074696	0.00763453616284	0.00682651767306
35	-3	-20	0.00835256203863	0.00776118804403	0.00851295236188
37	-3	-20	0.00826906331706	0.00794127285031	0.0105462023239
39	-3	-20	0.00779803953131	0.00816925019023	0.0128563787513
41	-3	-20	0.00698063908307	0.00843798729645	0.0153561163179
43	-3	-20	0.00586246503542	0.00873876137744	0.0179489788009
45	-3	-20	0.00448820477397	0.00906111823463	0.020533483923
47	-3	-20	0.00289952989222	0.00939262710679	0.0230045094304
49	-3	-20	0.00113461047835	0.00971867115476	0.0252542800949
51	-3	-20	-0.000771576822674	0.0100226342048	0.0271751326
53	-3	-20	-0.00278631765359	0.0102872315277	0.028666788594
55	-3	-20	-0.00487747393262	0.0104978216562	0.0296504010121
57	-3	-20	-0.00701130482861	0.0106469594504	0.0300859872737
59	-3	-20	-0.00915096485812	0.0107366053345	0.0299807793257
61	-3	-20	-0.0112565066668	0.0107754420306	0.0293800025655
63	-3	-20	-0.0132855501897	0.0107737885536	0.0283485902064
65	-3	-20	-0.0151934726612	0.0107396335564	0.0269563450521
67	-3	-20	-0.01693297686	0.0106764673686	0.0252700321348
69	-3	-20	-0.0184535089612	0.0105820611484	0.023350341102
71	-3	-20	-0.019701196013	0.0104476207776	0.0212513904385
73	-3	-20	-0.0206203805254	0.0102576680971	0.0190213276305
75	-3	-20	-0.0211586118767	0.00999222562058	0.0167030213395
77	-3	-20	-0.0212769066848	0.00963339630428	0.0143340193223
79	-3	-20	-0.0209629113137	0.00917510234789	0.0119457560865
81	-3	-20	-0.0202375298151	0.0086283138742	0.00956346557304
83	-3	-20	-0.0191485067969	0.00801622250073	0.00720792747114
85	-3	-20	-0.0177574732579	0.00736493704512	0.00489791275402
87	-3	-20	-0.0161298827259	0.00669740299703	0.00265182814244
89	-3	-20	-0.0143301768337	0.00603180707681	0.000488431853104
91	-3	-20	-0.0124202981884	0.00538236075716	-0.00157290851665
93	-3	-20	-0.0104595256441	0.00476073197838	-0.00351221149787
95	-3	-20	-0.00850419017421	0.00417724333627	-0.00530936327181
97	-3	-20	-0.00660593506952	0.0036412046936	-0.00694570750608
99	-3	-20	-0.00480741169384	0.00315980242566	-0.00840735933066
-99	-1	-20	0.00398875009762	0.00117747789777	0.000780545390491
-97	-1	-20	0.0044172480791	0.00129598315424	0.00120893387388
-95	-1	-20	0.00485058695037	0.00142586196501	0.00167007333596
-93	-1	-20	0.00527375609287	0.0015661411486	0.00215818168086
-91	-1	-20	0.0056683634217	0.00171538606496	0.00266573078639
-89	-1	-20	0.00601346322446	0.00187179494652	0.00318404356636
-87	-1	-20	0.00628614449313	0.00203315152717	0.00370368448037
-85	-1	-20	0.00646204030077	0.00219667577037	0.00421467488914
-83	-1	-20	0.00651619442346	0.00235887447636	0.00470669298902
-81	-1	-20	0.00642487960346	0.00251557232373	0.00516945532371
-79	-1	-20	0.0061689100487	0.002662398699	0.00559343798541
-77	-1	-20	0.0057383657444	0.00279591310624	0.00597091512414
-75	-1	-20	0.00513727966627	0.00291498948627	0.0062969504779
-73	-1	-20	0.00438582241502	0.00302143133312	0.00656974535555
-71	-1	-20	0.00351866467674	0.00311918589763	0.00679003436609
-69	-1	-20	0.00258082578028	0.003212767732	0.00695985785789
-67	-1	-20	0.00162343889477	0.00330589817264	0.00708134215455
-65	-1	-20	0.00070078820141	0.00340072401414	0.00715591784799
-63	-1	-20	-0.000131508808195	0.00349744203536	0.00718411484866
-61	-1	-20	-0.000818117953923	0.00359414416359	0.00716594865029
-59	-1	-20	-0.00130662654264	0.00368696952259	0.00710188154259
-57	-1	-20	-0.00155228216163	0.00377094539862	0.00699423469442
-55	-1	-20	-0.0015248872317	0.0038418396963	0.00684870374655
-53	-1	-20	-0.00121569691795	0.00389846728746	0.00667552317943
-51	-1	-20	-0.000640465229219	0.00394381862809	0.00649002642156
-49	-1	-20	0.000163450777446	0.0039840041726	0.00631256336609
-47	-1	-20	0.0011438339724	0.0040260311775	0.00616779854682
-45	-1	-20	0.0022403411971	0.0040760551115	0.0060836044477
-43	-1	-20	0.00338908573932	0.00413867208317	0.0060899079394
-41	-1	-20	0.00452515887215	0.00421692616435	0.00621762607762
-39	-1	-20	0.0055842585233	0.00431260445868	0.00649741523981
-37	-1	-20	0.00650482282106	0.00442659415396	0.0069576290557
-35	-1	-20	0.00723185065174	0.00455922649203	0.00762084141467
-33	-1	-20	0.00772261795373	0.0047105737215	0.00849890765351
-31	-1	-20	0.00795244614972	0.0048806433862	0.00958800194174
-29	-1	-20	0.0079170452376	0.00506939748235	0.0108662237082
-27	-1	-20	0.00762952187026	0.00527655360639	0.0122951835636
-25	-1	-20	0.00711398360036	0.00550118053222	0.0138241624847
-23	-1	-20	0.00639927036083	0.0057411288103	0.0153942829915
-21	-1	-20	0.00551478895196	0.00599232419741	0.0169413547956
-19	-1	-20	0.00448852573684	0.00624796076951	0.0183976615155
-17	-1	-20	0.00334658363842	0.00649777678006	0.0196938112186
-15	-1	-20	0.0021136455543	0.00672798701478	0.0207620350578
-13	-1	-20	0.000813971789398	0.00692295404529	0.0215420561402
-11	-1	-20	-0.000527372592598	0.00706944083673	0.0219893531215
-9	-1	-20	-0.00188335981776	0.00716206834001	0.0220831401335
-7	-1	-20	-0.0032241468024	0.0072059057222	0.0218296605891
-5	-1	-20	-0.00451661623415	0.00721366314719	0.0212584844659
-3	-1	-20	-0.00572424485857	0.00719999162057	0.0204141476382
-1	-1	-20	-0.00680714090916	0.00717693711594	0.0193475874139
1	-1	-20	-0.00772216987111	0.00715190778882	0.0181101583073
3	-1	-20	-0.00842336476765	0.00712732869549	0.0167506023324
5	-1	-20	-0.00886320703865	0.00710102223611	0.0153141740884
7	-1	-20	-0.00899574440946	0.00706708424815	0.0138429385344
9	-1	-20	-0.00878254773694	0.00701768507982	0.0123763606273
11	-1	-20	-0.00820142504858	0.00694620679016	0.0109515302602
13	-1	-20	-0.00725518290245	0.0068508791461	0.00960301889481
15	-1	-20	-0.00597564897206	0.00673657642242	0.00836317981867
17	-1	-20	-0.00442036127596	0.00661335519636	0.00726346065472
19	-1	-20	-0.00266451612327	0.00649319990543	0.00633612333129
21	-1	-20	-0.000792930816714	0.00638736181073	0.00561545527037
23	-1	-20	0.00110537051483	0.00630516568263	0.0051382030583
25	-1	-20	0.00294011761769	0.00625385183864	0.00494328463018
27	-1	-20	0.00462182479381	0.00623881801994	0.00507052259791
29	-1	-20	0.00606474244844	0.0062638766914	0.00555762336742
31	-1	-20	0.00719233424873	0.0063313697909	0.00643444143083
33	-1	-20	0.00794554330903	0.00644212019896	0.00771451833234
35	-1	-20	0.00829117536495	0.0065952985224	0.00938643993926
37	-1	-20	0.00822535811023	0.00678833454769	0.0114096719956
39	-1	-20	0.00776929990287	0.00701694539211	0.0137174289704
41	-1	-20	0.00696013687755	0.00727522844899	0.0162240180048
43	-1	-20	0.00584195550133	0.00755571517418	0.0188320408856
45	-1	-20	0.00445979453977	0.00784934109212	0.0214370737627
47	-1	-20	0.00285666806525	0.00814539003417	0.0239302540173
49	-1	-20	0.00107260660645	0.00843158116844	0.0262006207266
51	-1	-20	-0.000855162891658	0.00869459306322	0.0281395119324
53	-1	-20	-0.00289137781211	0.00892138913684	0.0296490741226
55	-1	-20	-0.005001478905	0.00910144703535	0.0306550191034
57	-1	-20	-0.00715021749083	0.00922914085752	0.0311194577683
59	-1	-20	-0.00930057231654	0.00930471899663	0.0310462245688
61	-1	-20	-0.0114132210645	0.00933298336714	0.0304745520223
63	-1	-20	-0.0134463340786	0.00932054425452	0.029465250468
65	-1	-20	-0.0153553241295	0.00927319305479	0.0280870282748
67	-1	-20	-0.017092497783	0.00919414707393	0.0264072566694
69	-1	-20	-0.0186069349146	0.00908311943429	0.0244873425361
71	-1	-20	-0.0198452569204	0.00893603299201	0.0223812221748
73	-1	-20	-0.020754287718	0.00874550572811	0.0201355532109
75	-1	-20	-0.0212866953675	0.0085025985787	0.0177906455115
77	-1	-20	-0.021409648898	0.00820014143591	0.0153815343313
79	-1	-20	-0.021113715726	0.00783661649425	0.0129389279182
81	-1	-20	-0.0204168527664	0.00741807378007	0.0104900953547
83	-1	-20	-0.0193606498378	0.00695657028149	0.00805980269144
85	-1	-20	-0.0180016610525	0.0064666522623	0.00567117395406
87	-1	-20	-0.0164029530998	0.0059624097455	0.00334633225412
89	-1	-20	-0.0146285957737	0.00545610660551	0.00110685028226
91	-1	-20	-0.0127409468882	0.00495800098933	-0.00102595122814
93	-1	-20	-0.0107994188781	0.00447668410118	-0.00303100027158
95	-1	-20	-0.00885935518148	0.00401944353604	-0.00488811750978
97	-1	-20	-0.00696995075645	0.00359231786629	-0.00657971749381
99	-1	-20	-0.00517089376053	0.00319968128533	-0.00809359002036
-99	1	-20	0.0041127458127	0.000929673996833	0.000855613003157
-97	1	-20	0.00455851558732	0.000999695188169	0.00130421110239
-95	1	-20	0.00501128267337	0.0010731909405	0.0017893235916
-93	1	-20	0.0054557713299	0.00114951454485	0.00230511877585
-91	1	-20	0.00587317769591	0.00122779420988	0.00284395767299
-89	1	-20	0.00624198323313	0.0013069365444	0.00339706084523
-87	1	-20	0.0065384404321	0.00138570958646	0.0039548801214
-85	1	-20	0.00673690291352	0.00146289754858	0.00450723058595
-83	1	-20	0.00681048727643	0.00153751352959	0.00504338537833
-81	1	-20	0.00673279641343	0.00160901651905	0.00555239604206
-79	1	-20	0.00648150620513	0.0016773863948	0.00602390441942
-77	1	-20	0.00604395902251	0.00174287893616	0.00644951333125
-75	1	-20	0.00542304186595	0.00180553241476	0.00682423331121
-73	1	-20	0.00463997213873	0.00186488709103	0.00714702440446
-71	1	-20	0.00373209788341	0.00192023719375	0.00741987283789
-69	1	-20	0.00274760515294	0.00197111618531	0.00764594699377
-67	1	-20	0.0017404866917	0.00201757916586	0.00782780796438
-65	1	-20	0.000767413078752	0.00206024272381	0.00796618175604
-63	1	-20	-0.000113841144293	0.00210028973298	0.00805932492505
-61	1	-20	-0.000845646104792	0.00213957452656	0.00810297748191
-59	1	-20	-0.0013729032922	0.00218074569961	0.00809116937974
-57	1	-20	-0.00164791576737	0.00222706048482	0.00801842523611
-55	1	-20	-0.00163799794011	0.0022815366908	0.0078836217702
-53	1	-20	-0.00133340957547	0.00234567178836	0.00769432333304
-51	1	-20	-0.000750913741107	0.00241877962688	0.00746892433907
-49	1	-20	6.9665681417e-05	0.00249863304915	0.00723503290009
-47	1	-20	0.00107326763777	0.00258271205794	0.00702565793866
-45	1	-20	0.00219710837377	0.00266899269013	0.00687584549995
-43	1	-20	0.0033754925039	0.00275602991769	0.0068208557242
-41	1	-20	0.00454221688686	0.00284267483859	0.00689542030209
-39	1	-20	0.00563197760555	0.00292776456052	0.00713310599322
-37	1	-20	0.00658232221968	0.00300995456798	0.00756477970132
-35	1	-20	0.00733741847637	0.00308776031847	0.00821531235152
-33	1	-20	0.00785389555222	0.00315980364007	0.00909838942317
-31	1	-20	0.00810683655012	0.00322513479602	0.0102110384582
-29	1	-20	0.00809221764533	0.00328339030957	0.0115309613838
-27	1	-20	0.00782373729619	0.00333465945946	0.0130183878008
-25	1	-20	0.00732609072011	0.00337921584987	0.0146207340249
-23	1	-20	0.00662842217058	0.00341738890832	0.0162770079883
-21	1	-20	0.0057599818118	0.00344974591641	0.0179204464266
-19	1	-20	0.00474800404875	0.00347762106301	0.0194797544277
-17	1	-20	0.00361712097218	0.00350388866021	0.0208802959331
-15	1	-20	0.00238979426719	0.00353358163624	0.022047047587
-13	1	-20	0.00108759199603	0.0035734927502	0.0229111941853
-11	1	-20	-0.000266793277878	0.00362989897566	0.0234208361475
-9	1	-20	-0.00164732122111	0.00370511033581	0.0235523300162
-7	1	-20	-0.00302321111091	0.00379569012448	0.0233152109219
-5	1	-20	-0.00435897096269	0.00389420388322	0.0227467023316
-3	1	-20	-0.00561526452019	0.00399266572915	0.0218997918766
-1	1	-20	-0.00674964177454	0.00408486743216	0.0208319267701
1	1	-20	-0.00771679824041	0.00416693070757	0.0195978624582
3	1	-20	-0.00846875268289	0.00423698359232	0.018246371817
5	1	-20	-0.00895578449123	0.00429481941066	0.0168193667465
7	1	-20	-0.00912932313913	0.00434178430083	0.0153524510713
9	1	-20	-0.00894805518039	0.00438059449745	0.0138766746415
11	1	-20	-0.00838736919533	0.00441460169736	0.0124215005883
13	1	-20	-0.00744916574324	0.00444659997666	0.0110182292278
15	1	-20	-0.00616639771886	0.00447819487211	0.00970208171772
17	1	-20	-0.00459920985746	0.00451043408327	0.00851186458278
19	1	-20	-0.00282579642911	0.00454495067105	0.00748829642341
21	1	-20	-0.000933570801647	0.00458453765836	0.00667273258439
23	1	-20	0.000986492982125	0.00463298537509	0.00610681672166
25	1	-20	0.00284272328681	0.0046945951676	0.00583246536693
27	1	-20	0.00454458223057	0.00477369714027	0.00589118307553
29	1	-20	0.00600544859724	0.00487425096248	0.00632155538794
31	1	-20	0.0071480207281	0.00499947129013	0.00715383840052
33	1	-20	0.00791262843228	0.00515141851825	0.00840162473419
35	1	-20	0.00826573441512	0.00533060301603	0.0100531978564
37	1	-20	0.00820345446232	0.00553575814002	0.0120673677918
39	1	-20	0.00774723843692	0.00576387005839	0.0143764264262
41	1	-20	0.00693457722234	0.00601035532137	0.0168936069987
43	1	-20	0.00580994671509	0.00626921114675	0.0195203264865
45	1	-20	0.00441883394318	0.00653307848682	0.0221507919172
47	1	-20	0.0028048585809	0.0067932954237	0.0246744221442
49	1	-20	0.00100893722261	0.00704010192492	0.0269779913051
51	1	-20	-0.000930465099624	0.00726319365853	0.0289499313895
53	1	-20	-0.00297660046089	0.00745277415673	0.0304890977668
55	1	-20	-0.00509356399958	0.00760101886462	0.0315183467124
57	1	-20	-0.00724544337549	0.00770344537052	0.0319984881545
59	1	-20	-0.00939551000807	0.00775943570401	0.0319341470869
61	1	-20	-0.0115054305566	0.00777153395207	0.0313668324896
63	1	-20	-0.0135345368072	0.00774391806353	0.0303599120508
65	1	-20	-0.0154392153565	0.00768083210749	0.0289839885938
67	1	-20	-0.0171724937299	0.00758553657036	0.0273072280795
69	1	-20	-0.0186840454537	0.00745993869348	0.0253905802463
71	1	-20	-0.0199211414564	0.00730483283583	0.0232862010727
73	1	-20	-0.0208314425812	0.00712056139926	0.0210376977319
75	1	-20	-0.0213686039835	0.00690775040241	0.0186815403356
77	1	-20	-0.0215006383777	0.00666767110029	0.0162493420792
79	1	-20	-0.0212183751975	0.00640211195332	0.0137703956942
81	1	-20	-0.020539230142	0.00611328959871	0.0112733529383
83	1	-20	-0.0195036714489	0.00580421838697	0.00878641036131
85	1	-20	-0.018166991513	0.0054791082403	0.00633663508176
87	1	-20	-0.0165911519706	0.00514324106117	0.0039494788289
89	1	-20	-0.0148393163248	0.00480239728423	0.00164886856545
91	1	-20	-0.0129730099641	0.00446220015702	-0.000542379893414
93	1	-20	-0.0110507114468	0.00412760041149	-0.00260230326043
95	1	-20	-0.00912661109189	0.00380255717993	-0.00451020826742
97	1	-20	-0.00724860195733	0.00348994782226	-0.00624822880606
99	1	-20	-0.00545528179185	0.00319175465979	-0.00780404911901
-99	3	-20	0.00419652054399	0.000673012336457	0.000905583340782
-97	3	-20	0.004657611202	0.000694081000296	0.00137109264612
-95	3	-20	0.00512926129237	0.000710840667609	0.00187734850472
-93	3	-20	0.00559555712705	0.000723032241497	0.00241804542145
-91	3	-20	0.00603716626222	0.000730367706001	0.00298516373484
-89	3	-20	0.00643231377077	0.000732440056324	0.00356983061476
-87	3	-20	0.00675703961312	0.000728939221989	0.00416259242195
-85	3	-20	0.00698506767301	0.000720094724984	0.004753326766
-83	3	-20	0.00708779826588	0.000707248994935	0.00533106857025
-81	3	-20	0.0070352455684	0.000693342119614	0.00588405842216
-79	3	-20	0.00679936988623	0.000682753183835	0.00640048473729
-77	3	-20	0.00636131086878	0.000679736696018	0.00687040522497
-75	3	-20	0.00572096012038	0.000685719903105	0.00728838650273
-73	3	-20	0.00490195466005	0.000697841955009	0.00765473092778
-71	3	-20	0.00394725893395	0.000710518214331	0.00797378035847
-69	3	-20	0.0029101837767	0.000718302229245	0.00825075621263
-67	3	-20	0.00184776603045	0.00071773002282	0.00848921567822
-65	3	-20	0.000818043127424	0.000707959007889	0.00868954502601
-63	3	-20	-0.000120395470422	0.000691029627178	0.0088480232126
-61	3	-20	-0.000908354419899	0.000672258468377	0.00895620868367
-59	3	-20	-0.00148710231014	0.000660560649791	0.00900111454445
-57	3	-20	-0.00180265721787	0.000667623209911	0.00896766130385
-55	3	-20	-0.0018152561434	0.000704409867776	0.00884527799938
-53	3	-20	-0.00151184800439	0.000775527159496	0.00863736198763
-51	3	-20	-0.000912414894403	0.000876151579217	0.00836634227622
-49	3	-20	-6.37258548958e-05	0.000994995730361	0.00806914284553
-47	3	-20	0.000973093278181	0.00111980471495	0.0077882633139
-45	3	-20	0.00213199530686	0.00124064709196	0.00756573533435
-43	3	-20	0.00334631733773	0.00135042793583	0.00744121591073
-41	3	-20	0.00454996043006	0.00144410893723	0.00745223367337
-39	3	-20	0.00567757352545	0.00151774517366	0.0076347708261
-37	3	-20	0.00666537822779	0.00156778835057	0.00802289821015
-35	3	-20	0.00745433349764	0.00159082640063	0.00864609799372
-33	3	-20	0.00799707220338	0.00158384984354	0.00952305652666
-31	3	-20	0.00826693407954	0.0015448850598	0.0106533795196
-29	3	-20	0.00826229503588	0.00147340489014	0.0120131987192
-27	3	-20	0.00800149113471	0.00137012927878	0.0135588014448
-25	3	-20	0.00751300805864	0.0012366836145	0.0152341410011
-23	3	-20	0.00682771806386	0.00107579808164	0.0169762633337
-21	3	-20	0.00597486314754	0.000892317729996	0.018717243022
-19	3	-20	0.00498049301435	0.000695022299936	0.0203839867711
-17	3	-20	0.00386711061222	0.000499005192602	0.0218976293758
-15	3	-20	0.00265406858404	0.000327525181514	0.0231746293183
-13	3	-20	0.00135897276259	0.000210478412167	0.0241329226744
-11	3	-20	6.4138249134e-07	0.000175657759993	0.0247066275379
-9	3	-20	-0.00139690400693	0.000234318198595	0.0248660172153
-7	3	-20	-0.00280205081401	0.000373373370058	0.0246275289957
-5	3	-20	-0.00417668176718	0.000563341989287	0.0240430856268
-3	3	-20	-0.00547884170944	0.000772994905277	0.0231793916064
-1	3	-20	-0.00666435562417	0.000978459339258	0.0221023798987
1	3	-20	-0.00768695964263	0.00116535930455	0.020870055592
3	3	-20	-0.00849777769857	0.00132791007524	0.0195303022464
5	3	-20	-0.00904515962391	0.00146776894113	0.0181206501367
7	3	-20	-0.00927622717749	0.00159322434581	0.0166690304982
9	3	-20	-0.00914233170628	0.00171755521655	0.0151962890233
11	3	-20	-0.00861060783343	0.00185461814728	0.0137219995545
13	3	-20	-0.00767901536908	0.00201209006494	0.0122726811366
15	3	-20	-0.0063840530278	0.00218776833739	0.0108865395354
17	3	-20	-0.00479364038137	0.00237296134062	0.00961046457668
19	3	-20	-0.00299265975167	0.00255880496839	0.0084936086672
21	3	-20	-0.00107194461205	0.00273994888906	0.00758345213639
23	3	-20	0.000876752131912	0.002915001863	0.00692518755812
25	3	-20	0.00276216209949	0.00308552303638	0.00656257111182
27	3	-20	0.00449383850563	0.00325483674362	0.0065385250635
29	3	-20	0.00598349355447	0.00342707776035	0.00689407701191
31	3	-20	0.00714958122191	0.00360641665957	0.00766388181556
33	3	-20	0.00792702487441	0.00379628858104	0.00886676238881
35	3	-20	0.00827975673878	0.00399862049613	0.0104935073546
37	3	-20	0.00820678090708	0.00421338965966	0.0125004955877
39	3	-20	0.0077353623514	0.00443875341435	0.0148150353633
41	3	-20	0.00690773195634	0.00467145179039	0.017346560941
43	3	-20	0.00577060609612	0.00490708684255	0.0199951791943
45	3	-20	0.0043699129824	0.00514021861618	0.0226554678988
47	3	-20	0.00274900433426	0.00536442028401	0.0252173818327
49	3	-20	0.000948564826502	0.00557245358774	0.0275666037659
51	3	-20	-0.000992785744719	0.0057566940786	0.0295868608755
53	3	-20	-0.00303775299008	0.0059098739911	0.0311677113006
55	3	-20	-0.00514985582542	0.00602607285335	0.0322210800414
57	3	-20	-0.00729318479616	0.00610164889508	0.0327026932545
59	3	-20	-0.00943196013267	0.00613562649519	0.032622534716
61	3	-20	-0.0115295146395	0.00612929078739	0.0320333259491
63	3	-20	-0.0135470769265	0.00608529424443	0.0310079999117
65	3	-20	-0.0154428626988	0.00600682901967	0.0296220315304
67	3	-20	-0.0171715635379	0.00589726168382	0.0279445098015
69	3	-20	-0.0186842173495	0.00576039582546	0.0260348293438
71	3	-20	-0.0199287329235	0.00560131375362	0.0239419659507
73	3	-20	-0.020851881333	0.0054273829462	0.0217049952598
75	3	-20	-0.0214042707387	0.00524833136014	0.0193548530999
77	3	-20	-0.0215497081754	0.00507386648059	0.0169179295837
79	3	-20	-0.0212767808398	0.00490914650523	0.0144209032864
81	3	-20	-0.0206046171324	0.00475228416954	0.0118936898299
83	3	-20	-0.0195773397801	0.00459703837149	0.0093682671432
85	3	-20	-0.0182526982824	0.00443751242772	0.00687564275608
87	3	-20	-0.0166929128653	0.00427064168025	0.00444408282204
89	3	-20	-0.0149598710092	0.00409610530339	0.00209909811873
91	3	-20	-0.0131132033696	0.00391510997836	-0.000135726452311
93	3	-20	-0.0112095562202	0.00372907117242	-0.00223790323866
95	3	-20	-0.00930187965583	0.0035386370497	-0.00418585454336
97	3	-20	-0.00743778522825	0.00334339736622	-0.00596008909427
99	3	-20	-0.00565634169017	0.00314266839308	-0.00754636741474
-99	5	-20	0.00423838544898	0.000414861392307	0.000929445491464
-97	5	-20	0.00471213736815	0.000388074795936	0.00140802092896
-95	5	-20	0.00520122116797	0.000349494532885	0.00193193911939
-93	5	-20	0.0056883497569	0.000299512457199	0.0024936986366
-91	5	-20	0.00615351225815	0.000238485500161	0.00308460779536
-89	5	-20	0.00657512993772	0.000166569059953	0.00369582141053
-87	5	-20	0.00692985506348	8.41120112672e-05	0.00431830400655
-85	5	-20	0.00719181015322	-7.63432126991e-06	0.00494240043476
-83	5	-20	0.0073316137935	-0.000105568566494	0.0055572864179
-81	5	-20	0.00731567652536	-0.00020371025343	0.00615048286267
-79	5	-20	0.00710768359531	-0.000292889886512	0.0067080332401
-77	5	-20	0.00667718841651	-0.000363277279042	0.00721687908863
-75	5	-20	0.00601770381391	-0.000410926334772	0.00767018236331
-73	5	-20	0.00515830473407	-0.000442058189973	0.00807061970152
-71	5	-20	0.00415254257456	-0.000468576293008	0.00842658434687
-69	5	-20	0.00306090042187	-0.000501243920733	0.00874628640298
-67	5	-20	0.00194280929131	-0.000546711585458	0.00903464020451
-65	5	-20	0.000855880004867	-0.000607099193806	0.00929208145695
-63	5	-20	-0.000142530839262	-0.000679875532173	0.00951365620914
-61	5	-20	-0.000993368429913	-0.000757149457995	0.00968774168437
-59	5	-20	-0.00163449360095	-0.000824512130716	0.00979470388219
-57	5	-20	-0.0020023613005	-0.000861059484463	0.00980769533837
-55	5	-20	-0.00204310790306	-0.000844831476807	0.00970135130081
-53	5	-20	-0.00173605108878	-0.000766030338542	0.00947138833549
-51	5	-20	-0.00110860979051	-0.000635722424342	0.00914735309126
-49	5	-20	-0.00022142026943	-0.000477307493679	0.00878035331021
-47	5	-20	0.000855143318937	-0.000313512324471	0.00842396626749
-45	5	-20	0.00205207033	-0.000161253064245	0.00812610903441
-43	5	-20	0.00330346570659	-3.20678907161e-05	0.00792890754977
-41	5	-20	0.00454532770284	6.60408786845e-05	0.0078708487068
-39	5	-20	0.00571387706019	0.000126939628032	0.00798898035381
-37	5	-20	0.00674438175806	0.000145184922728	0.00832037482689
-35	5	-20	0.00757229417529	0.0001154311392	0.00890129932011
-33	5	-20	0.0081412222375	3.27481703159e-05	0.00976009184287
-31	5	-20	0.00841980830621	-0.000106006144843	0.010901878473
-29	5	-20	0.00841225364051	-0.000301155378785	0.0122986984961
-27	5	-20	0.00814710278001	-0.000550887046834	0.0138987159686
-25	5	-20	0.00765962071797	-0.000852167330767	0.0156408169345
-23	5	-20	0.00698296328129	-0.0012003607849	0.0174610023486
-21	5	-20	0.00614598889123	-0.00158753119151	0.0192924154992
-19	5	-20	0.00517310665714	-0.00199954856455	0.0210629852244
-17	5	-20	0.00408437032255	-0.00241197980872	0.022692294834
-15	5	-20	0.00289557281079	-0.00278551918443	0.0240889310279
-13	5	-20	0.00161908476918	-0.00306506511097	0.0251526255713
-11	5	-20	0.000267504145875	-0.00319323534434	0.0257922378935
-9	5	-20	-0.0011388048451	-0.0031442704077	0.0259650040302
-7	5	-20	-0.00256665139144	-0.00294627840291	0.0257014458509
-5	5	-20	-0.00397394322284	-0.00265871584382	0.0250797652195
-3	5	-20	-0.00531604150223	-0.00233811581211	0.0241858080661
-1	5	-20	-0.0065481219281	-0.00202399829085	0.0230940983644
1	5	-20	-0.00762455252349	-0.00173886870528	0.0218643823671
3	5	-20	-0.0084972909027	-0.00149134262406	0.0205424841469
5	5	-20	-0.00911413950667	-0.00127818499231	0.0191611249326
7	5	-20	-0.0094176511031	-0.00108486565545	0.0177401552273
9	5	-20	-0.00934756606995	-0.000886716731017	0.0162880748802
11	5	-20	-0.00885419663404	-0.000655993913287	0.0148099052796
13	5	-20	-0.00792625669592	-0.000377889334178	0.0133241820513
15	5	-20	-0.00660857106198	-6.1054554608e-05	0.0118742395771
17	5	-20	-0.00498484009569	0.000272384180826	0.010518511226
19	5	-20	-0.00315027649748	0.000602123022644	0.00931522053116
21	5	-20	-0.00119867051059	0.00091563650096	0.00831640584226
23	5	-20	0.000779629352403	0.00120756631931	0.00756865071436
25	5	-20	0.00269625969351	0.00147752105443	0.00711560093581
27	5	-20	0.00446287249048	0.00172817253715	0.00700031705005
29	5	-20	0.00598983664273	0.00196394412298	0.00726660789912
31	5	-20	0.00718806765876	0.00219007235739	0.00795719919185
33	5	-20	0.00798011416673	0.00241158916917	0.00910319216524
35	5	-20	0.00832329529413	0.00263195008113	0.0107023067777
37	5	-20	0.00822415825059	0.00285215180526	0.0127049702919
39	5	-20	0.00772338269957	0.00307123224307	0.0150274211965
41	5	-20	0.00687198448532	0.00328717712042	0.0175726863821
43	5	-20	0.00571952520041	0.00349729510941	0.0202404061081
45	5	-20	0.00431150300222	0.00369821995836	0.0229280607314
47	5	-20	0.00268976798472	0.003885862535	0.0255292140713
49	5	-20	0.000893568354185	0.00405546772655	0.0279310721631
51	5	-20	-0.00103935189754	0.00420184182906	0.0300127986928
53	5	-20	-0.00307186097161	0.00431978950255	0.0316488586357
55	5	-20	-0.00516723249845	0.00440480259944	0.0327281961708
57	5	-20	-0.00728989723638	0.00445391590304	0.0331943008408
59	5	-20	-0.00940576825031	0.00446618199007	0.0330703055389
61	5	-20	-0.0114806953983	0.00444231341727	0.0324329059592
63	5	-20	-0.0134784750302	0.0043840176724	0.0313712626875
65	5	-20	-0.0153597809439	0.00429366154252	0.0299666868297
67	5	-20	-0.017081722628	0.00417446597441	0.0282879882383
69	5	-20	-0.018597543816	0.00403132885114	0.0263916133869
71	5	-20	-0.0198563488021	0.00387233496694	0.0243223450515
73	5	-20	-0.0208032949389	0.00371066674417	0.022113818645
75	5	-20	-0.0213822775502	0.00356537360254	0.0197897434557
77	5	-20	-0.0215462836978	0.00345700121694	0.0173684174917
79	5	-20	-0.0212777289233	0.00339578668906	0.0148719350895
81	5	-20	-0.0206011846059	0.00337381380263	0.0123324078907
83	5	-20	-0.019570823573	0.00337297078064	0.00978730720028
85	5	-20	-0.0182502609538	0.00337683660441	0.00727187572075
87	5	-20	-0.016702387429	0.00337506036838	0.0048163491273
89	5	-20	-0.0149868859187	0.00336246838134	0.00244665881583
91	5	-20	-0.0131602574458	0.00333682019854	0.00018608868257
93	5	-20	-0.011276300393	0.00329668579957	-0.00194311770195
95	5	-20	-0.00938639601514	0.00323977537335	-0.00391859305425
97	5	-20	-0.00753881067742	0.00316212917938	-0.00571797722268
99	5	-20	-0.00577519372671	0.00305935524429	-0.00732251859488
-99	7	-20	0.00423911135139	0.00016185474701	0.000928304181961
-97	7	-20	0.00472229317259	8.96832625085e-05	0.00141578490893
-95	7	-20	0.00522631829854	-1.22853158874e-06	0.00195329171249
-93	7	-20	0.00573110354023	-0.000109304566532	0.00253088238455
-91	7	-20	0.00621601346682	-0.000233538342188	0.0031391313269
-89	7	-20	0.00666031115289	-0.000373428571663	0.00376957653343
-87	7	-20	0.00704211434241	-0.000528300757832	0.0044139977353
-85	7	-20	0.00733713834351	-0.000696434103668	0.00506365912398
-83	7	-20	0.0075169998641	-0.000873882645435	0.0057084806065
-81	7	-20	0.00754656014612	-0.0010527832943	0.00633593645662
-79	7	-20	0.00738066481526	-0.00121933604784	0.00692977063061
-77	7	-20	0.00696856897921	-0.0013549062334	0.00747110063359
-75	7	-20	0.00628912233764	-0.00144972643069	0.00794908689252
-73	7	-20	0.00538494408981	-0.00151641571581	0.00837127420793
-71	7	-20	0.00432867591643	-0.00157619860471	0.00875275924282
-69	7	-20	0.00318825716043	-0.00164486347304	0.00910495255206
-67	7	-20	0.00202303858484	-0.00173114934798	0.00943373233753
-65	7	-20	0.00088774285739	-0.00183795502708	0.00973967133457
-63	7	-20	-0.000163851721268	-0.0019627287888	0.0100175315976
-61	7	-20	-0.00107553532774	-0.00209655710823	0.010254537909
-59	7	-20	-0.00178457210621	-0.00222178045222	0.0104270698017
-57	7	-20	-0.0022171089862	-0.00230868158723	0.0104963849851
-55	7	-20	-0.0022937612771	-0.00231813590347	0.0104129403754
-53	7	-20	-0.00197541060126	-0.00222891505176	0.0101555813413
-51	7	-20	-0.00130762694036	-0.00206459153112	0.00976990127535
-49	7	-20	-0.000376249295834	-0.0018668451761	0.00933028400816
-47	7	-20	0.000738425098938	-0.00166841077173	0.00890114627435
-45	7	-20	0.00196727248384	-0.00149076827741	0.00853312215595
-43	7	-20	0.00324785226097	-0.00134795357582	0.00826800085729
-41	7	-20	0.00452049405828	-0.00124970612647	0.00814301769707
-39	7	-20	0.00572521310726	-0.00120357444182	0.00819421580714
-37	7	-20	0.00679845060399	-0.00121636580644	0.00845974929436
-35	7	-20	0.00766961947515	-0.0012951685354	0.00898315562661
-33	7	-20	0.00826505233239	-0.00144738200616	0.00980983542193
-31	7	-20	0.00854096477545	-0.0016778350216	0.0109574628962
-29	7	-20	0.00851532305305	-0.00198576184896	0.0123871601709
-27	7	-20	0.00823538927851	-0.00236739666283	0.0140317892015
-25	7	-20	0.00774411418394	-0.00281831311113	0.0158249810893
-23	7	-20	0.0070754095874	-0.00333260423281	0.0177040314472
-21	7	-20	0.00625655131387	-0.00390063527877	0.0196058674758
-19	7	-20	0.00530985484164	-0.00450565304682	0.021462699689
-17	7	-20	0.00425314161466	-0.00511858587058	0.023197023056
-15	7	-20	0.00309923813529	-0.00569008337652	0.0247146062121
-13	7	-20	0.00185495347124	-0.00614081071623	0.0258961684523
-11	7	-20	0.00052306734257	-0.00636760711686	0.0266062442399
-9	7	-20	-0.000883207411591	-0.00631382354773	0.0267707912388
-7	7	-20	-0.00232607922015	-0.006038698401	0.0264526447595
-5	7	-20	-0.00375641611366	-0.00564762523402	0.0257754027556
-3	7	-20	-0.00512724596948	-0.00522136214765	0.0248450618522
-1	7	-20	-0.00639464362695	-0.00480920867749	0.0237401804974
1	7	-20	-0.00751530613032	-0.00443767813013	0.0225188289721
3	7	-20	-0.00844400621203	-0.00411682214483	0.0212235121873
5	7	-20	-0.00913067024496	-0.0038428346537	0.0198828113109
7	7	-20	-0.00951621930786	-0.0035974306441	0.0185103125189
9	7	-20	-0.00952763999716	-0.00334519677286	0.0171019544008
11	7	-20	-0.00908485528176	-0.0030374668399	0.0156402612847
13	7	-20	-0.00815454638522	-0.00264519071612	0.0141279412929
15	7	-20	-0.00680229823564	-0.00219117025833	0.0126207991964
17	7	-20	-0.00514079151493	-0.00171850032393	0.0111961575024
19	7	-20	-0.00327631297737	-0.00125855771907	0.00992070099947
21	7	-20	-0.00130221424051	-0.000828382253441	0.00884794529362
23	7	-20	0.000695804193211	-0.000435281316352	0.00802311211443
25	7	-20	0.00263506278706	-8.05546470102e-05	0.007487451673
27	7	-20	0.00443216709023	0.000238161626359	0.00728186817221
29	7	-20	0.00599891142532	0.000525534223074	0.00745079295115
31	7	-20	0.00723785967167	0.000787794964506	0.0080461877463
33	7	-20	0.00804793498266	0.00103191786182	0.00912219631513
35	7	-20	0.00836935015734	0.00126321272502	0.0106935559965
37	7	-20	0.00822701536286	0.00148310055654	0.0126952995314
39	7	-20	0.00768663451823	0.00169093169972	0.01502249102
41	7	-20	0.00680925592276	0.00188589538987	0.0175712777071
43	7	-20	0.00564510047297	0.00206715051132	0.020243742826
45	7	-20	0.00423724951746	0.00223353696052	0.0229434294198
47	7	-20	0.00262466825024	0.00238337110347	0.0255709064974
49	7	-20	0.000844123146432	0.00251436531953	0.0280191825297
51	7	-20	-0.00106839803939	0.00262364891316	0.0301674491209
53	7	-20	-0.00307646747998	0.00270787436299	0.0318736876851
55	7	-20	-0.00514282540333	0.00276356890833	0.0329843866608
57	7	-20	-0.00723188115018	0.00278824742141	0.0334125450475
59	7	-20	-0.00931225071944	0.00278142251345	0.0332130738926
61	7	-20	-0.0113532874717	0.00274381038842	0.0325065440867
63	7	-20	-0.0133216261344	0.00267650748436	0.0314002778685
65	7	-20	-0.0151805481411	0.00258108976482	0.0299775983944
67	7	-20	-0.01688998158	0.00246023713342	0.0283039347296
69	7	-20	-0.0184062171111	0.00231889361597	0.0264312895719
71	7	-20	-0.0196809904259	0.00216623001545	0.0244000591505
73	7	-20	-0.0206594780898	0.00201873538986	0.0222389900061
75	7	-20	-0.0212776146114	0.00190402320541	0.0199641491021
77	7	-20	-0.0214676235954	0.00185893387821	0.0175814005343
79	7	-20	-0.0211966019675	0.00190444186845	0.0151040276676
81	7	-20	-0.0205036006115	0.00202073914266	0.0125700063982
83	7	-20	-0.0194626649254	0.00217219027506	0.0100260132372
85	7	-20	-0.0181443785599	0.0023324366575	0.00751114881285
87	7	-20	-0.0166104787512	0.00248624285997	0.00505596513043
89	7	-20	-0.0149167302762	0.00262552612347	0.00268533433977
91	7	-20	-0.0131152252165	0.00274591316772	0.000421033664732
93	7	-20	-0.0112558305246	0.00284413546446	-0.00171607670661
95	7	-20	-0.00938744797523	0.00291582266869	-0.00370387532404
97	7	-20	-0.00755925669246	0.00295355700503	-0.00551682502931
99	7	-20	-0.00581891322691	0.00294716794052	-0.00712755531202
-99	9	-20	0.00420338578165	-8.09883986639e-05	0.000906485998259
-97	9	-20	0.00469273314379	-0.000195072822398	0.00139889546926
-95	9	-20	0.00520747802061	-0.000333681578716	0.00194483821907
-93	9	-20	0.00572333640854	-0.000493513376365	0.00253076849758
-91	9	-20	0.00622011253911	-0.000673245164164	0.00314740122852
-89	9	-20	0.00667856064971	-0.000872247174769	0.00378717496962
-87	9	-20	0.00707863348639	-0.00108968548355	0.00444290591269
-85	9	-20	0.00739822048722	-0.00132368924323	0.00510697614396
-83	9	-20	0.00761148965706	-0.00157025447021	0.00577051636316
-81	9	-20	0.00768568687533	-0.00182144269584	0.00642214253765
-79	9	-20	0.00757335820277	-0.00206168358503	0.00704527606775
-77	9	-20	0.00719574122364	-0.00226051819012	0.00761271808336
-75	9	-20	0.00649173100473	-0.00239202472488	0.00810162559409
-73	9	-20	0.00554282177392	-0.00248519449078	0.00853211718895
-71	9	-20	0.00444850521526	-0.00257325713502	0.00892820727887
-69	9	-20	0.00327767263146	-0.00267388803193	0.00930230070833
-67	9	-20	0.00208566199528	-0.00279595071056	0.00965993497839
-65	9	-20	0.000922624636489	-0.00294242505071	0.0100014960257
-63	9	-20	-0.00016236078615	-0.00311101462438	0.0103220131792
-61	9	-20	-0.00111797913733	-0.00329329509307	0.0106095291273
-59	9	-20	-0.00188591956885	-0.00347203305507	0.010841263657
-57	9	-20	-0.00239040277555	-0.00361453653438	0.0109743885388
-55	9	-20	-0.00251628838699	-0.00365887179575	0.0109267863458
-53	9	-20	-0.00217288185308	-0.00355242701632	0.0106319623982
-51	9	-20	-0.00145696981743	-0.00335126598813	0.0101799665988
-49	9	-20	-0.00048976092577	-0.00312100979186	0.00967679689007
-47	9	-20	0.000646958273495	-0.0028985411866	0.00918983706677
-45	9	-20	0.00188899566025	-0.00270612780282	0.00876751103804
-43	9	-20	0.00317938944587	-0.00255853910882	0.00844906243352
-41	9	-20	0.00446381971711	-0.00246641448544	0.00826926036036
-39	9	-20	0.00568755638989	-0.0024382056896	0.0082616319955
-37	9	-20	0.00679173559365	-0.0024815277505	0.00846212873625
-35	9	-20	0.0077056590984	-0.00260447086521	0.00891616292016
-33	9	-20	0.0083308851407	-0.00281737829081	0.00969279646878
-31	9	-20	0.0085872088144	-0.00312871865016	0.0108435762317
-29	9	-20	0.00853026236653	-0.00353417097884	0.0122973348903
-27	9	-20	0.00823343397316	-0.00402706090108	0.0139649818947
-25	9	-20	0.00774135788502	-0.00460191099852	0.0157802343882
-23	9	-20	0.00708517562544	-0.00525187155603	0.0176849308069
-21	9	-20	0.00628934220067	-0.00596624612995	0.0196213578023
-19	9	-20	0.00537394099798	-0.0067273562451	0.0215276441503
-17	9	-20	0.00435518605457	-0.00750570420776	0.0233328846747
-15	9	-20	0.00324465009774	-0.00825139114824	0.0249490053943
-13	9	-20	0.00204637200284	-0.00887579830715	0.0262524684116
-11	9	-20	0.000750295277506	-0.00921508467702	0.027046308428
-9	9	-20	-0.000647723707418	-0.0091296890347	0.0271686431197
-7	9	-20	-0.0020950676695	-0.00876163390156	0.0267708969558
-5	9	-20	-0.00353251651839	-0.00827681435185	0.026038973201
-3	9	-20	-0.00491351884884	-0.00776500444113	0.0250840553483
-1	9	-20	-0.00619676963095	-0.00727568577519	0.0239796918986
1	9	-20	-0.0073421715034	-0.00683537890694	0.0227788567057
3	9	-20	-0.00830826337997	-0.00645471852614	0.0215201872301
5	9	-20	-0.00904937201498	-0.0061308681655	0.020229636086
7	9	-20	-0.00951059781901	-0.00584634026671	0.0189187926184
9	9	-20	-0.00961592025344	-0.00556229179013	0.0175779323082
11	9	-20	-0.00924285261993	-0.00520285195476	0.0161602424317
13	9	-20	-0.00829725078388	-0.00470140812053	0.0146286718522
15	9	-20	-0.00690410674917	-0.00411902116472	0.0130755700597
17	9	-20	-0.00521697144548	-0.00352677188169	0.0116041285476
19	9	-20	-0.0033433567376	-0.00296039364945	0.0102827070114
21	9	-20	-0.00137029064543	-0.00243720376857	0.00916201664739
23	9	-20	0.000623543384644	-0.00196465732286	0.00828396394939
25	9	-20	0.00256240033003	-0.00154436471362	0.00768623570161
27	9	-20	0.00436977477272	-0.0011742753885	0.0074058113454
29	9	-20	0.00596364805542	-0.000849871052077	0.0074834702808
31	9	-20	0.00724627709303	-0.000564566127948	0.00797319260453
33	9	-20	0.00808280823718	-0.000309266036001	0.0089616777257
35	9	-20	0.00836384992904	-7.55684457724e-05	0.0105106981528
37	9	-20	0.00816521304684	0.000136698073543	0.0125101965932
39	9	-20	0.00758780532217	0.000326611980744	0.0148248416103
41	9	-20	0.00669467609209	0.000494871776542	0.0173513511705
43	9	-20	0.00553196698161	0.000642679937432	0.019998685437
45	9	-20	0.00413854916387	0.000771156295921	0.0226783562839
47	9	-20	0.00254985527479	0.000881038713956	0.0252994787168
49	9	-20	0.000799788397911	0.000972500358688	0.0277642193917
51	9	-20	-0.00107794945396	0.00104501190409	0.0299602989428
53	9	-20	-0.00304840017364	0.00109715428916	0.0317434726395
55	9	-20	-0.00507323239358	0.0011262580295	0.0329003441774
57	9	-20	-0.00711465485156	0.00112974089981	0.0332570189749
59	9	-20	-0.00914630378832	0.0011083997214	0.0329566518391
61	9	-20	-0.0111416873883	0.00106340710981	0.032181185627
63	9	-20	-0.0130695865831	0.000995324276097	0.0310419355893
65	9	-20	-0.0148954220253	0.00090494573288	0.0296158960153
67	9	-20	-0.0165817683575	0.000794198450088	0.0279621398831
69	9	-20	-0.0180882155838	0.00066736295337	0.0261276999128
71	9	-20	-0.0193704344186	0.000532977326526	0.0241494026993
73	9	-20	-0.0203774482903	0.000407139963862	0.0220533805504
75	9	-20	-0.02104387022	0.000320335893136	0.01985165722
77	9	-20	-0.0212724501185	0.000330782665117	0.0175341357574
79	9	-20	-0.0209874266447	0.000488719329965	0.0150929161689
81	9	-20	-0.0202698638231	0.000743741235826	0.0125842144402
83	9	-20	-0.0192223872508	0.00103743372602	0.0100674504048
85	9	-20	-0.0179159118298	0.00133903515068	0.00758199546011
87	9	-20	-0.0164071932668	0.00163200493617	0.00515639903451
89	9	-20	-0.0147467376131	0.00190704072155	0.00281334555624
91	9	-20	-0.0129817916743	0.00215849556921	0.000572414157499
93	9	-20	-0.0111578278559	0.00238197307436	-0.00154778267428
95	9	-20	-0.00931999079121	0.00257216139517	-0.00352717540852
97	9	-20	-0.00751608443972	0.00271989228128	-0.00533997255999
99	9	-20	-0.00580294783539	0.00280724679374	-0.00694650001375
-99	11	-20	0.00414479767137	-0.00031226329654	0.000875525969594
-97	11	-20	0.00463598728073	-0.000463641320666	0.00136821064879
-95	11	-20	0.00515144712268	-0.000642532394065	0.00191298160774
-93	11	-20	0.00566689843369	-0.000845295238612	0.00249620781008
-91	11	-20	0.00616359555911	-0.00107059681529	0.0031096785786
-89	11	-20	0.0066234733116	-0.00131755224669	0.00374663765714
-87	11	-20	0.00702768079462	-0.00158495357868	0.00440064404127
-85	11	-20	0.00735550143831	-0.00187054635916	0.00506485884563
-83	11	-20	0.00758293016326	-0.00217009044556	0.00573130973455
-81	11	-20	0.0076800274183	-0.00247587188975	0.0063897960636
-79	11	-20	0.00760450792864	-0.00277366752948	0.00702562604909
-77	11	-20	0.00727504380136	-0.00303150530158	0.0076110456896
-75	11	-20	0.00654524876229	-0.00318876398743	0.00809688594937
-73	11	-20	0.00558104240178	-0.00330893000818	0.00852971135758
-71	11	-20	0.00448357188539	-0.00342650513582	0.00893422603087
-69	11	-20	0.00331554166087	-0.00355751263008	0.00932111744453
-67	11	-20	0.00212829280802	-0.00371021766866	0.00969497844064
-65	11	-20	0.000968738415115	-0.00388743201186	0.01005567217
-63	11	-20	-0.000117176381973	-0.00408692779134	0.0103980966745
-61	11	-20	-0.00108161628386	-0.00430070876136	0.0107107864251
-59	11	-20	-0.00187086776128	-0.00451285952744	0.010972758668
-57	11	-20	-0.00241666088645	-0.00469416457833	0.0111459338957
-55	11	-20	-0.00260109410233	-0.00478050065682	0.0111446194411
-53	11	-20	-0.00222247931125	-0.00465184533051	0.0108058482764
-51	11	-20	-0.00148818075538	-0.00443281313869	0.0103153722807
-49	11	-20	-0.000521731635987	-0.00419237702086	0.00978195183764
-47	11	-20	0.00060306610489	-0.00396514255128	0.00926732301321
-45	11	-20	0.00182714311125	-0.00377329325766	0.00881707889575
-43	11	-20	0.00309759350551	-0.00363240525222	0.00846874218379
-41	11	-20	0.00436384018234	-0.00355419563844	0.00825568611952
-39	11	-20	0.00557498972581	-0.0035481502393	0.00820990781018
-37	11	-20	0.00667667797034	-0.0036226583584	0.00836511057657
-35	11	-20	0.00760465375287	-0.00378609509931	0.00876253807631
-33	11	-20	0.00825933066361	-0.00404938987921	0.00947363576132
-31	11	-20	0.00848099216805	-0.00442832426185	0.0106220025773
-29	11	-20	0.00840568151819	-0.00491073739276	0.012065736117
-27	11	-20	0.0081088903285	-0.00548879086142	0.0137147692045
-25	11	-20	0.00762988620349	-0.00615605580079	0.0155085703065
-23	11	-20	0.00699658356496	-0.00690414669329	0.0173930626497
-21	11	-20	0.00623115925868	-0.00772053161823	0.0193142253502
-19	11	-20	0.00535195809118	-0.00858578432053	0.0212141539629
-17	11	-20	0.00437394200695	-0.00946946489318	0.0230268124596
-15	11	-20	0.00330810114828	-0.0103230880793	0.0246711879566
-13	11	-20	0.00215910581609	-0.0110651521024	0.0260360841772
-11	11	-20	0.000914652960279	-0.0115243249431	0.0269196764497
-9	11	-20	-0.000464920002964	-0.0113843723185	0.0269706740524
-7	11	-20	-0.00189356816488	-0.0109634324387	0.026530151377
-5	11	-20	-0.00331205086143	-0.0104342878968	0.0257891398475
-3	11	-20	-0.0046769420224	-0.00987891172739	0.0248468116527
-1	11	-20	-0.00594924894101	-0.0093446006385	0.0237700984725
1	11	-20	-0.00709106334753	-0.00885800582165	0.022607756859
3	11	-20	-0.00806338187693	-0.00843080487176	0.0213955060734
5	11	-20	-0.00882365240645	-0.00806174170632	0.0201574795901
7	11	-20	-0.00932159651378	-0.00773584011444	0.018904959057
9	11	-20	-0.00948936361988	-0.007419110663	0.0176307331481
11	11	-20	-0.00920072413088	-0.00703355021538	0.0162837260527
13	11	-20	-0.00823128306791	-0.00643262459365	0.0147442207621
15	11	-20	-0.00683490272019	-0.00575892933784	0.0131847080633
17	11	-20	-0.00516741716177	-0.00508737562861	0.0117099590846
19	11	-20	-0.00332655436928	-0.00445068780055	0.0103828179936
21	11	-20	-0.00139288663483	-0.00386566965542	0.00925081555756
23	11	-20	0.000560134818194	-0.00334024824193	0.00835350659532
25	11	-20	0.00246166614167	-0.00287680356812	0.00772633722221
27	11	-20	0.00424027764254	-0.00247405116944	0.00740369402144
29	11	-20	0.00581995440602	-0.00212811258462	0.00742271646088
31	11	-20	0.00711161814106	-0.00183291433953	0.00783112343706
33	11	-20	0.00797878914772	-0.0015791101914	0.00871865845857
35	11	-20	0.00820410735536	-0.00135286499978	0.0102476576502
37	11	-20	0.00797244484035	-0.00115816949778	0.0122094792311
39	11	-20	0.00738750419994	-0.000994913669855	0.0144678715766
41	11	-20	0.0065049912021	-0.000860577637349	0.0169282188915
43	11	-20	0.00536659543057	-0.000751965844815	0.0195059259587
45	11	-20	0.00400798238561	-0.000665761994275	0.0221183952579
47	11	-20	0.00246199996709	-0.00059887333782	0.0246808513314
49	11	-20	0.00076035195723	-0.000548712595398	0.0271023901448
51	11	-20	-0.00106522964215	-0.000513470307416	0.0292796786995
53	11	-20	-0.00298173635797	-0.000492440777311	0.0310823937255
55	11	-20	-0.00495194147475	-0.000486802960437	0.0322934956277
57	11	-20	-0.00693162706946	-0.0005002967295	0.0325509319365
59	11	-20	-0.00890337234084	-0.000529541846663	0.0321871566929
61	11	-20	-0.0108422647599	-0.000573366130615	0.031388992335
63	11	-20	-0.0127181498872	-0.000631726687095	0.0302552582199
65	11	-20	-0.0144979770188	-0.000704421300154	0.0288557123022
67	11	-20	-0.0161462551593	-0.00079007904759	0.0272445984702
69	11	-20	-0.0176249462526	-0.000884923459607	0.0254654833298
71	11	-20	-0.0188926805355	-0.000981048351297	0.0235528107982
73	11	-20	-0.0199025182183	-0.00106367097703	0.0215315100411
75	11	-20	-0.0205955370164	-0.00110556912073	0.0194141370643
77	11	-20	-0.0208723244539	-0.00104651203483	0.0171877874863
79	11	-20	-0.0205650279421	-0.000773400896263	0.0148013520249
81	11	-20	-0.0198460432677	-0.000400964900429	0.012351803295
83	11	-20	-0.0188193673525	8.82921772793e-06	0.00989872673271
85	11	-20	-0.0175485982625	0.000426807816207	0.007477946735
87	11	-20	-0.0160855161336	0.000835900546821	0.00511565311085
89	11	-20	-0.0144766205354	0.00122543253758	0.0028326276476
91	11	-20	-0.0127656065348	0.00158818005505	0.000646683424749
93	11	-20	-0.010994640033	0.00191833090748	-0.00142537801979
95	11	-20	-0.00920557049815	0.00220964415107	-0.00336560548182
97	11	-20	-0.00744239777208	0.00245298212624	-0.0051512419614
99	11	-20	-0.00576157827412	0.00262896269463	-0.00674188273286
-99	13	-20	0.00409062003692	-0.000536027381014	0.000858004133697
-97	13	-20	0.00456439488393	-0.000714372045069	0.00133413518096
-95	13	-20	0.00506335186875	-0.000923104372153	0.00186235563301
-93	13	-20	0.00556387750782	-0.00115841143457	0.00242957668889
-91	13	-20	0.00604662709461	-0.00141820273923	0.00302712390435
-89	13	-20	0.00649337296012	-0.00170084853042	0.00364818235655
-87	13	-20	0.00688521929405	-0.00200432149867	0.00428642070484
-85	13	-20	0.00720127920311	-0.00232542105913	0.00493513509929
-83	13	-20	0.00741692083709	-0.00265875632135	0.00558636964143
-81	13	-20	0.00750043442897	-0.0029950469865	0.00622957178852
-79	13	-20	0.00740509529569	-0.00331754196383	0.00684881808989
-77	13	-20	0.00705239268729	-0.00359486934603	0.00741729591297
-75	13	-20	0.00638086390595	-0.00380052752279	0.00791221030192
-73	13	-20	0.00547096640886	-0.00396325721287	0.00835336312803
-71	13	-20	0.0044204844182	-0.00411628556704	0.00876411142905
-69	13	-20	0.00329601138857	-0.00427739460651	0.00915592882163
-67	13	-20	0.00215012919391	-0.00445550836982	0.00953323772391
-65	13	-20	0.00102993895523	-0.00465349838509	0.00989521686103
-63	13	-20	-1.86372729866e-05	-0.00486874239504	0.0102356745717
-61	13	-20	-0.000947333010039	-0.00509232244787	0.0105414778485
-59	13	-20	-0.0017005331882	-0.00530649259262	0.0107887568401
-57	13	-20	-0.00220453570891	-0.00547825113694	0.0109337055523
-55	13	-20	-0.00234540485121	-0.00554579988473	0.0108933537143
-53	13	-20	-0.00203258583819	-0.00545730393886	0.0106004790367
-51	13	-20	-0.00136185686547	-0.00527033632878	0.010144516157
-49	13	-20	-0.000452316471443	-0.00505271883458	0.00963093576825
-47	13	-20	0.000617299886509	-0.00484406962008	0.009126652366
-45	13	-20	0.00178655860296	-0.0046697002347	0.00867965187149
-43	13	-20	0.003002699858	-0.00454748886413	0.00832875852911
-41	13	-20	0.00421577905712	-0.00449102293494	0.00810835127287
-39	13	-20	0.00537534176071	-0.00451134689004	0.00805163647072
-37	13	-20	0.0064264193996	-0.00461814503553	0.00819438502049
-35	13	-20	0.00730154704805	-0.0048209035534	0.00858206545802
-33	13	-20	0.00790460220319	-0.0051305539013	0.00928414198559
-31	13	-20	0.00815661273912	-0.00555523193311	0.010353014818
-29	13	-20	0.00811331144454	-0.00608928174798	0.0117189043812
-27	13	-20	0.00784715254433	-0.00672365199247	0.0132946916881
-25	13	-20	0.00740101679906	-0.00744945374962	0.0150166589973
-23	13	-20	0.00680374670294	-0.00825545386314	0.0168297694322
-21	13	-20	0.00607722222629	-0.00912573490876	0.0186799072967
-19	13	-20	0.00523889532555	-0.0100367938923	0.0205091162145
-17	13	-20	0.00430244302734	-0.0109530670463	0.0222504801062
-15	13	-20	0.00327707974295	-0.0118188437513	0.0238196539323
-13	13	-20	0.00216469456373	-0.0125405341273	0.0250961702878
-11	13	-20	0.000953277630632	-0.0129507379945	0.0258850819133
-9	13	-20	-0.000363116741468	-0.0129081569684	0.0260251778937
-7	13	-20	-0.00173359311656	-0.0125550171906	0.0256670991542
-5	13	-20	-0.00310066076953	-0.0120591371366	0.0249946224146
-3	13	-20	-0.00441959415753	-0.0115134363251	0.0241157577932
-1	13	-20	-0.00565107867324	-0.0109711367242	0.0231002260429
1	13	-20	-0.00675719232872	-0.0104625050054	0.0219969098174
3	13	-20	-0.00769878027439	-0.0100015054111	0.0208404105886
5	13	-20	-0.00843245803782	-0.00958802145642	0.0196529168517
7	13	-20	-0.00890535209548	-0.00920670942534	0.0184426438802
9	13	-20	-0.00904288813746	-0.00882049941643	0.0171969227777
11	13	-20	-0.00872311367109	-0.00835521194203	0.0158664090951
13	13	-20	-0.00785123697443	-0.00774611549562	0.0144118757268
15	13	-20	-0.00655028390067	-0.00705651235352	0.0129237674948
17	13	-20	-0.00497055005116	-0.00636011318938	0.0115035425926
19	13	-20	-0.00321518150818	-0.00569556742875	0.0102178991854
21	13	-20	-0.00136600679948	-0.00508321125862	0.00911588001963
23	13	-20	0.000504002931666	-0.00453341529138	0.00823768187166
25	13	-20	0.00232499361328	-0.00405041489684	0.00761927303239
27	13	-20	0.0040261860998	-0.00363434240516	0.00729602118803
29	13	-20	0.00553076525042	-0.00328230204134	0.007307401819
31	13	-20	0.00674530583737	-0.00298867630422	0.00770666686329
33	13	-20	0.00753806041812	-0.00274460903495	0.00858065498951
35	13	-20	0.0078013102133	-0.00254115235082	0.00999240135994
37	13	-20	0.00761105098949	-0.00237677812603	0.0118343991389
39	13	-20	0.00706702288104	-0.00225024503902	0.0139751972622
41	13	-20	0.00623004530501	-0.00215792407555	0.0163166460391
43	13	-20	0.00514333469292	-0.0020949877975	0.0187739140777
45	13	-20	0.00384250029393	-0.00205611172123	0.0212655418897
47	13	-20	0.00235966447598	-0.00203594488084	0.0237081547029
49	13	-20	0.0007255637668	-0.00202953695313	0.0260114715832
51	13	-20	-0.00102902417075	-0.00203279695515	0.0280702603133
53	13	-20	-0.00287180096063	-0.00204305006536	0.0297461998073
55	13	-20	-0.00476686409609	-0.00205974921193	0.0308301049887
57	13	-20	-0.00667869378587	-0.0020833763582	0.0311501647373
59	13	-20	-0.00858314041522	-0.0021121958227	0.0308493780034
61	13	-20	-0.010455982133	-0.00214508100016	0.0301075332077
63	13	-20	-0.0122684342158	-0.00218214996736	0.0290323210573
65	13	-20	-0.0139885963448	-0.00222349822066	0.0276963080916
67	13	-20	-0.01558199016	-0.0022679264351	0.0261539738895
69	13	-20	-0.0170113570926	-0.00231149307404	0.0244480741626
71	13	-20	-0.0182355506977	-0.00234558314687	0.0226117429235
73	13	-20	-0.0192065234008	-0.00235377811352	0.0206680622362
75	13	-20	-0.0198611967929	-0.00230535278647	0.0186265428825
77	13	-20	-0.0201036310975	-0.00214231165596	0.0164749145739
79	13	-20	-0.0198580832255	-0.00181542848998	0.0142032285572
81	13	-20	-0.0192042192255	-0.00137708906501	0.0118656058123
83	13	-20	-0.0182419328813	-0.000888639043578	0.00951923175738
85	13	-20	-0.0170383337832	-0.000384528993231	0.00720108988808
87	13	-20	-0.0156456612248	0.000114548425033	0.00493723295253
89	13	-20	-0.0141095747311	0.000594993230669	0.00274781923289
91	13	-20	-0.0124724869015	0.00104700026371	0.00064997199345
93	13	-20	-0.01077533172	0.00146238589046	-0.001339963478
95	13	-20	-0.00905924025365	0.00183260403556	-0.00320385709731
97	13	-20	-0.00736871108348	0.00214594626138	-0.00491737627251
99	13	-20	-0.00575812049882	0.00238274611983	-0.00644168296328
-99	15	-20	0.00401650240134	-0.000739459201457	0.000833736218512
-97	15	-20	0.00446862828709	-0.000939250222496	0.00128886412812
-95	15	-20	0.00494106529732	-0.00116955232599	0.00179106736098
-93	15	-20	0.00541505164799	-0.00142777207805	0.00233131064038
-91	15	-20	0.00587163799439	-0.00171136948956	0.00290138591642
-89	15	-20	0.00629211474172	-0.0020178415342	0.00349432370911
-87	15	-20	0.0066569075698	-0.00234411894852	0.00410361415341
-85	15	-20	0.00694420650835	-0.00268580076507	0.00472236590202
-83	15	-20	0.00712808436824	-0.00303612863353	0.00534235686701
-81	15	-20	0.00717557364647	-0.00338450179526	0.00595276943351
-79	15	-20	0.00704307463706	-0.00371470352475	0.00653870832273
-77	15	-20	0.00668043324782	-0.00400624044055	0.00708210452785
-75	15	-20	0.00606584044043	-0.00424819777089	0.0075722316181
-73	15	-20	0.0052398579187	-0.00445275933669	0.00801598804751
-71	15	-20	0.00427169433879	-0.00464125176501	0.00842711898425
-69	15	-20	0.00322465771301	-0.00482979610581	0.00881512653826
-67	15	-20	0.00215254708307	-0.00502735014294	0.00918361843218
-65	15	-20	0.00110394250445	-0.00523664355013	0.00953072709034
-63	15	-20	0.000126253266991	-0.00545445287511	0.0098487622588
-61	15	-20	-0.000730491195168	-0.00567078625785	0.0101225988111
-59	15	-20	-0.00140906016417	-0.00586681100455	0.0103264457384
-57	15	-20	-0.00183988269323	-0.00601201862679	0.0104196187966
-55	15	-20	-0.00194609182101	-0.00606740614515	0.0103508880063
-53	15	-20	-0.00168890342731	-0.00601321419494	0.0100976690476
-51	15	-20	-0.00111185650967	-0.00587603175443	0.00970435714949
-49	15	-20	-0.00029650033968	-0.00570200678403	0.00924431786913
-47	15	-20	0.000683063274975	-0.00552944420985	0.00878106364451
-45	15	-20	0.00176531566911	-0.00538600708235	0.0083643779532
-43	15	-20	0.00289629294922	-0.00529201955754	0.00803522104138
-41	15	-20	0.00402514262444	-0.00526316333344	0.00783003700234
-39	15	-20	0.00510051026797	-0.00531220620005	0.00778419321322
-37	15	-20	0.00606672597278	-0.00545012979328	0.00793542676636
-35	15	-20	0.00685977215746	-0.005686859657	0.00832731587496
-33	15	-20	0.00741069274554	-0.00603102530879	0.00900598840111
-31	15	-20	0.0076781749975	-0.00648684675456	0.00999075221059
-29	15	-20	0.00768031080393	-0.00705094404739	0.011245441645
-27	15	-20	0.00746235581357	-0.00771485107968	0.0127068087741
-25	15	-20	0.00706359406922	-0.0084673674718	0.0143135719568
-23	15	-20	0.00651320164256	-0.00929385094932	0.0160092492275
-21	15	-20	0.00583321488386	-0.0101742123597	0.0177379680556
-19	15	-20	0.00504065026693	-0.0110799589408	0.0194398274993
-17	15	-20	0.00414826284737	-0.0119696950329	0.0210454293165
-15	15	-20	0.00316420020821	-0.0127821655659	0.0224681917329
-13	15	-20	0.00209102926727	-0.0134277860328	0.0235951898625
-11	15	-20	0.000927695475326	-0.01379604692	0.0242951657871
-9	15	-20	-0.0003161060959	-0.0138267707431	0.0244954838948
-7	15	-20	-0.00160592943345	-0.0135797654178	0.0242573420117
-5	15	-20	-0.00289599804708	-0.0131646047964	0.0236999077521
-3	15	-20	-0.00414289564677	-0.0126687353844	0.0229226122984
-1	15	-20	-0.00530660673347	-0.0121492826572	0.0219961664827
1	15	-20	-0.00634815256739	-0.0116404639769	0.0209703347557
3	15	-20	-0.00722695488189	-0.0111590374324	0.0198795043034
5	15	-20	-0.00789762675488	-0.0107065316822	0.0187447459169
7	15	-20	-0.00830531432059	-0.0102687339042	0.0175729572721
9	15	-20	-0.00838009982289	-0.00981351354581	0.0163542714445
11	15	-20	-0.00804315583569	-0.00929534515291	0.0150662458199
13	15	-20	-0.00725997762059	-0.00868877824329	0.0137073419208
15	15	-20	-0.00609223290212	-0.00802103908295	0.0123296659702
17	15	-20	-0.0046460291294	-0.00734051322282	0.0110071836869
19	15	-20	-0.0030188223028	-0.00668448819537	0.00980335477746
21	15	-20	-0.00129346705802	-0.00607612423946	0.0087684297104
23	15	-20	0.000455843948054	-0.00552862009744	0.00794424041028
25	15	-20	0.00215829372469	-0.00504855895104	0.00736857323285
27	15	-20	0.00374204020368	-0.00463795954476	0.00707901786509
29	15	-20	0.00512941233187	-0.00429541372482	0.00711724865924
31	15	-20	0.00623174443944	-0.00401664400711	0.00753358791746
33	15	-20	0.00695426703161	-0.00379517634105	0.00838227899464
35	15	-20	0.00724054441787	-0.00362463382524	0.0096804467938
37	15	-20	0.0071157534834	-0.00350090404378	0.0113681460966
39	15	-20	0.0066430753556	-0.0034203312681	0.0133481736514
41	15	-20	0.00587888245761	-0.00337788430105	0.0155269424493
43	15	-20	0.0048673588907	-0.0033671662223	0.0178189699159
45	15	-20	0.00364494131613	-0.00338091699336	0.0201419007322
47	15	-20	0.00224392684945	-0.00341153924663	0.0224114266615
49	15	-20	0.000694762660159	-0.00345165275729	0.0245358499106
51	15	-20	-0.000972355743913	-0.00349472316012	0.0264087277269
53	15	-20	-0.00272623678101	-0.00353573583349	0.0279001849801
55	15	-20	-0.00453437790637	-0.00357161305782	0.0288653520446
57	15	-20	-0.00636561823571	-0.00360064320109	0.0292214377217
59	15	-20	-0.0081928800205	-0.00362158598026	0.0290228668763
61	15	-20	-0.00998993260265	-0.00363408193627	0.0283855556988
63	15	-20	-0.0117281659166	-0.00363869832048	0.0274091685925
65	15	-20	-0.0133761345898	-0.00363590121438	0.0261678172038
67	15	-20	-0.0148996267547	-0.00362462110354	0.0247175178772
69	15	-20	-0.0162612744797	-0.00360060800656	0.0231016485823
71	15	-20	-0.0174193015873	-0.00355441465235	0.021353288441
73	15	-20	-0.0183249376047	-0.00346868188203	0.0194952496334
75	15	-20	-0.0189189594337	-0.00331503948997	0.0175387860411
77	15	-20	-0.0191364010828	-0.00305684588644	0.0154856233726
79	15	-20	-0.0189444876671	-0.00267500688672	0.0133451113593
81	15	-20	-0.0183794409379	-0.00219327686099	0.0111511374478
83	15	-20	-0.0175097082229	-0.00165324489409	0.00894595486357
85	15	-20	-0.0163980847197	-0.00108879012252	0.00676389906333
87	15	-20	-0.0150971119383	-0.000523588111714	0.00463052481274
89	15	-20	-0.01365274573	2.5586829024e-05	0.00256564198648
91	15	-20	-0.0121073415371	0.000545990932036	0.000586095394156
93	15	-20	-0.0105016508772	0.00102675367552	-0.0012918299189
95	15	-20	-0.00887652172414	0.0014570188268	-0.00304995450924
97	15	-20	-0.00727450401646	0.00182427683742	-0.00466573142616
99	15	-20	-0.00573833063162	0.00211486685275	-0.00611351720537
-99	17	-20	0.00391176959926	-0.000915389192201	0.000793531378185
-97	17	-20	0.00433918982714	-0.00113134065313	0.00122410306016
-95	17	-20	0.00478089769196	-0.00137684680847	0.00169543793298
-93	17	-20	0.00522153957817	-0.00165000114183	0.00220137928065
-91	17	-20	0.00564359157146	-0.00194814914471	0.00273505243322
-89	17	-20	0.00602848793458	-0.00226813239132	0.00328984655726
-87	17	-20	0.00635634625184	-0.00260599812685	0.00385929947433
-85	17	-20	0.00660505968689	-0.00295643206641	0.00443655691723
-83	17	-20	0.00674906438089	-0.00331202228589	0.00501365568016
-81	17	-20	0.00675823583161	-0.00366254208291	0.00558079336283
-79	17	-20	0.00659884122835	-0.00399504499199	0.00612618810295
-77	17	-20	0.00624155008691	-0.00429681455731	0.00663811293638
-75	17	-20	0.00567903315206	-0.00456220588908	0.0071099460812
-73	17	-20	0.00493731238836	-0.00479695684628	0.00754335834522
-71	17	-20	0.00406473234565	-0.00501340678922	0.00794461494829
-69	17	-20	0.00311473342672	-0.00522313370013	0.00831894079906
-67	17	-20	0.00213832636364	-0.00543337459136	0.00866774179076
-65	17	-20	0.00118382070084	-0.00564612449523	0.00898773208124
-63	17	-20	0.000298902488147	-0.00585780011546	0.00927025969351
-61	17	-20	-0.000466835802649	-0.00605866378151	0.00950018617416
-59	17	-20	-0.00105979600338	-0.00623216435368	0.00965464606961
-57	17	-20	-0.00142319054419	-0.00635575840559	0.0097039122174
-55	17	-20	-0.00150722317738	-0.00640727135537	0.00962013406523
-53	17	-20	-0.00129185820377	-0.00637888758495	0.00939694558539
-51	17	-20	-0.00080142267145	-0.0062862047828	0.0090621772645
-49	17	-20	-8.99240827026e-05	-0.00615951548187	0.00866550215503
-47	17	-20	0.000781803316036	-0.00603016940772	0.00825923003752
-45	17	-20	0.00175637208325	-0.00592459926384	0.00789006906126
-43	17	-20	0.00278076206187	-0.00586394082563	0.00759893005278
-41	17	-20	0.00380433769116	-0.00586520517507	0.00742308962334
-39	17	-20	0.00477644190413	-0.00594242062118	0.00739849932074
-37	17	-20	0.00564441966462	-0.00610736959904	0.00756146622129
-35	17	-20	0.0063538521741	-0.00636976260828	0.00794813746764
-33	17	-20	0.00685562037008	-0.00673650925137	0.0085877466228
-31	17	-20	0.00712210136234	-0.0072099790243	0.00948768871295
-29	17	-20	0.00715748661446	-0.0077867091955	0.0106239179866
-27	17	-20	0.00698694096407	-0.00845796894369	0.0119503053741
-25	17	-20	0.00663980958308	-0.00921069405675	0.0134132574403
-23	17	-20	0.00614179474609	-0.0100272491632	0.0149580269144
-21	17	-20	0.00551368120199	-0.0108840230664	0.016528545281
-19	17	-20	0.0047718552268	-0.0117490890697	0.018064694972
-17	17	-20	0.00392880452876	-0.0125790683127	0.0194985265356
-15	17	-20	0.0029934056876	-0.0133160774843	0.020750589992
-13	17	-20	0.00197180992312	-0.0138888173485	0.0217307216403
-11	17	-20	0.000871040395637	-0.0142282434319	0.0223545603911
-9	17	-20	-0.000293604565572	-0.0143031386178	0.02258162966
-7	17	-20	-0.00149370931594	-0.014142896141	0.0224398016625
-5	17	-20	-0.00269195434184	-0.0138141383527	0.0220001501943
-3	17	-20	-0.00384878764037	-0.013384483565	0.0213380917326
-1	17	-20	-0.00492505935227	-0.0129060829663	0.0205158872106
1	17	-20	-0.00588154148216	-0.0124135258481	0.0195805275838
3	17	-20	-0.00667724065639	-0.0119255857578	0.0185655695794
5	17	-20	-0.00726725462586	-0.011446738712	0.0174925359183
7	17	-20	-0.00760091447151	-0.0109679913461	0.0163714070737
9	17	-20	-0.00762313629825	-0.0104689060138	0.015202186206
11	17	-20	-0.00728658653903	-0.00992581657469	0.0139826821464
13	17	-20	-0.00657848325817	-0.00932890003207	0.0127253187124
15	17	-20	-0.00553779814607	-0.00869331574638	0.0114681563552
17	17	-20	-0.00423818682322	-0.00804923476257	0.010264868554
19	17	-20	-0.00276134834468	-0.00742605038248	0.00916909088517
21	17	-20	-0.00118508699334	-0.00684568488065	0.00822815194927
23	17	-20	0.000417691044467	-0.0063224764205	0.00748363644206
25	17	-20	0.00197658135638	-0.00586480825159	0.0069739394172
27	17	-20	0.00342078774774	-0.00547660782592	0.00673692914099
29	17	-20	0.00467679840245	-0.00515836320068	0.00681190212731
31	17	-20	0.00566904525733	-0.0049078121808	0.00723865223701
33	17	-20	0.00632980785929	-0.0047207321132	0.00804796657027
35	17	-20	0.0066214637999	-0.0045921276019	0.00924079814949
37	17	-20	0.00655069007537	-0.00451701767797	0.0107749233804
39	17	-20	0.00615388175863	-0.00448995553169	0.0125781291044
41	17	-20	0.00547447314521	-0.00450424494649	0.0145688504496
43	17	-20	0.00455249624739	-0.00455176530708	0.0166654037347
45	17	-20	0.00342319103709	-0.00462325003415	0.0187864909325
47	17	-20	0.00211830689959	-0.00470875493237	0.0208485677678
49	17	-20	0.000667666409093	-0.00479826185542	0.0227622244195
51	17	-20	-0.00089952262446	-0.00488243335509	0.0244288634745
53	17	-20	-0.00255377251003	-0.0049534486034	0.0257419587299
55	17	-20	-0.00426524543123	-0.00500565375608	0.0266040301534
57	17	-20	-0.00600473973225	-0.00503570720598	0.0269650199502
59	17	-20	-0.00774432662358	-0.00504235516635	0.0268468704077
61	17	-20	-0.00945616939046	-0.00502612277412	0.0263183686472
63	17	-20	-0.0111109067182	-0.00498860309716	0.0254561092122
65	17	-20	-0.0126768963723	-0.00493117457531	0.0243266714086
67	17	-20	-0.0141199337556	-0.00485342995859	0.022984190511
69	17	-20	-0.0154028519164	-0.00475155119434	0.0214720269574
71	17	-20	-0.016484784885	-0.00461671998624	0.0198241899764
73	17	-20	-0.017320469081	-0.00443384786624	0.0180658584033
75	17	-20	-0.0178616592981	-0.0041820203266	0.0162140790743
77	17	-20	-0.0180660690195	-0.00384034015477	0.0142814793915
79	17	-20	-0.0179165505824	-0.0034010143954	0.0122846647426
81	17	-20	-0.017433331426	-0.00287785905514	0.0102498545343
83	17	-20	-0.0166618144464	-0.0022981846648	0.00820797839362
85	17	-20	-0.0156534575644	-0.00169008226202	0.00618714241992
87	17	-20	-0.0144569452753	-0.0010769113584	0.00421007454026
89	17	-20	-0.0131169764023	-0.00047710845467	0.00229509834535
91	17	-20	-0.0116753066255	9.44217940897e-05	0.000458063370159
93	17	-20	-0.010171990325	0.000624800611997	-0.00128574008908
95	17	-20	-0.00864627175466	0.00110197526442	-0.00292001675597
97	17	-20	-0.00713642128661	0.00151431439205	-0.00442708714779
99	17	-20	-0.00567669335341	0.00185218964166	-0.00579094594904
-99	19	-20	0.00377461571112	-0.00106065714175	0.000735293201854
-97	19	-20	0.00417448113429	-0.00128755109267	0.00113781924119
-95	19	-20	0.00458307660897	-0.00154261561213	0.0015747111463
-93	19	-20	0.00498697869402	-0.00182409937815	0.00204143359095
-91	19	-20	0.00537008795609	-0.00212922779073	0.00253237337609
-89	19	-20	0.00571457873102	-0.0024544142334	0.00304161979585
-87	19	-20	0.00600109095469	-0.00279516685975	0.00356314674259
-85	19	-20	0.00620845458923	-0.00314578832456	0.00409060917872
-83	19	-20	0.0063133876901	-0.00349903423608	0.00461698109635
-81	19	-20	0.00629091514751	-0.00384603137207	0.00513428896537
-79	19	-20	0.00611693535355	-0.00417703986203	0.0056338921826
-77	19	-20	0.00577454201703	-0.00448372189643	0.00610785975129
-75	19	-20	0.00526279027177	-0.00476239884938	0.00655114643642
-73	19	-20	0.00460128507226	-0.00501561896019	0.00696263235973
-71	19	-20	0.00382590020747	-0.00525012141716	0.00734360513968
-69	19	-20	0.00298035483998	-0.00547307645612	0.00769505447798
-67	19	-20	0.00211030397453	-0.0056892476328	0.00801566406203
-65	19	-20	0.00126127629529	-0.00589957596798	0.00830075721832
-63	19	-20	0.000478819244634	-0.006100553094	0.00854166562445
-61	19	-20	-0.000190793906592	-0.00628397583108	0.00872529383589
-59	19	-20	-0.000700743278201	-0.00643732900892	0.0088343988066
-57	19	-20	-0.00100672779821	-0.00654582876261	0.00885012025239
-55	19	-20	-0.00107501572806	-0.0065974108472	0.00875864733861
-53	19	-20	-0.000893718033874	-0.00658966876132	0.00856070970709
-51	19	-20	-0.000478574869692	-0.00653351870362	0.0082765997973
-49	19	-20	0.00013291380646	-0.00644987098089	0.00794150801716
-47	19	-20	0.000892846855186	-0.00636303632424	0.0075964186366
-45	19	-20	0.00175106136004	-0.00629609334641	0.00728188549921
-43	19	-20	0.00265828917517	-0.00626920144145	0.00703600839494
-41	19	-20	0.0035664224344	-0.00629952661991	0.00689466960087
-39	19	-20	0.00442786844317	-0.00640160647334	0.00689224432567
-37	19	-20	0.0051953969391	-0.00658755238535	0.0070615242033
-35	19	-20	0.00582403933747	-0.00686679151868	0.00743148677478
-33	19	-20	0.00627659010678	-0.00724522742377	0.00802164045353
-31	19	-20	0.00653146008797	-0.00772406328202	0.00883428065287
-29	19	-20	0.00658660992926	-0.00829901397151	0.00985048990278
-27	19	-20	0.00645510245999	-0.00896036804495	0.0110339428312
-25	19	-20	0.00615668512804	-0.0096933864392	0.0123384105329
-23	19	-20	0.00571162761248	-0.0104782635834	0.0137130824537
-21	19	-20	0.00513804013527	-0.0112893778859	0.0151043218218
-19	19	-20	0.0044511875084	-0.0120939942827	0.0164551155228
-17	19	-20	0.0036635900479	-0.0128509748402	0.0177037414941
-15	19	-20	0.00278558990164	-0.0135109076218	0.0187835419319
-13	19	-20	0.00182676649073	-0.0140206000018	0.0196270921867
-11	19	-20	0.000798818194875	-0.0143353143689	0.0201785495589
-9	19	-20	-0.000280611864873	-0.0144361133544	0.0204116262656
-7	19	-20	-0.00138583200049	-0.014338683171	0.0203388081048
-5	19	-20	-0.00248459754259	-0.0140839256928	0.0200014864707
-3	19	-20	-0.00354125720921	-0.0137199871293	0.0194512718018
-1	19	-20	-0.00451881559727	-0.0132893165098	0.0187368043567
1	19	-20	-0.00537934836847	-0.0128233644441	0.0178985747963
3	19	-20	-0.00608346923572	-0.0123415796012	0.0169680160279
5	19	-20	-0.00658971984596	-0.0118519695386	0.015967917969
7	19	-20	-0.00685510023439	-0.0113524779898	0.0149133920396
9	19	-20	-0.00683892843413	-0.01083407411	0.0138143554413
11	19	-20	-0.00651245998707	-0.0102870728717	0.0126811948174
13	19	-20	-0.00587222229386	-0.00970964538829	0.0115327435025
15	19	-20	-0.0049469014869	-0.0091124868366	0.0104006761379
17	19	-20	-0.00379058448858	-0.00851531779428	0.00932605084732
19	19	-20	-0.00246957358367	-0.00793961822781	0.00835238019456
21	19	-20	-0.00105295500939	-0.00740369312245	0.00752123768654
23	19	-20	0.000391023726863	-0.0069211429767	0.00687134404019
25	19	-20	0.00179523237081	-0.0065011341359	0.00643938999746
27	19	-20	0.00309295750445	-0.00614913838099	0.00626098938793
29	19	-20	0.00421798682665	-0.00586758500208	0.00637044305573
31	19	-20	0.00510754459279	-0.00565634502009	0.00679756965334
33	19	-20	0.00571013980152	-0.00551318149761	0.0075598546304
35	19	-20	0.00599656242268	-0.00543423138039	0.00865173342395
37	19	-20	0.00596544295123	-0.00541429512442	0.0100390861998
39	19	-20	0.00563729810657	-0.00544675183164	0.0116645937507
41	19	-20	0.00504310758494	-0.00552335430762	0.0134582813972
43	19	-20	0.00421597902965	-0.00563421084845	0.0153451512431
45	19	-20	0.00318766089109	-0.0057679852427	0.017248078532
47	19	-20	0.00198791764093	-0.00591226451576	0.019087775899
49	19	-20	0.000645021105614	-0.00605412950392	0.0207818316137
51	19	-20	-0.000813476976243	-0.00618101130436	0.0222449366237
53	19	-20	-0.00236007928676	-0.00628182961564	0.0233936364152
55	19	-20	-0.00396704310589	-0.00634819118972	0.0241593082039
57	19	-20	-0.005606451795	-0.00637523768577	0.0245066410543
59	19	-20	-0.00725018765405	-0.00636178722752	0.0244430872382
61	19	-20	-0.00886942251552	-0.00630964316344	0.0240088967233
63	19	-20	-0.0104339501654	-0.00622217734027	0.0232580640928
65	19	-20	-0.0119117742486	-0.00610253102213	0.0222446588692
67	19	-20	-0.0132689177995	-0.00595185108743	0.0210172118528
69	19	-20	-0.0144692873656	-0.00576784139648	0.0196174796949
71	19	-20	-0.0154746845985	-0.0055438214945	0.0180805388873
73	19	-20	-0.0162456122547	-0.00526869593056	0.0164350968066
75	19	-20	-0.0167443671906	-0.00492877653831	0.0147043123651
77	19	-20	-0.0169421282026	-0.00451256070045	0.0129080631188
79	19	-20	-0.0168285717365	-0.00401740541432	0.0110664812998
81	19	-20	-0.0164167895266	-0.00345309356306	0.00920203111423
83	19	-20	-0.0157383960132	-0.00283875754798	0.00733807642429
85	19	-20	-0.0148339542388	-0.00219667839801	0.00549608291328
87	19	-20	-0.0137459638163	-0.0015479336165	0.00369428009528
89	19	-20	-0.0125158935641	-0.000910893853654	0.00194804362187
91	19	-20	-0.0111835472981	-0.000301355293884	0.000271031235963
93	19	-20	-0.00978719223703	0.00026681802878	-0.00132367109014
95	19	-20	-0.00836352059184	0.000781220630329	-0.00282287898125
97	19	-20	-0.00694669537873	0.00123112940323	-0.00421375077189
99	19	-20	-0.00556585946015	0.00160883323475	-0.0054860596182
-99	21	-20	0.00360706667179	-0.00117434913073	0.000659948531344
-97	21	-20	0.00397735003618	-0.00140738621188	0.00103153977319
-95	21	-20	0.00435169082466	-0.00166703127535	0.0014312542804
-93	21	-20	0.00471779738388	-0.00195139782648	0.00185545592068
-91	21	-20	0.00506076981148	-0.00225751625658	0.00229949388617
-89	21	-20	0.0053638854134	-0.00258152862053	0.00275824582925
-87	21	-20	0.00560905445694	-0.00291872875151	0.00322640120398
-85	21	-20	0.00577706491464	-0.00326348989024	0.00369851402267
-83	21	-20	0.00584798653351	-0.00360922520284	0.00416894142514
-81	21	-20	0.00580230815604	-0.00394861093295	0.00463181592014
-79	21	-20	0.00562349223462	-0.00427434935448	0.00508123096165
-77	21	-20	0.00530217075228	-0.00458057079001	0.00551175691086
-75	21	-20	0.0048406846519	-0.00486437086154	0.00591908546159
-73	21	-20	0.00425520762122	-0.00512639205206	0.00630023198046
-71	21	-20	0.00357387228325	-0.00536981637077	0.00665294116887
-69	21	-20	0.00283248992235	-0.00559839081725	0.00697463484982
-67	21	-20	0.00207062142813	-0.00581457491764	0.00726146665357
-65	21	-20	0.00132926469463	-0.00601833969623	0.0075077097552
-63	21	-20	0.000649826313954	-0.00620660649596	0.00770545951002
-61	21	-20	7.34291914992e-05	-0.00637326073565	0.0078447310653
-59	21	-20	-0.000360532550171	-0.00650991789167	0.00791433307473
-57	21	-20	-0.000617654660163	-0.0066078391326	0.00790414796308
-55	21	-20	-0.000673943890232	-0.0066611350945	0.00780909803111
-53	21	-20	-0.000521676017518	-0.00667026626849	0.00763357025374
-51	21	-20	-0.000172022860543	-0.00664372141509	0.00739353280712
-49	21	-20	0.000347656025866	-0.00659665206872	0.00711472983324
-47	21	-20	0.000999753185661	-0.00654768321695	0.00682857382001
-45	21	-20	0.00174191573916	-0.00651600753147	0.00656849466424
-43	21	-20	0.00253038270098	-0.00651971928305	0.00636792608587
-41	21	-20	0.00332148936132	-0.00657516310021	0.00625951485053
-39	21	-20	0.00407237783957	-0.00669672052159	0.00627461062366
-37	21	-20	0.00474196183038	-0.00689654712585	0.00644207456101
-35	21	-20	0.00529304591738	-0.00718395270621	0.00678557775144
-33	21	-20	0.00569592089381	-0.0075643663727	0.00731921231796
-31	21	-20	0.00593226801897	-0.0080381923008	0.0080428339752
-29	21	-20	0.0059968088313	-0.00860010995609	0.0089399488591
-27	21	-20	0.00589521722974	-0.00923911050467	0.00997972077352
-25	21	-20	0.00563976518846	-0.00993895963894	0.0111215086183
-23	21	-20	0.00524527193124	-0.0106785293144	0.0123191113991
-21	21	-20	0.00472658239903	-0.011431728812	0.0135233085741
-19	21	-20	0.00409743511208	-0.0121672207837	0.0146829279469
-17	21	-20	0.00337024963072	-0.0128485411304	0.0157454422754
-15	21	-20	0.00255660492209	-0.0134357091902	0.0166584433209
-13	21	-20	0.00166844962158	-0.013889705654	0.0173735230973
-11	21	-20	0.000720032763223	-0.0141803075409	0.0178532670852
-9	21	-20	-0.0002700201975	-0.0142946860447	0.0180791148636
-7	21	-20	-0.00127763421481	-0.0142411749223	0.018054832413
-5	21	-20	-0.00227386242202	-0.0140449813541	0.0178024993769
-3	21	-20	-0.00322644988051	-0.0137390543794	0.0173540899252
-1	21	-20	-0.00410124262523	-0.0133557019643	0.0167439014932
1	21	-20	-0.00486294507555	-0.0129215818706	0.016004122691
3	21	-20	-0.00547546206963	-0.0124556819233	0.015162998558
5	21	-20	-0.00590246323712	-0.0119691660173	0.0142444690668
7	21	-20	-0.00610908991299	-0.0114664872752	0.0132687310184
9	21	-20	-0.00606586452906	-0.0109478041157	0.0122538151899
11	21	-20	-0.00575513122727	-0.0104127424234	0.0112183448122
13	21	-20	-0.00517799743353	-0.00986447079609	0.0101847074424
15	21	-20	-0.00435749694333	-0.00931185022506	0.00918073850075
17	21	-20	-0.00333552292222	-0.00876835877338	0.00823878182238
19	21	-20	-0.00216598589123	-0.00824911351412	0.00739329167384
21	21	-20	-0.000908470748809	-0.00776822601613	0.00667887787827
23	21	-20	0.000375608238557	-0.00733745348428	0.00612947324373
25	21	-20	0.00162477662962	-0.00696587699854	0.00577815153016
27	21	-20	0.00277847358844	-0.00666004114143	0.00565674147941
29	21	-20	0.00377856907818	-0.00642415649671	0.00579428249147
31	21	-20	0.00457260982068	-0.00626018332046	0.00621339235323
33	21	-20	0.00511917621787	-0.00616778275142	0.00692437151504
35	21	-20	0.00539363619868	-0.00614422654705	0.00791895178314
37	21	-20	0.00539064293636	-0.00618437026036	0.00916746881648
39	21	-20	0.00512128095554	-0.00628073972864	0.0106215859227
41	21	-20	0.00460695070432	-0.00642371078467	0.0122204400571
43	21	-20	0.00387365734415	-0.00660171253015	0.0138964422806
45	21	-20	0.00294848095669	-0.0068014063777	0.015578875146
47	21	-20	0.00185802443953	-0.00700789618628	0.0171956051712
49	21	-20	0.000628059120727	-0.00720514923806	0.0186741705311
51	21	-20	-0.000716224729479	-0.00737688389805	0.0199438191824
53	21	-20	-0.00214969664852	-0.00750811224125	0.0209401550766
55	21	-20	-0.00364670266464	-0.00758718631396	0.0216130620266
57	21	-20	-0.00518057505484	-0.00760763166954	0.0219354077856
59	21	-20	-0.00672331663114	-0.00756875066004	0.0219069086213
61	21	-20	-0.00824547155489	-0.00747448986151	0.0215498781726
63	21	-20	-0.00971615863758	-0.00733107333771	0.0209001208228
65	21	-20	-0.0111031983598	-0.00714442812694	0.0199985851239
67	21	-20	-0.0123732625513	-0.00691816014007	0.0188863072607
69	21	-20	-0.0134920914109	-0.00665234302862	0.0176021016906
71	21	-20	-0.0144250416534	-0.00634317029991	0.0161816745049
73	21	-20	-0.0151385074112	-0.00598363255025	0.0146572665176
75	21	-20	-0.0156029194504	-0.00556554700367	0.0130575323151
77	21	-20	-0.0157975264073	-0.00508298233263	0.0114077321499
79	21	-20	-0.0157154719096	-0.00453598723549	0.00973022685431
81	21	-20	-0.0153660746096	-0.00393243859784	0.0080448901647
83	21	-20	-0.0147725446162	-0.00328676752565	0.0063691563006
85	21	-20	-0.0139669073352	-0.0026167962999	0.00471801057566
87	21	-20	-0.012985229318	-0.00194084405717	0.00310431642013
89	21	-20	-0.0118646244263	-0.00127612408872	0.00153943961583
91	21	-20	-0.0106418034886	-0.00063824238369	3.38957567911e-05
93	21	-20	-0.00935237173594	-4.12017606495e-05	-0.00140221045104
95	21	-20	-0.00803014385331	0.000502642570464	-0.00275914418283
97	21	-20	-0.00670594150754	0.000983081501059	-0.00402811350552
99	21	-20	-0.00540571320247	0.00139311712452	-0.00520254115434
-99	23	-20	0.00341342655634	-0.00125720511363	0.000570222045722
-97	23	-20	0.00375314228747	-0.00149219079251	0.000908855531289
-95	23	-20	0.00409330604516	-0.00175221401173	0.00126961027882
-93	23	-20	0.00442233629085	-0.00203509048362	0.00164936422864
-91	23	-20	0.00472632903246	-0.00233758739662	0.00204416533603
-89	23	-20	0.00498983743944	-0.00265566892626	0.00244962583697
-87	23	-20	0.0051964964021	-0.00298463589161	0.00286124767072
-85	23	-20	0.00532958373592	-0.003319201327	0.0032746570679
-83	23	-20	0.00537278862552	-0.00365361710504	0.00368577025938
-81	23	-20	0.00531151179228	-0.00398198021041	0.00409088718776
-79	23	-20	0.00513490841842	-0.00429879446397	0.00448664087238
-77	23	-20	0.00483848712719	-0.00459971130981	0.00486970777254
-75	23	-20	0.00442646649792	-0.00488216199404	0.0052363480016
-73	23	-20	0.00391279265659	-0.00514550874405	0.00558209138491
-71	23	-20	0.00332028036349	-0.00539054151746	0.00590178330746
-69	23	-20	0.00267839806669	-0.00561850415551	0.00618979673061
-67	23	-20	0.0020207621449	-0.00583004478372	0.00644012890623
-65	23	-20	0.00138307490928	-0.00602442812855	0.0066463798128
-63	23	-20	0.000801571987719	-0.00619918378489	0.00680182313593
-61	23	-20	0.000311570500242	-0.00635027651322	0.00689981466778
-59	23	-20	-5.44533788004e-05	-0.00647287709917	0.00693472226725
-57	23	-20	-0.000269673138769	-0.00656275400541	0.00690339156883
-55	23	-20	-0.000316442175523	-0.00661806596339	0.0068068526501
-53	23	-20	-0.000189477168664	-0.0066409786224	0.0066517140672
-51	23	-20	0.000102850605819	-0.0066384017718	0.00645076065974
-49	23	-20	0.000539882716197	-0.00662152060001	0.00622258263624
-47	23	-20	0.00109193238223	-0.00660443830352	0.00599039202442
-45	23	-20	0.00172388728796	-0.00660261441555	0.00578047691476
-43	23	-20	0.00239808239402	-0.00663163263743	0.00562077405764
-41	23	-20	0.00307626593088	-0.00670642903415	0.00553970853593
-39	23	-20	0.00372105191018	-0.00684079780196	0.00556503289702
-37	23	-20	0.00429739637556	-0.00704685119996	0.00572213262853
-35	23	-20	0.00477447061757	-0.0073341068155	0.00603127822462
-33	23	-20	0.00512786684594	-0.00770807704999	0.00650383641354
-31	23	-20	0.0053414907802	-0.00816873267937	0.00713859082008
-29	23	-20	0.00540823422866	-0.00870965096944	0.00792016143266
-27	23	-20	0.00532899465191	-0.00931831373041	0.00882059284516
-25	23	-20	0.00511050002707	-0.00997710444441	0.00980306105042
-23	23	-20	0.00476289442293	-0.010664226191	0.0108257380185
-21	23	-20	0.00429783259454	-0.011354241183	0.0118447108407
-19	23	-20	0.00372734789303	-0.0120184996748	0.0128160152267
-17	23	-20	0.00306345643199	-0.012626021888	0.0136973900023
-15	23	-20	0.00231840270863	-0.0131454588019	0.0144503287848
-13	23	-20	0.00150546274353	-0.0135485095599	0.015042580212
-11	23	-20	0.00064012342925	-0.0138143968297	0.0154506213749
-9	23	-20	-0.000258772860734	-0.013933871494	0.0156613226883
-7	23	-20	-0.00116845398967	-0.0139107277984	0.0156723870065
-5	23	-20	-0.00206248356543	-0.0137598688776	0.0154915344038
-3	23	-20	-0.00291163422754	-0.0135028970509	0.0151344894876
-1	23	-20	-0.00368490233544	-0.0131632764233	0.0146222387668
1	23	-20	-0.004350396547	-0.012762657701	0.0139784402086
3	23	-20	-0.00487619406876	-0.0123188810704	0.0132276453295
5	23	-20	-0.00523153722275	-0.0118454706363	0.0123944746697
7	23	-20	-0.00538886284585	-0.0113522349264	0.0115035176192
9	23	-20	-0.00532700780124	-0.0108465600222	0.0105795203689
11	23	-20	-0.00503531278417	-0.0103349113514	0.00964738750153
13	23	-20	-0.00451734679329	-0.00982406880201	0.0087318959763
15	23	-20	-0.00379245702703	-0.00932185263466	0.00785762426081
17	23	-20	-0.00289425710493	-0.00883730130647	0.00704947550353
19	23	-20	-0.00186692760369	-0.00838031431436	0.0063333623841
21	23	-20	-0.000761099523038	-0.00796094689391	0.00573645670439
23	23	-20	0.000369453771852	-0.00758870695386	0.00528691753476
25	23	-20	0.00147014054681	-0.00727209068977	0.00501322546245
27	23	-20	0.00248740850778	-0.00701835042485	0.00494300734483
29	23	-20	0.00337086308304	-0.0068333205103	0.00510091953067
31	23	-20	0.00407618817222	-0.00672107406837	0.00550511963698
33	23	-20	0.0045687765394	-0.00668328138228	0.00616246623503
35	23	-20	0.00482699233677	-0.00671845328935	0.00706392223126
37	23	-20	0.00484344017233	-0.00682155983247	0.00818258708809
39	23	-20	0.00462342596178	-0.00698431118243	0.00947564160634
41	23	-20	0.00418144389071	-0.00719579409561	0.0108889418792
43	23	-20	0.00353735634978	-0.00744295383382	0.0123618746819
45	23	-20	0.00271343792666	-0.00771072458781	0.0138310770528
47	23	-20	0.00173256758477	-0.00798195539297	0.0152330355333
49	23	-20	0.000617366417163	-0.00823747349136	0.0165063024723
51	23	-20	-0.000609964517012	-0.00845678388592	0.0175941277354
53	23	-20	-0.001927220317	-0.00861998865384	0.0184479020403
55	23	-20	-0.00331127011997	-0.00871110777057	0.0190310233788
57	23	-20	-0.00473698328599	-0.00872167405681	0.019322020873
59	23	-20	-0.00617665181966	-0.00865222615933	0.0193156923176
61	23	-20	-0.00760028540952	-0.00851033898375	0.0190217524643
63	23	-20	-0.00897643767367	-0.00830656006531	0.0184615240439
65	23	-20	-0.0102729823178	-0.0080506494618	0.0176639619655
67	23	-20	-0.011457634353	-0.00774930470922	0.0166622621977
69	23	-20	-0.0124984064645	-0.00740530497912	0.0154915926759
71	23	-20	-0.0133643596203	-0.00701770430085	0.0141877686224
73	23	-20	-0.0140270348971	-0.00658289509363	0.0127862987412
75	23	-20	-0.0144628208619	-0.00609650879388	0.0113210959575
77	23	-20	-0.0146560447384	-0.00555592829103	0.0098224089203
79	23	-20	-0.0146018038665	-0.00496266769184	0.00831449930359
81	23	-20	-0.0143071295179	-0.00432355342303	0.00681462259232
83	23	-20	-0.0137897794589	-0.00365017284117	0.00533425333774
85	23	-20	-0.0130753543851	-0.00295713148649	0.00388156764416
87	23	-20	-0.0121941330235	-0.00226017676403	0.00246355135373
89	23	-20	-0.0111785859642	-0.00157488311501	0.00108707373871
91	23	-20	-0.0100617403318	-0.000915984787571	-0.000240863039308
93	23	-20	-0.00887608451773	-0.00029708020701	-0.00151333357587
95	23	-20	-0.0076525724119	0.000269669609067	-0.00272392940111
97	23	-20	-0.00641937295228	0.000774169621699	-0.00386728140946
99	23	-20	-0.00520030276668	0.00120942549018	-0.0049395027578
-99	25	-20	0.00319942460659	-0.00131125306982	0.00046992653123
-97	25	-20	0.00350863664561	-0.00154468470068	0.000774561099685
-95	25	-20	0.0038158495618	-0.00180171887334	0.00109563341681
-93	25	-20	0.00410987702734	-0.0020797309062	0.00143033504743
-91	25	-20	0.00437761309958	-0.00237515241081	0.00177521952886
-89	25	-20	0.00460492562848	-0.00268381982623	0.00212651194285
-87	25	-20	0.00477735340136	-0.00300116631557	0.00248046214126
-85	25	-20	0.00488078108845	-0.00332235802616	0.0028337170556
-83	25	-20	0.00490231464985	-0.00364248619661	0.00318369233186
-81	25	-20	0.0048315027894	-0.00395687165377	0.00352883360153
-79	25	-20	0.00466185576094	-0.00426143435887	0.0038684401875
-77	25	-20	0.00439232730348	-0.00455295824299	0.00420159449664
-75	25	-20	0.0040283128404	-0.00482910841184	0.00452537784583
-73	25	-20	0.00358199098277	-0.00508830213147	0.00483386054355
-71	25	-20	0.00307203520022	-0.00532957448873	0.00511897846526
-69	25	-20	0.00252263277703	-0.00555232369386	0.00537223162506
-67	25	-20	0.00196193533565	-0.00575587091891	0.00558577884301
-65	25	-20	0.00142031417987	-0.00593903459171	0.00575283562979
-63	25	-20	0.000928649709638	-0.00609997285549	0.00586794482824
-61	25	-20	0.000516584793071	-0.00623644195365	0.00592754100521
-59	25	-20	0.000210540563622	-0.0063464785565	0.00593085170308
-57	25	-20	3.14331299859e-05	-0.0064293133051	0.005880686942
-55	25	-20	-7.61083153377e-06	-0.00648610330457	0.00578328368635
-53	25	-20	9.70574276907e-05	-0.00652018654981	0.00564703618026
-51	25	-20	0.000339016077947	-0.00653712980295	0.00548168353246
-49	25	-20	0.000702433897348	-0.00654489047062	0.00529924403414
-47	25	-20	0.00116382607615	-0.00655375953636	0.00511537588762
-45	25	-20	0.00169440251739	-0.00657579486958	0.0049495485994
-43	25	-20	0.00226240720928	-0.00662400720859	0.00482412136798
-41	25	-20	0.00283514216436	-0.00671164746415	0.00476304614538
-39	25	-20	0.00338072138198	-0.00685167400679	0.00479048103644
-37	25	-20	0.00386972715964	-0.00705619523762	0.00492908827608
-35	25	-20	0.00427679267952	-0.0073354471129	0.00519748852214
-33	25	-20	0.00458184395683	-0.00769584641401	0.00560647499278
-31	25	-20	0.00477069857753	-0.00813745800398	0.00615481911262
-29	25	-20	0.00483513841313	-0.0086526008175	0.00682732227067
-27	25	-20	0.00477268519836	-0.00922682060362	0.00759688567303
-25	25	-20	0.00458590108294	-0.00984103906874	0.0084288734183
-23	25	-20	0.00428116765531	-0.0104732077399	0.00928517229507
-21	25	-20	0.00386735666938	-0.0110992118575	0.0101271928385
-19	25	-20	0.0033548252324	-0.0116936065827	0.0109182926327
-17	25	-20	0.00275492145363	-0.0122307723523	0.0116261806483
-15	25	-20	0.00208000096567	-0.0126867851898	0.012225328081
-13	25	-20	0.00134385386352	-0.0130417945529	0.0126983932102
-11	25	-20	0.000562349224744	-0.013282089657	0.0130348581881
-9	25	-20	-0.000245977805754	-0.0134010521079	0.0132268721673
-7	25	-20	-0.00105965854013	-0.0133992112232	0.013266654232
-5	25	-20	-0.00185446924161	-0.0132838876509	0.0131488990912
-3	25	-20	-0.00260400496644	-0.0130679733906	0.0128748048473
-1	25	-20	-0.00328049006212	-0.0127676781394	0.012453452043
1	25	-20	-0.00385570938479	-0.01240011514	0.0119006613327
3	25	-20	-0.00430210013904	-0.0119816478409	0.0112372987199
5	25	-20	-0.00459418378184	-0.0115273226604	0.0104881921996
7	25	-20	-0.00471052473302	-0.0110511556202	0.00968165914276
9	25	-20	-0.00463619100668	-0.0105665541581	0.00884868267756
11	25	-20	-0.00436528024885	-0.0100858768051	0.00802033783111
13	25	-20	-0.0039027807963	-0.00961897546444	0.00722365149249
15	25	-20	-0.00326523029931	-0.00917247230175	0.00647938737731
17	25	-20	-0.00248002462449	-0.008751176202	0.00580438483506
19	25	-20	-0.00158350001013	-0.00836017472728	0.00521570814274
21	25	-20	-0.000618291924498	-0.00800576559816	0.00473296284212
23	25	-20	0.000369353031091	-0.00769524840907	0.00437837002597
25	25	-20	0.00133195848603	-0.00743636824125	0.00417568757047
27	25	-20	0.00222297738752	-0.00723686101461	0.00414861709025
29	25	-20	0.00299901787753	-0.00710408578228	0.00431863714461
31	25	-20	0.00362232331608	-0.00704440474124	0.00470182077821
33	25	-20	0.00406333264968	-0.00706188602046	0.00530435905643
35	25	-20	0.00430270941946	-0.00715651012501	0.00611781156129
37	25	-20	0.0043320809365	-0.00732318202109	0.0071169317526
39	25	-20	0.00415314391654	-0.00755247951918	0.00826191793661
41	25	-20	0.00377551525749	-0.00783214376898	0.00950327369716
43	25	-20	0.00321413832535	-0.00814793813092	0.010786478538
45	25	-20	0.00248694482403	-0.00848361664947	0.012055526013
47	25	-20	0.00161309295126	-0.00882038171465	0.0132557304118
49	25	-20	0.000611817324647	-0.00913629857414	0.0143364143225
51	25	-20	-0.000498107223516	-0.00940633520338	0.0152537206897
53	25	-20	-0.00169809812686	-0.00960424084588	0.0159729999215
55	25	-20	-0.00296839326711	-0.00970761317198	0.0164694622993
57	25	-20	-0.00428595135958	-0.00970502664112	0.0167267111423
59	25	-20	-0.0056233194514	-0.00959960188448	0.0167355579569
61	25	-20	-0.00694968110879	-0.00940503504017	0.0164951761593
63	25	-20	-0.00823293860823	-0.00913808194036	0.0160146001305
65	25	-20	-0.00944122781456	-0.00881314072486	0.0153122497193
67	25	-20	-0.0105436377851	-0.00844010529203	0.0144139788822
69	25	-20	-0.0115106625571	-0.0080242235182	0.0133511029812
71	25	-20	-0.0123148725741	-0.00756689560745	0.0121590705316
73	25	-20	-0.0129320817817	-0.00706699289514	0.0108764353712
75	25	-20	-0.0133430553652	-0.00652258525264	0.00954287963907
77	25	-20	-0.0135354890857	-0.00593292611596	0.00819473426443
79	25	-20	-0.0135056565131	-0.00530025668691	0.00685865412088
81	25	-20	-0.0132590351827	-0.0046307440483	0.00554831204325
83	25	-20	-0.0128095950651	-0.00393418768097	0.00426764112599
85	25	-20	-0.0121780474427	-0.00322288635761	0.00301699454872
87	25	-20	-0.0113897196915	-0.00251037096369	0.00179722881087
89	25	-20	-0.0104726273378	-0.00181044064012	0.000610871391995
91	25	-20	-0.00945597271832	-0.00113658785867	-0.000538303133064
93	25	-20	-0.00836899729123	-0.000501680944313	-0.00164621810981
95	25	-20	-0.00723995420662	8.23465339894e-05	-0.00270943750108
97	25	-20	-0.00609492468896	0.000605126276809	-0.00372571234904
99	25	-20	-0.0049563133007	0.00105906664838	-0.00469369526906
-99	27	-20	0.00297169995265	-0.00133956005875	0.000363433178433
-97	27	-20	0.00325143434571	-0.00156866013308	0.000634028706392
-95	27	-20	0.00352792072557	-0.00182017839124	0.000915787056098
-93	27	-20	0.00378995685711	-0.00209083297345	0.00120612721686
-91	27	-20	0.00402502805917	-0.00237664466884	0.00150197886528
-89	27	-20	0.0042203091172	-0.00267337440972	0.00180003739509
-87	27	-20	0.00436325907453	-0.00297666599752	0.00209713304618
-85	27	-20	0.00444223322766	-0.00328215762079	0.00239069940408
-83	27	-20	0.0044473199941	-0.00358568313055	0.00267934787785
-81	27	-20	0.00437144542491	-0.0038835810084	0.00296346430674
-79	27	-20	0.00421156598545	-0.00417299507273	0.0032453388851
-77	27	-20	0.00396941078117	-0.00445183020754	0.00352752800443
-75	27	-20	0.0036512736733	-0.00471810602071	0.00380873068474
-73	27	-20	0.00326761055059	-0.00496941567756	0.00408106787826
-71	27	-20	0.00283339454142	-0.00520329210259	0.00433279162377
-69	27	-20	0.00236823163309	-0.00541771253393	0.00455245870194
-67	27	-20	0.00189542753346	-0.00561107468685	0.00473075454847
-65	27	-20	0.00144043520091	-0.00578195516721	0.0048607808965
-63	27	-20	0.0010291361194	-0.00592905348251	0.00493822502402
-61	27	-20	0.000686056444618	-0.00605150163401	0.00496199500482
-59	27	-20	0.000432485180588	-0.0061495294322	0.00493531597096
-57	27	-20	0.000284586372912	-0.00622518962821	0.00486654000639
-55	27	-20	0.000251915459299	-0.00628237052486	0.00476768798125
-53	27	-20	0.000336824987145	-0.00632552141393	0.00464945992555
-51	27	-20	0.000534463878976	-0.00635868276721	0.00451778219107
-49	27	-20	0.000832837845429	-0.00638660075461	0.00437727509977
-47	27	-20	0.00121346202807	-0.00641613397017	0.0042362211149
-45	27	-20	0.0016529000774	-0.00645634568389	0.00410792124959
-43	27	-20	0.00212470232395	-0.00651783767205	0.00400964535434
-41	27	-20	0.00260132999771	-0.00661207412903	0.00396108592743
-39	27	-20	0.00305596835351	-0.0067509543714	0.00398298605123
-37	27	-20	0.00346424567488	-0.00694654220185	0.00409588044759
-35	27	-20	0.00380569905399	-0.00721040608526	0.00431829440017
-33	27	-20	0.00406438962005	-0.00755125333547	0.00466285603681
-31	27	-20	0.00422817864905	-0.00797020381763	0.00512971591748
-29	27	-20	0.0042879837305	-0.0084577431353	0.00570264304864
-27	27	-20	0.00423852474178	-0.00899648103476	0.00635314398661
-25	27	-20	0.00407911201199	-0.00956563810664	0.00704732013336
-23	27	-20	0.00381323246062	-0.0101432805013	0.00775016789399
-21	27	-20	0.00344751995657	-0.0107070362081	0.00842802298247
-19	27	-20	0.00299082754061	-0.0112347081655	0.0090508070197
-17	27	-20	0.00245367824569	-0.0117054243607	0.00959481284889
-15	27	-20	0.00184811627622	-0.0121014265229	0.0100459247687
-13	27	-20	0.00118786239369	-0.0124099695005	0.0104015492762
-11	27	-20	0.000488596974904	-0.0126238040612	0.010666556906
-9	27	-20	-0.000231832874517	-0.0127390140823	0.0108403799556
-7	27	-20	-0.000953379909079	-0.0127531136175	0.0109081776657
-5	27	-20	-0.00165395394279	-0.0126667645082	0.0108496523114
-3	27	-20	-0.00230984547454	-0.012485796861	0.0106520114171
-1	27	-20	-0.00289642972306	-0.0122206789548	0.010314259015
1	27	-20	-0.00338909290105	-0.0118847337896	0.00984579376178
3	27	-20	-0.00376438259861	-0.0114927136943	0.00926416252157
5	27	-20	-0.00400145444976	-0.0110603401511	0.00859382476982
7	27	-20	-0.00408385415448	-0.0106047081805	0.00786597750134
9	27	-20	-0.00400145412976	-0.010144654926	0.00711801743269
11	27	-20	-0.00375195334418	-0.00969893353776	0.0063890998256
13	27	-20	-0.00334130138437	-0.00928085215579	0.00570973420684
15	27	-20	-0.00278354324148	-0.00889475082741	0.00509494597461
17	27	-20	-0.00210087198282	-0.00854000294079	0.00455093205858
19	27	-20	-0.00132307344337	-0.00821678007779	0.00408513901279
21	27	-20	-0.00048583171761	-0.00792811702105	0.00371006205323
23	27	-20	0.000371510991776	-0.00767949838581	0.00344260069407
25	27	-20	0.00120820480985	-0.00747797780519	0.00330223887625
27	27	-20	0.00198422822502	-0.00733157914613	0.00330923330404
29	27	-20	0.00266237640365	-0.0072490019766	0.00348285605355
31	27	-20	0.00321032961139	-0.00723915181997	0.00383906912026
33	27	-20	0.00360255067609	-0.00730934724982	0.00438615660165
35	27	-20	0.00382167286929	-0.00746158315272	0.00511781415314
37	27	-20	0.00385900429388	-0.00769007237719	0.00600912366757
39	27	-20	0.00371399101224	-0.00798337217624	0.00702075489049
41	27	-20	0.00339283692764	-0.00832769926682	0.0081060918077
43	27	-20	0.00290670330304	-0.00870810434153	0.0092159036032
45	27	-20	0.00226989090888	-0.00910798899076	0.0103011227903
47	27	-20	0.00149823700296	-0.00950795168472	0.011315281943
49	27	-20	0.000607792904986	-0.00988435668043	0.01221731192
51	27	-20	-0.000386162335968	-0.010208040317	0.0129747177067
53	27	-20	-0.00146936078837	-0.0104447849291	0.0135659926213
55	27	-20	-0.00262682795729	-0.0105617817736	0.0139790634098
57	27	-20	-0.00383860524955	-0.0105422112242	0.0142036672454
59	27	-20	-0.00507697925804	-0.0103945455499	0.0142259113773
61	27	-20	-0.00630936616789	-0.0101429315577	0.0140338454284
63	27	-20	-0.00750278288774	-0.00981231101968	0.0136252965816
65	27	-20	-0.00862593497575	-0.00942169242064	0.0130098131654
67	27	-20	-0.0096496512648	-0.00898347108491	0.0122069404033
69	27	-20	-0.0105470309498	-0.00850461003585	0.0112441864968
71	27	-20	-0.0112938715584	-0.00798810249918	0.0101559399554
73	27	-20	-0.0118695089915	-0.00743442946223	0.00898319632257
75	27	-20	-0.0122579952398	-0.00684305910383	0.00777239260557
77	27	-20	-0.0124493680509	-0.00621409408129	0.00656911695062
79	27	-20	-0.0124406352267	-0.00554997808904	0.0054043983261
81	27	-20	-0.0122361139151	-0.00485649003708	0.00428583198527
83	27	-20	-0.0118469712216	-0.00414236516822	0.00320615212688
85	27	-20	-0.0112900963187	-0.00341824409132	0.0021565117333
87	27	-20	-0.0105866355851	-0.0026957675322	0.00113205939294
89	27	-20	-0.00976053179256	-0.00198696207623	0.000131907912451
91	27	-20	-0.00883726954049	-0.00130387142714	-0.000842515021415
93	27	-20	-0.00784286778596	-0.000658381357174	-0.00178922660514
95	27	-20	-0.0068030338537	-6.2121066554e-05	-0.00270720473419
97	27	-20	-0.00574223609474	0.000473897500857	-0.00359726953725
99	27	-20	-0.00468219634352	0.000940670172738	-0.00446126279792
-99	29	-20	0.00273757457803	-0.00134610668846	0.000255229333442
-97	29	-20	0.00298972714909	-0.001568843897	0.000492688662233
-95	29	-20	0.003238484368	-0.00181310269498	0.00073654601201
-93	29	-20	0.00347196284917	-0.00207456937728	0.000984451681266
-91	29	-20	0.00367816291181	-0.00234886917804	0.00123363846369
-89	29	-20	0.00384564380735	-0.00263181639396	0.00148115498557
-87	29	-20	0.00396374659952	-0.00291934402278	0.00172423336984
-85	29	-20	0.00402303845527	-0.00320753702919	0.00196078298434
-83	29	-20	0.00401604828412	-0.00349281622801	0.00219008517457
-81	29	-20	0.00393828136223	-0.00377227545966	0.00241380193052
-79	29	-20	0.00378939426938	-0.00404411374312	0.00263717817041
-77	29	-20	0.00357380207665	-0.00430766652716	0.00286830892606
-75	29	-20	0.00329892659912	-0.0045617502618	0.00310962458296
-73	29	-20	0.00297307048316	-0.00480291677146	0.00334949617339
-71	29	-20	0.00260741163795	-0.00502710205522	0.00357071541332
-69	29	-20	0.00221757908808	-0.0052312183882	0.00375915704561
-67	29	-20	0.00182277575985	-0.00541313086976	0.00390479298693
-65	29	-20	0.0014441806516	-0.00557134867074	0.0040009947516
-63	29	-20	0.00110329067887	-0.00570497763081	0.00404436888995
-61	29	-20	0.00082025079087	-0.00581404324329	0.00403539408113
-59	29	-20	0.0006121381441	-0.00590021248113	0.00397989905684
-57	29	-20	0.000491261551219	-0.00596778523483	0.0038910729767
-55	29	-20	0.000463982635414	-0.00602383659602	0.00378891331984
-53	29	-20	0.000531286793472	-0.00607461724376	0.00368888651665
-51	29	-20	0.000689932360955	-0.00612178338875	0.00359048352819
-49	29	-20	0.000931352227224	-0.00616624866771	0.00348858412856
-47	29	-20	0.0012411323614	-0.00621185392704	0.00338468127627
-45	29	-20	0.00160023774885	-0.0062652729441	0.00328724585462
-43	29	-20	0.00198675725698	-0.00633504120148	0.00320941672442
-41	29	-20	0.0023776627514	-0.00643083546799	0.00316707631904
-39	29	-20	0.00275052785176	-0.00656317624372	0.00317760989656
-37	29	-20	0.00308525353148	-0.00674361367118	0.00325935055335
-35	29	-20	0.00336574189053	-0.00698523324156	0.00343149332322
-33	29	-20	0.00358060801614	-0.00730132012762	0.00371180076922
-31	29	-20	0.00372049557729	-0.00769628414671	0.00410472192725
-29	29	-20	0.00377502231976	-0.00815690605961	0.00459029513554
-27	29	-20	0.00373596881203	-0.00866092126872	0.00513552591674
-25	29	-20	0.00360015826736	-0.00918597444435	0.00570661138268
-23	29	-20	0.00336906859796	-0.0097109401624	0.00627171399445
-21	29	-20	0.00304768731341	-0.0102155736901	0.00680175887005
-19	29	-20	0.0026435994237	-0.0106807289993	0.00727206608983
-17	29	-20	0.00216643216691	-0.0110893843545	0.0076652248902
-15	29	-20	0.00162762002265	-0.0114284635125	0.00797543045619
-13	29	-20	0.00104040344098	-0.0116911572472	0.0082136898913
-11	29	-20	0.000419903859685	-0.0118775474555	0.00840638105665
-9	29	-20	-0.000216973347012	-0.0119879261194	0.00856686768549
-7	29	-20	-0.000851762198025	-0.0120155752527	0.00866699331723
-5	29	-20	-0.0014645158777	-0.011953902583	0.00866571035719
-3	29	-20	-0.00203410413689	-0.0118030816232	0.00853766677681
-1	29	-20	-0.00253887551505	-0.0115694787185	0.00827501694598
1	29	-20	-0.00295755336906	-0.0112635326029	0.00788286083924
3	29	-20	-0.00327033769035	-0.0108983513223	0.00737595848577
5	29	-20	-0.00346024649571	-0.0104893920487	0.0067774627785
7	29	-20	-0.00351471504845	-0.0100552853449	0.00611957771062
9	29	-20	-0.00342733338435	-0.00961945279206	0.00544548164292
11	29	-20	-0.00319899361826	-0.00920922466046	0.00480689145593
13	29	-20	-0.00283671410022	-0.00884376840908	0.00424237456433
15	29	-20	-0.00235184472179	-0.00852210186752	0.00375602658703
17	29	-20	-0.00176169901711	-0.00823536367922	0.00333836086087
19	29	-20	-0.00109053985666	-0.00797909294426	0.0029874208565
21	29	-20	-0.000368184309684	-0.00775416120822	0.00271033647331
23	29	-20	0.000372072771869	-0.0075649523042	0.00252002265643
25	29	-20	0.00109552078324	-0.00741798589467	0.00243240989441
27	29	-20	0.00176798242257	-0.00732125866853	0.00246460177817
29	29	-20	0.00235765692753	-0.00728423096311	0.00263383399935
31	29	-20	0.00283682952968	-0.00731822162487	0.002956959321
33	29	-20	0.00318333397773	-0.00743535930012	0.00344780860742
35	29	-20	0.00338158799282	-0.00764118675204	0.00410515280622
37	29	-20	0.0034229997653	-0.00792744809291	0.00490160062066
39	29	-20	0.00330564175073	-0.00827892532682	0.00579496403805
41	29	-20	0.0030333341059	-0.00868036415648	0.00674059685198
43	29	-20	0.00261438007225	-0.00911684513726	0.00769441163044
45	29	-20	0.00206017310596	-0.00957234257493	0.00861389312024
47	29	-20	0.00138381473946	-0.0100280729768	0.0094597960092
49	29	-20	0.000598752922009	-0.0104604675536	0.0101988156753
51	29	-20	-0.000282662021366	-0.0108383050272	0.0108073166978
53	29	-20	-0.00125062291317	-0.0111193126394	0.0112756592547
55	29	-20	-0.00229721643256	-0.0112532821105	0.0116080818842
57	29	-20	-0.00340780451914	-0.0112112665519	0.0118046746735
59	29	-20	-0.00455254922394	-0.011014075779	0.0118429369792
61	29	-20	-0.00569517359472	-0.0107035530729	0.0116964795637
63	29	-20	-0.00680194354305	-0.010313164929	0.01135339106
65	29	-20	-0.00784284294691	-0.00986470013464	0.0108168665544
67	29	-20	-0.00879091144457	-0.00937152113984	0.0101016799904
69	29	-20	-0.00962193679581	-0.00884131332964	0.00923169278831
71	29	-20	-0.0103146493279	-0.00827797603238	0.00823905299005
73	29	-20	-0.0108512992663	-0.00768301343451	0.00716520074175
75	29	-20	-0.011218462053	-0.00705665580684	0.00606307614647
77	29	-20	-0.0114078637445	-0.00639905806527	0.00499367500819
79	29	-20	-0.0114169736647	-0.00571235549125	0.0039984404007
81	29	-20	-0.0112491722286	-0.00500234877599	0.00307233151226
83	29	-20	-0.0109134393034	-0.0042773721228	0.00219026889786
85	29	-20	-0.0104235944073	-0.00354683371051	0.001334129004
87	29	-20	-0.00979725389233	-0.00282071219546	0.00049529875155
89	29	-20	-0.00905472376466	-0.00210931826096	-0.000328884741567
91	29	-20	-0.00821799084442	-0.00142313422348	-0.0011382001391
93	29	-20	-0.00730990744542	-0.000772797629926	-0.00193182870285
95	29	-20	-0.00635362535354	-0.000169310592234	-0.00271031120068
97	29	-20	-0.00537223350325	0.000375590668049	-0.00347731446224
99	29	-20	-0.00438776530008	0.000850177584623	-0.00423950715858
-99	31	-20	0.00250526026823	-0.00133589543778	0.000149526301876
-97	31	-20	0.00273260192406	-0.00155104994799	0.000355565412212
-95	31	-20	0.00295683182656	-0.0017867938071	0.000563875127938
-93	31	-20	0.00316478393118	-0.00203745328549	0.000772394628104
-91	31	-20	0.0033454284753	-0.00229861550297	0.00097862324681
-89	31	-20	0.00348890133094	-0.00256636452572	0.00117992024914
-87	31	-20	0.00358634146646	-0.00283699230059	0.00137384601163
-85	31	-20	0.00363022438167	-0.00310699321302	0.00155860173114
-83	31	-20	0.00361498247443	-0.00337321993394	0.00173367126947
-81	31	-20	0.00353787667201	-0.00363319824548	0.00190090588892
-79	31	-20	0.00340023002515	-0.00388571831867	0.00206677799561
-77	31	-20	0.00320919539021	-0.00413188092627	0.00224683106605
-75	31	-20	0.00297482393013	-0.00437265954781	0.0024536535834
-73	31	-20	0.00270160638122	-0.0046024007209	0.00266574764289
-71	31	-20	0.00239673664223	-0.00481529103456	0.00285881866511
-69	31	-20	0.00207280965285	-0.00500779185609	0.0030180143243
-67	31	-20	0.00174574121172	-0.0051776504174	0.00313380162959
-65	31	-20	0.00143309973642	-0.00532345931996	0.00320022460792
-63	31	-20	0.0011526316561	-0.00544462028839	0.00321460633559
-61	31	-20	0.000920816475354	-0.00554163085469	0.00317811189834
-59	31	-20	0.000751394196783	-0.00561675013654	0.00309724675034
-57	31	-20	0.000653787710311	-0.00567532254661	0.0029871419796
-55	31	-20	0.000631342864351	-0.00572815803771	0.00287790532032
-53	31	-20	0.00068276267842	-0.00578611595298	0.00279825255797
-51	31	-20	0.000807307217291	-0.00584557732432	0.00273269076731
-49	31	-20	0.000999636813109	-0.00590300222587	0.00266418081483
-47	31	-20	0.00124841973393	-0.00596036526997	0.00259032238877
-45	31	-20	0.00153813191075	-0.00602277650241	0.00251676135151
-43	31	-20	0.00185067246044	-0.00609714009436	0.00245357965443
-41	31	-20	0.00216687529207	-0.00619147098371	0.00241337648178
-39	31	-20	0.00246800446515	-0.00631465882375	0.00241020934832
-37	31	-20	0.00273732126224	-0.00647682753893	0.00245941799818
-35	31	-20	0.00296198151692	-0.00669099821174	0.00257920401488
-33	31	-20	0.00313561756785	-0.00697710032408	0.00279533274464
-31	31	-20	0.00325412672037	-0.00734940575683	0.00312495286136
-29	31	-20	0.0033035662359	-0.0077847397037	0.00353622916324
-27	31	-20	0.00327249408927	-0.008254198136	0.00398903490152
-25	31	-20	0.00315646908854	-0.00873568611411	0.00445151210243
-23	31	-20	0.00295586435827	-0.00920996903259	0.00489586598582
-21	31	-20	0.00267452610123	-0.00965921189962	0.00529747596165
-19	31	-20	0.00231897064069	-0.0100670135897	0.0056360689266
-17	31	-20	0.00189789163363	-0.0104192842912	0.00589828213323
-15	31	-20	0.00142189904535	-0.0107059034349	0.00608206921588
-13	31	-20	0.000903437185579	-0.0109236171318	0.00620523096598
-11	31	-20	0.00035682382264	-0.0110808861351	0.00632140697126
-9	31	-20	-0.000202057737975	-0.0111877097298	0.00647938071728
-7	31	-20	-0.000756545370662	-0.0112278823852	0.00661653157875
-5	31	-20	-0.00128885040116	-0.0111867347018	0.00666561320588
-3	31	-20	-0.00178026738881	-0.0110613454167	0.00659574766468
-1	31	-20	-0.00221189122657	-0.0108558079972	0.00639687533349
1	31	-20	-0.00256545775222	-0.0105785699467	0.00607188978721
3	31	-20	-0.00282433232282	-0.0102411806667	0.00563321693788
5	31	-20	-0.00297467062065	-0.00985804268458	0.00510168605627
7	31	-20	-0.00300677556779	-0.00944731882609	0.00450749790703
9	31	-20	-0.00291674356917	-0.0090339108863	0.00389475011775
11	31	-20	-0.00270851170575	-0.00865585857216	0.00333186280006
13	31	-20	-0.00239148945413	-0.00834694459733	0.00288090784052
15	31	-20	-0.00197296900401	-0.00809156767298	0.00251909323262
17	31	-20	-0.00146550710374	-0.00786999142553	0.00221665867396
19	31	-20	-0.000889062450717	-0.00767579357793	0.0019668025802
21	31	-20	-0.000268671343275	-0.00750938446987	0.00177425748815
23	31	-20	0.000367543997905	-0.00737474021931	0.0016493642908
25	31	-20	0.000990162411688	-0.00727794199201	0.00160513350459
27	31	-20	0.00157014103908	-0.00722657214692	0.00165560804619
29	31	-20	0.00208038002816	-0.00722982730491	0.00181527386465
31	31	-20	0.00249712550978	-0.00729981344143	0.00210029785867
33	31	-20	0.00280111816517	-0.00745480768082	0.00253293658088
35	31	-20	0.00297841425898	-0.00770893279751	0.00312531917436
37	31	-20	0.00302078787379	-0.00804602303623	0.00383934661755
39	31	-20	0.00292549895613	-0.00844536202607	0.00462712164247
41	31	-20	0.00269467545972	-0.00889152899691	0.00544752570662
43	31	-20	0.00233443180558	-0.00937047584615	0.00626223119242
45	31	-20	0.00185381984721	-0.00986725057893	0.00703497203223
47	31	-20	0.00126370439192	-0.0103643534364	0.007732743297
49	31	-20	0.00057555064651	-0.0108398006962	0.0083281319438
51	31	-20	-0.000200091735881	-0.0112638815837	0.00880293956419
53	31	-20	-0.00105616099932	-0.0115920499062	0.00915451123497
55	31	-20	-0.00199379689711	-0.0117503903765	0.00940687837017
57	31	-20	-0.00301022679956	-0.0116765795294	0.00958450300683
59	31	-20	-0.00406718571711	-0.0114251710363	0.00964253669697
61	31	-20	-0.00512291537903	-0.0110621580646	0.00953691621476
63	31	-20	-0.00614476303623	-0.0106238729173	0.00925104225503
65	31	-20	-0.00710508526151	-0.010131404479	0.00878520301114
67	31	-20	-0.00797948999666	-0.00959761559716	0.00815104455295
69	31	-20	-0.00874638307907	-0.00903029976425	0.00736909749785
71	31	-20	-0.00938708194096	-0.00843395530458	0.00646813375246
73	31	-20	-0.00988623046623	-0.00781094621299	0.00548661368549
75	31	-20	-0.010232357339	-0.00716221762761	0.00447830370836
77	31	-20	-0.010418428398	-0.00648748978626	0.0035251880078
79	31	-20	-0.0104421996159	-0.00578761847569	0.00269873570125
81	31	-20	-0.0103062416505	-0.00506947262875	0.00196115551997
83	31	-20	-0.0100177575258	-0.00434154108912	0.00126352044574
85	31	-20	-0.00958805194003	-0.00361209486743	0.000583770031456
87	31	-20	-0.00903175928323	-0.0028896046519	-8.71626309705e-05
89	31	-20	-0.00836599732433	-0.00218280848973	-0.000752305419409
91	31	-20	-0.00760956055263	-0.00150066758758	-0.00141199906357
93	31	-20	-0.00678225195462	-0.00085240800581	-0.00206603737965
95	31	-20	-0.0059044830001	-0.000247844941477	-0.00271555795258
97	31	-20	-0.0049974594649	0.000301540793694	-0.00336559286107
99	31	-20	-0.00408439781739	0.000780120081547	-0.00402928201498
-99	33	-20	0.00228574765618	-0.00131608812238	4.98309723088e-05
-97	33	-20	0.00249116166202	-0.00152281597558	0.000226846587489
-95	33	-20	0.00269209848375	-0.00174795257502	0.000402831354091
-93	33	-20	0.00287606302607	-0.00198574289001	0.000575943424611
-91	33	-20	0.00303351037917	-0.00223213750075	0.000743971733142
-89	33	-20	0.00315607141904	-0.00248354332769	0.000904657476176
-87	33	-20	0.00323645090606	-0.0027365973988	0.00105598777719
-85	33	-20	0.00326872439583	-0.00298817103016	0.00119657658903
-83	33	-20	0.00324884697157	-0.00323549713479	0.00132621344168
-81	33	-20	0.0031753357092	-0.00347641595321	0.00144676124843
-79	33	-20	0.00305021971694	-0.00370984015753	0.00156401205545
-77	33	-20	0.0028813028332	-0.00393727445934	0.00169461130246
-75	33	-20	0.00268421317655	-0.00416426643274	0.00187277717881
-73	33	-20	0.00245657223272	-0.00438070209071	0.00205595945943
-71	33	-20	0.00220358527941	-0.00458052842771	0.00221939615518
-69	33	-20	0.0019357204048	-0.00476034473273	0.00234965514635
-67	33	-20	0.00166611260457	-0.00491797305779	0.00243806416218
-65	33	-20	0.0014091886771	-0.00505215434681	0.00247935543342
-63	33	-20	0.00117943907923	-0.00516255661742	0.00247147941593
-61	33	-20	0.000990211572827	-0.005250015219	0.00241607964468
-59	33	-20	0.000852503231876	-0.00531704477489	0.00231967807344
-57	33	-20	0.000773695309279	-0.00536886396764	0.00219629390534
-55	33	-20	0.000755592576919	-0.00541680635328	0.00207704488222
-53	33	-20	0.000792768887998	-0.00548158445368	0.00201939198646
-51	33	-20	0.000888818221821	-0.00554905097245	0.00197738707224
-49	33	-20	0.00104014125318	-0.00561443222139	0.00193122105399
-47	33	-20	0.0012376364895	-0.00567905124413	0.00187775352122
-45	33	-20	0.00146869619746	-0.00574689218241	0.00182064502013
-43	33	-20	0.0017185059174	-0.00582354150103	0.00176741798195
-41	33	-20	0.00197128896285	-0.00591565275537	0.00172789787906
-39	33	-20	0.0022115601964	-0.00603075276293	0.00171333964237
-37	33	-20	0.00242543673091	-0.00617751122273	0.00173627497329
-35	33	-20	0.00260221048956	-0.00636708036677	0.00181182925295
-33	33	-20	0.00273777022568	-0.00661968404327	0.00196584013704
-31	33	-20	0.00283773626681	-0.00697112205228	0.00224302461145
-29	33	-20	0.00288025383846	-0.0073768679909	0.0025850812007
-27	33	-20	0.00285350567516	-0.00780797887779	0.00295294924599
-25	33	-20	0.0027529249003	-0.00824463440621	0.00331904980904
-23	33	-20	0.0025782023729	-0.00866966365645	0.00365967212441
-21	33	-20	0.00233226040655	-0.00906742873586	0.00395431961868
-19	33	-20	0.00202062981454	-0.00942391921232	0.00418676785932
-17	33	-20	0.00165103270311	-0.00972748423648	0.00434723412024
-15	33	-20	0.00123311552921	-0.00997013705757	0.00443597881783
-13	33	-20	0.000778299977041	-0.010149826837	0.00447025347269
-11	33	-20	0.000299783565523	-0.0102772186345	0.00450853386291
-9	33	-20	-0.000187475139376	-0.010382109733	0.00467384127953
-7	33	-20	-0.000668902867578	-0.0104289092749	0.00483055018132
-5	33	-20	-0.00112869852644	-0.010401220434	0.00490789000303
-3	33	-20	-0.00155041402756	-0.0102955173485	0.00487698989679
-1	33	-20	-0.00191767392233	-0.0101145213729	0.0047271256604
1	33	-20	-0.00221492528651	-0.00986517966957	0.00445942531225
3	33	-20	-0.00242829699925	-0.00955773565462	0.00408415866614
5	33	-20	-0.00254657305629	-0.00920552947815	0.00361978107258
7	33	-20	-0.00256228157491	-0.00882565434177	0.0030935930962
9	33	-20	-0.00247297633899	-0.00844126515728	0.00254527905963
11	33	-20	-0.00228362983815	-0.00809141154957	0.00204345740665
13	33	-20	-0.00200871368338	-0.00784065824974	0.0017018799799
15	33	-20	-0.00164880392386	-0.00764218286508	0.00144230216705
17	33	-20	-0.00121373833612	-0.00747467450972	0.00123085731754
19	33	-20	-0.000720281495781	-0.00733265377658	0.00106100191548
21	33	-20	-0.000189444179921	-0.0072164698116	0.000935907953157
23	33	-20	0.000355131400398	-0.00712966298809	0.000863561329618
25	33	-20	0.000888644989474	-0.00707778635619	0.000854322408007
27	33	-20	0.00138653971581	-0.00706787944688	0.000919540386746
29	33	-20	0.00182580535182	-0.0071084929943	0.00107104583024
31	33	-20	0.00218612884204	-0.00721067223783	0.00132219287989
33	33	-20	0.0024508133693	-0.00739326613879	0.00169572280987
35	33	-20	0.00260740519234	-0.00768815079069	0.00223175205855
37	33	-20	0.00264820503065	-0.00806154562913	0.00286680816575
39	33	-20	0.00256998719847	-0.00849227316497	0.00355516551892
41	33	-20	0.0023736275715	-0.00896603767705	0.00426125104023
43	33	-20	0.00206348412187	-0.00946945873668	0.00495221609386
45	33	-20	0.00164660104718	-0.00998815627465	0.00559738489564
47	33	-20	0.00113180242547	-0.0105053371008	0.00616930748303
49	33	-20	0.000528667518106	-0.0110001203803	0.00664571837078
51	33	-20	-0.000153764660287	-0.0114448286131	0.00701249496098
53	33	-20	-0.000909179436767	-0.0117991067248	0.00726880039686
55	33	-20	-0.00174126224239	-0.0119869413522	0.00744350201315
57	33	-20	-0.0026707198655	-0.0118743363328	0.00761085926822
59	33	-20	-0.00363935677114	-0.0115879535811	0.0076784802736
61	33	-20	-0.00460651041336	-0.0111963762242	0.00759979274179
63	33	-20	-0.00554259179673	-0.0107323461847	0.00735883876923
65	33	-20	-0.0064224690693	-0.010215672851	0.00695445252136
67	33	-20	-0.00722407959194	-0.00965905393519	0.00639589212493
69	33	-20	-0.00792808907524	-0.00907071345772	0.00570091657351
71	33	-20	-0.00851796962644	-0.00845592454678	0.00489525469198
73	33	-20	-0.00898028669417	-0.00781799744671	0.00401368029297
75	33	-20	-0.00930507263018	-0.00715886161431	0.0031044727189
77	33	-20	-0.00948618871508	-0.00647872326158	0.00225014162154
79	33	-20	-0.00952156607746	-0.00577557904447	0.00158772882356
81	33	-20	-0.00941303402823	-0.0050591693238	0.00101068812493
83	33	-20	-0.00916632582904	-0.00433746204425	0.000466279862778
85	33	-20	-0.00879065568752	-0.00361761308095	-6.55457873633e-05
87	33	-20	-0.0082981413252	-0.00290686693078	-0.000593871951871
89	33	-20	-0.00770316227897	-0.00221269126965	-0.001122563999
91	33	-20	-0.00702172715836	-0.00154280039968	-0.00165305856027
93	33	-20	-0.00627093079455	-0.000905229022086	-0.00218619172587
95	33	-20	-0.00546861197142	-0.000308613832761	-0.00272379614816
97	33	-20	-0.00463348762678	0.000236916232048	-0.00327081481513
99	33	-20	-0.00378745658603	0.000715706166162	-0.00384155592379
-99	35	-20	0.00209472624399	-0.00129714894407	-4.14032184615e-05
-97	35	-20	0.00227465723478	-0.00149090166687	0.000109882785907
-95	35	-20	0.00245050024084	-0.00170184576944	0.000257436604937
-93	35	-20	0.00261081155086	-0.00192444181764	0.000399688766243
-91	35	-20	0.00274671182516	-0.00215457132888	0.000534860366447
-89	35	-20	0.0028508583281	-0.00238877474825	0.000661219984892
-87	35	-20	0.00291718324504	-0.00262395151131	0.000777374002021
-85	35	-20	0.00294107557437	-0.00285732591197	0.000882652441691
-83	35	-20	0.00291978532779	-0.00308655108711	0.000977694623011
-81	35	-20	0.0028530114428	-0.00330994785947	0.00106547535118
-79	35	-20	0.00274380394075	-0.0035270048637	0.00115350205711
-77	35	-20	0.00260000189103	-0.00373933979689	0.0012582215588
-75	35	-20	0.00243104395126	-0.0039482120279	0.00139298068269
-73	35	-20	0.00223938828881	-0.00414803410453	0.00153692493642
-71	35	-20	0.00202882183729	-0.00433291773524	0.00166636284434
-69	35	-20	0.00180735458077	-0.00449923762353	0.00176710767265
-67	35	-20	0.00158543824867	-0.00464478400117	0.00183045395234
-65	35	-20	0.00137464960534	-0.00476843096919	0.00185149270152
-63	35	-20	0.0011865926747	-0.00487013769278	0.00182879320467
-61	35	-20	0.00103185368888	-0.00495117798246	0.0017648439299
-59	35	-20	0.00091895623739	-0.00501465325683	0.00166732436273
-57	35	-20	0.000853225020756	-0.00506659296826	0.00155208666506
-55	35	-20	0.000835431232696	-0.00511809231466	0.0014491858477
-53	35	-20	0.00086351828567	-0.00517970038317	0.00138625316559
-51	35	-20	0.00093790603166	-0.00524680164797	0.0013455564421
-49	35	-20	0.00105622113941	-0.00531421282641	0.0013067085172
-47	35	-20	0.00121160565019	-0.00538177044968	0.00126304970757
-45	35	-20	0.00139410575847	-0.00545216722564	0.00121535095975
-43	35	-20	0.0015918436322	-0.00552983429084	0.00116854110992
-41	35	-20	0.00179210379228	-0.00562045026495	0.0011301324688
-39	35	-20	0.00198243737532	-0.00573085165002	0.00110950660848
-37	35	-20	0.00215186824353	-0.00586949793855	0.00111808917473
-35	35	-20	0.00229246117327	-0.00604821391886	0.00117128266611
-33	35	-20	0.00240163149618	-0.00628626943882	0.00129349426308
-31	35	-20	0.0024777639975	-0.00659788137549	0.00150220196906
-29	35	-20	0.00250808486243	-0.00696049557672	0.00176770224901
-27	35	-20	0.00248113805132	-0.0073465749302	0.00205376006462
-25	35	-20	0.00239154550999	-0.00773619632127	0.00233398302835
-23	35	-20	0.00223813558515	-0.00811312692652	0.00258732386065
-21	35	-20	0.002022894148	-0.00846332207801	0.00279682819222
-19	35	-20	0.00175037197347	-0.00877481134207	0.00295038392136
-17	35	-20	0.0014272908604	-0.00903828600102	0.00304278863281
-15	35	-20	0.00106227026859	-0.00924831766304	0.00307958245004
-13	35	-20	0.000665645499983	-0.00940571163453	0.00308496033283
-11	35	-20	0.000249359230544	-0.00952181343827	0.00311719028088
-9	35	-20	-0.000173495268836	-0.00960794187488	0.00322752184073
-7	35	-20	-0.000589569847592	-0.00964753672702	0.00335353729709
-5	35	-20	-0.000984957799259	-0.00962412199293	0.00342616726868
-3	35	-20	-0.00134537640978	-0.00953200904662	0.00341119559954
-1	35	-20	-0.00165678983598	-0.00937217648716	0.00329434838405
1	35	-20	-0.00190609017662	-0.00915017757792	0.00307403247528
3	35	-20	-0.0020818521634	-0.00887528232533	0.00275835710555
5	35	-20	-0.00217517065491	-0.00856038667492	0.00236422516147
7	35	-20	-0.00218060095116	-0.00822284544669	0.00191830098592
9	35	-20	-0.00209732418945	-0.00788720211125	0.00146136476328
11	35	-20	-0.001930722806	-0.00759125820161	0.00105847757795
13	35	-20	-0.00168965406146	-0.00736837547721	0.000768052601326
15	35	-20	-0.0013787117624	-0.00720216175268	0.000563162169693
17	35	-20	-0.00100571160765	-0.00707168971886	0.000409379592924
19	35	-20	-0.000584153617539	-0.0069690553576	0.000294775893908
21	35	-20	-0.000131362219289	-0.00689308402069	0.000218660172318
23	35	-20	0.000332989227159	-0.00684625729011	0.000185883076815
25	35	-20	0.000788152622858	-0.00683339709986	0.000204177258307
27	35	-20	0.00121348778058	-0.00686113235264	0.000282852622279
29	35	-20	0.00158954582694	-0.00693800945036	0.000432597108355
31	35	-20	0.00189901163088	-0.00707573100279	0.000667144443331
33	35	-20	0.0021274540994	-0.00729233501819	0.00100809766614
35	35	-20	0.0022638817794	-0.00760178880377	0.00146902879884
37	35	-20	0.00230107941939	-0.00798779813535	0.00201551743946
39	35	-20	0.00223553259234	-0.00842952293453	0.00260550490091
41	35	-20	0.00206714714499	-0.00891143315692	0.00320560008004
43	35	-20	0.00179879649008	-0.00941941516765	0.00378668369253
45	35	-20	0.0014356952963	-0.00993852812447	0.00432269208857
47	35	-20	0.000984620623226	-0.0104513826601	0.00479127887404
49	35	-20	0.000452936971796	-0.0109362084064	0.00517555340103
51	35	-20	-0.000152787605975	-0.0113635947475	0.00546705118073
53	35	-20	-0.000829306841154	-0.0116893535284	0.00567138069242
55	35	-20	-0.00158142297109	-0.011839958214	0.00581874416472
57	35	-20	-0.0024099240702	-0.0117534975275	0.00593725339789
59	35	-20	-0.00328007578528	-0.0114849878485	0.0059830755573
61	35	-20	-0.00415369730983	-0.0111009998722	0.0059107746399
63	35	-20	-0.00500182620419	-0.0106386468705	0.00570052891422
65	35	-20	-0.00580065822997	-0.0101200886954	0.00534823821424
67	35	-20	-0.00652977288903	-0.0095596007887	0.00486065742244
69	35	-20	-0.00717158740675	-0.00896671653409	0.00425344104155
71	35	-20	-0.00771128419108	-0.00834790003835	0.003550814269
73	35	-20	-0.00813694521196	-0.0077075156737	0.00278713313159
75	35	-20	-0.00843976464432	-0.00704828575196	0.00201245715517
77	35	-20	-0.00861425380721	-0.00637121192974	0.00130532329022
79	35	-20	-0.00865833059794	-0.00567771758182	0.000733851290264
81	35	-20	-0.00857324088893	-0.00497442347215	0.000256869165714
83	35	-20	-0.00836346604755	-0.00426879522958	-0.000178027466886
85	35	-20	-0.0080364486421	-0.00356746843824	-0.000596471200852
87	35	-20	-0.00760217406835	-0.00287689660806	-0.00101114273489
89	35	-20	-0.00707269812165	-0.0022036566906	-0.00142864040702
91	35	-20	-0.00646168036646	-0.00155460836849	-0.00185272632272
93	35	-20	-0.00578400057351	-0.000937089731654	-0.00228634098276
95	35	-20	-0.00505558950575	-0.000359350195824	-0.00273334724715
97	35	-20	-0.00429379853423	0.000168299839479	-0.00320092151489
99	35	-20	-0.00351875133591	0.000630963772113	-0.0037036198175
-99	37	-20	0.00192328982024	-0.00127442983485	-0.000120963706868
-97	37	-20	0.00208079629575	-0.00145513701355	7.68601170055e-06
-95	37	-20	0.00223271961641	-0.00165056909055	0.000130687979331
-93	37	-20	0.00237059447029	-0.00185666764948	0.000246687726163
-91	37	-20	0.00248670608132	-0.00206963465389	0.000354379972671
-89	37	-20	0.00257465446697	-0.00228618812706	0.000452649798544
-87	37	-20	0.0026293900356	-0.00250347473848	0.000540836449738
-85	37	-20	0.00264737095184	-0.00271905199826	0.000619121515589
-83	37	-20	0.00262687882402	-0.00293097255574	0.000689114382285
-81	37	-20	0.00256846238426	-0.00313796633277	0.000754743209025
-79	37	-20	0.00247542206103	-0.00333967681352	0.000823336587771
-77	37	-20	0.00235371090443	-0.00353650067224	0.000904791325169
-75	37	-20	0.00220962082235	-0.00372781276683	0.00100301847084
-73	37	-20	0.00204739339083	-0.00391023506641	0.00110760475059
-71	37	-20	0.00187132108197	-0.00407945459658	0.00120245114428
-69	37	-20	0.00168775415911	-0.00423209999692	0.00127466177805
-67	37	-20	0.00150485549139	-0.00436603216317	0.00131578366728
-65	37	-20	0.0013317161204	-0.00448028004665	0.0013212504921
-63	37	-20	0.00117743630917	-0.00457508536075	0.00129019807133
-61	37	-20	0.00105023282377	-0.0046521154256	0.00122586591225
-59	37	-20	0.000956571333497	-0.00471486625757	0.00113661074326
-57	37	-20	0.000900373096058	-0.0047691750236	0.00103727358992
-55	37	-20	0.000882699476055	-0.00482283153591	0.000947931684939
-53	37	-20	0.000902960804609	-0.00488154522908	0.000881991776939
-51	37	-20	0.000960297609409	-0.00494497557731	0.000834477137126
-49	37	-20	0.00105223280172	-0.00501067801659	0.000793500293288
-47	37	-20	0.00117349655385	-0.00507811560043	0.000751924295522
-45	37	-20	0.0013163767198	-0.0051490347169	0.000708358794441
-43	37	-20	0.00147155053939	-0.00522696424126	0.000665541036565
-41	37	-20	0.00162899906423	-0.00531688293445	0.000629090703926
-39	37	-20	0.00177896504799	-0.0054252033334	0.000606937269199
-37	37	-20	0.00191297056064	-0.00556015191118	0.000609454402763
-35	37	-20	0.00202482282992	-0.00573241836317	0.000650091383554
-33	37	-20	0.00211074899907	-0.00595394658062	0.000743763783875
-31	37	-20	0.00216633653027	-0.00622899036197	0.000895502797456
-29	37	-20	0.00218341887017	-0.00654550130649	0.00108960501055
-27	37	-20	0.00215355738057	-0.00688385870346	0.00130091263502
-25	37	-20	0.00207148985494	-0.00722595442899	0.00150663495236
-23	37	-20	0.0019354246416	-0.00755658745785	0.00168851558039
-21	37	-20	0.0017465168562	-0.00786306596103	0.00183290707348
-19	37	-20	0.00150839143437	-0.00813516579962	0.00193158284702
-17	37	-20	0.00122678122602	-0.00836559871415	0.00198364936309
-15	37	-20	0.000909249483884	-0.00855094077425	0.00199873597881
-13	37	-20	0.000564962136865	-0.00869280056298	0.0020009129983
-11	37	-20	0.000204437299307	-0.00879725573944	0.00202601067283
-9	37	-20	-0.000160875308842	-0.00886729029988	0.00209234894292
-7	37	-20	-0.000519048777464	-0.00889531598977	0.00217199287983
-5	37	-20	-0.000857845481142	-0.00887079737018	0.00221990107496
-3	37	-20	-0.00116495191294	-0.0087879811212	0.00220363842144
-1	37	-20	-0.00142845014715	-0.00864666579418	0.00210657808453
1	37	-20	-0.00163740620069	-0.00845129904579	0.00192462631534
3	37	-20	-0.00178252617457	-0.00821039447536	0.00166385152087
5	37	-20	-0.00185686946226	-0.00793651537361	0.00133964617207
7	37	-20	-0.00185660993159	-0.00764690663916	0.000977345025563
9	37	-20	-0.00178177044264	-0.0073645487804	0.000613749856373
11	37	-20	-0.00163635570163	-0.0071165418793	0.000294110165455
13	37	-20	-0.00142639013062	-0.00692136630084	4.98674353658e-05
15	37	-20	-0.00115779550149	-0.00677649551509	-0.000123045703809
17	37	-20	-0.000838255924014	-0.00667062505344	-0.000243415089229
19	37	-20	-0.000478916702419	-0.00659622022101	-0.000323465423509
21	37	-20	-9.39784516502e-05	-0.00655087694901	-0.000366949708913
23	37	-20	0.000300319890873	-0.00653592543168	-0.000371987483106
25	37	-20	0.000686747515367	-0.00655535585912	-0.000333291026045
27	37	-20	0.00104806835297	-0.00661529420302	-0.000243362675319
29	37	-20	0.0013679361317	-0.00672396698819	-9.27588856884e-05
31	37	-20	0.00163166440765	-0.00689196285859	0.000130282284245
33	37	-20	0.00182684349309	-0.00713099905653	0.000438086945557
35	37	-20	0.00194379215135	-0.00744635003125	0.000832197545403
37	37	-20	0.00197581159062	-0.0078295155052	0.00129257513392
39	37	-20	0.00191920064511	-0.00826501625111	0.00178879446471
41	37	-20	0.00177307742503	-0.00873734974567	0.00229179389493
43	37	-20	0.00153903832919	-0.00923143239561	0.00277603720406
45	37	-20	0.00122065196282	-0.00973123464555	0.00321954681818
47	37	-20	0.00082277786722	-0.0102181806758	0.00360455104774
49	37	-20	0.00035066708666	-0.0106691294733	0.00391900245724
51	37	-20	-0.000191239462507	-0.0110534707396	0.00415900535691
53	37	-20	-0.000800682545185	-0.0113296576141	0.00433172923308
55	37	-20	-0.00147697551202	-0.0114482541572	0.0044539535759
57	37	-20	-0.00221249645293	-0.0113811052065	0.00453308981665
59	37	-20	-0.0029843620107	-0.0111498815492	0.00454847488815
61	37	-20	-0.00376334819084	-0.0107974927923	0.00447061089337
63	37	-20	-0.00452301360906	-0.01035887209	0.00428071571428
65	37	-20	-0.00524096055219	-0.00985787123693	0.00397283249422
67	37	-20	-0.00589815753572	-0.00931063807187	0.00355170403505
69	37	-20	-0.00647846421745	-0.00872835511979	0.00303134179583
71	37	-20	-0.0069684622991	-0.00811893544271	0.00243483781971
73	37	-20	-0.00735746076512	-0.00748802113488	0.00179555722891
75	37	-20	-0.00763757129423	-0.00683955725719	0.00115920800284
77	37	-20	-0.00780377954658	-0.00617639753555	0.000580073654666
79	37	-20	-0.00785395449929	-0.00550187906424	9.30446510523e-05
81	37	-20	-0.00778878601593	-0.0048212845449	-0.000313588143806
83	37	-20	-0.00761167428121	-0.00414080891959	-0.000671814383938
85	37	-20	-0.00732853533428	-0.00346646722478	-0.00100688863215
87	37	-20	-0.00694751910736	-0.00280409440105	-0.00133465273463
89	37	-20	-0.00647868092635	-0.00215960661951	-0.00166491974841
91	37	-20	-0.00593365586343	-0.00153924960955	-0.00200433306962
93	37	-20	-0.00532539887397	-0.000949877882276	-0.00235841021807
95	37	-20	-0.00466806556923	-0.000399367231856	-0.00273320719569
97	37	-20	-0.00397701340952	0.000102876200825	-0.00313675201967
99	37	-20	-0.00326808805253	0.000546570323162	-0.00357859909644
-99	39	-20	0.00176718702993	-0.00124642763208	-0.00018687289955
-97	39	-20	0.00190544909831	-0.00141442474045	-7.77491727795e-05
-95	39	-20	0.00203660648614	-0.00159464930589	2.43686688224e-05
-93	39	-20	0.0021545208105	-0.00178417048497	0.000118428951739
-91	39	-20	0.00225306274523	-0.0019798432396	0.000203603737042
-89	39	-20	0.0023269520698	-0.00217875744141	0.000279386838921
-87	39	-20	0.00237209997914	-0.00237836726288	0.000345802164718
-85	39	-20	0.00238583728739	-0.00257654451706	0.00040372214421
-83	39	-20	0.00236716228047	-0.00277164517738	0.00045529002838
-81	39	-20	0.0023169888982	-0.00296258190501	0.000504341583678
-79	39	-20	0.00223823525153	-0.00314879700272	0.00055633558678
-77	39	-20	0.00213537623421	-0.00332987049815	0.00061652972867
-75	39	-20	0.00201325840377	-0.00350463404887	0.000685760475191
-73	39	-20	0.00187624251113	-0.00367062720539	0.000757792615093
-71	39	-20	0.0017287687707	-0.00382474796344	0.000822290271823
-69	39	-20	0.0015762361823	-0.00396425644866	0.000869386186954
-67	39	-20	0.00142511781901	-0.00408730496224	0.000891913238663
-65	39	-20	0.00128250321869	-0.00419313134496	0.000885970895326
-63	39	-20	0.0011554380887	-0.0042821847055	0.000851118630964
-61	39	-20	0.00105023020393	-0.00435628329608	0.000790685698611
-59	39	-20	0.000971806650236	-0.00441877351968	0.000712149496871
-57	39	-20	0.000923247395721	-0.00447445500067	0.00062688987906
-55	39	-20	0.000905746736991	-0.00452867246193	0.000547538065894
-53	39	-20	0.00091913952969	-0.00458527108881	0.000481988683545
-51	39	-20	0.000962319825635	-0.00464527572611	0.000429478853664
-49	39	-20	0.00103285514697	-0.00470819231776	0.000384271493137
-47	39	-20	0.00112649378867	-0.00477403803759	0.000341405947612
-45	39	-20	0.00123723849923	-0.00484424730043	0.00029911574058
-43	39	-20	0.00135785126709	-0.00492176958065	0.000258855267231
-41	39	-20	0.00148053990937	-0.00501097580939	0.000224735529315
-39	39	-20	0.00159770227681	-0.00511761726977	0.00020308416745
-37	39	-20	0.00170263192021	-0.00524879981675	0.000202176881553
-35	39	-20	0.00178995884657	-0.00541250025019	0.000231538773234
-33	39	-20	0.001855303691	-0.0056153655039	0.000299180812441
-31	39	-20	0.00189387993663	-0.00585817072036	0.000405927287157
-29	39	-20	0.0018996146098	-0.00613298323644	0.000541933887305
-27	39	-20	0.00186639584787	-0.00642614984586	0.000690616673049
-25	39	-20	0.00178985229844	-0.00672300712074	0.000834806909576
-23	39	-20	0.0016681046412	-0.00701028358847	0.000960070425681
-21	39	-20	0.0015017599121	-0.00727683069817	0.00105607914009
-19	39	-20	0.00129366694354	-0.00751394949073	0.00111771351582
-17	39	-20	0.00104864148938	-0.00771577950757	0.0011465027824
-15	39	-20	0.000773207706042	-0.00787973042123	0.00115214438833
-13	39	-20	0.000475346076951	-0.00800648798071	0.001152375816
-11	39	-20	0.000164208496113	-0.00809842562113	0.00116679548019
-9	39	-20	-0.000150229705329	-0.00815582742015	0.00120235967742
-7	39	-20	-0.000457516482526	-0.00817447475361	0.00124407601167
-5	39	-20	-0.000746999758319	-0.00814822824881	0.00126472799737
-3	39	-20	-0.00100812596889	-0.00807298847723	0.0012398259657
-1	39	-20	-0.00123084489331	-0.00794849712376	0.00115429349256
1	39	-20	-0.00140610434728	-0.00777858494262	0.00100319101423
3	39	-20	-0.00152639779255	-0.00757104262563	0.000790902611976
5	39	-20	-0.00158633114394	-0.0073375768943	0.000530504572565
7	39	-20	-0.00158314976301	-0.00709381442895	0.00024342821438
9	39	-20	-0.0015170674523	-0.00685865804418	-4.18193108372e-05
11	39	-20	-0.00139104684293	-0.0066511627229	-0.000295134761387
13	39	-20	-0.00120983984803	-0.00648400265159	-0.000496214259144
15	39	-20	-0.000979251156596	-0.0063592763457	-0.000642022236799
17	39	-20	-0.000706620858173	-0.00627250388603	-0.000740251943076
19	39	-20	-0.000401528147019	-0.00621893794369	-0.000798908756197
21	39	-20	-7.5753219102e-05	-0.0061964198533	-0.000821906597142
23	39	-20	0.000257307207186	-0.00620569342215	-0.000809006873243
25	39	-20	0.000583410511999	-0.0062500013759	-0.000756873550603
27	39	-20	0.000888251568312	-0.00633466539933	-0.000659984349966
29	39	-20	0.00115818278261	-0.006466713263	-0.000511245338386
31	39	-20	0.00138082875286	-0.00665415655219	-0.000302916096302
33	39	-20	0.0015455733058	-0.00690387021983	-2.94951231439e-05
35	39	-20	0.00164391101175	-0.00721755427523	0.000306572018021
37	39	-20	0.00166965509687	-0.00758908166298	0.000691400257685
39	39	-20	0.00161899427027	-0.00800657505441	0.00110354914192
41	39	-20	0.00149040396653	-0.00845579635613	0.00152012177651
43	39	-20	0.00128441356531	-0.00892146121667	0.0019200355962
45	39	-20	0.00100322226585	-0.00938689648197	0.00228531582346
47	39	-20	0.000650160656556	-0.00983297821621	0.0026020407388
49	39	-20	0.000229017634578	-0.0102367168228	0.00286152097118
51	39	-20	-0.000256643209854	-0.0105698975514	0.00306155638583
53	39	-20	-0.000803662873156	-0.0107994255461	0.00320660929954
55	39	-20	-0.00140766231056	-0.0108936475093	0.00330397791942
57	39	-20	-0.00205894825239	-0.0108368552623	0.00335446625167
59	39	-20	-0.00273997632899	-0.0106386495862	0.00334642983657
61	39	-20	-0.00342848790903	-0.0103245466688	0.00326228769283
63	39	-20	-0.00410221452771	-0.00992143823759	0.00308844072727
65	39	-20	-0.00474112828308	-0.00945121658947	0.00281974820011
67	39	-20	-0.00532789918001	-0.00893034167247	0.00246009689297
69	39	-20	-0.00584784046437	-0.00837105361492	0.00202200412255
71	39	-20	-0.00628882318692	-0.0077825674866	0.00152640005733
73	39	-20	-0.00664123938545	-0.00717192397949	0.00100253091617
75	39	-20	-0.00689798841476	-0.00654458829948	0.000486463379978
77	39	-20	-0.00705445206667	-0.00590507696403	1.4187707199e-05
79	39	-20	-0.00710844123876	-0.00525781345264	-0.00039272880962
81	39	-20	-0.00706011960713	-0.00460773279793	-0.000736472144633
83	39	-20	-0.00691191091421	-0.00396010259081	-0.00103457984067
85	39	-20	-0.00666837361952	-0.00332014581661	-0.00130657531116
87	39	-20	-0.00633602728254	-0.00269300903169	-0.00156815748096
89	39	-20	-0.00592313696425	-0.00208395789719	-0.00183095209979
91	39	-20	-0.00543948004598	-0.00149861707399	-0.00210386909141
93	39	-20	-0.00489612388824	-0.000943197524564	-0.00239452742404
95	39	-20	-0.00430520404696	-0.000424660655997	-0.00271034159166
97	39	-20	-0.0036795309387	4.94511413449e-05	-0.00305886923176
99	39	-20	-0.0030315288	0.000472263564597	-0.00344643252929
-99	41	-20	0.00162482461015	-0.00121347267769	-0.00023823278042
-97	41	-20	0.00174649232815	-0.0013690789359	-0.000145640473761
-95	41	-20	0.0018599843894	-0.00153472598328	-6.10210572001e-05
-93	41	-20	0.00196076175435	-0.00170820299775	1.49413681943e-05
-91	41	-20	0.00204415143149	-0.00188699532311	8.18937842964e-05
-89	41	-20	0.00210602079192	-0.00206865044411	0.00013987119108
-87	41	-20	0.00214319285223	-0.00225097589343	0.00018942760567
-85	41	-20	0.00215371349096	-0.00243213953303	0.000231832560608
-83	41	-20	0.00213704779028	-0.00261072211504	0.00026927369694
-81	41	-20	0.0020941906182	-0.00278571263246	0.000304898131207
-79	41	-20	0.00202759066558	-0.00295637999666	0.000342337339897
-77	41	-20	0.00194076317944	-0.00312194415771	0.000384307446281
-75	41	-20	0.00183766888587	-0.00328113080948	0.000430604927918
-73	41	-20	0.00172230629677	-0.00343197631571	0.000477151296329
-71	41	-20	0.0015988354293	-0.0035721405437	0.000517268103735
-69	41	-20	0.00147190698958	-0.00369947696961	0.000544019694593
-67	41	-20	0.00134674375971	-0.00381249882254	0.000551986744531
-65	41	-20	0.00122889535906	-0.00391065864155	0.000538159763599
-63	41	-20	0.00112380067197	-0.00399451176326	0.000502347437751
-61	41	-20	0.00103629382563	-0.00406580759938	0.00044737846826
-59	41	-20	0.000970160712352	-0.00412746279695	0.000379032485394
-57	41	-20	0.000927855683291	-0.00418326028104	0.000305258797671
-55	41	-20	0.000910479941646	-0.00423709129234	0.000234112732525
-53	41	-20	0.000917983428739	-0.0042919073668	0.000170813492443
-51	41	-20	0.000949310304818	-0.00434917824493	0.000116154499639
-49	41	-20	0.00100228549426	-0.00440941796413	6.78642555743e-05
-47	41	-20	0.00107344528352	-0.00447322101338	2.33224907033e-05
-45	41	-20	0.00115809230141	-0.00454201697928	-1.85939268507e-05
-43	41	-20	0.00125061318532	-0.00461837989322	-5.69291742575e-05
-41	41	-20	0.00134495598293	-0.0047060697028	-8.87462608719e-05
-39	41	-20	0.00143515127068	-0.00480992530023	-0.000109452278849
-37	41	-20	0.00151575082307	-0.0049355354506	-0.000113301336641
-35	41	-20	0.00158200648616	-0.00508837679355	-9.44274354517e-05
-33	41	-20	0.00162960865295	-0.00527204504259	-4.89095683915e-05
-31	41	-20	0.0016541082886	-0.00548595110708	2.25204674817e-05
-29	41	-20	0.00165068483825	-0.00572420476696	0.000113220445568
-27	41	-20	0.00161473285055	-0.00597690181858	0.000212334380575
-25	41	-20	0.00154280123377	-0.00623261032872	0.000307962985193
-23	41	-20	0.00143322690111	-0.00648034262244	0.000389736657857
-21	41	-20	0.00128633727157	-0.00671064501573	0.000450414724812
-19	41	-20	0.00110439088206	-0.00691617140035	0.000486996988688
-17	41	-20	0.000891405474899	-0.00709201928076	0.000501594566584
-15	41	-20	0.000652942818431	-0.00723581904511	0.000501680470227
-13	41	-20	0.000395867631365	-0.007347294421	0.000498544224544
-11	41	-20	0.000128075133391	-0.00742694150513	0.000502525981625
-9	41	-20	-0.00014181183309	-0.00747414249334	0.000516072237859
-7	41	-20	-0.000404750291258	-0.00748623709434	0.000530220608825
-5	41	-20	-0.000651572650285	-0.00745962873925	0.000528522666279
-3	41	-20	-0.00087329929899	-0.00739185824457	0.000494414454828
-1	41	-20	-0.00106150248297	-0.00728312979705	0.000416443100327
1	41	-20	-0.0012087213308	-0.00713697620853	0.000290315145047
3	41	-20	-0.00130890247394	-0.00696040858461	0.000119176913444
5	41	-20	-0.00135782431568	-0.00676380123149	-8.67699958118e-05
7	41	-20	-0.00135343463388	-0.00656043846026	-0.000311150396371
9	41	-20	-0.00129598416255	-0.00636527881603	-0.000533492787412
11	41	-20	-0.00118782920691	-0.00619238632043	-0.000733513826407
13	41	-20	-0.00103296516068	-0.0060515380421	-0.000896879067453
15	41	-20	-0.000836692745942	-0.00594644758189	-0.00101838998517
17	41	-20	-0.00060570668611	-0.00587632277465	-0.00109970207155
19	41	-20	-0.00034831758231	-0.00583902253156	-0.0011444987702
21	41	-20	-7.44076199892e-05	-0.00583335852123	-0.00115519474899
23	41	-20	0.000204935443953	-0.0058600217986	-0.00113190627053
25	41	-20	0.00047796742282	-0.00592168066038	-0.00107264176117
27	41	-20	0.00073288579689	-0.00602269982931	-0.000973872762425
29	41	-20	0.000958388373258	-0.00616857558717	-0.000831265995033
31	41	-20	0.00114414026858	-0.0063648805003	-0.000640878396796
33	41	-20	0.00128112866126	-0.00661543277479	-0.000401313159446
35	41	-20	0.00136191313032	-0.00692002324342	-0.00011646631216
37	41	-20	0.00138079163914	-0.0072731388241	0.000203192668618
39	41	-20	0.00133389138373	-0.00766467345402	0.000542282088707
41	41	-20	0.00121917174249	-0.00808158455322	0.000883631925012
43	41	-20	0.00103631348531	-0.00850900716071	0.00121080746508
45	41	-20	0.0007864779273	-0.00893045823567	0.00150965029059
47	41	-20	0.000471950793831	-0.00932744341667	0.00176931696214
49	41	-20	9.57411551633e-05	-0.00967890109722	0.00198310069998
51	41	-20	-0.000338681615319	-0.00996113970029	0.00214882296291
53	41	-20	-0.000827137932601	-0.0101494959767	0.00226801854943
55	41	-20	-0.00136354368296	-0.010223132699	0.0023429727107
57	41	-20	-0.00193807660729	-0.010171981557	0.00237230381748
59	41	-20	-0.00253636540445	-0.0100003585157	0.00234879381967
61	41	-20	-0.0031408906621	-0.0097233323788	0.00226211152906
63	41	-20	-0.00373341187264	-0.00935976057611	0.00210380193695
65	41	-20	-0.00429675697894	-0.00892745842658	0.00187085285248
67	41	-20	-0.00481565805049	-0.0084414892576	0.00156714522738
69	41	-20	-0.00527703938761	-0.00791415801449	0.00120369316714
71	41	-20	-0.00567009273765	-0.00735551686768	0.000798324351525
73	41	-20	-0.00598627313353	-0.00677386460843	0.000374680277541
75	41	-20	-0.00621924442905	-0.00617613001803	-4.04294081651e-05
77	41	-20	-0.00636478194817	-0.00556821612479	-0.000422550581692
79	41	-20	-0.00642065649666	-0.00495536889747	-0.000756954199739
81	41	-20	-0.00638653743584	-0.00434246316919	-0.00104263399126
83	41	-20	-0.00626393257542	-0.00373410586395	-0.0012892347648
85	41	-20	-0.00605614153537	-0.00313469329181	-0.00151064127125
87	41	-20	-0.00576818020323	-0.00254856743425	-0.00172047077672
89	41	-20	-0.00540665054662	-0.00198023834682	-0.00193050593955
91	41	-20	-0.00497955663903	-0.00143458237851	-0.00215078409644
93	41	-20	-0.00449607383729	-0.000916953704909	-0.0023901787658
95	41	-20	-0.00396624166549	-0.000433126630266	-0.00265681123681
97	41	-20	-0.00340046777584	1.11161512842e-05	-0.00295782520876
99	41	-20	-0.00280869289342	0.000410972131976	-0.00329818918283
-99	43	-20	0.00149523512917	-0.00117640120497	-0.000275015975174
-97	43	-20	0.00160258232574	-0.00131999683929	-0.000196213583965
-95	43	-20	0.00170108131498	-0.0014717586556	-0.000126099979381
-93	43	-20	0.00178733566551	-0.00162994969108	-6.49589224357e-05
-91	43	-20	0.00185785857916	-0.00179256291628	-1.2680994232e-05
-89	43	-20	0.0019095437867	-0.00195758102476	3.12259014097e-05
-87	43	-20	0.00194002763091	-0.00212316255057	6.76778730704e-05
-85	43	-20	0.00194794091418	-0.00228775295186	9.8089564394e-05
-83	43	-20	0.00193306586122	-0.00245012987536	0.00012440961329
-81	43	-20	0.00189638214896	-0.00260936987579	0.000148987407271
-79	43	-20	0.00183995793817	-0.00276470699146	0.000174106069356
-77	43	-20	0.00176666681968	-0.00291528260493	0.000201123119276
-75	43	-20	0.00167982246588	-0.00305988552578	0.000229531395938
-73	43	-20	0.00158293046708	-0.00319687027928	0.000256614829994
-71	43	-20	0.00147967134219	-0.00332435952524	0.000278090369264
-69	43	-20	0.00137399835708	-0.00344062850001	0.000289351864276
-67	43	-20	0.0012701508359	-0.00354448525193	0.000286643689916
-65	43	-20	0.00117249743308	-0.00363554464674	0.000267841468564
-63	43	-20	0.00108524671339	-0.00371438446889	0.00023286135534
-61	43	-20	0.00101210879496	-0.00378258560064	0.000183773278006
-59	43	-20	0.000955994886299	-0.00384262107965	0.000124576922462
-57	43	-20	0.000918830928396	-0.00389752722923	6.04842530172e-05
-55	43	-20	0.000901524521406	-0.00395034433564	-3.35736569379e-06
-53	43	-20	0.000904039549268	-0.00400351282163	-6.33022143652e-05
-51	43	-20	0.000925455368146	-0.00405859612428	-0.000117927414812
-49	43	-20	0.000963937852395	-0.00411654056117	-0.000167528811618
-47	43	-20	0.0010166950127	-0.00417826314218	-0.000212898254059
-45	43	-20	0.00108003999973	-0.00424519569944	-0.000254253728268
-43	43	-20	0.00114960579464	-0.00431959374429	-0.000290713677115
-41	43	-20	0.00122066882253	-0.00440460372075	-0.000320237949277
-39	43	-20	0.00128849704072	-0.00450410868876	-0.000339866270505
-37	43	-20	0.00134862034017	-0.0046222967246	-0.000346206174729
-35	43	-20	0.00139691999254	-0.00476283093827	-0.000336253214151
-33	43	-20	0.00142949588446	-0.00492760753211	-0.000308574793512
-31	43	-20	0.00144244356976	-0.00511549359092	-0.00026449754088
-29	43	-20	0.00143183377118	-0.00532181902755	-0.000208520112007
-27	43	-20	0.0013940633518	-0.00553906255984	-0.000147495937494
-25	43	-20	0.00132641030218	-0.00575829837005	-8.90330569775e-05
-23	43	-20	0.00122749913384	-0.00597063259762	-3.98867555876e-05
-21	43	-20	0.00109753822693	-0.00616823458127	-4.71892398367e-06
-19	43	-20	0.000938354845922	-0.00634495972116	1.47565782825e-05
-17	43	-20	0.00075330180024	-0.00649664571027	2.02010593756e-05
-15	43	-20	0.000547091326778	-0.00662106797983	1.63622229054e-05
-13	43	-20	0.000325583632317	-0.00671744877444	9.5762857673e-06
-11	43	-20	9.55412633225e-05	-0.00678550399712	4.86675115137e-06
-9	43	-20	-0.000135640803144	-0.00682439177438	2.66863174892e-06
-7	43	-20	-0.000360215426329	-0.00683228409052	-2.57316996344e-06
-5	43	-20	-0.00057036742121	-0.00680697020579	-2.06270768078e-05
-3	43	-20	-0.000758511178855	-0.00674708791475	-6.18174906454e-05
-1	43	-20	-0.000917614124143	-0.00665326347334	-0.000133733908795
1	43	-20	-0.00104154348342	-0.00652879222846	-0.000239345475429
3	43	-20	-0.00112541503671	-0.00637985972498	-0.000376361734739
5	43	-20	-0.00116590517561	-0.00621537169581	-0.000537428455246
7	43	-20	-0.00116146974838	-0.00604634037501	-0.000711024424571
9	43	-20	-0.00111240366053	-0.00588466117228	-0.000883225401495
11	43	-20	-0.00102070813299	-0.00574125470997	-0.00104040529909
13	43	-20	-0.00088983885196	-0.0056241244313	-0.00117214754247
15	43	-20	-0.000724510249512	-0.00553742730964	-0.0012727985215
17	43	-20	-0.000530658473526	-0.00548217659991	-0.00134075573269
19	43	-20	-0.000315461955885	-0.00545794715601	-0.00137640684714
21	43	-20	-8.7247575059e-05	-0.00546447676491	-0.00138028701108
23	43	-20	0.000144783869031	-0.00550260707755	-0.00135215683232
25	43	-20	0.000370966986461	-0.00557458667467	-0.00129085752632
27	43	-20	0.000581629746139	-0.00568390434451	-0.001194613516
29	43	-20	0.000767517532944	-0.00583471344893	-0.00106161989076
31	43	-20	0.000920122087654	-0.00603079659689	-0.000890940516528
33	43	-20	0.00103189369508	-0.00627409891777	-0.000683730803255
35	43	-20	0.00109637054333	-0.00656322723545	-0.000444436313261
37	43	-20	0.00110829330417	-0.00689264899449	-0.000181215930254
39	43	-20	0.0010637406913	-0.00725299287077	9.48480170491e-05
41	43	-20	0.000960248617782	-0.00763203115836	0.000371312143281
43	43	-20	0.000796843034183	-0.00801560382399	0.00063595032723
45	43	-20	0.000573951729249	-0.00838811411197	0.000877989205441
47	43	-20	0.000293222252949	-0.00873267393979	0.001088998723
49	43	-20	-4.26688764525e-05	-0.00903122070564	0.00126344240688
51	43	-20	-0.000430073959877	-0.0092650805728	0.00139870600015
53	43	-20	-0.000864122663492	-0.00941654440203	0.00149427211592
55	43	-20	-0.00133808682618	-0.00947170195784	0.00154991502106
57	43	-20	-0.00184264918496	-0.00942362670717	0.00156362514936
59	43	-20	-0.00236572356062	-0.00927384154694	0.00153079568756
61	43	-20	-0.00289320378513	-0.00903085543652	0.00144555693264
63	43	-20	-0.00341026403232	-0.00870698032612	0.00130337731758
65	43	-20	-0.00390255848334	-0.00831549833949	0.00110339488122
67	43	-20	-0.0043570186915	-0.00786909096817	0.000849744120935
69	43	-20	-0.00476229413044	-0.00737930016771	0.000551933557387
71	43	-20	-0.00510896355148	-0.00685649802812	0.00022445266253
73	43	-20	-0.00538959334207	-0.00630998101679	-0.000114483754525
75	43	-20	-0.00559866854935	-0.00574799828039	-0.000445399691638
77	43	-20	-0.00573242242597	-0.00517768478555	-0.000751320938515
79	43	-20	-0.00578863549718	-0.00460499200263	-0.00102177573859
81	43	-20	-0.00576650589313	-0.00403474789542	-0.00125483859226
83	43	-20	-0.00566664190367	-0.00347091029819	-0.00145596422525
85	43	-20	-0.00549112508384	-0.00291696002824	-0.00163487470654
87	43	-20	-0.00524354350201	-0.00237630515088	-0.00180269102712
89	43	-20	-0.00492893086772	-0.00185258455294	-0.00197033312398
91	43	-20	-0.00455360425433	-0.00134982414206	-0.00214798918771
93	43	-20	-0.00412491641257	-0.000872436339334	-0.00234506593515
95	43	-20	-0.00365092380332	-0.000425037903029	-0.00257009149909
97	43	-20	-0.00313994520112	-1.20301876139e-05	-0.00283019976641
99	43	-20	-0.00260000406926	0.00036306596541	-0.0031301025558
-99	45	-20	0.00137762459035	-0.00113622413599	-0.000297936423164
-97	45	-20	0.00147261528554	-0.00126827004286	-0.0002305192318
-95	45	-20	0.00155836041603	-0.00140686973305	-0.000172384410704
-93	45	-20	0.00163232838784	-0.00155061625556	-0.000123383341506
-91	45	-20	0.00169197450999	-0.00169789183822	-8.29485428442e-05
-89	45	-20	0.00173504814905	-0.00184704769101	-5.02004056153e-05
-87	45	-20	0.00175986995016	-0.00199655705784	-2.39893738694e-05
-85	45	-20	0.00176554417405	-0.00214512087874	-2.90812655328e-06
-83	45	-20	0.00175208780459	-0.00229171502538	1.46541526632e-05
-81	45	-20	0.00172045673016	-0.00243556121489	3.0339140681e-05
-79	45	-20	0.00167244924119	-0.00257600010478	4.54852460627e-05
-77	45	-20	0.00161049503566	-0.00271227598603	6.06821639069e-05
-75	45	-20	0.00153740041969	-0.00284332276833	7.53943787301e-05
-73	45	-20	0.00145616370687	-0.00296770412903	8.78860794217e-05
-71	45	-20	0.00136992082775	-0.00308379058943	9.55564038973e-05
-69	45	-20	0.00128196330735	-0.00319009223544	9.55725712464e-05
-67	45	-20	0.00119571932489	-0.00328559375197	8.55594895287e-05
-65	45	-20	0.00111463746092	-0.0033699971865	6.4144526252e-05
-63	45	-20	0.00104198447664	-0.00344385018601	3.12658999986e-05
-61	45	-20	0.000980608810472	-0.00350855620722	-1.17801082086e-05
-59	45	-20	0.000932731585755	-0.00356624614087	-6.25627166586e-05
-57	45	-20	0.000899817875151	-0.00361948330935	-0.000117995123929
-55	45	-20	0.00088254958447	-0.00367082536725	-0.000174965810568
-53	45	-20	0.000880866663368	-0.00372239054428	-0.000230911712116
-51	45	-20	0.000894003550152	-0.0037756641918	-0.000284108823423
-49	45	-20	0.000920480279971	-0.0038316690852	-0.000333584988422
-47	45	-20	0.00095808838007	-0.00389137406839	-0.000378749028207
-45	45	-20	0.00100394377382	-0.00395610076	-0.000418958541707
-43	45	-20	0.00105463807793	-0.00402777080841	-0.000453232798554
-41	45	-20	0.00110646305666	-0.00410894934156	-0.000480203214217
-39	45	-20	0.00115564862013	-0.00420267611785	-0.00049829717435
-37	45	-20	0.00119854288324	-0.00431205568822	-0.000506106591646
-35	45	-20	0.00123167472322	-0.00443957664853	-0.000502856269925
-33	45	-20	0.00125169372312	-0.00458623143038	-0.000488833205923
-31	45	-20	0.00125528136132	-0.00475072408578	-0.000465623574864
-29	45	-20	0.00123919344088	-0.00492919179286	-0.000436078084235
-27	45	-20	0.00120051758024	-0.00511565833532	-0.00040399663167
-25	45	-20	0.00113705984458	-0.00530300403652	-0.00037354745889
-23	45	-20	0.00104769628029	-0.00548402633395	-0.000348513463265
-21	45	-20	0.000932586769305	-0.00565229704869	-0.000331548501477
-19	45	-20	0.000793240502663	-0.00580272706554	-0.00032363952343
-17	45	-20	0.000632467322267	-0.00593183348546	-0.000323951913056
-15	45	-20	0.000454251789043	-0.00603768494729	-0.000330221022803
-13	45	-20	0.000263574652112	-0.00611948145214	-0.000339761926044
-11	45	-20	6.61966222304e-05	-0.00617682082406	-0.000350896035196
-9	45	-20	-0.000131583015305	-0.00620895143209	-0.000364220801845
-7	45	-20	-0.000323180263232	-0.00621449289829	-0.000383028865201
-5	45	-20	-0.000501985936724	-0.00619187901679	-0.000412561386688
-3	45	-20	-0.000661633745534	-0.00614026945748	-0.000458415244169
-1	45	-20	-0.000796281307247	-0.00606044677566	-0.000524807271992
1	45	-20	-0.000900898751822	-0.00595539162833	-0.00061329005589
3	45	-20	-0.000971546012514	-0.00583046669749	-0.00072215944054
5	45	-20	-0.00100560756161	-0.00569322138314	-0.000846543093196
7	45	-20	-0.00100194464429	-0.00555279608191	-0.000979082168804
9	45	-20	-0.000960928016827	-0.00541888921609	-0.00111107663041
11	45	-20	-0.000884344443803	-0.00530038639721	-0.00123384555956
13	45	-20	-0.000775230055068	-0.00520406185045	-0.00133992442049
15	45	-20	-0.000637725324524	-0.00513396610517	-0.00142375793391
17	45	-20	-0.000477002366563	-0.00509181322415	-0.00148175724596
19	45	-20	-0.00029921515319	-0.00507804886949	-0.00151184396395
21	45	-20	-0.00011138051181	-0.00509298094174	-0.00151280358317
23	45	-20	7.88574514343e-05	-0.00513756027439	-0.00148378509987
25	45	-20	0.00026356093284	-0.00521371102108	-0.00142411629599
27	45	-20	0.000434870365306	-0.00532424559811	-0.00133343331918
29	45	-20	0.000585336233565	-0.00547237831985	-0.00121203951001
31	45	-20	0.000708129996927	-0.00566081346324	-0.00106136717058
33	45	-20	0.000797092390236	-0.00589047869964	-0.000884378498423
35	45	-20	0.000846687207443	-0.00615926634222	-0.000685760101588
37	45	-20	0.000852033478683	-0.00646137589848	-0.000471867254775
39	45	-20	0.000809118307462	-0.00678757758776	-0.000250429573694
41	45	-20	0.000715089829167	-0.00712609185592	-3.00071374898e-05
43	45	-20	0.000568459959166	-0.00746352133161	0.000180756893936
45	45	-20	0.000369153548115	-0.00778553707031	0.000373935658516
47	45	-20	0.000118454049363	-0.00807737009337	0.000542992369872
49	45	-20	-0.000181061991688	-0.00832432690759	0.000683172562817
51	45	-20	-0.000525516637044	-0.00851254592438	0.000791473530161
53	45	-20	-0.000909608371797	-0.0086300718487	0.000866108435652
55	45	-20	-0.00132642390155	-0.00866806943244	0.000905584630608
57	45	-20	-0.00176732558063	-0.00862178743352	0.000907834259373
59	45	-20	-0.00222207149479	-0.00849092757517	0.000869985278637
61	45	-20	-0.0026792348537	-0.00827929982953	0.000789055673366
63	45	-20	-0.00312685539605	-0.00799388756527	0.00066328148191
65	45	-20	-0.00355316173386	-0.00764367460348	0.000493474922659
67	45	-20	-0.00394721097138	-0.0072386346767	0.000283938004791
69	45	-20	-0.00429937046936	-0.00678908053006	4.27375264722e-05
71	45	-20	-0.00460162794246	-0.00630532177495	-0.000218707691772
73	45	-20	-0.00484772296914	-0.00579743842815	-0.000486774825975
75	45	-20	-0.0050330755703	-0.00527494460545	-0.000747535155512
77	45	-20	-0.00515451251445	-0.00474622000585	-0.000989164881185
79	45	-20	-0.00520991095963	-0.00421788273587	-0.0012041821295
81	45	-20	-0.00519799709247	-0.00369456105641	-0.00139060369389
83	45	-20	-0.00511843576932	-0.00317933164998	-0.00155158120573
85	45	-20	-0.00497207888362	-0.00267453967735	-0.00169394819472
87	45	-20	-0.00476114086708	-0.0021825152131	-0.00182656139546
89	45	-20	-0.00448919303112	-0.00170596100896	-0.00195906660394
91	45	-20	-0.00416099628837	-0.00124804450483	-0.00210121050738
93	45	-20	-0.00378222851757	-0.000812288207746	-0.00226247923069
95	45	-20	-0.00335915347577	-0.000402316307575	-0.00245172629205
97	45	-20	-0.00289827211495	-2.14888835041e-05	-0.00267648733848
99	45	-20	-0.00240600325825	0.00032751964215	-0.00294190096706
-99	47	-20	0.00127121156359	-0.00109398577381	-0.00030834036387
-97	47	-20	0.00135553664741	-0.00121502310914	-0.000250284536766
-95	47	-20	0.00143038460113	-0.00134121830913	-0.000202097479975
-93	47	-20	0.00149392093687	-0.0014714075578	-0.000163127506869
-91	47	-20	0.00154435773954	-0.00160426987158	-0.000132327468274
-89	47	-20	0.00158013486941	-0.00173845169788	-0.000108479374884
-87	47	-20	0.00160012363218	-0.00187268953237	-9.02861083762e-05
-85	47	-20	0.00160380236055	-0.00200590910209	-7.64179468574e-05
-83	47	-20	0.00159136978674	-0.00213728532834	-6.55978666385e-05
-81	47	-20	0.00156377431444	-0.00226624155493	-5.67637983717e-05
-79	47	-20	0.00152264230743	-0.00239235149006	-4.92769094984e-05
-77	47	-20	0.00147010387925	-0.00251511378624	-4.30684171615e-05
-75	47	-20	0.00140856558214	-0.00263366972891	-3.86333286192e-05
-73	47	-20	0.00134054157794	-0.00274669407744	-3.69289804584e-05
-71	47	-20	0.00126861327553	-0.00285261331368	-3.92614881968e-05
-69	47	-20	0.00119545264291	-0.00294999715891	-4.70880567564e-05
-67	47	-20	0.00112380482798	-0.00303789210057	-6.16930018768e-05
-65	47	-20	0.00105639192462	-0.00311602232169	-8.38539062187e-05
-63	47	-20	0.000995756165073	-0.00318487883828	-0.000113641766338
-61	47	-20	0.00094408124702	-0.00324571555371	-0.000150428749497
-59	47	-20	0.000903035094255	-0.00330044212317	-0.000193090661423
-57	47	-20	0.000873675716869	-0.00335138143161	-0.000240280062893
-55	47	-20	0.00085644708244	-0.00340087649269	-0.000290546796575
-53	47	-20	0.000851243469626	-0.00345085105347	-0.000342214053071
-51	47	-20	0.000857457882572	-0.00350259506663	-0.000393309786908
-49	47	-20	0.000873957944523	-0.00355694760231	-0.000441822670665
-47	47	-20	0.000899045122974	-0.00361470044752	-0.000486014366816
-45	47	-20	0.000930480638716	-0.00367694503192	-0.000524489214187
-43	47	-20	0.000965597782903	-0.00374524798644	-0.000556113291906
-41	47	-20	0.0010014707501	-0.00382165403944	-0.000580002003678
-39	47	-20	0.00103509385176	-0.00390852647001	-0.000595681018281
-37	47	-20	0.00106352213864	-0.00400821543695	-0.000603372438223
-35	47	-20	0.00108392981629	-0.00412253780635	-0.000604193456859
-33	47	-20	0.00109357038036	-0.00425210105472	-0.000599948984178
-31	47	-20	0.00108969875552	-0.00439566364728	-0.00059248082567
-29	47	-20	0.00106960371041	-0.0045499033537	-0.000583189234228
-27	47	-20	0.00103084162952	-0.0047098137632	-0.000573225036868
-25	47	-20	0.000971576217744	-0.00486950911939	-0.000563870688787
-23	47	-20	0.00089086999311	-0.00502306439561	-0.00055651737922
-21	47	-20	0.000788858358794	-0.00516519228853	-0.000552310954874
-19	47	-20	0.000666808877131	-0.00529171136654	-0.000551835775126
-17	47	-20	0.000527090120097	-0.00539979726862	-0.000555105915951
-15	47	-20	0.000373073430702	-0.00548798572359	-0.000561936606034
-13	47	-20	0.000208983991866	-0.00555585943342	-0.000572509741245
-11	47	-20	3.97119639837e-05	-0.00560338213168	-0.000587690283834
-9	47	-20	-0.000129404661454	-0.00563009858915	-0.000608817320555
-7	47	-20	-0.000292808396163	-0.0056347899576	-0.000637396073626
-5	47	-20	-0.00044494986697	-0.0056159649499	-0.000675132739528
-3	47	-20	-0.00058051826849	-0.00557280457639	-0.000723882335409
-1	47	-20	-0.000694680147899	-0.00550596734991	-0.000785099747
1	47	-20	-0.00078331994433	-0.00541802850931	-0.000859095170921
3	47	-20	-0.000843264934696	-0.00531357609278	-0.000944572336062
5	47	-20	-0.000872470780783	-0.00519900989826	-0.00103867482322
7	47	-20	-0.000870139950651	-0.00508204435372	-0.00113748586251
9	47	-20	-0.000836746155661	-0.00497089065517	-0.00123666234018
11	47	-20	-0.000773953384695	-0.00487315509388	-0.00133169749378
13	47	-20	-0.000684463843621	-0.00479473077734	-0.00141764823835
15	47	-20	-0.000571882251771	-0.0047392433926	-0.00148905233385
17	47	-20	-0.00044065120731	-0.00470838748375	-0.00154065569529
19	47	-20	-0.000296003459718	-0.00470281531116	-0.00156830899371
21	47	-20	-0.000143844754901	-0.00472301730185	-0.00156927968842
23	47	-20	9.46430770782e-06	-0.00476991827054	-0.00154209869859
25	47	-20	0.000157408865653	-0.00484515468027	-0.00148637995897
27	47	-20	0.000293657157531	-0.0049510558683	-0.00140284456302
29	47	-20	0.00041235999615	-0.00509031061349	-0.00129352005947
31	47	-20	0.000508293206909	-0.00526522351969	-0.00116186760857
33	47	-20	0.000576717206819	-0.00547647757028	-0.00101247450358
35	47	-20	0.000613025013173	-0.00572168981087	-0.00085027582913
37	47	-20	0.000612602924909	-0.005994641478	-0.000680000557918
39	47	-20	0.00057120924192	-0.00628577783441	-0.000506395848719
41	47	-20	0.000485570339829	-0.00658342120477	-0.000334673805426
43	47	-20	0.000353775864836	-0.00687486873677	-0.000170483680888
45	47	-20	0.000175410028598	-0.007147167703	-1.94455460851e-05
47	47	-20	-4.84458478223e-05	-0.00738776276522	0.000113386039512
49	47	-20	-0.000315218509833	-0.00758522472495	0.000223854206657
51	47	-20	-0.000620811576194	-0.00773009366276	0.000308716094632
53	47	-20	-0.000959595987544	-0.00781553732683	0.000365391642451
55	47	-20	-0.00132456895827	-0.00783723711083	0.000391659888741
57	47	-20	-0.00170773565764	-0.00779240609754	0.000385547964862
59	47	-20	-0.00210047368732	-0.00767914722451	0.000345448562932
61	47	-20	-0.00249367081224	-0.00749714085553	0.000270398187452
63	47	-20	-0.00287784577676	-0.0072486816937	0.000160570471681
65	47	-20	-0.00324349084694	-0.00693886843832	1.79287009691e-05
67	47	-20	-0.00358157625452	-0.00657505715828	-0.000153242023471
69	47	-20	-0.00388405320504	-0.00616618463468	-0.000346195694409
71	47	-20	-0.00414425310264	-0.00572227297191	-0.000552117914595
73	47	-20	-0.00435711725661	-0.00525405894282	-0.000761065814013
75	47	-20	-0.00451915699824	-0.00477243026212	-0.000963326683269
77	47	-20	-0.00462803039277	-0.00428728931069	-0.00115087084672
79	47	-20	-0.0046818584805	-0.0038060157084	-0.00131849121055
81	47	-20	-0.00467883801365	-0.00333270565427	-0.0014644184934
83	47	-20	-0.00461754438125	-0.00286903207696	-0.00159039180311
85	47	-20	-0.00449753786892	-0.00241584338197	-0.0017011841992
87	47	-20	-0.00431972510485	-0.00197427382599	-0.00180376271131
89	47	-20	-0.0040863654538	-0.00154612524676	-0.00190643589773
91	47	-20	-0.00380085382223	-0.00113381219062	-0.00201822259924
93	47	-20	-0.00346740038919	-0.000740117691381	-0.00214843224968
95	47	-20	-0.00309068618244	-0.000367875552308	-0.00230625641247
97	47	-20	-0.00267558218683	-1.96488722794e-05	-0.00250004553583
99	47	-20	-0.00222703874503	0.00030251325975	-0.0027359851863
-99	49	-20	0.0011751566429	-0.0010506875703	-0.000308131761097
-97	49	-20	0.00125026060092	-0.00116133064354	-0.00025781649351
-95	49	-20	0.00131573914619	-0.00127591919906	-0.00021804325903
-93	49	-20	0.00137037007948	-0.00139348136964	-0.000187495854225
-91	49	-20	0.00141298823043	-0.00151292594696	-0.00016460739357
-89	49	-20	0.00144257695608	-0.00163312942691	-0.000147878127023
-87	49	-20	0.00145843157333	-0.00175303679973	-0.00013593277634
-85	49	-20	0.00146031317014	-0.00187175670349	-0.00012754199225
-83	49	-20	0.00144855561025	-0.00198864118068	-0.000121705557361
-81	49	-20	0.00142411051496	-0.00210333678443	-0.000117811324757
-79	49	-20	0.00138851223772	-0.00221575560145	-0.000115796011004
-77	49	-20	0.00134372352922	-0.00232583192422	-0.000116097939051
-75	49	-20	0.00129185748515	-0.00243300930776	-0.00011924052663
-73	49	-20	0.0012349648439	-0.00253594165946	-0.000125474677349
-71	49	-20	0.00117506772701	-0.00263289019342	-0.000134966954925
-69	49	-20	0.00111426541456	-0.00272233383999	-0.000148061536838
-67	49	-20	0.00105473109227	-0.00280330832703	-0.000165206010987
-65	49	-20	0.000998614344724	-0.00287552706128	-0.000186726411085
-63	49	-20	0.000947901650883	-0.00293941456374	-0.000212691664529
-61	49	-20	0.000904266781701	-0.00299609757303	-0.000242970677219
-59	49	-20	0.000868936269966	-0.00304734971102	-0.000277471643315
-57	49	-20	0.000842604103681	-0.00309543976498	-0.000316381899595
-55	49	-20	0.000825451993988	-0.00314275646636	-0.000359936885069
-53	49	-20	0.000817297763352	-0.00319117110331	-0.000407401040152
-51	49	-20	0.000817706748677	-0.00324164654132	-0.000456380748723
-49	49	-20	0.000825901294569	-0.00329458798077	-0.000503680163861
-47	49	-20	0.000840632450861	-0.00335043508569	-0.000546491387208
-45	49	-20	0.00086017798756	-0.00340998062627	-0.000582802106642
-43	49	-20	0.000882442867923	-0.00347444582323	-0.000611342675373
-41	49	-20	0.000905104168127	-0.00354542891751	-0.000631549793958
-39	49	-20	0.000925764408052	-0.00362476666846	-0.000643727576068
-37	49	-20	0.000942085829936	-0.00371430942658	-0.000649374951892
-35	49	-20	0.000951868665797	-0.00381557773623	-0.00065138554651
-33	49	-20	0.000953009305612	-0.00392920727083	-0.000653394114252
-31	49	-20	0.000943324704873	-0.00405419489629	-0.000657823989435
-29	49	-20	0.000920491911666	-0.0041875198743	-0.000664502350491
-27	49	-20	0.0008823404337	-0.00432467284329	-0.000671821706896
-25	49	-20	0.000827254244998	-0.00446055906378	-0.000678490966834
-23	49	-20	0.000754428190974	-0.00459020009955	-0.000684035792987
-21	49	-20	0.00066398450258	-0.00470921762803	-0.000688528738291
-19	49	-20	0.000557003593938	-0.00481418686078	-0.000692318421287
-17	49	-20	0.000435494033925	-0.00490288229354	-0.000696092122538
-15	49	-20	0.000302313099815	-0.00497439332364	-0.000701299881978
-13	49	-20	0.000161044546089	-0.00502900006313	-0.000710608032277
-11	49	-20	1.58348926172e-05	-0.00506752333008	-0.000727476044009
-9	49	-20	-0.000128807777132	-0.00509005550725	-0.000754206282655
-7	49	-20	-0.000268222908285	-0.00509520868406	-0.000790480311094
-5	49	-20	-0.00039778550171	-0.00508099318686	-0.000834603207268
-3	49	-20	-0.000513091521556	-0.00504621026483	-0.00088525038979
-1	49	-20	-0.000610157894545	-0.00499121831934	-0.000941722596376
1	49	-20	-0.000685625335639	-0.00491815986818	-0.00100338462675
3	49	-20	-0.000736945587193	-0.00483092684698	-0.00106922524396
5	49	-20	-0.000762536458931	-0.00473496319657	-0.0011379003885
7	49	-20	-0.000761887742796	-0.00463691179075	-0.00120823339552
9	49	-20	-0.000735594347211	-0.00454404862925	-0.00127973948808
11	49	-20	-0.00068527730169	-0.00446334129257	-0.00135211690717
13	49	-20	-0.00061338383787	-0.00440013283499	-0.00142301325236
15	49	-20	-0.000523013363919	-0.00435735198935	-0.00148656614755
17	49	-20	-0.000417910463116	-0.00433609530708	-0.00153540001921
19	49	-20	-0.000302483718265	-0.00433673687619	-0.00156337088958
21	49	-20	-0.000181703202843	-0.00435966724244	-0.00156652852432
23	49	-20	-6.08845928631e-05	-0.004405665125	-0.00154294646757
25	49	-20	5.46015866452e-05	-0.00447607217272	-0.00149242667502
27	49	-20	0.000159668160151	-0.00457283446253	-0.00141645771071
29	49	-20	0.000249849985632	-0.0046983943854	-0.00131841753658
31	49	-20	0.00032149850614	-0.00485525901175	-0.00120368063366
33	49	-20	0.000371490310503	-0.00504475949587	-0.00107880992097
35	49	-20	0.000396273726858	-0.00526481275496	-0.00094933321573
37	49	-20	0.000391278037648	-0.00550851609265	-0.000818171863976
39	49	-20	0.000351735411742	-0.00576540164436	-0.00068690742318
41	49	-20	0.00027387159102	-0.00602357452003	-0.000557696785879
43	49	-20	0.000155448364158	-0.00627096575562	-0.000433763328264
45	49	-20	-4.15594236286e-06	-0.0064959702645	-0.000318957663377
47	49	-20	-0.000203973819791	-0.00668805553201	-0.000217199921262
49	49	-20	-0.000441432191719	-0.00683860384654	-0.000132145062688
51	49	-20	-0.000712273324917	-0.00694196812442	-6.71349803499e-05
53	49	-20	-0.0010105359337	-0.00699620944862	-2.53112108848e-05
55	49	-20	-0.0013289445537	-0.00700205975136	-9.52739924689e-06
57	49	-20	-0.00165993982951	-0.00695918897157	-2.1752048888e-05
59	49	-20	-0.00199648466923	-0.00686362234531	-6.25310107033e-05
61	49	-20	-0.00233171674965	-0.00671038639135	-0.000131203423456
63	49	-20	-0.00265837794709	-0.00649731633012	-0.000226193621587
65	49	-20	-0.00296888725281	-0.00622619272977	-0.000344829070738
67	49	-20	-0.00325582685741	-0.00590214531672	-0.000483019128058
69	49	-20	-0.00351249523308	-0.00553280104773	-0.00063518756581
71	49	-20	-0.00373339522278	-0.00512772352598	-0.000794624553692
73	49	-20	-0.00391460607016	-0.00469813926352	-0.000954256284541
75	49	-20	-0.00405389417702	-0.00425652438035	-0.00110765220054
77	49	-20	-0.00415016723755	-0.00381503403302	-0.00124983603334
79	49	-20	-0.0042020774873	-0.00338223074876	-0.0013774922768
81	49	-20	-0.00420709085936	-0.00296100413917	-0.00148901879144
83	49	-20	-0.00416235970077	-0.00255065119476	-0.00158504511368
85	49	-20	-0.00406606975545	-0.00215009922517	-0.00166877102807
87	49	-20	-0.00391795435066	-0.00175932055045	-0.00174564311861
89	49	-20	-0.00371918220465	-0.00137940708946	-0.00182273593981
91	49	-20	-0.00347202875776	-0.00101223108792	-0.00190821831394
93	49	-20	-0.00317949014331	-0.000660044039647	-0.00201102127754
95	49	-20	-0.0028448936787	-0.00032509208407	-0.00214062289997
97	49	-20	-0.00247160314101	-9.2987163309e-06	-0.00230658690243
99	49	-20	-0.00206306410123	0.000285854038045	-0.0025170141965
-99	51	-20	0.00108851354758	-0.00100723794638	-0.000299768048438
-97	51	-20	0.00115561158834	-0.00110816240022	-0.000256000975338
-95	51	-20	0.00121297269388	-0.00121198348207	-0.000223566232027
-93	51	-20	0.00125998010483	-0.00131789708246	-0.000200173670646
-91	51	-20	0.00129597614508	-0.00142499403597	-0.00018376281853
-89	51	-20	0.00132034912757	-0.00153232870114	-0.000172673534561
-87	51	-20	0.00133270381351	-0.00163900654915	-0.000165531541183
-85	51	-20	0.00133300353522	-0.0017442729574	-0.000161208173886
-83	51	-20	0.00132167013526	-0.00184760611893	-0.000158889668876
-81	51	-20	0.00129964611856	-0.00194882704612	-0.000158251993614
-79	51	-20	0.00126841963735	-0.00204821848455	-0.000159700147551
-77	51	-20	0.00122993477959	-0.00214641570469	-0.000164364520112
-75	51	-20	0.00118615809509	-0.00224340012661	-0.000173065225166
-73	51	-20	0.00113864742046	-0.00233753641936	-0.000185215872011
-71	51	-20	0.00108883253204	-0.00242662119494	-0.000199791778769
-69	51	-20	0.00103830507796	-0.00250897420065	-0.000216253117559
-67	51	-20	0.000988779398628	-0.00258363039649	-0.000234469019596
-65	51	-20	0.000941962047721	-0.00265030139853	-0.000254452642884
-63	51	-20	0.000899417057222	-0.00270934451543	-0.000276239156478
-61	51	-20	0.000862435147241	-0.00276175332841	-0.00029997382696
-59	51	-20	0.000831907634122	-0.00280916889658	-0.000326233854643
-57	51	-20	0.000808215166124	-0.00285389726875	-0.000356514648976
-55	51	-20	0.000791218119872	-0.00289869577128	-0.000393168545879
-53	51	-20	0.000780579266769	-0.00294565783526	-0.000436916354547
-51	51	-20	0.000776100105414	-0.00299515915061	-0.000484337985027
-49	51	-20	0.000777402185551	-0.00304686432744	-0.000530530485466
-47	51	-20	0.000783621349784	-0.00310079010611	-0.000571747541054
-45	51	-20	0.000793432703624	-0.00315745704287	-0.000605617913337
-43	51	-20	0.000805174907827	-0.00321779402192	-0.000630829422438
-41	51	-20	0.000816986412005	-0.00328302753132	-0.000647003977229
-39	51	-20	0.000826943802935	-0.00335456731024	-0.000654858141348
-37	51	-20	0.000833203366306	-0.00343389395805	-0.000656661442379
-35	51	-20	0.000834138228444	-0.00352245060734	-0.000656876099069
-33	51	-20	0.000828358143667	-0.00362132093073	-0.0006618545684
-31	51	-20	0.000814296172577	-0.00373003542383	-0.000675615383253
-29	51	-20	0.000789821279216	-0.00384552692814	-0.000695597034815
-27	51	-20	0.000752824718184	-0.00396330866551	-0.000716737258293
-25	51	-20	0.000701826459977	-0.00407879996546	-0.000735552727563
-23	51	-20	0.00063613636127	-0.00418777702364	-0.000750344699541
-21	51	-20	0.000555879069028	-0.00428660528793	-0.000760540607976
-19	51	-20	0.00046198881484	-0.00437247162832	-0.000766331533509
-17	51	-20	0.000356176363176	-0.00444362013058	-0.000768761870137
-15	51	-20	0.000240864551589	-0.00449959999888	-0.000770290993639
-13	51	-20	0.000119093082133	-0.00454150157321	-0.0007756746354
-11	51	-20	-5.61504632463e-06	-0.00457164848568	-0.000791815037496
-9	51	-20	-0.000129453402138	-0.00459123615424	-0.000823056008374
-7	51	-20	-0.000248546517876	-0.00459808042376	-0.000866353285379
-5	51	-20	-0.000359076211091	-0.00458897538098	-0.000915933489963
-3	51	-20	-0.000457411324933	-0.00456215768276	-0.000967845002042
-1	51	-20	-0.000540280770593	-0.00451770956451	-0.00101998908354
1	51	-20	-0.00060494913793	-0.00445740593817	-0.0010711777028
3	51	-20	-0.000649374831393	-0.00438453376466	-0.00112059618868
5	51	-20	-0.000672342863489	-0.00430370700432	-0.00116785397059
7	51	-20	-0.000673568331366	-0.00422067372705	-0.00121363113291
9	51	-20	-0.000653763056475	-0.00414210696025	-0.00126073143272
11	51	-20	-0.000614597297996	-0.00407501862381	-0.00131394784126
13	51	-20	-0.000558370181876	-0.00402473092589	-0.00137457652913
15	51	-20	-0.00048765969158	-0.00399302972191	-0.00143490786921
17	51	-20	-0.000405511727948	-0.00397981578103	-0.00148417314032
19	51	-20	-0.000315608628949	-0.00398494078856	-0.00151444094325
21	51	-20	-0.000222145444439	-0.00400860757414	-0.0015211048106
23	51	-20	-0.000129597474989	-0.00405140681449	-0.00150209214873
25	51	-20	-4.24399528967e-05	-0.00411436203821	-0.0014573521035
27	51	-20	3.5188224718e-05	-0.00419900977488	-0.001388779461
29	51	-20	9.98970285473e-05	-0.00430754370124	-0.00130055165274
31	51	-20	0.000149495020133	-0.00444298792796	-0.00119971936644
33	51	-20	0.000182921065944	-0.00460851936107	-0.00109578594075
35	51	-20	0.000198143094027	-0.00480344790532	-0.000995960807016
37	51	-20	0.000190080729183	-0.00501939549666	-0.000900403334898
39	51	-20	0.000152902269616	-0.00524406756219	-0.000806702410266
41	51	-20	8.23513775638e-05	-0.00546527492322	-0.000714342597176
43	51	-20	-2.39462216126e-05	-0.00567172403889	-0.000624834999454
45	51	-20	-0.00016667123902	-0.00585313906772	-0.000540817826369
47	51	-20	-0.000344925045407	-0.00600068485029	-0.000465373146029
49	51	-20	-0.000556209914171	-0.00610782964959	-0.000401685251596
51	51	-20	-0.000796272625571	-0.00617171052527	-0.000353014669939
53	51	-20	-0.00105886807897	-0.00619480740429	-0.000322895077151
55	51	-20	-0.00133598478364	-0.00618462657644	-0.000315056732016
57	51	-20	-0.00161996697276	-0.0061452216238	-0.000331859711675
59	51	-20	-0.00190568496129	-0.00606862782447	-0.000372641700324
61	51	-20	-0.00218877661881	-0.00594350314012	-0.000435119544047
63	51	-20	-0.00246393765848	-0.00576369367306	-0.000516721902931
65	51	-20	-0.00272511133093	-0.00552866026409	-0.000614465363902
67	51	-20	-0.00296614940152	-0.0052419544026	-0.000724607234658
69	51	-20	-0.00318141906116	-0.00491006423678	-0.000842581989303
71	51	-20	-0.00336633498259	-0.00454185321458	-0.00096330684326
73	51	-20	-0.00351787517446	-0.00414855886155	-0.00108184588565
75	51	-20	-0.00363506762874	-0.00374416150098	-0.00119432167776
77	51	-20	-0.00371877512984	-0.00334448121426	-0.00129853931656
79	51	-20	-0.00376888087826	-0.00296063118384	-0.00139307183487
81	51	-20	-0.00378149796083	-0.00259267369187	-0.00147610572845
83	51	-20	-0.00375172475466	-0.00223588466994	-0.00154705564919
85	51	-20	-0.00367643271377	-0.00188717199795	-0.00160791264537
87	51	-20	-0.00355447279889	-0.00154574504356	-0.00166299905709
89	51	-20	-0.00338620843858	-0.00121233659172	-0.00171835266184
91	51	-20	-0.00317305934772	-0.00088852683223	-0.00178125336395
93	51	-20	-0.00291708093384	-0.000576240964363	-0.00186000583875
95	51	-20	-0.00262052875828	-0.000277329847553	-0.00196403349811
97	51	-20	-0.00228541414735	6.80256781632e-06	-0.00210418846764
99	51	-20	-0.00191343338908	0.000275342774038	-0.00229188751191
-99	53	-20	0.00101015068523	-0.000964410266974	-0.000286431370355
-97	53	-20	0.00107022656242	-0.00105633484536	-0.0002485193827
-95	53	-20	0.00112054133612	-0.00115026888948	-0.000222574434737
-93	53	-20	0.00116109373578	-0.00124556613498	-0.000205054889559
-91	53	-20	0.00119156966124	-0.00134145985706	-0.000193715390182
-89	53	-20	0.00121163183438	-0.00143714664321	-0.000186926826927
-87	53	-20	0.00122110605495	-0.00153186343578	-0.00018338597115
-85	53	-20	0.00122010113594	-0.00162496323824	-0.000182052534862
-83	53	-20	0.00120909115863	-0.00171600132936	-0.000182206322198
-81	53	-20	0.00118897709771	-0.00180486135806	-0.000183611690959
-79	53	-20	0.00116116382735	-0.00189201109123	-0.000186855349313
-77	53	-20	0.00112770364302	-0.00197901633742	-0.00019396232959
-75	53	-20	0.00109073377562	-0.00206713268709	-0.000206881422094
-73	53	-20	0.00105110672375	-0.00215367362589	-0.000223484386539
-71	53	-20	0.00100963484728	-0.002235716406	-0.000241474245407
-69	53	-20	0.000967534297167	-0.00231158309606	-0.000259821470019
-67	53	-20	0.000926176212284	-0.00238039727903	-0.000278098696353
-65	53	-20	0.000886924703607	-0.00244189661999	-0.000296138971877
-63	53	-20	0.00085101727251	-0.00249637517622	-0.000313930435451
-61	53	-20	0.000819457206217	-0.00254467512696	-0.000331701874683
-59	53	-20	0.000792904028108	-0.00258822838896	-0.00035024495369
-57	53	-20	0.000771534338249	-0.00262923079032	-0.000371672579307
-55	53	-20	0.000754833237579	-0.00267107957415	-0.000400899352084
-53	53	-20	0.000742059435705	-0.00271686638857	-0.000441994991743
-51	53	-20	0.000733487543008	-0.00276562405421	-0.000488559955967
-49	53	-20	0.000729180604384	-0.00281602816459	-0.000533479431969
-47	53	-20	0.000728539218332	-0.00286784860693	-0.000572701150362
-45	53	-20	0.000730523172744	-0.00292144885555	-0.000603890574157
-43	53	-20	0.000733802068508	-0.00297753735853	-0.00062581832104
-41	53	-20	0.000736874745236	-0.00303703807478	-0.000638206659265
-39	53	-20	0.000738186334073	-0.00310099866953	-0.000641866578026
-37	53	-20	0.000736260985213	-0.00317054348682	-0.000639165047192
-35	53	-20	0.000729893183891	-0.00324696965281	-0.000635136375996
-33	53	-20	0.000718460153705	-0.00333213981581	-0.000639708049595
-31	53	-20	0.00070130919786	-0.00342691616215	-0.000661677043195
-29	53	-20	0.000676077241262	-0.00352734151294	-0.000693094409705
-27	53	-20	0.000640540107601	-0.00362857544224	-0.000724761739375
-25	53	-20	0.000593388191459	-0.00372657562388	-0.000752155968438
-23	53	-20	0.000534065358253	-0.0038178169434	-0.000773146106274
-21	53	-20	0.000462711361367	-0.00389930298403	-0.000786889446528
-19	53	-20	0.000380140185454	-0.00396871862384	-0.000793463405234
-17	53	-20	0.000287809085426	-0.00402463620041	-0.000793952031574
-15	53	-20	0.000187766201031	-0.00406680363964	-0.000791006472759
-13	53	-20	8.25789558732e-05	-0.00409670910644	-0.000790218706508
-11	53	-20	-2.47482043201e-05	-0.00411871843774	-0.000802814865525
-9	53	-20	-0.000130970452168	-0.00413681713543	-0.000838797044776
-7	53	-20	-0.000232923749167	-0.00414627738653	-0.000888939159568
-5	53	-20	-0.000327493025018	-0.0041420787098	-0.000942662543945
-3	53	-20	-0.000411694151159	-0.00412225002785	-0.000994780798699
-1	53	-20	-0.000482848706002	-0.00408680908316	-0.0010427245366
1	53	-20	-0.000538737282585	-0.00403726415001	-0.00108513517528
3	53	-20	-0.000577731416384	-0.00397638011581	-0.00112134215074
5	53	-20	-0.000598904381929	-0.00390801760649	-0.00115141052879
7	53	-20	-0.000602124680538	-0.00383703368626	-0.00117678606811
9	53	-20	-0.000588154371606	-0.00376938927179	-0.00120194665237
11	53	-20	-0.000558787764612	-0.00371269954032	-0.0012376776683
13	53	-20	-0.000516414386142	-0.00367360988379	-0.00129301511674
15	53	-20	-0.000462923026393	-0.00365152166844	-0.00135396784132
17	53	-20	-0.000400655641423	-0.00364468527362	-0.00140514527257
19	53	-20	-0.000332702588139	-0.00365264638565	-0.00143813896927
21	53	-20	-0.000262621904259	-0.00367552570544	-0.00144852046769
23	53	-20	-0.000194196219547	-0.00371375614346	-0.00143438499059
25	53	-20	-0.000131184320246	-0.00376805224084	-0.00139579841545
27	53	-20	-7.70248189862e-05	-0.00383948744039	-0.00133471977151
29	53	-20	-3.44295081454e-05	-0.00392973801603	-0.00125536496366
31	53	-20	-4.68116292673e-06	-0.00404181813955	-0.00116532817449
33	53	-20	1.36291301608e-05	-0.0041817914285	-0.00107796644183
35	53	-20	2.15762962709e-05	-0.00435330612722	-0.0010056538427
37	53	-20	1.19047787318e-05	-0.00454384209708	-0.000942408378555
39	53	-20	-2.27689902053e-05	-0.00473849558319	-0.000881016517136
41	53	-20	-8.67204891711e-05	-0.00492552129208	-0.000819527602448
43	53	-20	-0.000182159688503	-0.0050947925573	-0.000758610744669
45	53	-20	-0.000309696447792	-0.00523738787354	-0.000700159605952
47	53	-20	-0.000468482599664	-0.00534588447214	-0.000646622145093
49	53	-20	-0.00065619416619	-0.00541512581597	-0.00060069715981
51	53	-20	-0.000868859073714	-0.00544358792762	-0.000565317213992
53	53	-20	-0.00110038847967	-0.00543602125631	-0.000543985437213
55	53	-20	-0.00134159288838	-0.00540835815813	-0.000541594963955
57	53	-20	-0.00158316234959	-0.00537547006042	-0.000562126782768
59	53	-20	-0.00182325960535	-0.00531898304077	-0.000602676158549
61	53	-20	-0.00206029348651	-0.00521954526282	-0.000659237049167
63	53	-20	-0.00229030449647	-0.00506916202337	-0.00072883046967
65	53	-20	-0.00250831458336	-0.0048663998591	-0.000808541208185
67	53	-20	-0.00270916722024	-0.00461388801201	-0.00089507842304
69	53	-20	-0.00288809341632	-0.00431714408348	-0.000984732774233
71	53	-20	-0.00304119228299	-0.00398407580733	-0.00107363790476
73	53	-20	-0.0031659561267	-0.00362510129767	-0.001158322594
75	53	-20	-0.00326210499439	-0.00325432909475	-0.0012366140245
77	53	-20	-0.00333308975061	-0.0028925103954	-0.00130898112753
79	53	-20	-0.00338213298508	-0.00255786994863	-0.00137677054719
81	53	-20	-0.00340195416039	-0.00224283767911	-0.0014367562055
83	53	-20	-0.00338502832166	-0.00193717692846	-0.00148695236453
85	53	-20	-0.00332753693976	-0.00163697089381	-0.00152871567438
87	53	-20	-0.00322787262147	-0.0013413985926	-0.00156569135737
89	53	-20	-0.00308583684274	-0.00105113854797	-0.00160313101319
91	53	-20	-0.00290218022292	-0.000767615432116	-0.00164748600616
93	53	-20	-0.00267822933246	-0.000492533259944	-0.00170624386004
95	53	-20	-0.00241548282272	-0.000227496719425	-0.00178814114248
97	53	-20	-0.00211502305984	2.64066808663e-05	-0.00190422895296
99	53	-20	-0.00177655357574	0.000269175877241	-0.00207048046402
-99	55	-20	0.000938445805053	-0.000922777811418	-0.000273054681579
-97	55	-20	0.000992360244214	-0.00100645771446	-0.000240454785502
-95	55	-20	0.00103684352912	-0.00109145075654	-0.000219278147637
-93	55	-20	0.00107216180349	-0.00117721709216	-0.000205811651528
-91	55	-20	0.00109819478162	-0.00126310666671	-0.000197966057765
-89	55	-20	0.0011148135121	-0.00134844646523	-0.000194190935675
-87	55	-20	0.00112202447862	-0.00143260262175	-0.000193245809685
-85	55	-20	0.00112006114393	-0.00151504382394	-0.000194155774455
-83	55	-20	0.00110944793035	-0.00159541606099	-0.000196258431241
-81	55	-20	0.00109104965376	-0.00167365108794	-0.000199330552831
-79	55	-20	0.00106613592952	-0.00175018315778	-0.000203851518579
-77	55	-20	0.00103663821709	-0.00182676097151	-0.000211909799256
-75	55	-20	0.00100538494227	-0.00190724157709	-0.000228063288821
-73	55	-20	0.000972093895883	-0.00198654164086	-0.000247275228285
-71	55	-20	0.00093727680174	-0.00206175009604	-0.000266915564371
-69	55	-20	0.000901906846686	-0.00213139707586	-0.000285849956429
-67	55	-20	0.000867075628215	-0.00219470292643	-0.000303506878434
-65	55	-20	0.000833859523353	-0.00225142068243	-0.000319624291422
-63	55	-20	0.000803222608676	-0.00230178740041	-0.000334181856075
-61	55	-20	0.000775930098056	-0.00234651766602	-0.00034747506148
-59	55	-20	0.000752460922606	-0.0023868400127	-0.000360365789213
-57	55	-20	0.000732895407874	-0.00242464524751	-0.000374880656711
-55	55	-20	0.000716615036997	-0.00246324007981	-0.00039641473832
-53	55	-20	0.000702024431709	-0.00250808565285	-0.000435875934326
-51	55	-20	0.000690311924383	-0.00255552666745	-0.000480360577898
-49	55	-20	0.000681701508568	-0.00260400880233	-0.000522592252383
-47	55	-20	0.000675742990517	-0.00265328405045	-0.000558893017202
-45	55	-20	0.000671623649762	-0.00270359588157	-0.000587098532109
-43	55	-20	0.000668291147918	-0.0027554629837	-0.000606086252983
-41	55	-20	0.000664550989167	-0.00280956813664	-0.000615669076793
-39	55	-20	0.000659163773708	-0.00286668603711	-0.000616707036491
-37	55	-20	0.000650956950235	-0.00292765663105	-0.000611467816282
-35	55	-20	0.000638987323863	-0.00299348476717	-0.000604506361239
-33	55	-20	0.000622988724841	-0.00306608739844	-0.000606088686269
-31	55	-20	0.000603810546225	-0.0031490618027	-0.000635502088468
-29	55	-20	0.000578160891649	-0.00323612001613	-0.000673864002104
-27	55	-20	0.000544005641083	-0.00332275726866	-0.000711234333147
-25	55	-20	0.000500266750915	-0.00340558494171	-0.000743243361046
-23	55	-20	0.000446500737532	-0.00348168151346	-0.000767640166169
-21	55	-20	0.000382846629442	-0.00354858774069	-0.000783436947296
-19	55	-20	0.000310004914403	-0.00360442728296	-0.000790642378906
-17	55	-20	0.000229209597097	-0.00364808112153	-0.000790335669794
-15	55	-20	0.000142183448684	-0.00367943679538	-0.000785092266307
-13	55	-20	5.10776930273e-05	-0.0036998729839	-0.000780053641919
-11	55	-20	-4.1578557915e-05	-0.00371409054944	-0.000786956019203
-9	55	-20	-0.000132946357475	-0.00373189377864	-0.000828016449717
-7	55	-20	-0.000220542601169	-0.00374293434416	-0.000881412605751
-5	55	-20	-0.000301818833702	-0.00374203878254	-0.000935710442388
-3	55	-20	-0.000374327991914	-0.00372749554399	-0.000985898687269
-1	55	-20	-0.000435889505004	-0.00369928613416	-0.00102930722984
1	55	-20	-0.000484716938183	-0.00365865428014	-0.00106452494085
3	55	-20	-0.000519527267879	-0.00360790133478	-0.00109101699706
5	55	-20	-0.000539632407656	-0.00355025071508	-0.00110916754023
7	55	-20	-0.00054501610077	-0.00348977388382	-0.00112077000976
9	55	-20	-0.000536414985905	-0.00343149753972	-0.00113032124443
11	55	-20	-0.000515540946438	-0.00338251940052	-0.00114989145023
13	55	-20	-0.000485271650561	-0.00335312493364	-0.0012038769838
15	55	-20	-0.000446462024572	-0.00333812924677	-0.00126409117457
17	55	-20	-0.000401006483974	-0.00333537040375	-0.00131494929937
19	55	-20	-0.000351522433346	-0.00334443183167	-0.00134896965869
21	55	-20	-0.000301001983224	-0.0033653742884	-0.00136211388604
23	55	-20	-0.000252602963955	-0.00339849142911	-0.00135263913323
25	55	-20	-0.000209436111408	-0.00344427136626	-0.00132067293566
27	55	-20	-0.000174313635137	-0.00350346172777	-0.00126814395697
29	55	-20	-0.000149411194018	-0.00357728289663	-0.00119904446229
31	55	-20	-0.000135686892263	-0.00366805909989	-0.00112030114706
33	55	-20	-0.000130991265138	-0.0037820937583	-0.00104548793243
35	55	-20	-0.000128238583288	-0.00393250233037	-0.000998425348928
37	55	-20	-0.000139832855975	-0.00409773823376	-0.000960784808146
39	55	-20	-0.000173049571051	-0.00426316361198	-0.000924259938224
41	55	-20	-0.000231669051333	-0.00441835086712	-0.000886740564042
43	55	-20	-0.000317664559756	-0.00455441808324	-0.000848367620441
45	55	-20	-0.000431570282479	-0.00466372579405	-0.000810417913618
47	55	-20	-0.000572587996766	-0.00474015387292	-0.000774771461529
49	55	-20	-0.000738573723011	-0.00477975047816	-0.000743652776787
51	55	-20	-0.000925910469486	-0.00478183997936	-0.000719583377308
53	55	-20	-0.00112914623991	-0.00475115929691	-0.000705609773155
55	55	-20	-0.00133943550655	-0.00470522486241	-0.000706542812763
57	55	-20	-0.00154305856755	-0.00468141531308	-0.000730169900077
59	55	-20	-0.00174408702302	-0.00463927162343	-0.000769301373246
61	55	-20	-0.00194204596568	-0.00455828524845	-0.000819583126594
63	55	-20	-0.00213372086587	-0.00443091098452	-0.000878156295732
65	55	-20	-0.00231504091387	-0.00425531059701	-0.000942314169098
67	55	-20	-0.00248176823653	-0.00403335102687	-0.00100920220085
69	55	-20	-0.00262996781155	-0.00376966678216	-0.00107582312099
71	55	-20	-0.00275641503723	-0.00347123737716	-0.00113925940648
73	55	-20	-0.00285903799548	-0.00314744253157	-0.00119709988431
75	55	-20	-0.00293761345974	-0.00281097903863	-0.00124812902915
77	55	-20	-0.00299608498157	-0.00248265517493	-0.00129396704811
79	55	-20	-0.00304477900241	-0.00219612228403	-0.00134061752192
81	55	-20	-0.00306931394189	-0.0019276387017	-0.00138130841566
83	55	-20	-0.00306168995937	-0.00166611709168	-0.00141393448985
85	55	-20	-0.00301807867938	-0.00140816896915	-0.00143977244428
87	55	-20	-0.00293652487975	-0.00115301422678	-0.00146206420972
89	55	-20	-0.00281629093784	-0.000901154642274	-0.00148549822634
91	55	-20	-0.00265748194389	-0.000653743847465	-0.00151589998124
93	55	-20	-0.00246073828695	-0.000412188094298	-0.00156010117307
95	55	-20	-0.00222690705431	-0.000177826945222	-0.0016260974917
97	55	-20	-0.00195656407489	4.84104098527e-05	-0.00172390310434
99	55	-20	-0.0016486406213	0.000266767141499	-0.00186982403445
-99	57	-20	0.000870990042081	-0.000882658140684	-0.000267338833968
-97	57	-20	0.000920440682666	-0.000958994446661	-0.000236222908182
-95	57	-20	0.000960608770405	-0.00103605308824	-0.000216689642378
-93	57	-20	0.000991923913996	-0.00111338799663	-0.000205101350809
-91	57	-20	0.0010145228889	-0.00119047637344	-0.000199156736855
-89	57	-20	0.00102849425578	-0.00126678228749	-0.000197223042814
-87	57	-20	0.00103402062082	-0.00134181436829	-0.000198050879539
-85	57	-20	0.00103146261201	-0.00141518699317	-0.000200704512365
-83	57	-20	0.001021417745	-0.00148669905355	-0.000204596263037
-81	57	-20	0.00100477295653	-0.00155645981485	-0.000209611738633
-79	57	-20	0.00098278584471	-0.00162514964469	-0.000216397638491
-77	57	-20	0.000957242473733	-0.00169454027686	-0.000226930010135
-75	57	-20	0.000929914610644	-0.00176608947403	-0.000242971812013
-73	57	-20	0.000901210951481	-0.00183730463368	-0.000262079328875
-71	57	-20	0.000871441562816	-0.00190543528923	-0.000281557763597
-69	57	-20	0.000841281063244	-0.00196893394672	-0.000299975838761
-67	57	-20	0.000811540575732	-0.00202699056577	-0.000316589972269
-65	57	-20	0.000783029777782	-0.00207932689545	-0.000331079257736
-63	57	-20	0.000756464671563	-0.00212612991345	-0.00034348405063
-61	57	-20	0.000732388492039	-0.00216804746902	-0.000354290865767
-59	57	-20	0.000711088527362	-0.00220624702914	-0.000364708411918
-57	57	-20	0.000692478125103	-0.00224261682242	-0.000377345223662
-55	57	-20	0.000675902364921	-0.00228023291215	-0.000397596968104
-53	57	-20	0.000660610355707	-0.00232187493734	-0.000429922466664
-51	57	-20	0.000646998376423	-0.00236628083496	-0.00046818188709
-49	57	-20	0.000635377461296	-0.00241183908352	-0.000505402928129
-47	57	-20	0.000625511679209	-0.00245801841534	-0.000537610795972
-45	57	-20	0.000616822845565	-0.0025048435652	-0.000562551260696
-43	57	-20	0.000608518914287	-0.00255263407851	-0.000579133500736
-41	57	-20	0.00059968825775	-0.00260188392865	-0.000587297686472
-39	57	-20	0.000589392233297	-0.00265320623021	-0.000588128766101
-37	57	-20	0.000576777355649	-0.00270734898441	-0.000584259422934
-35	57	-20	0.000561251121655	-0.00276537059618	-0.000580892355661
-33	57	-20	0.000542781884788	-0.00282911080249	-0.000587938973921
-31	57	-20	0.000521271958167	-0.00289967931376	-0.000613941559992
-29	57	-20	0.000494856502128	-0.00297364890287	-0.00065046171726
-27	57	-20	0.000461724041869	-0.00304695351396	-0.000687646801721
-25	57	-20	0.000420858074913	-0.0031164897644	-0.00072027682599
-23	57	-20	0.000371842715447	-0.00317973461276	-0.000745623254438
-21	57	-20	0.00031477924971	-0.00323465788636	-0.000762467221526
-19	57	-20	0.000250250555661	-0.00327979847942	-0.000770796521228
-17	57	-20	0.000179289739209	-0.00331442832051	-0.000771875892519
-15	57	-20	0.000103340017225	-0.00333883435131	-0.000768705217641
-13	57	-20	2.42058828072e-05	-0.00335490524373	-0.000767226423107
-11	57	-20	-5.59984208635e-05	-0.00336730305461	-0.000778833910688
-9	57	-20	-0.000135009140009	-0.0033802314093	-0.000813381881964
-7	57	-20	-0.000210693951063	-0.00338910356	-0.000861150423954
-5	57	-20	-0.000280977458134	-0.00338893246502	-0.000910817514936
-3	57	-20	-0.000343879175494	-0.00337761835074	-0.000956401037433
-1	57	-20	-0.00039764428947	-0.00335482838336	-0.00099472031684
1	57	-20	-0.000440854778706	-0.00332145577441	-0.00102419566878
3	57	-20	-0.000472523456486	-0.00327937911977	-0.00104444463904
5	57	-20	-0.000492174020563	-0.00323134097053	-0.00105633397102
7	57	-20	-0.000499913375671	-0.00318093342924	-0.0010625164098
9	57	-20	-0.000496519502919	-0.00313282259848	-0.00106889062075
11	57	-20	-0.000483579608895	-0.00309342298508	-0.00108765257526
13	57	-20	-0.000463060101188	-0.00306837294533	-0.0011290424381
15	57	-20	-0.000436222577077	-0.00305630865986	-0.00117994903981
17	57	-20	-0.000404593341717	-0.00305494385502	-0.00122552020795
19	57	-20	-0.000370278732613	-0.00306345263279	-0.00125761245805
21	57	-20	-0.000335711033257	-0.00308166327525	-0.00127190049302
23	57	-20	-0.000303440218279	-0.00310971915356	-0.00126652685988
25	57	-20	-0.000275928399092	-0.00314800682285	-0.00124161120831
27	57	-20	-0.000255302098477	-0.00319724001016	-0.00119917369951
29	57	-20	-0.00024299601816	-0.00325875854006	-0.00114344123278
31	57	-20	-0.000239098550679	-0.00333535573448	-0.00108187304651
33	57	-20	-0.000241129927109	-0.0034331001961	-0.00102744319017
35	57	-20	-0.000247098652143	-0.0035559756594	-0.00099182233585
37	57	-20	-0.000263516980883	-0.00369220613044	-0.000967991073652
39	57	-20	-0.000297205697624	-0.0038280800375	-0.000947420872237
41	57	-20	-0.000352055532777	-0.00395349111242	-0.000926683671779
43	57	-20	-0.00043006157258	-0.00406036090483	-0.000904953621693
45	57	-20	-0.000531780671325	-0.00414215373476	-0.000882750195451
47	57	-20	-0.00065647261035	-0.00419406097093	-0.000861367360827
49	57	-20	-0.000802094521244	-0.00421361377746	-0.000842609638029
51	57	-20	-0.000965156377866	-0.00420184694223	-0.00082874984285
53	57	-20	-0.00114029143983	-0.0041657054471	-0.000822790597144
55	57	-20	-0.00131931063185	-0.00412272228948	-0.000829191892672
57	57	-20	-0.00149420267096	-0.00408860630994	-0.000851504697435
59	57	-20	-0.00166471294635	-0.0040449981476	-0.000886398858633
61	57	-20	-0.00183106204429	-0.00397180695054	-0.000929528259229
63	57	-20	-0.00199124243234	-0.00385972128759	-0.000977799649133
65	57	-20	-0.00214226151518	-0.0037056427174	-0.00102856427517
67	57	-20	-0.00228087536865	-0.0035104113555	-0.0010792945937
69	57	-20	-0.00240406218982	-0.00327780734023	-0.00112757491021
71	57	-20	-0.00250943021685	-0.0030141619195	-0.00117129008968
73	57	-20	-0.00259569037642	-0.00272852332499	-0.00120900009684
75	57	-20	-0.00266345612102	-0.00243383353018	-0.00124058935098
77	57	-20	-0.00271672695069	-0.00214984667694	-0.00126833314033
79	57	-20	-0.0027589233832	-0.00189391241334	-0.00129490000815
81	57	-20	-0.00278261910092	-0.00165765890572	-0.00131776859485
83	57	-20	-0.00277981896237	-0.0014300795361	-0.0013350342785
85	57	-20	-0.00274594034422	-0.00120648914157	-0.00134761500714
87	57	-20	-0.00267835816929	-0.000985283049843	-0.00135836530379
89	57	-20	-0.00257565176025	-0.000766338252379	-0.00137157390446
91	57	-20	-0.00243720273009	-0.00055027317882	-0.00139271200851
93	57	-20	-0.00226288779584	-0.000338010550249	-0.00142838492512
95	57	-20	-0.00205274796874	-0.000130443753808	-0.00148662285885
97	57	-20	-0.00180647601324	7.19258939026e-05	-0.00157799529779
99	57	-20	-0.00152252444112	0.000269503692154	-0.0017182440484
-99	59	-20	0.000808898650154	-0.000844709135569	-0.000264188918755
-97	59	-20	0.000854493956715	-0.000914454530104	-0.000234397376387
-95	59	-20	0.000891278753913	-0.000984492866228	-0.000215188049742
-93	59	-20	0.000919522576515	-0.00105442945528	-0.000204066748324
-91	59	-20	0.000939498817984	-0.00112385431283	-0.000198848542804
-89	59	-20	0.000951476018736	-0.00119236704178	-0.00019785580223
-87	59	-20	0.000955795805104	-0.00125962310197	-0.000199818103057
-85	59	-20	0.000952940314247	-0.00132539218892	-0.000203822433971
-83	59	-20	0.000943584312007	-0.00138963621488	-0.000209339080534
-81	59	-20	0.000928639723454	-0.00145262019758	-0.000216315673162
-79	59	-20	0.000909291133865	-0.00151504384484	-0.000225308192116
-77	59	-20	0.000886937665657	-0.00157794858214	-0.000237369032039
-75	59	-20	0.00086280175982	-0.00164172019949	-0.000252943463606
-73	59	-20	0.000837541013869	-0.00170511826438	-0.000270782997243
-71	59	-20	0.000811567671557	-0.00176629680799	-0.000289014016273
-69	59	-20	0.00078537502865	-0.00182385173514	-0.000306231830316
-67	59	-20	0.00075953824674	-0.0018769643179	-0.000321620120287
-65	59	-20	0.000734632239643	-0.00192532243184	-0.000334852986599
-63	59	-20	0.000711153729524	-0.0019690692722	-0.000346068728187
-61	59	-20	0.000689450549349	-0.00200880096806	-0.000355957969232
-59	59	-20	0.000669651104126	-0.00204561379943	-0.000365986760956
-57	59	-20	0.000651597049485	-0.00208118038428	-0.000378706881941
-55	59	-20	0.000634862401007	-0.0021176019351	-0.00039748837116
-53	59	-20	0.000619090028226	-0.00215634481817	-0.000423858298075
-51	59	-20	0.000604329305888	-0.00219720492299	-0.000454909239151
-49	59	-20	0.000590707756377	-0.00223929232371	-0.000485989088512
-47	59	-20	0.000578103914226	-0.00228204321604	-0.000513462980354
-45	59	-20	0.000566137837426	-0.00232531550999	-0.000535087524053
-43	59	-20	0.000554248790458	-0.00236926060063	-0.000549820218886
-41	59	-20	0.000541777827478	-0.00241422628382	-0.000557742665939
-39	59	-20	0.000528053829025	-0.00246071516748	-0.000560171822967
-37	59	-20	0.000512492247036	-0.0025094031793	-0.000559978571389
-35	59	-20	0.000494702306426	-0.00256120174459	-0.000562030525018
-33	59	-20	0.000474485212451	-0.00261710810961	-0.000572692356305
-31	59	-20	0.000451396257257	-0.00267713530745	-0.000595473719668
-29	59	-20	0.000424317825715	-0.00273929763316	-0.000626783391005
-27	59	-20	0.000391986494046	-0.00280070686967	-0.000660157597395
-25	59	-20	0.000353527082802	-0.0028587237058	-0.000690606473386
-23	59	-20	0.000308542984018	-0.00291118884421	-0.000715132013174
-21	59	-20	0.000257086832286	-0.00295644430674	-0.000732339927472
-19	59	-20	0.000199627204842	-0.00299340569609	-0.000742226536058
-17	59	-20	0.000137016072909	-0.00302171276282	-0.000746243224974
-15	59	-20	7.04507461531e-05	-0.00304197033025	-0.000747643281524
-13	59	-20	1.42591273083e-06	-0.00305603957944	-0.000751998475458
-11	59	-20	-6.83372112213e-05	-0.00306681336081	-0.00076663740889
-9	59	-20	-0.000137017227646	-0.00307592016968	-0.000795628837847
-7	59	-20	-0.000202826212965	-0.00308148020374	-0.000834875075364
-5	59	-20	-0.000264050585294	-0.00308039669616	-0.000876982120855
-3	59	-20	-0.000319092590297	-0.003070697734	-0.00091624949712
-1	59	-20	-0.000366554505301	-0.00305180400999	-0.000949224439929
1	59	-20	-0.000405328307767	-0.00302427780634	-0.00097420749301
3	59	-20	-0.000434675921487	-0.00298962146767	-0.000990969311083
5	59	-20	-0.000454298426001	-0.0029501705853	-0.00100080694434
7	59	-20	-0.000464395950379	-0.00290907839327	-0.00100695386139
9	59	-20	-0.000465713597091	-0.00287035696996	-0.00101521561297
11	59	-20	-0.000459503634561	-0.00283856121615	-0.00103334539848
13	59	-20	-0.000447211838945	-0.00281697891767	-0.00106512952174
15	59	-20	-0.00043015223331	-0.00280588814044	-0.00110462813266
17	59	-20	-0.000409726597643	-0.00280417299243	-0.00114210018176
19	59	-20	-0.000387631435628	-0.0028110118907	-0.0011700689311
21	59	-20	-0.000365786271576	-0.00282608305998	-0.00118406875963
23	59	-20	-0.000346171187829	-0.00284943180073	-0.00118209127884
25	59	-20	-0.000330634328252	-0.00288142501558	-0.00116420751955
27	59	-20	-0.000320656040533	-0.00292284520758	-0.00113248945037
29	59	-20	-0.000317040696582	-0.00297515167059	-0.00109121703882
31	59	-20	-0.000319565565364	-0.00304085071081	-0.00104725453114
33	59	-20	-0.0003271331421	-0.00312305345016	-0.00100939964611
35	59	-20	-0.000339935290256	-0.00322167841931	-0.000983470745525
37	59	-20	-0.000361568757316	-0.00332979312459	-0.000967514971413
39	59	-20	-0.00039675150708	-0.00343746243845	-0.0009564089696
41	59	-20	-0.00044898832394	-0.00353576246915	-0.000946576730812
43	59	-20	-0.000520243428965	-0.00361749309309	-0.000936435955334
45	59	-20	-0.000611107403185	-0.00367716221904	-0.000925797930694
47	59	-20	-0.000720903811039	-0.00371120171949	-0.000915398303511
49	59	-20	-0.00084769009787	-0.00371853054497	-0.000906639523389
51	59	-20	-0.000988157696499	-0.00370151254874	-0.000901506591176
53	59	-20	-0.00113748125939	-0.00366713778154	-0.000902591136429
55	59	-20	-0.00128963307837	-0.00362620854876	-0.000912798935277
57	59	-20	-0.00143955715031	-0.00358448440187	-0.000933625113263
59	59	-20	-0.00158531620269	-0.00353398200904	-0.000963493159788
61	59	-20	-0.00172621866252	-0.00346177128819	-0.000999331394793
63	59	-20	-0.00186091934833	-0.00335893171402	-0.00103821907539
65	59	-20	-0.00198738334981	-0.00322147873379	-0.00107760969328
67	59	-20	-0.00210332655224	-0.00304931367655	-0.00111524576351
69	59	-20	-0.00220663559083	-0.00284542749183	-0.00114917855922
71	59	-20	-0.00229575684815	-0.00261554969368	-0.0011779289612
73	59	-20	-0.00237011090956	-0.002368223825	-0.00120077992024
75	59	-20	-0.00243051248967	-0.00211515504795	-0.00121814600641
77	59	-20	-0.00247891734042	-0.00187022810213	-0.00123159798469
79	59	-20	-0.00251559618509	-0.00164285821429	-0.00124244021073
81	59	-20	-0.00253635824737	-0.0014315463498	-0.00125027360411
83	59	-20	-0.00253534573544	-0.00123005994606	-0.00125461211763
85	59	-20	-0.00250788331808	-0.00103379142451	-0.00125647479998
87	59	-20	-0.00245076544649	-0.000840394365447	-0.00125851373438
89	59	-20	-0.00236188693698	-0.00064899995665	-0.00126478017425
91	59	-20	-0.00223990082775	-0.000459566098796	-0.00128056442772
93	59	-20	-0.00208392917121	-0.000272433915508	-0.00131240012793
95	59	-20	-0.00189327513106	-8.80008429328e-05	-0.00136830262734
97	59	-20	-0.00166713491783	9.35352383272e-05	-0.00145817020324
99	59	-20	-0.0014046751614	0.000272200454159	-0.00159297107633
-99	61	-20	0.00075250757562	-0.000809330205873	-0.000261210273724
-97	61	-20	0.000794721254974	-0.000873199037873	-0.000232821269423
-95	61	-20	0.000828617662539	-0.000937032194264	-0.000213899953245
-93	61	-20	0.000854367896758	-0.00100049609936	-0.0002027937921
-91	61	-20	0.000872279393401	-0.00106327831303	-0.000197716273403
-89	61	-20	0.000882729084785	-0.00112510000592	-0.000197113144
-87	61	-20	0.000886176645334	-0.0011857481311	-0.000199751581715
-85	61	-20	0.000883199664789	-0.00124512165317	-0.000204738557038
-83	61	-20	0.000874526456468	-0.00130328878597	-0.000211546288555
-81	61	-20	0.000861055847541	-0.00136054259885	-0.000220046209242
-79	61	-20	0.000843843060094	-0.0014173978746	-0.000230486456701
-77	61	-20	0.000824000950212	-0.00147438171886	-0.000243246685693
-75	61	-20	0.000802493325581	-0.0015315431486	-0.00025828444208
-73	61	-20	0.000779990185398	-0.00158814655914	-0.000274777207571
-71	61	-20	0.000756956800151	-0.00164302313901	-0.000291477518126
-69	61	-20	0.000733807793072	-0.00169510636163	-0.000307270606371
-67	61	-20	0.000710959218022	-0.00174368723563	-0.000321437111142
-65	61	-20	0.000688804263573	-0.00178846538325	-0.000333712782557
-63	61	-20	0.000667664932194	-0.00182954537358	-0.000344316300557
-61	61	-20	0.000647741222226	-0.00186743575587	-0.000354010735352
-59	61	-20	0.000629067698327	-0.00190305131621	-0.00036418056486
-57	61	-20	0.00061149829657	-0.00193766125259	-0.00037677104182
-55	61	-20	0.000594769703122	-0.00197263160199	-0.000393693846239
-53	61	-20	0.000578668318975	-0.0020088834825	-0.000415497526972
-51	61	-20	0.000563142335667	-0.00204653654212	-0.000440535838328
-49	61	-20	0.000548197694643	-0.00208521762959	-0.000465892780004
-47	61	-20	0.000533739343811	-0.00212455483854	-0.000488807990727
-45	61	-20	0.000519516584142	-0.00216438810937	-0.00050737255067
-43	61	-20	0.000505148058066	-0.00220477620071	-0.000520701133269
-41	61	-20	0.000490176879139	-0.00224595415792	-0.000528981770885
-39	61	-20	0.000474135855437	-0.00228830209307	-0.000533555909105
-37	61	-20	0.000456612202848	-0.00233232846481	-0.000537009244147
-35	61	-20	0.000437283443073	-0.00237861185936	-0.000543028732434
-33	61	-20	0.000415853256266	-0.00242754773513	-0.000555391588231
-31	61	-20	0.000391850830031	-0.00247882121564	-0.000575765535583
-29	61	-20	0.00036451636303	-0.00253109074307	-0.000602302319757
-27	61	-20	0.000332999273048	-0.00258237761641	-0.000631047647876
-25	61	-20	0.000296639241053	-0.00263066640488	-0.000658153924396
-23	61	-20	0.000255104327286	-0.00267423193664	-0.000680923060709
-21	61	-20	0.000208419936828	-0.00271177322239	-0.000698008752292
-19	61	-20	0.000156957701477	-0.00274251014845	-0.000709419255925
-17	61	-20	0.000101410299678	-0.00276629941965	-0.000716564958126
-15	61	-20	4.27566944065e-05	-0.00278375224176	-0.0007223399349
-13	61	-20	-1.77848926499e-05	-0.00279622111258	-0.000730950000743
-11	61	-20	-7.88236268015e-05	-0.00280531423181	-0.000746745689685
-9	61	-20	-0.000138885373767	-0.00281176172294	-0.000771681061771
-7	61	-20	-0.000196500228354	-0.00281469052193	-0.000803682746023
-5	61	-20	-0.000250262481015	-0.00281238791364	-0.000838264286812
-3	61	-20	-0.000298883317721	-0.00280347267112	-0.000871058596946
-1	61	-20	-0.000341255697591	-0.00278741627535	-0.000898991839968
1	61	-20	-0.000376524291477	-0.00276459011286	-0.000920485212121
3	61	-20	-0.000404150206088	-0.00273618107364	-0.000935432341242
5	61	-20	-0.000423964774535	-0.00270410867184	-0.000945240909322
7	61	-20	-0.000436206338501	-0.00267095469618	-0.000952928976182
9	61	-20	-0.000441522695613	-0.00263981395003	-0.000962936623184
11	61	-20	-0.000440897386449	-0.0026138177238	-0.000979769746888
13	61	-20	-0.000435479424881	-0.00259520201442	-0.00100502258453
15	61	-20	-0.000426449048963	-0.00258469625103	-0.00103550126542
17	61	-20	-0.000415053871466	-0.00258202646436	-0.00106522711338
19	61	-20	-0.000402679933677	-0.00258674420528	-0.00108852933748
21	61	-20	-0.00039082340183	-0.00259861122567	-0.00110149400213
23	61	-20	-0.000380980577854	-0.00261767465115	-0.00110221359104
25	61	-20	-0.000374494600119	-0.00264428856565	-0.00109071396429
27	61	-20	-0.000372376458057	-0.00267917875699	-0.00106889581142
29	61	-20	-0.000375132030526	-0.00272352787545	-0.00104050461419
31	61	-20	-0.000382723534964	-0.00277887030707	-0.00101085848556
33	61	-20	-0.000394993093494	-0.00284624461226	-0.000985625776538
35	61	-20	-0.000412713997203	-0.00292432476186	-0.000968292479821
37	61	-20	-0.000438239316247	-0.00300827489592	-0.000958513111271
39	61	-20	-0.000474697205497	-0.00309111074633	-0.000953582759017
41	61	-20	-0.000524782111557	-0.00316580549927	-0.000950788854704
43	61	-20	-0.000590170557489	-0.00322641609479	-0.000948444121208
45	61	-20	-0.000671393881298	-0.00326852869301	-0.000945953803919
47	61	-20	-0.000767838491078	-0.00328959149106	-0.00094361720437
49	61	-20	-0.000877748839688	-0.0032893411706	-0.000942434019222
51	61	-20	-0.000998233399018	-0.00327024876071	-0.000943952534984
53	61	-20	-0.00112539274399	-0.00323746265471	-0.000950066989231
55	61	-20	-0.00125487675297	-0.00319691877301	-0.000962518228149
57	61	-20	-0.0013830280617	-0.00315093442569	-0.000981974343887
59	61	-20	-0.00150766868315	-0.00309537755191	-0.00100744481047
61	61	-20	-0.00162756650246	-0.00302259437582	-0.00103679693045
63	61	-20	-0.00174154590615	-0.00292591660813	-0.00106760924379
65	61	-20	-0.00184818766685	-0.00280166082673	-0.0010976104161
67	61	-20	-0.00194596493583	-0.00264930797336	-0.00112482617494
69	61	-20	-0.00203351346055	-0.00247119680708	-0.00114767631843
71	61	-20	-0.0021099130058	-0.00227225117022	-0.00116511313761
73	61	-20	-0.00217491737629	-0.00205978105889	-0.00117679577196
75	61	-20	-0.00222897200857	-0.00184300033663	-0.0011831980402
77	61	-20	-0.00227261359564	-0.00163130976168	-0.00118539669407
79	61	-20	-0.00230505532468	-0.00143085440696	-0.00118439998228
81	61	-20	-0.00232327674231	-0.00124228463191	-0.00118072753733
83	61	-20	-0.00232295647002	-0.00106271017575	-0.00117497613201
85	61	-20	-0.00229991408037	-0.000888836212912	-0.00116863030764
87	61	-20	-0.00225074675626	-0.000718329993973	-0.00116440261142
89	61	-20	-0.00217286190548	-0.000549885984205	-0.00116624357039
91	61	-20	-0.00206431577412	-0.000382920350044	-0.00117927929344
93	61	-20	-0.00192362162111	-0.000217255416772	-0.00120978141859
95	61	-20	-0.00174958428537	-5.28779663563e-05	-0.00126513481711
97	61	-20	-0.00154125168541	0.00011018686121	-0.00135349575283
99	61	-20	-0.00129820202344	0.000271789254716	-0.00148232353524
-99	63	-20	0.000701675929247	-0.000776713669339	-0.000257619348588
-97	63	-20	0.000740944698603	-0.000835376708482	-0.00023060706998
-95	63	-20	0.000772314556185	-0.000893742230589	-0.000212138174358
-93	63	-20	0.000795935780973	-0.00095154750817	-0.000201055427351
-91	63	-20	0.000812133549197	-0.00100857070061	-0.000195953756642
-89	63	-20	0.000821347141004	-0.00106463725654	-0.000195482307243
-87	63	-20	0.000824112505756	-0.00111963885625	-0.000198498099202
-85	63	-20	0.000821068990877	-0.00117356201035	-0.000204132392064
-83	63	-20	0.000812969626432	-0.00122651762909	-0.000211819082553
-81	63	-20	0.000800678145529	-0.00127875112968	-0.000221290402404
-79	63	-20	0.000785134193418	-0.00133059124491	-0.000232503268661
-77	63	-20	0.000767270337178	-0.0013822897396	-0.000245445975382
-75	63	-20	0.00074789824589	-0.00143378952074	-0.00025986632867
-73	63	-20	0.000727638324479	-0.00148461464207	-0.000275132886918
-71	63	-20	0.000706945092512	-0.00153401983666	-0.000290381229071
-69	63	-20	0.000686178457273	-0.00158126189269	-0.000304798345939
-67	63	-20	0.000665648784438	-0.00162579937007	-0.000317838007287
-65	63	-20	0.000645620057723	-0.00166738299171	-0.000329329196206
-63	63	-20	0.000626288360604	-0.00170608300635	-0.000339527972545
-61	63	-20	0.000607753970184	-0.00174228899945	-0.000349141862064
-59	63	-20	0.000590002322251	-0.00177668306663	-0.000359296715799
-57	63	-20	0.000572911787145	-0.00181015182357	-0.000371343013035
-55	63	-20	0.000556305502063	-0.00184358981841	-0.000386378564569
-53	63	-20	0.000540033699276	-0.00187762964552	-0.000404592998563
-51	63	-20	0.000524019249132	-0.00191249123626	-0.000424955146049
-49	63	-20	0.000508218927524	-0.00194808830564	-0.000445612710601
-47	63	-20	0.000492548078465	-0.00198425453679	-0.000464636207829
-45	63	-20	0.000476836244667	-0.00202089796726	-0.000480587090896
-43	63	-20	0.000460827811568	-0.00205804995662	-0.000492804210882
-41	63	-20	0.000444211054529	-0.00209585884192	-0.000501525911613
-39	63	-20	0.000426658017007	-0.0021345663831	-0.000507929256311
-37	63	-20	0.000407858832391	-0.00217446968495	-0.000514055575495
-35	63	-20	0.000387527656039	-0.00221583483578	-0.000522464541212
-33	63	-20	0.000365355942264	-0.00225871437671	-0.000535423006395
-31	63	-20	0.000340930146891	-0.00230270442304	-0.000553799987753
-29	63	-20	0.000313705867286	-0.00234683820179	-0.000576505862734
-27	63	-20	0.000283103311301	-0.00238975711768	-0.000601070614294
-25	63	-20	0.000248656307773	-0.00243001796971	-0.000624773093319
-23	63	-20	0.000210120036203	-0.00246633940007	-0.000645489170542
-21	63	-20	0.000167517659593	-0.00249775149501	-0.000662091042793
-19	63	-20	0.000121147138566	-0.00252369475454	-0.00067458955254
-17	63	-20	7.15666536734e-05	-0.00254409489605	-0.000684161933876
-15	63	-20	1.95663785751e-05	-0.00255938789922	-0.000693049897602
-13	63	-20	-3.38722240154e-05	-0.00257040579924	-0.00070414988528
-11	63	-20	-8.76307240231e-05	-0.00257801239707	-0.000720069295885
-9	63	-20	-0.000140519137625	-0.00258256811294	-0.000741843117065
-7	63	-20	-0.000191341972781	-0.00258365825474	-0.000768276668294
-5	63	-20	-0.000238956313705	-0.00258039527452	-0.00079660027173
-3	63	-20	-0.000282325812164	-0.00257198351184	-0.000823755852716
-1	63	-20	-0.000320576516485	-0.00255811144584	-0.000847354981857
1	63	-20	-0.000353052728644	-0.00253909180762	-0.000866117527804
3	63	-20	-0.000379366961719	-0.00251585975607	-0.00088001676898
5	63	-20	-0.00039943759506	-0.00248991575159	-0.000890299127867
7	63	-20	-0.000413505977459	-0.00246322849602	-0.000899361703325
9	63	-20	-0.000422119927938	-0.00243804689749	-0.000910276770019
11	63	-20	-0.000426070309884	-0.00241654449621	-0.000925693727277
13	63	-20	-0.00042629292301	-0.00240035323394	-0.00094634855149
15	63	-20	-0.000423792609514	-0.00239030169499	-0.00097032865382
17	63	-20	-0.000419629411535	-0.00238658532046	-0.000993904621886
19	63	-20	-0.000414926498469	-0.00238914570015	-0.00101310838635
21	63	-20	-0.000410842655872	-0.00239794847168	-0.00102490166145
23	63	-20	-0.000408497609593	-0.00241310731731	-0.00102769785771
25	63	-20	-0.00040886735585	-0.00243493312763	-0.00102150262834
27	63	-20	-0.000412676910824	-0.00246395515429	-0.00100788314276
29	63	-20	-0.000420339930897	-0.00250087655358	-0.000989787729837
31	63	-20	-0.000432039717747	-0.00254632320514	-0.000971060223562
33	63	-20	-0.000448057149657	-0.00260021182097	-0.00095543997769
35	63	-20	-0.000469259769959	-0.00266087772462	-0.000945240100579
37	63	-20	-0.000497319655483	-0.00272468632413	-0.000940634317949
39	63	-20	-0.00053435329229	-0.00278664752153	-0.000940209675101
41	63	-20	-0.000582290098323	-0.00284152763685	-0.000942125909762
43	63	-20	-0.000642402304765	-0.00288474645773	-0.000944949295117
45	63	-20	-0.000715083831736	-0.00291292446771	-0.000947968038964
47	63	-20	-0.000799778964111	-0.00292424367549	-0.000951204183045
49	63	-20	-0.0008949849784	-0.00291871178608	-0.000955304154448
51	63	-20	-0.000998327578628	-0.00289822107738	-0.000961366299811
53	63	-20	-0.00110678057586	-0.00286604905766	-0.000970670153994
55	63	-20	-0.00121712317971	-0.00282537574112	-0.000984244877995
57	63	-20	-0.00132655549406	-0.00277714419602	-0.00100235381072
59	63	-20	-0.00143307462749	-0.00271897300499	-0.00102422621816
61	63	-20	-0.00153532930541	-0.00264633785844	-0.00104826801169
63	63	-20	-0.00163223450806	-0.00255480745293	-0.00107252233681
65	63	-20	-0.00172274248807	-0.00244162677919	-0.00109505144942
67	63	-20	-0.001805845718	-0.00230632086002	-0.00111416594963
69	63	-20	-0.00188070581489	-0.00215073837468	-0.0011285708066
71	63	-20	-0.00194679901655	-0.00197886813928	-0.00113748419349
73	63	-20	-0.00200397895995	-0.00179648379909	-0.00114072831571
75	63	-20	-0.00205232559655	-0.00161041778572	-0.00113873169003
77	63	-20	-0.00209165124274	-0.00142718038736	-0.00113235978283
79	63	-20	-0.00212078880781	-0.00125116514855	-0.00112261983609
81	63	-20	-0.00213722972837	-0.00108366542065	-0.00111053157388
83	63	-20	-0.00213751023841	-0.000923569114763	-0.0010973733749
85	63	-20	-0.00211795076585	-0.000768850566935	-0.00108508909179
87	63	-20	-0.00207518447987	-0.000617622885705	-0.00107655928948
89	63	-20	-0.00200635366487	-0.000468504702158	-0.00107568685056
91	63	-20	-0.0019091063725	-0.000320600120405	-0.00108737227632
93	63	-20	-0.00178152577529	-0.000173357894424	-0.00111741507618
95	63	-20	-0.00162208531145	-2.64464566397e-05	-0.00117227120685
97	63	-20	-0.00142971732489	0.000120283718003	-0.00125845490079
99	63	-20	-0.00120406722996	0.000266713136528	-0.00138133870833
-99	65	-20	0.000656095202379	-0.000746901847949	-0.000253137131705
-97	65	-20	0.000692801539658	-0.000800970454846	-0.000227449731504
-95	65	-20	0.000721937725784	-0.000854523685437	-0.000209587080067
-93	65	-20	0.000743677023609	-0.000907373768032	-0.00019867707524
-91	65	-20	0.000758373396044	-0.000959384921676	-0.000193594577458
-89	65	-20	0.000766509951351	-0.00101047113282	-0.000193182935018
-87	65	-20	0.000768669966549	-0.00106060234557	-0.000196403869603
-85	65	-20	0.00076552669446	-0.00110981651941	-0.000202417660958
-83	65	-20	0.000757837926773	-0.001158227983	-0.000210612739238
-81	65	-20	0.000746430041881	-0.00120601601733	-0.000220590674088
-79	65	-20	0.000732158741752	-0.00125337385499	-0.000232097456369
-77	65	-20	0.000715843446116	-0.00130041097752	-0.000244899216735
-75	65	-20	0.000698194051644	-0.00134704505168	-0.000258646053958
-73	65	-20	0.000679767293124	-0.00139296207996	-0.000272813719034
-71	65	-20	0.000660974116805	-0.00143768993885	-0.000286775449299
-69	65	-20	0.000642118611717	-0.00148073949748	-0.000299954828171
-67	65	-20	0.000623432972448	-0.00152173388201	-0.000311972370627
-65	65	-20	0.000605090967341	-0.00156048796771	-0.000322742860518
-63	65	-20	0.000587203252895	-0.00159704178434	-0.000332522516989
-61	65	-20	0.000569806414155	-0.00163166018386	-0.000341906027684
-59	65	-20	0.000552858799194	-0.00166480073504	-0.000351749127268
-57	65	-20	0.000536254700004	-0.00169704043835	-0.00036297282461
-55	65	-20	0.000519860924864	-0.00172895728906	-0.000376238017788
-53	65	-20	0.000503561608849	-0.00176099956336	-0.000391602252805
-51	65	-20	0.000487280810495	-0.00179341475018	-0.000408387838093
-49	65	-20	0.000470965508819	-0.00182628020339	-0.000425391891835
-47	65	-20	0.000454546446195	-0.00185959410689	-0.000441307369322
-45	65	-20	0.000437907413833	-0.00189335582648	-0.000455124327156
-43	65	-20	0.000420877447326	-0.00192760445832	-0.000466394935295
-41	65	-20	0.000403242424106	-0.00196242229465	-0.000475361472116
-39	65	-20	0.000384765187892	-0.00199791667215	-0.000482964813855
-37	65	-20	0.000365201538677	-0.00203418324169	-0.000490709734711
-35	65	-20	0.000344299586343	-0.00207124242634	-0.000500326218707
-33	65	-20	0.000321777265993	-0.00210894506979	-0.000513213840321
-31	65	-20	0.000297294218081	-0.00214687787099	-0.000529850420966
-29	65	-20	0.000270454676308	-0.00218433705116	-0.000549533003045
-27	65	-20	0.000240861933098	-0.00222041021728	-0.00057066178738
-25	65	-20	0.000208201185446	-0.00225412548246	-0.00059136040838
-23	65	-20	0.000172311466577	-0.00228459820916	-0.000610067216862
-21	65	-20	0.000133227655311	-0.00231114286418	-0.00062591586288
-19	65	-20	9.11944299688e-05	-0.00233335008302	-0.000638911138122
-17	65	-20	4.66600519227e-05	-0.00235112879028	-0.000649942159005
-15	65	-20	2.55913747693e-07	-0.00236469430895	-0.000660620886565
-13	65	-20	-4.72350909501e-05	-0.00237446691381	-0.000672882166424
-11	65	-20	-9.49197143469e-05	-0.00238086541161	-0.000688331757626
-9	65	-20	-0.000141842717672	-0.00238406966069	-0.000707552037233
-7	65	-20	-0.000187038632544	-0.00238391719221	-0.000729791373419
-5	65	-20	-0.000229583596765	-0.00238002992396	-0.000753280765612
-3	65	-20	-0.000268646285202	-0.00237207386386	-0.00077593786072
-1	65	-20	-0.000303537410628	-0.00235998558997	-0.00079603512371
1	65	-20	-0.000333755453614	-0.00234409054288	-0.000812622939629
3	65	-20	-0.000359024581676	-0.00232512710659	-0.000825716970955
5	65	-20	-0.0003793195228	-0.0023042091666	-0.000836300904194
7	65	-20	-0.000394870733746	-0.00228274032001	-0.000846131608982
9	65	-20	-0.000406142743197	-0.00226227088041	-0.000857271769888
11	65	-20	-0.000413783883248	-0.00224429301638	-0.000871333574866
13	65	-20	-0.000418560808547	-0.00223002335171	-0.000888680815198
15	65	-20	-0.00042130488614	-0.00222028274784	-0.000908092458039
17	65	-20	-0.000422885915639	-0.00221553871246	-0.000927172382229
19	65	-20	-0.000424198468489	-0.00221604848515	-0.000943213837221
21	65	-20	-0.00042613520183	-0.00222199623668	-0.000954009434949
23	65	-20	-0.000429537152479	-0.00223357716541	-0.000958354425743
25	65	-20	-0.000435130809277	-0.00225103262297	-0.000956256631187
27	65	-20	-0.000443476396025	-0.00227463895223	-0.000948927428307
29	65	-20	-0.000454965700872	-0.00230462149968	-0.000938569353201
31	65	-20	-0.00046991548641	-0.00234093911622	-0.000927914948218
33	65	-20	-0.000488771549802	-0.00238292054363	-0.000919514028416
35	65	-20	-0.000512336878771	-0.00242888565257	-0.000914980094277
37	65	-20	-0.000541840527631	-0.00247603686289	-0.00091461347098
39	65	-20	-0.000578742393957	-0.00252078757722	-0.000917637948419
41	65	-20	-0.00062438021182	-0.00255936700488	-0.000922815079431
43	65	-20	-0.000679644641413	-0.00258841857234	-0.000929020682161
45	65	-20	-0.000744774158812	-0.00260545224719	-0.000935578393178
47	65	-20	-0.000819265561837	-0.00260914354563	-0.00094236690805
49	65	-20	-0.00090187589155	-0.00259947267817	-0.000949777166716
51	65	-20	-0.000990715550826	-0.0025776190528	-0.000958562140109
53	65	-20	-0.00108345623152	-0.00254546184866	-0.000969582690983
55	65	-20	-0.00117765852425	-0.00250463444145	-0.000983463147178
57	65	-20	-0.00127113375792	-0.00245546592129	-0.00100025235751
59	65	-20	-0.00136216621615	-0.00239652085327	-0.00101926313395
61	65	-20	-0.00144949591671	-0.00232514674812	-0.00103918648271
63	65	-20	-0.00153215866345	-0.00223862013076	-0.00105838711015
65	65	-20	-0.00160935213895	-0.00213517912954	-0.0010752110215
67	65	-20	-0.0016804029695	-0.00201460511449	-0.00108821583504
69	65	-20	-0.00174480712883	-0.00187839436978	-0.00109632332258
71	65	-20	-0.00180227353013	-0.00172964479582	-0.00109891782928
73	65	-20	-0.00185268927158	-0.00157269918726	-0.00109589610967
75	65	-20	-0.00189592926527	-0.00141249757632	-0.00108765109855
77	65	-20	-0.00193149130702	-0.00125363175248	-0.00107497889208
79	65	-20	-0.00195809003544	-0.00109935532288	-0.00105895905634
81	65	-20	-0.00197347869348	-0.000951064467217	-0.00104092289742
83	65	-20	-0.0019746509549	-0.000808542166018	-0.00102257535424
85	65	-20	-0.00195827262011	-0.000670667815197	-0.00100619922007
87	65	-20	-0.00192107645968	-0.000536076181011	-0.000994820880726
89	65	-20	-0.00186008925198	-0.000403522850831	-0.000992279042292
91	65	-20	-0.00177271291641	-0.000271997955852	-0.00100319217611
93	65	-20	-0.00165674014681	-0.000140716665598	-0.00103281215472
95	65	-20	-0.00151038766438	-9.09446965361e-06	-0.00108670396306
97	65	-20	-0.00133241351033	0.00012322481515	-0.00117015753306
99	65	-20	-0.00112233436372	0.00025627016351	-0.0012873165695
-99	67	-20	0.000615364323459	-0.000719813548691	-0.000247726009894
-97	67	-20	0.000649834822962	-0.000769831366136	-0.000223312113743
-95	67	-20	0.00067697385638	-0.000819140459876	-0.000206180516891
-93	67	-20	0.000697004490552	-0.00086763148785	-0.000195616386734
-91	67	-20	0.000710325553423	-0.000915252551089	-0.000190674488408
-89	67	-20	0.000717459688311	-0.00096199418045	-0.000190347293082
-87	67	-20	0.000719020361397	-0.00100788430166	-0.000193690941135
-85	67	-20	0.000715695725312	-0.00105298885693	-0.000199898179236
-83	67	-20	0.000708237436489	-0.00109740856052	-0.000208325125667
-81	67	-20	0.000697441250477	-0.00114126196815	-0.00021847843943
-79	67	-20	0.000684109179202	-0.00118464930976	-0.00022996722912
-77	67	-20	0.000668992132257	-0.0012276026595	-0.000242431550292
-75	67	-20	0.000652729115613	-0.00127004315108	-0.000255476390069
-73	67	-20	0.0006358118627	-0.00131177183536	-0.000268648801637
-71	67	-20	0.000618590963507	-0.00135250634054	-0.000281476913466
-69	67	-20	0.000601309038836	-0.00139194991097	-0.000293553669651
-67	67	-20	0.000584133498886	-0.00142986463056	-0.000304628474026
-65	67	-20	0.000567173773424	-0.00146612574732	-0.000314677054109
-63	67	-20	0.000550484217662	-0.00150074779538	-0.000323934259748
-61	67	-20	0.000534061650084	-0.0015338825858	-0.000332878560667
-59	67	-20	0.00051784755614	-0.00156579254816	-0.000342152124103
-57	67	-20	0.000501742546527	-0.00159680579766	-0.000352402644909
-55	67	-20	0.000485633926655	-0.00162726458769	-0.000364064279213
-53	67	-20	0.00046942590705	-0.00165748140224	-0.000377157088238
-51	67	-20	0.000453054366847	-0.00168771148542	-0.00039122272874
-49	67	-20	0.000436476557395	-0.00171814385895	-0.000405455785232
-47	67	-20	0.000419645231997	-0.00174890933047	-0.000418969352856
-45	67	-20	0.000402485208753	-0.00178009748655	-0.000431073768318
-43	67	-20	0.00038488289406	-0.00181176977108	-0.000441482444038
-41	67	-20	0.0003666883199	-0.00184395944893	-0.000450414775955
-39	67	-20	0.000347723311696	-0.00187665652477	-0.000458588291481
-37	67	-20	0.000327788381036	-0.00190978150316	-0.000467086300007
-35	67	-20	0.000306663364469	-0.00194315726415	-0.000477088306206
-33	67	-20	0.000284102749128	-0.00197649245174	-0.000489496727593
-31	67	-20	0.000259834276753	-0.00200938493523	-0.000504588084084
-29	67	-20	0.000233572435584	-0.0020413405555	-0.000521874356757
-27	67	-20	0.000205051672223	-0.00207180062092	-0.000540268816841
-25	67	-20	0.0001740720766	-0.00210018292107	-0.000558463702043
-23	67	-20	0.000140543449756	-0.00212593892404	-0.000575334373408
-21	67	-20	0.00010451649027	-0.00214861566367	-0.000590239093061
-19	67	-20	6.61970740158e-05	-0.00216790462895	-0.000603172991675
-17	67	-20	2.59448835993e-05	-0.0021836625103	-0.00061477376563
-15	67	-20	-1.57403472106e-05	-0.00219589378029	-0.000626171071812
-13	67	-20	-5.82414481063e-05	-0.00220469516264	-0.000638669253083
-11	67	-20	-0.000100852420583	-0.00221018018778	-0.000653304045128
-9	67	-20	-0.000142812085869	-0.00221241753352	-0.000670424351392
-7	67	-20	-0.000183343838611	-0.00221141274002	-0.000689518931493
-5	67	-20	-0.000221701390299	-0.00220714337597	-0.000709399939883
-3	67	-20	-0.000257216613764	-0.00219963614699	-0.000728633286344
-1	67	-20	-0.000289344281521	-0.00218905488408	-0.000745996905325
1	67	-20	-0.000317700112235	-0.00217576416097	-0.00076081458678
3	67	-20	-0.000342089586593	-0.00216034875355	-0.000773119673869
5	67	-20	-0.000362524287431	-0.00214358765147	-0.00078364859883
7	67	-20	-0.000379221239645	-0.00212639293239	-0.000793656985351
9	67	-20	-0.00039258096026	-0.0021097322042	-0.000804547716665
11	67	-20	-0.000403144732525	-0.00209455863867	-0.000817359582904
13	67	-20	-0.000411541997612	-0.00208176281761	-0.000832293137394
15	67	-20	-0.000418446419519	-0.00207213772009	-0.000848528701295
17	67	-20	-0.000424550977616	-0.00206634700831	-0.000864463840941
19	67	-20	-0.000430553642142	-0.00206490876085	-0.000878238063731
21	67	-20	-0.000437137846908	-0.0020682051379	-0.000888285375448
23	67	-20	-0.000444941672464	-0.0020765044241	-0.000893734617155
25	67	-20	-0.000454523729384	-0.00208997009693	-0.000894606780084
27	67	-20	-0.000466343845447	-0.00210863426828	-0.000891818957299
29	67	-20	-0.000480781250409	-0.00213231975452	-0.000887002025644
31	67	-20	-0.000498206870772	-0.00216051071767	-0.000882132065339
33	67	-20	-0.000519099308699	-0.0021922048	-0.000879022204222
35	67	-20	-0.00054414878129	-0.00222581564804	-0.00087883273471
37	67	-20	-0.000574268554238	-0.00225919763353	-0.000881829345536
39	67	-20	-0.000610474482546	-0.0022898228818	-0.000887507363909
41	67	-20	-0.000653674941271	-0.00231508020228	-0.000894967923818
43	67	-20	-0.000704455626383	-0.00233261991399	-0.000903321584327
45	67	-20	-0.000762921560832	-0.00234066266242	-0.000911970472129
47	67	-20	-0.000828617988438	-0.00233821108521	-0.000920737282129
49	67	-20	-0.000900531522026	-0.00232511486337	-0.00092986407883
51	67	-20	-0.000977172825657	-0.00230193690972	-0.000939901309278
53	67	-20	-0.0010567424196	-0.00226958817262	-0.000951492845737
55	67	-20	-0.00113736119319	-0.00222878945723	-0.000965080099703
57	67	-20	-0.0012173047822	-0.00217956836927	-0.000980615146261
59	67	-20	-0.00129515539312	-0.00212107209211	-0.0009974274889
61	67	-20	-0.00136982639747	-0.00205183185205	-0.0010143223597
63	67	-20	-0.00144049903403	-0.00197034187276	-0.00102983592287
65	67	-20	-0.0015065500072	-0.00187566938541	-0.00104250715586
67	67	-20	-0.00156751765906	-0.00176788163887	-0.00105108386808
69	67	-20	-0.00162310155113	-0.00164821968618	-0.00105465334105
71	67	-20	-0.00167315433004	-0.00151903086243	-0.00105271536572
73	67	-20	-0.00171760936631	-0.00138348298155	-0.00104521146554
75	67	-20	-0.00175629499776	-0.0012450839077	-0.00103251733331
77	67	-20	-0.00178863773784	-0.00110707857081	-0.00101541126471
79	67	-20	-0.00181336072221	-0.000971890590315	-0.000995046285533
81	67	-20	-0.00182835828674	-0.000840819808888	-0.000972958204994
83	67	-20	-0.0018308431355	-0.000714097049515	-0.000951122382087
85	67	-20	-0.0018176702741	-0.000591197108228	-0.000932039917088
87	67	-20	-0.00178565746962	-0.000471205862742	-0.000918813492505
89	67	-20	-0.00173179693094	-0.000353092648057	-0.0009151748993
91	67	-20	-0.00165335810861	-0.000235853741977	-0.000925435790813
93	67	-20	-0.001547936538	-0.000118569125091	-0.000954330780219
95	67	-20	-0.00141351759176	-4.39797986168e-07	-0.00100670875628
97	67	-20	-0.00124861458553	0.00011913334849	-0.0010870341791
99	67	-20	-0.00105249418528	0.000240405931285	-0.0011987355975
-99	69	-20	0.000579017114412	-0.000695263185822	-0.000241489937818
-97	69	-20	0.000611526176096	-0.000741702804924	-0.000218307396764
-95	69	-20	0.000636853606635	-0.00078724771317	-0.000202012472219
-93	69	-20	0.000655298323265	-0.000831875885779	-0.000191956672081
-91	69	-20	0.000667321952385	-0.000875621136953	-0.000187291789478
-89	69	-20	0.000673486813097	-0.000918541881076	-0.000187111459617
-87	69	-20	0.000674424783104	-0.000960709621766	-0.000190549458056
-85	69	-20	0.000670825051798	-0.00100220524214	-0.000196834712903
-83	69	-20	0.000663426349186	-0.00104311161928	-0.000205310851118
-81	69	-20	0.000653002062591	-0.00108349722719	-0.000215427199179
-79	69	-20	0.000640327474245	-0.00112339404917	-0.000226709705601
-77	69	-20	0.00062612194629	-0.00116278231993	-0.000238726052995
-75	69	-20	0.000610978568274	-0.00120159246068	-0.000251062060721
-73	69	-20	0.000595323311528	-0.00123971640373	-0.000263318859139
-71	69	-20	0.000579432201423	-0.00127701776247	-0.000275132225773
-69	69	-20	0.000563479359471	-0.00131334967271	-0.000286213125603
-67	69	-20	0.000547575122582	-0.00134858607662	-0.000296399788271
-65	69	-20	0.000531782705072	-0.00138265344918	-0.000305702822205
-63	69	-20	0.000516120969204	-0.00141554711552	-0.000314326092451
-61	69	-20	0.0005005631431	-0.00144732549849	-0.000322650638094
-59	69	-20	0.000485039286729	-0.00147808682542	-0.000331171370087
-57	69	-20	0.000469448477231	-0.00150794626779	-0.000340381000313
-55	69	-20	0.000453683229752	-0.00153704090632	-0.000350613089421
-53	69	-20	0.000437658935064	-0.00156556620897	-0.000361895768069
-51	69	-20	0.000421328983971	-0.0015937915023	-0.000373904746791
-49	69	-20	0.000404673199876	-0.00162201212173	-0.000386065084152
-47	69	-20	0.000387671649611	-0.00165048089308	-0.000397749241978
-45	69	-20	0.000370282837032	-0.00167937189271	-0.000408478738048
-43	69	-20	0.000352433198666	-0.00170877350039	-0.000418071488405
-41	69	-20	0.000334015363172	-0.00173868483246	-0.000426713061442
-39	69	-20	0.000314890284777	-0.00176900122742	-0.000434943270463
-37	69	-20	0.000294889624239	-0.00179949321596	-0.000443551423869
-35	69	-20	0.000273818445451	-0.00182980382223	-0.000453379830306
-33	69	-20	0.000251462828715	-0.00185950067132	-0.000465061831267
-31	69	-20	0.000227606120933	-0.00188818049852	-0.000478777151297
-29	69	-20	0.000202048870042	-0.00191553901295	-0.000494155097189
-27	69	-20	0.000174626434048	-0.00194133838322	-0.000510397323181
-25	69	-20	0.000145228086333	-0.00196533772347	-0.000526548509522
-23	69	-20	0.000113820332298	-0.00198727090856	-0.00054178343297
-21	69	-20	8.04683686033e-05	-0.00200687073108	-0.000555624494124
-19	69	-20	4.53485738043e-05	-0.00202389888392	-0.000568057110826
-17	69	-20	8.74935856876e-06	-0.00203815342016	-0.000579533512813
-15	69	-20	-2.89382670316e-05	-0.00204945016895	-0.000590859734264
-13	69	-20	-6.72363528727e-05	-0.0020576044752	-0.000602965987606
-11	69	-20	-0.00010559692696	-0.00206246247081	-0.000616589618259
-9	69	-20	-0.000143419795491	-0.0020639923284	-0.00063196987929
-7	69	-20	-0.000180079786647	-0.0020623438839	-0.000648719110793
-5	69	-20	-0.000214969202071	-0.00205780039677	-0.000665962928759
-3	69	-20	-0.000247546032226	-0.00205069697525	-0.000682657454349
-1	69	-20	-0.000277375583084	-0.00204139546233	-0.000697918862875
1	69	-20	-0.000304161849346	-0.00203030336541	-0.00071126429584
3	69	-20	-0.00032776917572	-0.00201788580566	-0.000722730872928
5	69	-20	-0.000348233526847	-0.00200464377308	-0.000732865883805
7	69	-20	-0.000365760424905	-0.00199106685391	-0.000742584955054
9	69	-20	-0.000380705071584	-0.00197760369288	-0.000752901403536
11	69	-20	-0.000393531845921	-0.00196471249676	-0.000764564085717
13	69	-20	-0.000404761163398	-0.00195298848452	-0.000777718723217
15	69	-20	-0.000414927258571	-0.00194322413841	-0.000791775615709
17	69	-20	-0.000424562958927	-0.00193629127508	-0.000805583750137
19	69	-20	-0.000434198048559	-0.00193295726426	-0.000817807792946
21	69	-20	-0.000444351036243	-0.00193378041657	-0.000827321979306
23	69	-20	-0.000455511185463	-0.00193908759334	-0.000833503623832
25	69	-20	-0.000468120566506	-0.00194897057572	-0.000836387543011
27	69	-20	-0.000482569539033	-0.00196325646057	-0.00083667721065
29	69	-20	-0.000499217158091	-0.00198144535008	-0.000835613739799
31	69	-20	-0.000518439133041	-0.00200265257972	-0.000834703952078
33	69	-20	-0.000540688624325	-0.00202562872831	-0.000835333421593
35	69	-20	-0.000566537383161	-0.00204888678187	-0.000838372210669
37	69	-20	-0.00059666336597	-0.00207083406705	-0.000843972511614
39	69	-20	-0.000631771678649	-0.00208981681317	-0.000851676495518
41	69	-20	-0.000672465722479	-0.00210416479913	-0.000860721917517
43	69	-20	-0.000719107008541	-0.0021123306864	-0.000870353516425
45	69	-20	-0.000771702547882	-0.00211308057658	-0.000880042463677
47	69	-20	-0.000829843666827	-0.00210563934769	-0.000889601222604
49	69	-20	-0.000892705813465	-0.00208972085522	-0.000899206714428
51	69	-20	-0.000959111635063	-0.00206541414267	-0.000909336345658
53	69	-20	-0.00102765380694	-0.00203295132509	-0.000920600015014
55	69	-20	-0.00109686112453	-0.00199245318694	-0.000933450486805
57	69	-20	-0.00116536794584	-0.00194377011025	-0.000947844051363
59	69	-20	-0.00123203011023	-0.00188645598699	-0.000963070649126
61	69	-20	-0.00129595576763	-0.0018198597422	-0.000977900200566
63	69	-20	-0.00135647610603	-0.00174334746559	-0.00099090171053
65	69	-20	-0.00141310456033	-0.00165661409089	-0.00100072010097
67	69	-20	-0.00146551238238	-0.00155996139336	-0.00100624492641
69	69	-20	-0.00151351884076	-0.00145443709446	-0.00100669828468
71	69	-20	-0.00155707275826	-0.00134179542039	-0.00100167447119
73	69	-20	-0.00159618699247	-0.00122428885453	-0.000991150996679
75	69	-20	-0.00163077774947	-0.0011043404467	-0.000975489157639
77	69	-20	-0.00166037923476	-0.000984189434098	-0.000955448724954
79	69	-20	-0.00168381013356	-0.00086561202321	-0.000932228223574
81	69	-20	-0.00169901940558	-0.000749758334852	-0.000907501817758
83	69	-20	-0.00170326021045	-0.000637102907903	-0.00088342396003
85	69	-20	-0.00169344254849	-0.000527518805972	-0.000862623627666
87	69	-20	-0.00166643629647	-0.000420445626702	-0.000848209200599
89	69	-20	-0.00161924716075	-0.000315068809136	-0.000843762624286
91	69	-20	-0.0015490950662	-0.000210448386194	-0.000853285554667
93	69	-20	-0.00145344815146	-0.000105591163802	-0.000881064176365
95	69	-20	-0.00133007062235	4.95502166242e-07	-0.000931420119891
97	69	-20	-0.00117715528145	0.000108701026905	-0.00100831574758
99	69	-20	-0.000993600265323	0.000219595901311	-0.0011148175275
-99	71	-20	0.00054652779598	-0.000672973140292	-0.000234636130339
-97	71	-20	0.000577300955183	-0.000716235153965	-0.000212657482567
-95	71	-20	0.000600955491323	-0.000758409715264	-0.000197297880752
-93	71	-20	0.00061790613632	-0.000799584053991	-0.000187891083011
-91	71	-20	0.00062869533552	-0.000839882232493	-0.000183620823987
-89	71	-20	0.000633921153341	-0.000879420835199	-0.000183647802942
-87	71	-20	0.000634221027495	-0.000918302621243	-0.000187172502006
-85	71	-20	0.000630272254878	-0.000956616512557	-0.000193465705685
-83	71	-20	0.00062279323434	-0.000994430350784	-0.000201878126143
-81	71	-20	0.000612539275292	-0.00103177427002	-0.000211832843874
-79	71	-20	0.000600282668552	-0.00106862341132	-0.000222807740283
-77	71	-20	0.000586752638836	-0.00110490506902	-0.00023432446519
-75	71	-20	0.00057252548796	-0.00114054934033	-0.000245959754578
-73	71	-20	0.00055795244591	-0.00117553106943	-0.00025736230202
-71	71	-20	0.000543212497538	-0.00120984397723	-0.000268251498931
-69	71	-20	0.000528404052669	-0.00124346418235	-0.000278421482098
-67	71	-20	0.000513589065938	-0.00127635317834	-0.000287766598529
-65	71	-20	0.000498800396381	-0.00130847862966	-0.000296310988648
-63	71	-20	0.000484037792029	-0.00133982495413	-0.000304223374834
-61	71	-20	0.000469263273241	-0.00137038241436	-0.000311807224238
-59	71	-20	0.000454399994598	-0.00140011749497	-0.000319461797883
-57	71	-20	0.00043933903558	-0.00142894931591	-0.000327608838976
-55	71	-20	0.000423962951364	-0.00145679468038	-0.000336572063817
-53	71	-20	0.000408188394443	-0.00148372058578	-0.000346420475849
-51	71	-20	0.000391992681475	-0.00151004264378	-0.000356895060473
-49	71	-20	0.000375390165849	-0.00153619843911	-0.000367524781256
-47	71	-20	0.000358392144805	-0.00156256695811	-0.000377822613906
-45	71	-20	0.000340984928569	-0.00158939572913	-0.000387438145586
-43	71	-20	0.000323123103142	-0.00161679680069	-0.00039625080365
-41	71	-20	0.000304728373642	-0.00164474885476	-0.000404410598594
-39	71	-20	0.000285689182842	-0.00167308141074	-0.00041232519476
-37	71	-20	0.00026585966012	-0.00170144402588	-0.000420590995576
-35	71	-20	0.000245061052473	-0.00172929625323	-0.000429865832227
-33	71	-20	0.000223096688139	-0.00175600847733	-0.000440675098005
-31	71	-20	0.000199788690562	-0.00178112655234	-0.000453176298656
-29	71	-20	0.000175010000097	-0.00180455540838	-0.000467042234172
-27	71	-20	0.000148682143901	-0.00182640485644	-0.000481600636837
-25	71	-20	0.000120766386232	-0.00184675176943	-0.000496091605577
-23	71	-20	9.12727657078e-05	-0.00186556056489	-0.000509881144105
-21	71	-20	6.02768647673e-05	-0.00188270559469	-0.000522603202536
-19	71	-20	2.79313835629e-05	-0.00189800135912	-0.000534234442157
-17	71	-20	-5.53227265704e-06	-0.00191120147243	-0.000545099354064
-15	71	-20	-3.98120210362e-05	-0.00192196525152	-0.000555803175111
-13	71	-20	-7.45481381787e-05	-0.00192983537678	-0.000567087463738
-11	71	-20	-0.000109330927483	-0.00193434245886	-0.000579590073873
-9	71	-20	-0.000143696626989	-0.00193531027479	-0.000593534101954
-7	71	-20	-0.000177136264286	-0.00193306512616	-0.000608563614634
-5	71	-20	-0.000209142937401	-0.00192823349233	-0.000623918588302
-3	71	-20	-0.000239268760654	-0.00192144201059	-0.000638756514591
-1	71	-20	-0.000267163454518	-0.00191321436476	-0.000652402271975
1	71	-20	-0.000292597619073	-0.00190398905432	-0.000664500231347
3	71	-20	-0.000315477778096	-0.00189413974435	-0.000675084396008
5	71	-20	-0.00033585487104	-0.00188395310555	-0.00068456853636
7	71	-20	-0.000353924552885	-0.00187356875964	-0.000693655433928
9	71	-20	-0.000370013795692	-0.00186294217753	-0.000703162724608
11	71	-20	-0.000384541349226	-0.00185198209522	-0.000713751992983
13	71	-20	-0.000397947832837	-0.00184095192788	-0.000725594059244
15	71	-20	-0.000410641569493	-0.00183072879075	-0.000738201226814
17	71	-20	-0.000423006166374	-0.00182249447398	-0.000750626331973
19	71	-20	-0.000435426769087	-0.00181728477005	-0.000761826303568
21	71	-20	-0.000448292242044	-0.00181580391857	-0.000770957384954
23	71	-20	-0.000461981625444	-0.00181841439194	-0.000777567691588
25	71	-20	-0.000476852186894	-0.00182514949042	-0.000781699929663
27	71	-20	-0.000493239440473	-0.00183568718746	-0.000783906789643
29	71	-20	-0.000511473720218	-0.00184928360562	-0.000785178447371
31	71	-20	-0.00053191004523	-0.00186472701111	-0.000786770939189
33	71	-20	-0.000554956192254	-0.00188047046469	-0.000789893954743
35	71	-20	-0.000581077552145	-0.00189504869707	-0.000795271254068
37	71	-20	-0.000610771966418	-0.0019074025775	-0.000802876446825
39	71	-20	-0.000644520172584	-0.00191670332561	-0.000812124006824
41	71	-20	-0.000682710199162	-0.00192207741398	-0.000822242378561
43	71	-20	-0.000725546971253	-0.00192259997802	-0.0008325342083
45	71	-20	-0.000772973863629	-0.00191743893266	-0.000842520104526
47	71	-20	-0.000824627493092	-0.00190597568009	-0.000852018732566
49	71	-20	-0.000879835582653	-0.00188782382443	-0.000861184737167
51	71	-20	-0.000937659565025	-0.00186273278006	-0.000870504123596
53	71	-20	-0.000996979323451	-0.0018304292696	-0.000880706321916
55	71	-20	-0.00105661631715	-0.00179054574174	-0.000892472223765
57	71	-20	-0.00111547820302	-0.00174276945702	-0.000905890157184
59	71	-20	-0.00117266342479	-0.00168699924549	-0.000920118272104
61	71	-20	-0.00122747462646	-0.00162324193413	-0.000933709355288
63	71	-20	-0.00127938518848	-0.00155151366127	-0.000945145095193
65	71	-20	-0.00132801278932	-0.00147195577521	-0.000953124597317
67	71	-20	-0.00137310790163	-0.00138502736458	-0.000956658835764
69	71	-20	-0.00141455054894	-0.00129162016284	-0.000955095783099
71	71	-20	-0.00145234614285	-0.00119303661259	-0.000948121886394
73	71	-20	-0.00148660192598	-0.001090835172	-0.000935751054933
75	71	-20	-0.00151743151803	-0.000986599107807	-0.000918318414333
77	71	-20	-0.00154466544839	-0.000881750953756	-0.000896525245333
79	71	-20	-0.00156732380452	-0.000777521412852	-0.000871566627105
81	71	-20	-0.00158329922493	-0.000674939276144	-0.000845223926271
83	71	-20	-0.00158969207183	-0.000574666398095	-0.000819793621074
85	71	-20	-0.00158335463345	-0.000476863590067	-0.000797974057391
87	71	-20	-0.00156119425992	-0.000381233081248	-0.000782820572067
89	71	-20	-0.0015202764193	-0.00028714512276	-0.000777729178474
91	71	-20	-0.00145784597441	-0.000193747376186	-0.000786393453657
93	71	-20	-0.00137131708295	-0.000100023600905	-0.000812709345839
95	71	-20	-0.00125826241381	-4.81711575934e-06	-0.000860613534749
97	71	-20	-0.00111647837835	9.31059684567e-05	-0.000933817382103
99	71	-20	-0.000944311387675	0.000194780900273	-0.00103533550378
-99	73	-20	0.000517296999675	-0.000652575178201	-0.000227472686513
-97	73	-20	0.000546508949636	-0.000692986139492	-0.000206694457285
-95	73	-20	0.000568589563571	-0.000732105128398	-0.000192368312791
-93	73	-20	0.00058413707581	-0.000770171914746	-0.000183710992602
-91	73	-20	0.000593777859565	-0.00080739596459	-0.000179903018401
-89	73	-20	0.000598127801759	-0.000843933149773	-0.00018016342907
-87	73	-20	0.000597813884727	-0.000879903838398	-0.000183758286814
-85	73	-20	0.000593489940817	-0.000915401349526	-0.000190006422859
-83	73	-20	0.00058584513872	-0.000950486154468	-0.000198281367389
-81	73	-20	0.000575611300626	-0.0009851666541	-0.000208004259117
-79	73	-20	0.000563569716796	-0.00101937160414	-0.00021862858082
-77	73	-20	0.000550515856102	-0.00105295124541	-0.000229635494599
-75	73	-20	0.000537062297046	-0.00108580232707	-0.000240586650578
-73	73	-20	0.000523449590054	-0.00111799930882	-0.000251184775608
-71	73	-20	0.000509719509128	-0.00114967466277	-0.000261227223278
-69	73	-20	0.000495897113968	-0.00118090351588	-0.000270566767513
-67	73	-20	0.000482012841044	-0.00121170836024	-0.000279128525301
-65	73	-20	0.000468085382368	-0.00124208639178	-0.000286934856494
-63	73	-20	0.000454108419116	-0.00127201985923	-0.00029411768495
-61	73	-20	0.00044004279785	-0.00130146157582	-0.000300915361005
-59	73	-20	0.000425811148587	-0.00133029248287	-0.000307657810363
-57	73	-20	0.00041129416642	-0.0013582599832	-0.000314743781868
-55	73	-20	0.000396343866366	-0.00138499402109	-0.000322572376478
-53	73	-20	0.000380858832366	-0.00141035972293	-0.00033130634444
-51	73	-20	0.00036485557321	-0.00143480831267	-0.000340669413586
-49	73	-20	0.000348399729331	-0.00145900204079	-0.000350180744136
-47	73	-20	0.000331532990497	-0.00148343749732	-0.00035942019623
-45	73	-20	0.000314261094735	-0.00150840554051	-0.000368118785018
-43	73	-20	0.000296557084318	-0.00153402855465	-0.000376193450869
-41	73	-20	0.000278363146301	-0.0015602766936	-0.000383761302416
-39	73	-20	0.000259589469466	-0.00158695133824	-0.000391129361042
-37	73	-20	0.000240109835726	-0.00161363407032	-0.000398760572459
-35	73	-20	0.000219755496315	-0.0016396148224	-0.000407221388476
-33	73	-20	0.000198324506996	-0.0016639417451	-0.000417068180698
-31	73	-20	0.000175652203833	-0.001685974186	-0.000428526214034
-29	73	-20	0.00015168454859	-0.00170593362224	-0.000441220062599
-27	73	-20	0.000126428135229	-0.00172437541104	-0.000454462168739
-25	73	-20	9.99014196336e-05	-0.00174165600891	-0.000467591638575
-23	73	-20	7.21438258617e-05	-0.00175789810348	-0.000480102894634
-21	73	-20	4.32355122415e-05	-0.00177306910279	-0.000491708573729
-19	73	-20	1.33092830149e-05	-0.00178702664403	-0.000502377494501
-17	73	-20	-1.7447836731e-05	-0.00179951292035	-0.000512341543992
-15	73	-20	-4.88033029176e-05	-0.00181009506294	-0.000522072490791
-13	73	-20	-8.0495969405e-05	-0.00181806934391	-0.000532234258621
-11	73	-20	-0.000112245520182	-0.00182250968573	-0.000543544918978
-9	73	-20	-0.000143713598298	-0.00182294041986	-0.000556332968793
-7	73	-20	-0.000174468570372	-0.0018200084273	-0.000570151876901
-5	73	-20	-0.00020406549484	-0.00181481471332	-0.000584174630398
-3	73	-20	-0.000232126892152	-0.00180824369689	-0.000597646077129
-1	73	-20	-0.000258369586164	-0.00180091323996	-0.000610028382228
1	73	-20	-0.000282615774988	-0.00179326324291	-0.000621054021998
3	73	-20	-0.000304801709345	-0.00178559938678	-0.000630750970466
5	73	-20	-0.000324984461952	-0.00177807018657	-0.000639434150236
7	73	-20	-0.000343346582918	-0.00177057529767	-0.000647663523712
9	73	-20	-0.000360197030088	-0.00176262906953	-0.000656175952791
11	73	-20	-0.00037594640521	-0.00175341811521	-0.000665726752572
13	73	-20	-0.00039099533724	-0.00174268961366	-0.000676624138416
15	73	-20	-0.00040562395485	-0.00173163042245	-0.000688334259078
17	73	-20	-0.000420065506435	-0.00172194469209	-0.000699899338423
19	73	-20	-0.00043458387761	-0.00171492277438	-0.000710424680541
21	73	-20	-0.000449470046816	-0.00171134157898	-0.000719255431695
23	73	-20	-0.000465021827208	-0.00171155943384	-0.000726059104893
25	73	-20	-0.000481531957422	-0.00171556588818	-0.000730878092383
27	73	-20	-0.000499288280691	-0.00172296119872	-0.000734146482546
29	73	-20	-0.000518585915689	-0.00173286668766	-0.00073667344501
31	73	-20	-0.000539747362717	-0.00174379445603	-0.00073959740601
33	73	-20	-0.000563135787599	-0.00175371678984	-0.000744202944843
35	73	-20	-0.000589131896655	-0.00176096441312	-0.000751264796284
37	73	-20	-0.000618089645906	-0.00176514640159	-0.000760451944285
39	73	-20	-0.000650320842625	-0.00176635197861	-0.000770868722383
41	73	-20	-0.000686062368274	-0.00176436650412	-0.000781662570892
43	73	-20	-0.000725414723194	-0.00175870050246	-0.000792172662823
45	73	-20	-0.000768285543616	-0.00174879304679	-0.000801963319406
47	73	-20	-0.000814356545125	-0.00173413943512	-0.000810859819826
49	73	-20	-0.000863080047849	-0.00171430787839	-0.000818992604656
51	73	-20	-0.000913704029379	-0.00168884511257	-0.00082685566201
53	73	-20	-0.000965320812561	-0.00165710304626	-0.000835370189401
55	73	-20	-0.00101694855803	-0.00161818472538	-0.000845731919956
57	73	-20	-0.00106768777821	-0.00157149681024	-0.00085841404617
59	73	-20	-0.00111686142612	-0.00151735999063	-0.000872214685988
61	73	-20	-0.00116396677661	-0.00145644022561	-0.00088520591705
63	73	-20	-0.00120860436172	-0.00138923512519	-0.000895730020064
65	73	-20	-0.00125046886385	-0.0013161611578	-0.000902556427344
67	73	-20	-0.00128935366741	-0.0012377516772	-0.00090482908362
69	73	-20	-0.00132515595506	-0.00115476556396	-0.000902025256937
71	73	-20	-0.00135788903459	-0.00106817515645	-0.000893929170455
73	73	-20	-0.00138771401906	-0.00097903889579	-0.0008806020048
75	73	-20	-0.00141498290568	-0.000888292644222	-0.000862344409077
77	73	-20	-0.00144007900773	-0.000796609627953	-0.000839719420803
79	73	-20	-0.00146245029222	-0.000704676406177	-0.000813828099633
81	73	-20	-0.0014796955621	-0.000613518885453	-0.000786584293251
83	73	-20	-0.00148849528423	-0.000524036737034	-0.000760444738167
85	73	-20	-0.00148559390102	-0.000436598221622	-0.000738131995663
87	73	-20	-0.00146797163011	-0.000351072732305	-0.000722597398159
89	73	-20	-0.00143280653053	-0.000266966168682	-0.00071702530795
91	73	-20	-0.00137743415925	-0.000183521351006	-0.000724805084201
93	73	-20	-0.00129930081644	-9.9756884828e-05	-0.000749471226791
95	73	-20	-0.00119588124274	-1.44350069302e-05	-0.000794631772788
97	73	-20	-0.00106456839456	7.40195450465e-05	-0.000863890969809
99	73	-20	-0.000902844826688	0.000167369349003	-0.00096056110346
-99	75	-20	0.000490601742749	-0.000633586298209	-0.000220450621779
-97	75	-20	0.000518361295205	-0.000671389684409	-0.000200914716044
-95	75	-20	0.000538968536254	-0.00070772308695	-0.00018768670403
-93	75	-20	0.000553266495724	-0.000743017752245	-0.00017978333095
-91	75	-20	0.000561912805726	-0.000777523462305	-0.000176416152553
-89	75	-20	0.000565510953588	-0.000811406807404	-0.000176876337278
-87	75	-20	0.000564667184606	-0.00084479396311	-0.000180495341347
-85	75	-20	0.00056000924515	-0.000877781635229	-0.000186640267741
-83	75	-20	0.000552193764615	-0.000910431959299	-0.000194714944398
-81	75	-20	0.000541915896337	-0.000942753765725	-0.000204156010573
-79	75	-20	0.00052994051467	-0.000974662431557	-0.000214417254656
-77	75	-20	0.000517179459857	-0.00100590558128	-0.000224936813042
-75	75	-20	0.000504423504691	-0.0010362457771	-0.000235220903337
-73	75	-20	0.000491675387443	-0.00106594307383	-0.000245065369676
-71	75	-20	0.000478803775065	-0.0010952802578	-0.000254346602469
-69	75	-20	0.00046579889772	-0.00112438632735	-0.000262949698629
-67	75	-20	0.000452684172399	-0.00115331365972	-0.000270811875597
-65	75	-20	0.000439475982184	-0.00118207594445	-0.000277946530629
-63	75	-20	0.000426168439584	-0.00121065768244	-0.000284452158857
-61	75	-20	0.000412726439481	-0.00123900063012	-0.000290511442088
-59	75	-20	0.000399079734755	-0.0012669603797	-0.00029638894894
-57	75	-20	0.000385109819554	-0.00129420439064	-0.000302450203654
-55	75	-20	0.000370619680436	-0.00132001006489	-0.000309235116315
-53	75	-20	0.000355435934157	-0.00134377628049	-0.000317151188369
-51	75	-20	0.00033966349303	-0.00136636539429	-0.000325731487289
-49	75	-20	0.000323433141968	-0.00138874072293	-0.000334399407571
-47	75	-20	0.000306801341042	-0.00141143463841	-0.000342795373357
-45	75	-20	0.000289781708231	-0.00143473025583	-0.000350717761521
-43	75	-20	0.000272357998226	-0.00145874286849	-0.000358110341166
-41	75	-20	0.000254487255472	-0.00148344110391	-0.000365062278521
-39	75	-20	0.000236098614724	-0.00150863249564	-0.000371800366113
-37	75	-20	0.00021708798321	-0.00153390884681	-0.000378675691941
-35	75	-20	0.000197304089017	-0.00155851011749	-0.000386172114113
-33	75	-20	0.00017651898795	-0.00158104466841	-0.000394980226811
-31	75	-20	0.000154524753226	-0.0016002715467	-0.000405598300168
-29	75	-20	0.000131376775436	-0.00161711654134	-0.000417395401746
-27	75	-20	0.000107168562378	-0.00163267320376	-0.00042956352998
-25	75	-20	8.19517818302e-05	-0.00164743547297	-0.000441530688003
-23	75	-20	5.57798037314e-05	-0.001661587896	-0.000452898377481
-21	75	-20	2.87318243834e-05	-0.00167514523136	-0.000463440740627
-19	75	-20	9.23526550733e-07	-0.00168800059221	-0.000473120868045
-17	75	-20	-2.74917337556e-05	-0.00169991911263	-0.000482097779646
-15	75	-20	-5.63312274015e-05	-0.00171047304655	-0.000490727126546
-13	75	-20	-8.54045252884e-05	-0.00171886812744	-0.000499592872653
-11	75	-20	-0.000114554494276	-0.00172358580415	-0.000509629105883
-9	75	-20	-0.000143590504377	-0.00172334670918	-0.000521558909533
-7	75	-20	-0.000172094925794	-0.00171961206036	-0.000534554622947
-5	75	-20	-0.00019965196959	-0.00171408345898	-0.000547584901639
-3	75	-20	-0.000225947443417	-0.00170773921577	-0.0005599825915
-1	75	-20	-0.000250756055439	-0.00170118897978	-0.000571328445876
1	75	-20	-0.000273941304167	-0.00169483949488	-0.000581423098604
3	75	-20	-0.000295460364539	-0.00168894435915	-0.000590287795449
5	75	-20	-0.000315369255678	-0.00168358360316	-0.00059815742612
7	75	-20	-0.000333828931471	-0.00167856696754	-0.000605466744392
9	75	-20	-0.000351119861607	-0.00167319317942	-0.000612868718899
11	75	-20	-0.000367676988916	-0.0016657627484	-0.000621347956106
13	75	-20	-0.000383944304469	-0.00165485400545	-0.000631637708316
15	75	-20	-0.000400022138395	-0.00164264994882	-0.00064284431285
17	75	-20	-0.000415991141768	-0.00163157406868	-0.000653839741963
19	75	-20	-0.000432031439097	-0.00162297741599	-0.000663860353184
21	75	-20	-0.000448366308742	-0.00161758965493	-0.000672406995128
23	75	-20	-0.00046523348998	-0.00161572442953	-0.000679237436484
25	75	-20	-0.000482874099054	-0.00161734119666	-0.00068438846542
27	75	-20	-0.000501532263276	-0.00162203009736	-0.000688190482846
29	75	-20	-0.000521463122574	-0.00162892214835	-0.000691278970848
31	75	-20	-0.000542947834327	-0.0016364644664	-0.000694655259182
33	75	-20	-0.000566313369222	-0.0016419668239	-0.000699878806607
35	75	-20	-0.000591891666127	-0.00164287760526	-0.000708227277348
37	75	-20	-0.000619904834828	-0.00164007236339	-0.000718675793783
39	75	-20	-0.000650533109332	-0.00163466293243	-0.000729878155749
41	75	-20	-0.000683912205112	-0.0016268121402	-0.000740972995393
43	75	-20	-0.00072007670215	-0.00161626373036	-0.000751369498418
45	75	-20	-0.000758917938291	-0.00160262231967	-0.000760682846588
47	75	-20	-0.000800160824346	-0.00158547135405	-0.000768744181799
49	75	-20	-0.000843360954902	-0.00156438796899	-0.000775641146877
51	75	-20	-0.000887919174054	-0.00153886151314	-0.000781799507402
53	75	-20	-0.000933102054056	-0.00150808248679	-0.000788186007046
55	75	-20	-0.000978050298036	-0.00147055172079	-0.000796753712864
57	75	-20	-0.00102194856362	-0.00142493862509	-0.000809076412922
59	75	-20	-0.00106437374657	-0.00137241025478	-0.000822889936713
61	75	-20	-0.00110501674822	-0.0013143339792	-0.000835554360282
63	75	-20	-0.00114357682103	-0.00125144839333	-0.000845425416764
65	75	-20	-0.00117980592715	-0.00118427827159	-0.000851419119563
67	75	-20	-0.00121352527939	-0.00111336278034	-0.000852823753563
69	75	-20	-0.00124463094242	-0.00103934666386	-0.000849235862538
71	75	-20	-0.00127310690674	-0.00096297109624	-0.000840531184404
73	75	-20	-0.00129907564296	-0.000884971081605	-0.000826833620738
75	75	-20	-0.00132296986619	-0.000805863582702	-0.00080844804206
77	75	-20	-0.00134594504228	-0.000725601294786	-0.000785720164358
79	75	-20	-0.00136855311955	-0.000644082495383	-0.000759429085869
81	75	-20	-0.00138740652583	-0.000562677700242	-0.000731797940583
83	75	-20	-0.00139852963223	-0.00048259446467	-0.000705475675116
85	75	-20	-0.00139869953786	-0.00040426858374	-0.000683131532797
87	75	-20	-0.00138504560587	-0.000327630655106	-0.000667571540241
89	75	-20	-0.00135488428137	-0.0002522668296	-0.000661766682354
91	75	-20	-0.00130566346534	-0.000177505702152	-0.000668826093245
93	75	-20	-0.00123491884474	-0.000102447200286	-0.000691948621374
95	75	-20	-0.00114017665643	-2.59104185802e-05	-0.000734393222545
97	75	-20	-0.00101867843498	5.37915160844e-05	-0.000799567027202
99	75	-20	-0.000866760713769	0.000139383516251	-0.000891370113085
-99	77	-20	0.000465377247977	-0.000615261859446	-0.000214385040485
-97	77	-20	0.000491792073831	-0.000650668857301	-0.00019611488694
-95	77	-20	0.000511237454426	-0.000684600074676	-0.000183803649282
-93	77	-20	0.000524594427379	-0.000717522882837	-0.00017647269224
-91	77	-20	0.000532493861926	-0.000749678032029	-0.000173412660114
-89	77	-20	0.000535528012446	-0.000781235391404	-0.000173975547021
-87	77	-20	0.000534294551369	-0.000812327188829	-0.000177540926754
-85	77	-20	0.000529409238475	-0.000843055423041	-0.000183512130782
-83	77	-20	0.000521509942594	-0.000873487131407	-0.00019131843898
-81	77	-20	0.000511262734207	-0.000903639596898	-0.000200414912888
-79	77	-20	0.000499386221491	-0.000933448747479	-0.000210273785543
-77	77	-20	0.000486783075385	-0.000962659460422	-0.000220339227846
-75	77	-20	0.000474669305401	-0.000990720989304	-0.000229983814137
-73	77	-20	0.000462575477164	-0.00101824482536	-0.000239172652021
-71	77	-20	0.000450335165749	-0.00104555164423	-0.000247809990493
-69	77	-20	0.000437945725081	-0.00107277930478	-0.000255793004498
-67	77	-20	0.000425427603763	-0.00109999320352	-0.000263066251779
-65	77	-20	0.000412792218121	-0.00112721438374	-0.000269637861477
-63	77	-20	0.000400030414925	-0.00115442528187	-0.000275584932571
-61	77	-20	0.000387107374404	-0.00118155819443	-0.000281053367801
-59	77	-20	0.000373958198622	-0.00120846123657	-0.000286258934835
-57	77	-20	0.000360477296191	-0.00123481723093	-0.000291508016939
-55	77	-20	0.000346467053094	-0.00125983918929	-0.000297341344447
-53	77	-20	0.000331587440421	-0.00128197326158	-0.0003046809214
-51	77	-20	0.000316121412311	-0.00130298649742	-0.00031258379227
-49	77	-20	0.000300211265936	-0.001323861436	-0.000320504142039
-47	77	-20	0.000283910573443	-0.00134507564767	-0.00032815996004
-45	77	-20	0.000267236535657	-0.00136688888543	-0.000335398564323
-43	77	-20	0.000250180605355	-0.00138940662189	-0.000342179310697
-41	77	-20	0.000232710918381	-0.00141259514789	-0.0003485700667
-39	77	-20	0.000214771300139	-0.00143626965201	-0.000354741641621
-37	77	-20	0.000196277197846	-0.00146005172398	-0.000360962176982
-35	77	-20	0.000177104761107	-0.00148326093638	-0.000367613398302
-33	77	-20	0.000157042632546	-0.00150447840219	-0.000375359057886
-31	77	-20	0.000135746678949	-0.0015211239201	-0.000385318475782
-29	77	-20	0.000113458741285	-0.0015355430149	-0.000396255802653
-27	77	-20	9.03017731283e-05	-0.00154893221423	-0.000407402882093
-25	77	-20	6.63378909622e-05	-0.00156177239922	-0.000418296763412
-23	77	-20	4.16272111923e-05	-0.00157427205945	-0.000428620219509
-21	77	-20	1.62463297566e-05	-0.00158647687758	-0.00043819155074
-19	77	-20	-9.70379977497e-06	-0.00159830551943	-0.000446973134879
-17	77	-20	-3.60971278563e-05	-0.00160954386871	-0.000455078026481
-15	77	-20	-6.27890054526e-05	-0.0016197948131	-0.00046277703991
-13	77	-20	-8.96333599806e-05	-0.00162834064139	-0.000470536077519
-11	77	-20	-0.000116537624048	-0.00163359290156	-0.000479267633536
-9	77	-20	-0.000143519031144	-0.00163255723969	-0.000490584006754
-7	77	-20	-0.000170080511565	-0.00162841053434	-0.000502780725467
-5	77	-20	-0.000195862542086	-0.00162292284593	-0.000514858878343
-3	77	-20	-0.000220612659335	-0.00161699049405	-0.000526277142542
-1	77	-20	-0.000244152572354	-0.00161118170722	-0.000536704513124
1	77	-20	-0.000266377666656	-0.00160586588817	-0.000545985832374
3	77	-20	-0.000287260657205	-0.00160124971529	-0.000554136214884
5	77	-20	-0.000306855472893	-0.00159735972095	-0.000561335607972
7	77	-20	-0.000325301945274	-0.00159396652168	-0.000567924361684
9	77	-20	-0.000342837757238	-0.00159039256706	-0.000574430789018
11	77	-20	-0.000359862760063	-0.00158476766121	-0.000581821029536
13	77	-20	-0.000376999586893	-0.00157330242411	-0.000591754565539
15	77	-20	-0.000394059637943	-0.00156040283116	-0.000602458435967
17	77	-20	-0.000411055001293	-0.00154852348599	-0.000612865455965
19	77	-20	-0.000428117750347	-0.00153886242377	-0.000622370272247
21	77	-20	-0.000445419454051	-0.00153207469803	-0.000630589519219
23	77	-20	-0.000463148622512	-0.00152843485783	-0.000637342393864
25	77	-20	-0.000481502065112	-0.00152788411697	-0.000642661609317
27	77	-20	-0.000500683745036	-0.00153001981378	-0.000646805129055
29	77	-20	-0.000520908853129	-0.0015340292823	-0.000650271831504
31	77	-20	-0.000542412165302	-0.0015385159546	-0.000653863272169
33	77	-20	-0.00056547013295	-0.0015407982455	-0.000659062841741
35	77	-20	-0.000590416376036	-0.00153623823386	-0.000668410500538
37	77	-20	-0.000617329274514	-0.00152811451338	-0.000679482032832
39	77	-20	-0.000646308026703	-0.00151782685883	-0.000690882814506
41	77	-20	-0.000677423597433	-0.00150563908586	-0.000701850893845
43	77	-20	-0.000710668500877	-0.00149143994698	-0.000711865254737
45	77	-20	-0.000745927975573	-0.00147495995306	-0.000720585898752
47	77	-20	-0.000782964413444	-0.00145586026575	-0.000727859324596
49	77	-20	-0.00082141542564	-0.00143374638592	-0.000733752924829
51	77	-20	-0.000860803351803	-0.0014081128082	-0.000738625709778
53	77	-20	-0.00090054724067	-0.00137818847913	-0.000743301425194
55	77	-20	-0.000939931774494	-0.00134239268076	-0.00074980252008
57	77	-20	-0.000978078635442	-0.00129781464981	-0.000762067909763
59	77	-20	-0.00101490413919	-0.0012472866083	-0.000775510783485
61	77	-20	-0.00105021467899	-0.00119233470003	-0.000787468472523
63	77	-20	-0.00108378346591	-0.00113372117343	-0.000796494148366
65	77	-20	-0.00111542028188	-0.00107200619349	-0.000801635437249
67	77	-20	-0.00114498566196	-0.00100771465698	-0.00080227718308
69	77	-20	-0.00117239500144	-0.000941398521511	-0.000798087565092
71	77	-20	-0.00119762808235	-0.00087362814699	-0.000788993735624
73	77	-20	-0.00122076814687	-0.000804917521668	-0.000775158555519
75	77	-20	-0.00124214155475	-0.000735566786238	-0.00075692937075
77	77	-20	-0.00126300443098	-0.000665229049115	-0.000734621016884
79	77	-20	-0.00128622232206	-0.000592492294333	-0.000708301829099
81	77	-20	-0.0013061919001	-0.000519679173042	-0.000680854370399
83	77	-20	-0.00131893176377	-0.000447963988529	-0.000654898542416
85	77	-20	-0.00132141475829	-0.000377715722269	-0.000632984948054
87	77	-20	-0.00131089180342	-0.000308872101884	-0.000617782612482
89	77	-20	-0.00128475910248	-0.000241060540204	-0.000612088820175
91	77	-20	-0.00124051766448	-0.000173662749965	-0.00061879682359
93	77	-20	-0.00117574340112	-0.000105837465217	-0.000640850800096
95	77	-20	-0.00108801625877	-3.64820871293e-05	-0.000681220282112
97	77	-20	-0.000974703037076	3.59460206229e-05	-0.000742976227222
99	77	-20	-0.00083196126286	0.00011428722752	-0.000829946508261
-99	79	-20	0.000440002831511	-0.000596449911932	-0.000210673677607
-97	79	-20	0.00046585243181	-0.00063013224677	-0.00019297183693
-95	79	-20	0.000484752756508	-0.000662234469348	-0.000181054741766
-93	79	-20	0.000497581103686	-0.000693224451126	-0.000173985081243
-91	79	-20	0.000505024375094	-0.000723386623018	-0.000171039019015
-89	79	-20	0.000507707551466	-0.000752917110616	-0.000171578693709
-87	79	-20	0.000506248248347	-0.000781964192148	-0.000175001572601
-85	79	-20	0.000501273954283	-0.000810638545795	-0.000180728157895
-83	79	-20	0.00049342904757	-0.000839009663457	-0.000188200567799
-81	79	-20	0.000483385331267	-0.000867090934813	-0.000196881349269
-79	79	-20	0.000471875274976	-0.000894804930351	-0.000206244398073
-77	79	-20	0.000459772109104	-0.000921914575844	-0.000215749986678
-75	79	-20	0.000447824938343	-0.000948209257986	-0.000224934346129
-73	79	-20	0.000435994715696	-0.000973986924819	-0.000233632351927
-71	79	-20	0.000424110622202	-0.000999574398592	-0.000241763843174
-69	79	-20	0.000412127534374	-0.00102514249256	-0.000249252668089
-67	79	-20	0.000400039013291	-0.00105077367489	-0.000256059518091
-65	79	-20	0.000387838096125	-0.00107649202495	-0.000262197689567
-63	79	-20	0.0003755026959	-0.00110226844523	-0.000267739266962
-61	79	-20	0.000362988754317	-0.00112800766521	-0.000272818992297
-59	79	-20	0.000350223710907	-0.00115351019512	-0.0002776442611
-57	79	-20	0.000337092073713	-0.00117837930338	-0.000282531576228
-55	79	-20	0.000323403434444	-0.00120182932759	-0.000287997614155
-53	79	-20	0.00030899295871	-0.00122320593701	-0.000294464155498
-51	79	-20	0.000293975005724	-0.0012433329817	-0.000301516669135
-49	79	-20	0.000278490506009	-0.00126314996211	-0.000308656835018
-47	79	-20	0.000262607270251	-0.00128317610499	-0.000315607074728
-45	79	-20	0.000246352291691	-0.00130368626419	-0.000322225943392
-43	79	-20	0.000229725492305	-0.00132478744505	-0.000328474482677
-41	79	-20	0.000212703464922	-0.00134643802765	-0.000334406181364
-39	79	-20	0.000195238802033	-0.00136843540121	-0.000340163982669
-37	79	-20	0.000177255407708	-0.00139036713824	-0.000345986594815
-35	79	-20	0.000158635210461	-0.00141148294021	-0.000352247239076
-33	79	-20	0.000139188908836	-0.0014304226452	-0.000359560245683
-31	79	-20	0.000118751720993	-0.00144600299586	-0.000368406524533
-29	79	-20	9.74239001799e-05	-0.00145923248215	-0.000378204170073
-27	79	-20	7.53407787805e-05	-0.00147130468632	-0.000388247589687
-25	79	-20	5.25867023113e-05	-0.00148281813658	-0.000398090973278
-23	79	-20	2.92322766775e-05	-0.00149405174667	-0.000407449175562
-21	79	-20	5.35327229614e-06	-0.00150509139746	-0.000416164642576
-19	79	-20	-1.89619182626e-05	-0.00151587018381	-0.000424205345155
-17	79	-20	-4.36118334541e-05	-0.00152616146603	-0.000431672471458
-15	79	-20	-6.84885348188e-05	-0.00153552099876	-0.000438821054143
-13	79	-20	-9.34954614835e-05	-0.0015431261144	-0.000446125554565
-11	79	-20	-0.000118583018382	-0.00154743252809	-0.000454439538963
-9	79	-20	-0.000143675378462	-0.00154714882482	-0.000464463912083
-7	79	-20	-0.000168470144598	-0.00154374075178	-0.000475417429004
-5	79	-20	-0.000192660398671	-0.00153892405756	-0.000486370742572
-3	79	-20	-0.00021602807113	-0.00153368609382	-0.000496782366622
-1	79	-20	-0.000238425554995	-0.00152862292242	-0.000506342550951
1	79	-20	-0.000259770889362	-0.00152409046965	-0.000514910535617
3	79	-20	-0.000280049246325	-0.00152024706546	-0.000522496470682
5	79	-20	-0.000299316340371	-0.00151703532827	-0.0005292574654
7	79	-20	-0.000317704653492	-0.00151409689891	-0.000535508642987
9	79	-20	-0.000335440097921	-0.00151054964718	-0.000541781893183
11	79	-20	-0.000352880785162	-0.0015045204134	-0.000548983451293
13	79	-20	-0.000370376687524	-0.00149443781438	-0.000557844190275
15	79	-20	-0.000387922739176	-0.00148236839702	-0.000567554122386
17	79	-20	-0.000405488858991	-0.00147065262947	-0.000577137121644
19	79	-20	-0.000423144962704	-0.00146058467278	-0.000586009311125
21	79	-20	-0.00044100983323	-0.00145285303444	-0.000593829225826
23	79	-20	-0.000459226169834	-0.00144773783117	-0.000600445805205
25	79	-20	-0.000477950696528	-0.00144517151857	-0.000605893651885
27	79	-20	-0.000497351349449	-0.00144473237689	-0.000610404727281
29	79	-20	-0.000517608834406	-0.00144557281646	-0.000614440843844
31	79	-20	-0.000538922393492	-0.00144621838113	-0.000618793368816
33	79	-20	-0.000561520711258	-0.00144413637078	-0.000624821489708
35	79	-20	-0.000585616932473	-0.0014370228961	-0.000633652165067
37	79	-20	-0.000611298332448	-0.00142608383671	-0.000644181928245
39	79	-20	-0.000638608561665	-0.00141281522224	-0.000655058402915
41	79	-20	-0.000667566721599	-0.00139777278526	-0.000665467640242
43	79	-20	-0.000698134697792	-0.00138105087771	-0.000674891057476
45	79	-20	-0.000730195238337	-0.00136251858863	-0.000683012824433
47	79	-20	-0.000763540309575	-0.00134191279209	-0.000689710700808
49	79	-20	-0.00079786841368	-0.00131885469482	-0.00069509023995
51	79	-20	-0.000832787854226	-0.00129279797555	-0.000699572510211
53	79	-20	-0.000867816717882	-0.00126286849897	-0.000704111934659
55	79	-20	-0.000902366023872	-0.00122753040708	-0.00071065995994
57	79	-20	-0.00093588510812	-0.00118548756918	-0.000720814981913
59	79	-20	-0.000968191241748	-0.00113802483322	-0.0007323713955
61	79	-20	-0.000999181070676	-0.00108668520465	-0.000742779463889
63	79	-20	-0.00102872244994	-0.00103238521522	-0.000750505438821
65	79	-20	-0.00105670146115	-0.000975762730198	-0.000754579682162
67	79	-20	-0.00108304392144	-0.000917347674777	-0.00075439168928
69	79	-20	-0.00110772671718	-0.00085762200593	-0.000749612822525
71	79	-20	-0.00113079741792	-0.000797013752481	-0.000740160353066
73	79	-20	-0.00115243288517	-0.000735831087261	-0.000726166537065
75	79	-20	-0.00117312058424	-0.000674111597434	-0.000707916933318
77	79	-20	-0.00119408045239	-0.000611346419922	-0.000685717518808
79	79	-20	-0.00121594472054	-0.000547051726463	-0.000660291405166
81	79	-20	-0.00123542170928	-0.000482333157005	-0.000633786646932
83	79	-20	-0.00124863968094	-0.000418257736005	-0.000608747106807
85	79	-20	-0.00125247426034	-0.000355225192131	-0.000587690816893
87	79	-20	-0.0012441325637	-0.000293198933001	-0.000573211039155
89	79	-20	-0.00122097457283	-0.000231828525143	-0.00056799659996
91	79	-20	-0.00118044877724	-0.000170505257879	-0.000574810579656
93	79	-20	-0.00112004539517	-0.000108370870198	-0.00059646381634
95	79	-20	-0.00103720105943	-4.42561104834e-05	-0.000635823066962
97	79	-20	-0.00092902915086	2.35453996131e-05	-0.000695947585458
99	79	-20	-0.000791707254393	9.78049781095e-05	-0.000780483677167
-99	81	-20	0.000415370743206	-0.000577821897709	-0.000208078732639
-97	81	-20	0.000440723298453	-0.000609915501778	-0.000190976327854
-95	81	-20	0.000459354278603	-0.000640491886059	-0.000179267570608
-93	81	-20	0.000471932740668	-0.000669866486113	-0.000172267166797
-91	81	-20	0.000479145916356	-0.000698320733727	-0.000169292255032
-89	81	-20	0.000481654703465	-0.000726071944194	-0.000169710274407
-87	81	-20	0.000480110245158	-0.000753286163672	-0.000172923064074
-85	81	-20	0.000475166435218	-0.000780084698495	-0.000178356386469
-83	81	-20	0.000467487545305	-0.000806541096969	-0.000185456850754
-81	81	-20	0.000457757356348	-0.000832669861167	-0.000193691186995
-79	81	-20	0.00044669026721	-0.000858410736003	-0.000202545954813
-77	81	-20	0.000435002046024	-0.00088364230603	-0.000211540903233
-75	81	-20	0.000423219409203	-0.000908315261344	-0.000220295592063
-73	81	-20	0.000411496983847	-0.000932583226146	-0.000228593157211
-71	81	-20	0.000399795411053	-0.000956672494389	-0.000236323852763
-69	81	-20	0.000388066972034	-0.00098074829207	-0.000243425461021
-67	81	-20	0.000376280345543	-0.00100489861681	-0.000249876429473
-65	81	-20	0.000364405598597	-0.00102914417751	-0.000255701880025
-63	81	-20	0.000352402428034	-0.00105343942807	-0.000260978979475
-61	81	-20	0.000340212803406	-0.00107765921444	-0.000265843063376
-59	81	-20	0.000327754509683	-0.00110156787589	-0.000270498692818
-57	81	-20	0.000314914698391	-0.00112477700682	-0.00027523484569
-55	81	-20	0.000301559345925	-0.00114678399545	-0.000280396164933
-53	81	-20	0.000287604845032	-0.00116734387775	-0.000286173726819
-51	81	-20	0.000273087101868	-0.00118683067331	-0.000292405107046
-49	81	-20	0.000258092472948	-0.00120586163225	-0.000298782358437
-47	81	-20	0.000242685999521	-0.00122491083029	-0.00030506822262
-45	81	-20	0.000226901278792	-0.00124425562958	-0.000311130032447
-43	81	-20	0.000210745236765	-0.00126400269754	-0.00031692776228
-41	81	-20	0.000194200884504	-0.00128409975003	-0.00032250548512
-39	81	-20	0.00017722690432	-0.00130432332755	-0.00032799029039
-37	81	-20	0.000159754357147	-0.00132424040858	-0.000333600003637
-35	81	-20	0.000141682097895	-0.00134315445801	-0.000339656775082
-33	81	-20	0.000122887102105	-0.00136017302784	-0.000346546237588
-31	81	-20	0.000103293576364	-0.00137477158142	-0.000354452324418
-29	81	-20	8.2940862394e-05	-0.00138734268737	-0.000363105449686
-27	81	-20	6.19234876278e-05	-0.00139865148979	-0.000372042306439
-25	81	-20	4.03293283168e-05	-0.00140927517608	-0.000380878519268
-23	81	-20	1.82352506766e-05	-0.00141953586982	-0.000389356094378
-21	81	-20	-4.28415066264e-06	-0.00142955068522	-0.000397335578918
-19	81	-20	-2.71512474101e-05	-0.00143925980706	-0.000404793885641
-17	81	-20	-5.02851717885e-05	-0.00144841905181	-0.000411832431653
-15	81	-20	-7.36068038352e-05	-0.00145655525399	-0.000418697080756
-13	81	-20	-9.70476639784e-05	-0.00146289873414	-0.000425804964159
-11	81	-20	-0.000120548121214	-0.001466464715	-0.000433691141112
-9	81	-20	-0.000144005337352	-0.00146675156339	-0.000442631589043
-7	81	-20	-0.000167224063966	-0.00146442006613	-0.000452281544033
-5	81	-20	-0.000189982814219	-0.00146060953039	-0.000462040859714
-3	81	-20	-0.00021210168878	-0.00145623394385	-0.000471434522047
-1	81	-20	-0.000233457641183	-0.00145189290311	-0.000480169209201
1	81	-20	-0.000253985875019	-0.00144792805665	-0.000488109561299
3	81	-20	-0.000273681414638	-0.00144445116258	-0.000495261807179
5	81	-20	-0.000292602073208	-0.00144132616882	-0.000501771024783
7	81	-20	-0.000310873217222	-0.00143810231366	-0.000507932670013
9	81	-20	-0.00032869289705	-0.00143391665655	-0.000514213028879
11	81	-20	-0.000346314925102	-0.00142759529502	-0.000521189393423
13	81	-20	-0.000363947717601	-0.00141857841366	-0.00052916018247
15	81	-20	-0.000381655607435	-0.00140781932853	-0.000537773591876
17	81	-20	-0.000399444686213	-0.0013968612158	-0.000546405967155
19	81	-20	-0.00041735226483	-0.00138688822188	-0.000554558419405
21	81	-20	-0.000435454252343	-0.00137860112781	-0.000561922952965
23	81	-20	-0.000453853346444	-0.00137229262174	-0.000568368042801
25	81	-20	-0.000472670682793	-0.00136789279114	-0.000573933565051
27	81	-20	-0.00049204193384	-0.00136496558978	-0.000578842023626
29	81	-20	-0.000512116286466	-0.00136265766843	-0.000583527940074
31	81	-20	-0.000533056155067	-0.00135962069007	-0.000588677186123
33	81	-20	-0.000555029511969	-0.00135413179342	-0.000595145029203
35	81	-20	-0.000578175453479	-0.00134502029947	-0.000603387920766
37	81	-20	-0.000602567702269	-0.00133257491159	-0.000612916097537
39	81	-20	-0.000628229406221	-0.00131768514647	-0.000622832558216
41	81	-20	-0.000655147488541	-0.00130095971886	-0.00063239613938
43	81	-20	-0.000683263235871	-0.0012826445512	-0.000641104900881
45	81	-20	-0.000712459386314	-0.00126273026819	-0.000648668148819
47	81	-20	-0.000742551824246	-0.00124102427193	-0.000655002098924
49	81	-20	-0.000773286617193	-0.00121716879845	-0.000660262360757
51	81	-20	-0.000804341033263	-0.00119060913197	-0.000664917395477
53	81	-20	-0.000835328353776	-0.00116053146925	-0.000669846176918
55	81	-20	-0.000865825080858	-0.00112593683306	-0.000676226553116
57	81	-20	-0.000895475156447	-0.00108629301661	-0.000684572819324
59	81	-20	-0.000924091111831	-0.00104217466668	-0.000693800219723
61	81	-20	-0.000951586053524	-0.000994637938412	-0.000702168364287
63	81	-20	-0.000977899839106	-0.00094458222643	-0.000708252060379
65	81	-20	-0.00100299739549	-0.000892688120382	-0.000711061846142
67	81	-20	-0.00102688391678	-0.000839489618699	-0.000709954535149
69	81	-20	-0.00104962062802	-0.000785415693047	-0.00070456369986
71	81	-20	-0.0010713487777	-0.000730785767723	-0.00069475895177
73	81	-20	-0.00109233665633	-0.000675761840069	-0.000680617044615
75	81	-20	-0.00111304252993	-0.000620272317188	-0.000662397847216
77	81	-20	-0.00113397598352	-0.000564025038345	-0.000640585212217
79	81	-20	-0.00115474585032	-0.000506917071016	-0.000616174061204
81	81	-20	-0.00117314703582	-0.00044944063702	-0.000590940449515
83	81	-20	-0.00118607500952	-0.000392228159777	-0.000567147885973
85	81	-20	-0.00119047874937	-0.000335598276777	-0.000547233795582
87	81	-20	-0.00118349903796	-0.000279507644548	-0.000533736730027
89	81	-20	-0.00116240210432	-0.000223603640072	-0.00052928085902
91	81	-20	-0.00112452173396	-0.000167260480568	-0.000536556485062
93	81	-20	-0.0010672072389	-0.000109579352892	-0.000558303844791
95	81	-20	-0.00098774631945	-4.93405391641e-05	-0.000597319756037
97	81	-20	-0.000883267216683	1.50771614034e-05	-0.000656483325874
99	81	-20	-0.000750926473538	8.55360968662e-05	-0.000738575571452
-99	83	-20	0.000391813704229	-0.000559651667414	-0.000205940436246
-97	83	-20	0.000416697489569	-0.000590248590943	-0.000189494301922
-95	83	-20	0.000435086301335	-0.000619407044367	-0.000178047836507
-93	83	-20	0.000447506989884	-0.000647333948217	-0.000171098028069
-91	83	-20	0.000454599286732	-0.000674268259068	-0.000168053179641
-89	83	-20	0.000457034028341	-0.000700425035731	-0.000168313488857
-87	83	-20	0.000455488618206	-0.000725979676782	-0.000171292792048
-85	83	-20	0.000450642022426	-0.000751063577774	-0.000176422559585
-83	83	-20	0.000443174367261	-0.000775760218032	-0.000183153959435
-81	83	-20	0.000433765496335	-0.000800100960231	-0.000190961985115
-79	83	-20	0.000423081998957	-0.000824068079736	-0.000199354904874
-77	83	-20	0.00041172715601	-0.000847624803098	-0.000207896640051
-75	83	-20	0.000400142051233	-0.000870782431365	-0.0002162447841
-73	83	-20	0.000388543164444	-0.000893643362553	-0.000224174854943
-71	83	-20	0.000376982453683	-0.000916357351602	-0.000231561750731
-69	83	-20	0.000365443987207	-0.000939052808362	-0.000238347250781
-67	83	-20	0.000353891814341	-0.000961803445688	-0.000244522840403
-65	83	-20	0.000342280722339	-0.000984619317874	-0.000250125135437
-63	83	-20	0.000330555166202	-0.00100744165693	-0.000255236457504
-61	83	-20	0.000318646152831	-0.00103013368886	-0.000259987767891
-59	83	-20	0.000306468941403	-0.00105247018779	-0.000264561392601
-57	83	-20	0.000293925483826	-0.00107414691839	-0.000269182604388
-55	83	-20	0.000280921345027	-0.00109486473368	-0.000274070833634
-53	83	-20	0.000267401750354	-0.00111451586763	-0.000279335773836
-51	83	-20	0.000253374262993	-0.00113330008294	-0.000284912793182
-49	83	-20	0.000238885176553	-0.00115159507248	-0.000290633616662
-47	83	-20	0.00022398235807	-0.00116975653387	-0.000296335658027
-45	83	-20	0.000208696843196	-0.00118801997291	-0.000301915146213
-43	83	-20	0.000193038311791	-0.00120647622399	-0.000307338752791
-41	83	-20	0.000176994498837	-0.00122506531629	-0.000312643429094
-39	83	-20	0.000160530881204	-0.00124356763726	-0.000317935855608
-37	83	-20	0.000143590777302	-0.00126159454627	-0.000323391492148
-35	83	-20	0.000126099606692	-0.00127860970495	-0.000329240025506
-33	83	-20	0.000107982833747	-0.00129406246142	-0.000335700945746
-31	83	-20	8.92022249045e-05	-0.00130767408777	-0.00034285122033
-29	83	-20	6.97801814924e-05	-0.00131962082701	-0.000350543348477
-27	83	-20	4.97813344898e-05	-0.00133035271317	-0.000358493941334
-25	83	-20	2.92816889218e-05	-0.00134030805692	-0.000366422375883
-23	83	-20	8.35507742336e-06	-0.00134977848923	-0.000374121063383
-21	83	-20	-1.29280916678e-05	-0.00135888261262	-0.000381475440898
-19	83	-20	-3.4499570048e-05	-0.00136756589198	-0.000388470345493
-17	83	-20	-5.62933540392e-05	-0.00137559531676	-0.000395196391287
-15	83	-20	-7.82473407238e-05	-0.00138255046773	-0.000401855170554
-13	83	-20	-0.000100303343675	-0.00138785018664	-0.000408743639884
-11	83	-20	-0.000122396888666	-0.00139091682334	-0.000416165253993
-9	83	-20	-0.000144432390843	-0.00139152962099	-0.000424241657942
-7	83	-20	-0.000166270319622	-0.00139004881071	-0.000432793705176
-5	83	-20	-0.000187753294003	-0.00138718555108	-0.00044146348195
-3	83	-20	-0.000208743241659	-0.00138364173481	-0.000449905577693
-1	83	-20	-0.000229142172543	-0.0013799371987	-0.000457878843921
1	83	-20	-0.000248900282899	-0.00137637179969	-0.000465265017171
3	83	-20	-0.0002680195137	-0.0013730194169	-0.000472067041738
5	83	-20	-0.000286555551923	-0.00136971451476	-0.000478407118361
7	83	-20	-0.000304617827196	-0.00136603391918	-0.000484524804057
9	83	-20	-0.000322362500359	-0.00136132609162	-0.000490755381868
11	83	-20	-0.000339965313299	-0.00135492406306	-0.000497434819318
13	83	-20	-0.000357568186493	-0.00134661095183	-0.00050470452079
15	83	-20	-0.000375243367868	-0.00133691266441	-0.000512389282051
17	83	-20	-0.0003930195371	-0.00132678408966	-0.000520124802431
19	83	-20	-0.00041092629045	-0.00131712284167	-0.000527558269623
21	83	-20	-0.00042901390735	-0.00130853630588	-0.000534448574341
23	83	-20	-0.000447354970001	-0.00130129340053	-0.000540693090657
25	83	-20	-0.000466041076263	-0.0012953252645	-0.000546335021107
27	83	-20	-0.000485179407371	-0.00129022340047	-0.000551571218519
29	83	-20	-0.00050488932428	-0.00128523581395	-0.000556758294562
31	83	-20	-0.000525296844788	-0.00127931264449	-0.000562387146656
33	83	-20	-0.000546522450188	-0.00127133425983	-0.000568947112257
35	83	-20	-0.000568660056998	-0.00126058875056	-0.000576640624279
37	83	-20	-0.000591759984263	-0.00124708483156	-0.000585201385581
39	83	-20	-0.000615829246466	-0.0012312775604	-0.000594073974678
41	83	-20	-0.000640837028185	-0.0012136268654	-0.000602699567967
43	83	-20	-0.000666713511167	-0.00119440068404	-0.000610657275577
45	83	-20	-0.000693344855467	-0.00117365438709	-0.000617702537257
47	83	-20	-0.00072056905244	-0.00115125322339	-0.000623783178458
49	83	-20	-0.000748174760572	-0.00112688674556	-0.000629062924895
51	83	-20	-0.000775904449286	-0.00110007312727	-0.000633946846024
53	83	-20	-0.000803466058181	-0.00107019178771	-0.000639054650061
55	83	-20	-0.000830564538814	-0.00103664239748	-0.000645001772301
57	83	-20	-0.000856958464705	-0.000999180796743	-0.000651917089935
59	83	-20	-0.000882501777131	-0.000958135984166	-0.000659135152021
61	83	-20	-0.000907129986753	-0.000914205367248	-0.000665509708147
63	83	-20	-0.000930829544945	-0.000868130395843	-0.000669901861518
65	83	-20	-0.000953628688434	-0.000820547938223	-0.00067140483422
67	83	-20	-0.000975603615143	-0.000771966789456	-0.000669375931419
69	83	-20	-0.000996888446862	-0.000722771617001	-0.000663414724873
71	83	-20	-0.0010176839797	-0.000673215991906	-0.000653341432797
73	83	-20	-0.00103825441892	-0.000623402052262	-0.00063918944092
75	83	-20	-0.00105886354857	-0.000573273978539	-0.000621225365142
77	83	-20	-0.00107952296014	-0.000522695086498	-0.000600030407807
79	83	-20	-0.00109949388449	-0.000471646931332	-0.000576654164037
81	83	-20	-0.00111697441461	-0.000420351276334	-0.000552703208053
83	83	-20	-0.00112940689271	-0.000369109973251	-0.000530228868768
85	83	-20	-0.00113397033826	-0.00031807126344	-0.000511547628675
87	83	-20	-0.00112782582959	-0.000267124705045	-0.000499129719757
89	83	-20	-0.00110817307749	-0.000215888387964	-0.000495542824046
91	83	-20	-0.00107224566886	-0.000163719317472	-0.000503415565711
93	83	-20	-0.00101729594013	-0.000109719648292	-0.000525406660484
95	83	-20	-0.000940595550842	-5.27446458634e-05	-0.000564166648264
97	83	-20	-0.000839522363384	8.52663274722e-06	-0.000622241552062
99	83	-20	-0.000711913354307	7.52964719846e-05	-0.000701785545729
-99	85	-20	0.00036931551608	-0.000541971371383	-0.000203953072084
-97	85	-20	0.000393780513412	-0.000571168895305	-0.000188181062918
-95	85	-20	0.000411911593378	-0.000598977205729	-0.000177074301372
-93	85	-20	0.00042416864082	-0.00062554582889	-0.000170235695721
-91	85	-20	0.000431154756337	-0.000651075452335	-0.000167156388882
-89	85	-20	0.000433539630137	-0.00067576856204	-0.000167282735546
-87	85	-20	0.00043201585826	-0.000699802459479	-0.000170051657039
-85	85	-20	0.000427278199254	-0.000723316819995	-0.000174906771346
-83	85	-20	0.000420012839532	-0.00074640851417	-0.00018130769733
-81	85	-20	0.000410886079752	-0.00076913196401	-0.000188739950005
-79	85	-20	0.000400521784691	-0.000791508694722	-0.000196730169987
-77	85	-20	0.000389458864255	-0.00081355159997	-0.000204868997818
-75	85	-20	0.000378097787377	-0.000835298487439	-0.00021283660659
-73	85	-20	0.000366674010315	-0.000856828955886	-0.000220415919769
-71	85	-20	0.000355284545724	-0.000878246088445	-0.000227483672481
-69	85	-20	0.000343941463815	-0.000899640843259	-0.000233989031178
-67	85	-20	0.000332614277093	-0.000921064472513	-0.000239934729209
-65	85	-20	0.00032125160862	-0.000942513858579	-0.000245365938325
-63	85	-20	0.00030978945661	-0.000963923977973	-0.000250365241771
-61	85	-20	0.000298153808622	-0.000985164434733	-0.000255050372274
-59	85	-20	0.000286262753191	-0.00100604468989	-0.000259569830997
-57	85	-20	0.000274032460153	-0.00102634236317	-0.000264087763277
-55	85	-20	0.000261390631356	-0.0010458714176	-0.000268748300084
-53	85	-20	0.000248294511504	-0.00106457491045	-0.000273626510618
-51	85	-20	0.000234739587774	-0.0010825690216	-0.000278704486979
-49	85	-20	0.000220749200506	-0.00110008662032	-0.00028389998168
-47	85	-20	0.000206354746797	-0.00111737203586	-0.000289119720778
-45	85	-20	0.000191580338305	-0.001134600288	-0.000294298486959
-43	85	-20	0.000176435052117	-0.00115183625431	-0.000299416496649
-41	85	-20	0.000160909985162	-0.00116901781135	-0.000304504294086
-39	85	-20	0.000144977940822	-0.00118595148749	-0.000309641997656
-37	85	-20	0.000128595827582	-0.00120232405895	-0.000314952474476
-35	85	-20	0.000111712007891	-0.00121775004867	-0.00032058014266
-33	85	-20	9.42813059653e-05	-0.00123187959322	-0.000326644260564
-31	85	-20	7.62846575093e-05	-0.00124454383362	-0.000333176118952
-29	85	-20	5.77402170719e-05	-0.00125582901801	-0.00034008846531
-27	85	-20	3.86966050412e-05	-0.00126600230316	-0.000347211565561
-25	85	-20	1.92172039052e-05	-0.00127536542668	-0.000354361275422
-23	85	-20	-6.31683798102e-07	-0.00128414430379	-0.000361390643265
-21	85	-20	-2.07861020663e-05	-0.00129243688171	-0.000368215584832
-19	85	-20	-4.11860578627e-05	-0.00130019494026	-0.000374825719976
-17	85	-20	-6.17758727567e-05	-0.00130722178044	-0.000381288112562
-15	85	-20	-8.25035132785e-05	-0.00131318839068	-0.000387741988031
-13	85	-20	-0.000103317045077	-0.00131769255866	-0.000394371723783
-11	85	-20	-0.000124155761693	-0.00132039163707	-0.000401341708046
-9	85	-20	-0.000144938494628	-0.00132118100736	-0.000408706382967
-7	85	-20	-0.000165560552463	-0.00132028320155	-0.000416364636244
-5	85	-20	-0.000185907139276	-0.00131815208555	-0.000424107865803
-3	85	-20	-0.000205874689482	-0.00131528710177	-0.00043171234595
-1	85	-20	-0.000225388014845	-0.00131209207543	-0.00043900673521
1	85	-20	-0.000244410202564	-0.00130880622507	-0.000445901487334
3	85	-20	-0.000262947277715	-0.00130547703124	-0.000452396634177
5	85	-20	-0.000281049115228	-0.00130195277332	-0.000458580318205
7	85	-20	-0.000298805876585	-0.0012978990882	-0.000464618313213
9	85	-20	-0.000316336761267	-0.00129287255938	-0.000470722425542
11	85	-20	-0.000333767448035	-0.00128649253905	-0.000477081243701
13	85	-20	-0.000351200881428	-0.00127867408377	-0.00048376685052
15	85	-20	-0.000368700588228	-0.00126974191239	-0.000490688303353
17	85	-20	-0.000386300006512	-0.00126029815169	-0.000497642409704
19	85	-20	-0.000404024946581	-0.00125097149836	-0.000504411183929
21	85	-20	-0.000421910501998	-0.00124222833704	-0.000510835121247
23	85	-20	-0.000440008071751	-0.00123428354176	-0.00051684862429
25	85	-20	-0.000458386199976	-0.0012270707916	-0.000522493892699
27	85	-20	-0.00047712835006	-0.00122024151257	-0.000527924406695
29	85	-20	-0.0004963283485	-0.00121319272196	-0.000533394658582
31	85	-20	-0.000516082596031	-0.00120515471411	-0.00053921677916
33	85	-20	-0.000536477985845	-0.00119537806141	-0.000545659573734
35	85	-20	-0.000557577336599	-0.00118338283282	-0.000552810569288
37	85	-20	-0.000579408748335	-0.0011690935378	-0.000560505696424
39	85	-20	-0.000601963449179	-0.00115273474925	-0.000568401533419
41	85	-20	-0.000625198483866	-0.00113461048025	-0.000576117019116
43	85	-20	-0.000649038645898	-0.00111494211497	-0.000583341613596
45	85	-20	-0.000673376486659	-0.00109380078245	-0.000589890300434
47	85	-20	-0.00069807203404	-0.00107109391431	-0.000595729473443
49	85	-20	-0.000722954150021	-0.0010465739124	-0.000600989166214
51	85	-20	-0.000747825626945	-0.00101986496783	-0.000605953304205
53	85	-20	-0.000772475342852	-0.000990529606098	-0.000610992255959
55	85	-20	-0.000796701211548	-0.000958203822658	-0.000616393480465
57	85	-20	-0.000820340800302	-0.000922774405954	-0.000622125469592
59	85	-20	-0.000843293551914	-0.000884471413369	-0.000627717024779
61	85	-20	-0.000865522733353	-0.000843786007918	-0.000632381456142
63	85	-20	-0.0008870474142	-0.000801302911412	-0.000635256160489
65	85	-20	-0.000907938876772	-0.000757573987879	-0.000635575729796
67	85	-20	-0.000928322497356	-0.00071305874678	-0.000632744107941
69	85	-20	-0.000948377788349	-0.000668101709991	-0.00062635228885
71	85	-20	-0.000968325444223	-0.000622921869988	-0.000616183779905
73	85	-20	-0.00098838131189	-0.000577609788322	-0.000602232383971
75	85	-20	-0.00100864089669	-0.000532147020747	-0.000584748767572
77	85	-20	-0.00102885873742	-0.000486469633401	-0.000564323796446
79	85	-20	-0.00104817173112	-0.000440561636394	-0.00054198475843
81	85	-20	-0.00106495895735	-0.000394495732005	-0.000519235290988
83	85	-20	-0.00107697056897	-0.000348362714654	-0.000497993407977
85	85	-20	-0.00108159308459	-0.000302150868457	-0.000480471749073
87	85	-20	-0.00107605907311	-0.000255660409595	-0.000469067652972
89	85	-20	-0.00105755430935	-0.000208469253864	-0.000466285125737
91	85	-20	-0.0010232637406	-0.000159930437839	-0.00047467857526
93	85	-20	-0.000970405753702	-0.000109189952853	-0.000496799488302
95	85	-20	-0.000896302698238	-5.5237552296e-05	-0.000535119822025
97	85	-20	-0.000798548115469	2.96794330601e-06	-0.00059189115772
99	85	-20	-0.000675322587636	6.62516153351e-05	-0.000668900777212
-99	87	-20	0.000347725951342	-0.000524729485124	-0.000201936242221
-97	87	-20	0.000371824078616	-0.000552619021728	-0.000186837553188
-95	87	-20	0.000389674942811	-0.00057913485724	-0.000176132708354
-93	87	-20	0.000401722392597	-0.000604402133938	-0.000169483852577
-91	87	-20	0.000408562195131	-0.000628600859816	-0.000166441154556
-89	87	-20	0.000410868885378	-0.000651924039558	-0.000166494490066
-87	87	-20	0.000409344742924	-0.000674548850752	-0.000169109177982
-85	87	-20	0.000404691178479	-0.000696621306367	-0.000173746896596
-83	87	-20	0.000397592378138	-0.000718250703878	-0.000179879248809
-81	87	-20	0.000388699759268	-0.000739511604595	-0.000187001378835
-79	87	-20	0.000378608162338	-0.00076045338488	-0.00019465080982
-77	87	-20	0.000367821296963	-0.000781116876939	-0.000202432163457
-75	87	-20	0.000356716736224	-0.000801552193385	-0.000210041025197
-73	87	-20	0.000345531036981	-0.000821826308635	-0.000217275062418
-71	87	-20	0.00033437648048	-0.000842013825429	-0.000224025993324
-69	87	-20	0.00032327797952	-0.000862177127704	-0.000230258692543
-67	87	-20	0.000312209347951	-0.000882347017635	-0.00023598935236
-65	87	-20	0.000301117757022	-0.000902509522321	-0.000241269801263
-63	87	-20	0.000289936708134	-0.000922599382532	-0.000246178317922
-61	87	-20	0.000278592377659	-0.000942500757522	-0.000250813765948
-59	87	-20	0.000267008199275	-0.000962058973568	-0.000255288735407
-57	87	-20	0.000255111279991	-0.000981109654001	-0.00025971724309
-55	87	-20	0.000242841952767	-0.000999526577482	-0.000264195058929
-53	87	-20	0.000230163617097	-0.00101727181614	-0.000268778655054
-51	87	-20	0.000217066523185	-0.00103441500706	-0.000273476695944
-49	87	-20	0.000203561862956	-0.00105110298754	-0.000278262130258
-47	87	-20	0.000189669800894	-0.00106749868797	-0.0002830964255
-45	87	-20	0.00017540794557	-0.00108372270617	-0.000287951585707
-43	87	-20	0.0001607836792	-0.001099814718	-0.000292823325331
-41	87	-20	0.00014579046715	-0.00111571506205	-0.000297736135627
-39	87	-20	0.000130407501204	-0.00113126376941	-0.000302742223673
-37	87	-20	0.000114602784207	-0.00114621969264	-0.000307914168687
-35	87	-20	9.8340467829e-05	-0.0011603073062	-0.000313328945255
-33	87	-20	8.15923689702e-05	-0.00117329234653	-0.000319042512151
-31	87	-20	6.43502007792e-05	-0.00118506183187	-0.000325063012797
-29	87	-20	4.66319480912e-05	-0.00119565960066	-0.000331339962795
-27	87	-20	2.84786298395e-05	-0.00120524952928	-0.000337779476554
-25	87	-20	9.9448840799e-06	-0.00121403376119	-0.000344275248836
-23	87	-20	-8.91034934047e-06	-0.00122217445408	-0.000350737706162
-21	87	-20	-2.80298299572e-05	-0.00122974353769	-0.000357113079808
-19	87	-20	-4.73608096684e-05	-0.00123670016394	-0.000363392895481
-17	87	-20	-6.68555527589e-05	-0.00124289065554	-0.000369615536833
-15	87	-20	-8.64697803048e-05	-0.00124807294371	-0.000375858542238
-13	87	-20	-0.000106158461713	-0.0012519743153	-0.000382217420382
-11	87	-20	-0.000125869016117	-0.00125438388908	-0.000388769421266
-9	87	-20	-0.000145534881889	-0.00125524976127	-0.000395533949435
-7	87	-20	-0.000165075069673	-0.00125472056031	-0.000402455065158
-5	87	-20	-0.000184402686314	-0.00125309712467	-0.000409420858399
-3	87	-20	-0.000203438890445	-0.00125072829383	-0.000416304830413
-1	87	-20	-0.000222126147496	-0.00124791092735	-0.000423003772882
1	87	-20	-0.000240437366595	-0.00124482446829	-0.0004294603995
3	87	-20	-0.000258380449788	-0.00124149976936	-0.000435672162981
5	87	-20	-0.000275998433497	-0.0012378162004	-0.00044169006447
7	87	-20	-0.000293364587795	-0.00123353044275	-0.000447607796074
9	87	-20	-0.000310571172452	-0.00122834916647	-0.000453537968844
11	87	-20	-0.000327712042121	-0.00122204779469	-0.000459574240993
13	87	-20	-0.000344864254974	-0.001214595632	-0.000465751046667
15	87	-20	-0.000362078288634	-0.00120620743756	-0.000472026319385
17	87	-20	-0.000379382328586	-0.00119727616668	-0.000478301982975
19	87	-20	-0.000396795617426	-0.00118823259874	-0.000484467314293
21	87	-20	-0.000414341641254	-0.00117941231519	-0.000490439636654
23	87	-20	-0.000432056240154	-0.00117097056357	-0.000496190401217
25	87	-20	-0.000449990510551	-0.00116284418604	-0.000501757320132
27	87	-20	-0.000468209690605	-0.00115475084929	-0.000507244638888
29	87	-20	-0.000486788482157	-0.00114622606605	-0.000512808981958
31	87	-20	-0.000505802526904	-0.00113670850169	-0.000518624003131
33	87	-20	-0.000525316424873	-0.00112567454899	-0.00052482168212
35	87	-20	-0.000545371140513	-0.0011127814298	-0.000531429102086
37	87	-20	-0.000565975664162	-0.00109793822254	-0.000538340924135
39	87	-20	-0.000587105761867	-0.00108125878045	-0.000545351133574
41	87	-20	-0.000608707757904	-0.00106294096332	-0.000552221554378
43	87	-20	-0.000630703217396	-0.001043151333	-0.000558747646416
45	87	-20	-0.000652992382916	-0.00102195485494	-0.000564802652224
47	87	-20	-0.000675456763565	-0.000999287582835	-0.000570360494593
49	87	-20	-0.000697962349512	-0.000974960529589	-0.000575499449608
51	87	-20	-0.000720365021434	-0.000948691955897	-0.000580380091108
53	87	-20	-0.000742519594038	-0.000920174612467	-0.000585183554383
55	87	-20	-0.000764293152239	-0.000889178112829	-0.000590005390276
57	87	-20	-0.000785580757631	-0.000855655377693	-0.000594739571362
59	87	-20	-0.000806318720002	-0.00081979241994	-0.000599026265198
61	87	-20	-0.000826492197907	-0.000781967116862	-0.000602305811747
63	87	-20	-0.000846138992401	-0.000742650800211	-0.000603936583019
65	87	-20	-0.000865352556382	-0.000702312737145	-0.00060330365685
67	87	-20	-0.000884283188228	-0.000661357482163	-0.000599885470724
69	87	-20	-0.000903131133345	-0.00062009280363	-0.000593287508573
71	87	-20	-0.000922119508603	-0.000578717420664	-0.000583266104888
73	87	-20	-0.000941428006617	-0.000537323988203	-0.000569764513282
75	87	-20	-0.000961066401881	-0.00049592038734	-0.000552977040848
77	87	-20	-0.0009806880322	-0.000454470717632	-0.000533440615386
79	87	-20	-0.000999400265705	-0.000412939786997	-0.000512122921247
81	87	-20	-0.00101567689294	-0.000371306634334	-0.000490454643697
83	87	-20	-0.00102743022294	-0.000329527760598	-0.000470277691999
85	87	-20	-0.00103218515537	-0.000287471497165	-0.000453736785103
87	87	-20	-0.00102725139228	-0.000244860059713	-0.000443165908024
89	87	-20	-0.00100984053374	-0.000201237715916	-0.000440999003009
91	87	-20	-0.000977136981856	-0.000155966597055	-0.000449702921448
93	87	-20	-0.000926361857702	-0.000108251824577	-0.000471712529989
95	87	-20	-0.000854878494807	-5.72080875734e-05	-0.000509340151024
97	87	-20	-0.000760383113329	-1.98694381348e-06	-0.000564632632497
99	87	-20	-0.000641183957939	5.80338379908e-05	-0.000639173560913
-99	89	-20	0.000326807727299	-0.000507827269294	-0.000199780684917
-97	89	-20	0.000350584483534	-0.000534490476428	-0.000185343891299
-95	89	-20	0.000368125337959	-0.000559763562833	-0.000175086749733
-93	89	-20	0.000379899506936	-0.000583771030978	-0.000168700945796
-91	89	-20	0.000386528883814	-0.000606691412846	-0.000165772675982
-89	89	-20	0.000388706412124	-0.000628716943049	-0.000165826314728
-87	89	-20	0.000387142462365	-0.000650025939886	-0.000168356199805
-85	89	-20	0.000382537253001	-0.000670768645029	-0.000172846061734
-83	89	-20	0.000375566659242	-0.000691062914565	-0.000178781930523
-81	89	-20	0.000366868862119	-0.000710996819212	-0.000185665819761
-79	89	-20	0.00035702275317	-0.000730636548138	-0.000193036743078
-77	89	-20	0.000346515926673	-0.000750037640585	-0.000200501145718
-75	89	-20	0.00033571227982	-0.000769255339252	-0.000207764273919
-73	89	-20	0.000324838659395	-0.000788348462992	-0.000214644735126
-71	89	-20	0.000314001342422	-0.000807373988976	-0.000221062128939
-69	89	-20	0.000303221732207	-0.00082637504212	-0.000227007701919
-67	89	-20	0.000292471753988	-0.000845367837249	-0.00023251573243
-65	89	-20	0.000281698208041	-0.00086433182279	-0.000237644405155
-63	89	-20	0.00027083615273	-0.000883205145471	-0.00024246505008
-61	89	-20	0.000259815778474	-0.000901887160496	-0.000247055377984
-59	89	-20	0.000248567176624	-0.000920250662434	-0.000251493311834
-57	89	-20	0.000237025926094	-0.000938166341118	-0.000255850287964
-55	89	-20	0.000225140256821	-0.000955537200385	-0.000260185166416
-53	89	-20	0.000212877696136	-0.000972330630646	-0.000264540700516
-51	89	-20	0.000200227254054	-0.000988589166553	-0.000268943285816
-49	89	-20	0.000187195031516	-0.00100441020067	-0.000273405731171
-47	89	-20	0.000173795409344	-0.00101990468941	-0.000277932922718
-45	89	-20	0.00016004196827	-0.00103515430981	-0.000282529186947
-43	89	-20	0.000145940853464	-0.0010501803079	-0.000287204682895
-41	89	-20	0.000131487271361	-0.00106492806263	-0.000291978430296
-39	89	-20	0.0001166650485	-0.00107926788759	-0.000296876941814
-37	89	-20	0.000101449427133	-0.00109301363539	-0.000301928751246
-35	89	-20	8.58134991942e-05	-0.00110596093776	-0.000307156556815
-33	89	-20	6.97377614038e-05	-0.00111794067718	-0.000312570100191
-31	89	-20	5.32197842276e-05	-0.00112886963111	-0.000318162564621
-29	89	-20	3.6279067376e-05	-0.00113877138754	-0.000323910757874
-27	89	-20	1.89543898436e-05	-0.00114775370305	-0.00032977833324
-25	89	-20	1.2960886781e-06	-0.00115595591809	-0.000335722510173
-23	89	-20	-1.66420450862e-05	-0.00116349328185	-0.00034170373587
-21	89	-20	-3.48084482373e-05	-0.00117041657302	-0.000347695185624
-19	89	-20	-5.31566762952e-05	-0.00117669240317	-0.000353688614794
-17	89	-20	-7.16459804029e-05	-0.00118220427938	-0.00035969445678
-15	89	-20	-9.02397192947e-05	-0.00118677558196	-0.000365735676965
-13	89	-20	-0.000108901385354	-0.00119021610328	-0.000371836888173
-11	89	-20	-0.000127588703524	-0.00119238642196	-0.000378012638302
-9	89	-20	-0.000146248387499	-0.00119325806628	-0.000384259417983
-7	89	-20	-0.000164815774879	-0.00119293698977	-0.000390553431386
-5	89	-20	-0.000183221469811	-0.00119163379436	-0.000396854131874
-3	89	-20	-0.000201402437886	-0.00118959724279	-0.000403113377524
-1	89	-20	-0.000219312927691	-0.00118704368672	-0.000409288013888
1	89	-20	-0.000236932265657	-0.00118410500698	-0.000415351170069
3	89	-20	-0.000254268723097	-0.00118080205782	-0.000421298169511
5	89	-20	-0.000271359330895	-0.00117704426634	-0.000427145383867
7	89	-20	-0.000288265132316	-0.00117265743698	-0.000432922557485
9	89	-20	-0.000305061161423	-0.00116744221472	-0.000438661282951
11	89	-20	-0.000321821888174	-0.00116125577663	-0.000444384300855
13	89	-20	-0.000338606552709	-0.00115408789598	-0.0004500996445
15	89	-20	-0.000355451612449	-0.00114608902263	-0.000455799830464
17	89	-20	-0.000372374240926	-0.00113752896507	-0.000461464952685
19	89	-20	-0.000389383302099	-0.00112870805326	-0.000467070638728
21	89	-20	-0.000406490888876	-0.00111986371	-0.000472600437296
23	89	-20	-0.000423720213794	-0.00111110211786	-0.000478058272338
25	89	-20	-0.000441109160067	-0.00110236374109	-0.000483475737755
27	89	-20	-0.000458710012116	-0.00109342236589	-0.000488910719004
29	89	-20	-0.000476585337753	-0.00108391856607	-0.000494435841459
31	89	-20	-0.000494799271016	-0.00107342966904	-0.000500118001582
33	89	-20	-0.000513404283808	-0.00106156838208	-0.00050599454616
35	89	-20	-0.000532426988436	-0.00104807883001	-0.000512054988393
37	89	-20	-0.000551859754122	-0.00103288293286	-0.000518235700639
39	89	-20	-0.000571662127781	-0.00101605249314	-0.000524430293711
41	89	-20	-0.000591768769725	-0.000997730206999	-0.00053051340572
43	89	-20	-0.000612097817307	-0.000978045336148	-0.000536370544739
45	89	-20	-0.000632556842785	-0.000957054093855	-0.000541924404364
47	89	-20	-0.000653047084181	-0.000934711569112	-0.000547150072905
49	89	-20	-0.00067346755383	-0.00091087238408	-0.000552074026828
51	89	-20	-0.000693719833226	-0.000885319119392	-0.00055675291935
53	89	-20	-0.00071371312194	-0.000857820238517	-0.000561231066318
55	89	-20	-0.000733368599221	-0.000828212020364	-0.000565484255547
57	89	-20	-0.00075262360123	-0.000796478397724	-0.000569369718324
59	89	-20	-0.000771438342453	-0.000762787172949	-0.000572606111147
61	89	-20	-0.000789806734915	-0.000727460610089	-0.000574794420514
63	89	-20	-0.000807768621739	-0.000690901879199	-0.000575468991549
65	89	-20	-0.000825419096637	-0.000653518178086	-0.000574155422875
67	89	-20	-0.000842911542542	-0.000615665458606	-0.000570417322441
69	89	-20	-0.000860449761745	-0.000577618092041	-0.000563888715191
71	89	-20	-0.000878259251039	-0.000539557931678	-0.000554302117167
73	89	-20	-0.000896520382549	-0.000501578073909	-0.000541530776565
75	89	-20	-0.000915244590626	-0.000463698831821	-0.000525665552475
77	89	-20	-0.000934095259454	-0.000425891423902	-0.000507131692882
79	89	-20	-0.000952207769396	-0.000388098499877	-0.000486808597118
81	89	-20	-0.000968105994795	-0.000350237222833	-0.000466078120841
83	89	-20	-0.000979768210671	-0.000312178411468	-0.000446759460398
85	89	-20	-0.000984789302048	-0.000273709904653	-0.000430972627726
87	89	-20	-0.000980542858616	-0.00023450016227	-0.000421004824927
89	89	-20	-0.000964292211323	-0.000194075001348	-0.000419215899145
91	89	-20	-0.000933257718964	-0.000151814792715	-0.000427975305725
93	89	-20	-0.000884677975013	-0.000106979041265	-0.000449604413477
95	89	-20	-0.000815913845683	-5.87694745152e-05	-0.000486294568087
97	89	-20	-0.000724641197009	-6.44319702342e-06	-0.000539976350092
99	89	-20	-0.000609137810774	5.05304089541e-05	-0.000612140093249
-99	91	-20	0.000306247530492	-0.000491130574121	-0.00019742878027
-97	91	-20	0.000329737214903	-0.000516637631037	-0.000183635244501
-95	91	-20	0.000346925529236	-0.000540707497395	-0.000173858350466
-93	91	-20	0.000358355314237	-0.000563487186172	-0.000167795120376
-91	91	-20	0.000364711075214	-0.000585172665119	-0.000165047646164
-89	91	-20	0.000366716709079	-0.000605964019974	-0.000165165841737
-87	91	-20	0.000365086708297	-0.000626041596671	-0.000167673038312
-85	91	-20	0.00036051026414	-0.000645556798264	-0.000172078992637
-83	91	-20	0.000353647408191	-0.00066463088381	-0.000177887240314
-81	91	-20	0.000345123925019	-0.000683358359775	-0.000184603988261
-79	91	-20	0.000335514864235	-0.000701813386145	-0.000191758022766
-77	91	-20	0.000325309534073	-0.000720057712461	-0.00019894080854
-75	91	-20	0.000314866636015	-0.000738147566465	-0.000205858796889
-73	91	-20	0.00030439290649	-0.000756136093678	-0.000212360258241
-71	91	-20	0.000293968181992	-0.000774069621823	-0.000218410082914
-69	91	-20	0.000283594329182	-0.000791979573172	-0.000224038854274
-67	91	-20	0.000273234918246	-0.000809873590621	-0.000229303685264
-65	91	-20	0.000262836873802	-0.000827728722546	-0.000234268781395
-63	91	-20	0.000252340160538	-0.000845488445547	-0.000238997005396
-61	91	-20	0.000241682146536	-0.000863065017688	-0.000243544628266
-59	91	-20	0.000230800696829	-0.000880349011537	-0.000247956531059
-57	91	-20	0.00021963831927	-0.000897228026272	-0.000252263994405
-55	91	-20	0.000208148346043	-0.000913614347152	-0.000256490172004
-53	91	-20	0.000196301607656	-0.000929473172188	-0.000260663235151
-51	91	-20	0.000184088994869	-0.000944833111309	-0.000264824588246
-49	91	-20	0.000171516931108	-0.000959767851455	-0.00026902216227
-47	91	-20	0.000158598763081	-0.000974360507093	-0.000273298417499
-45	91	-20	0.000145346805367	-0.000988669503686	-0.000277685226146
-43	91	-20	0.000131766966996	-0.00100270523068	-0.000282205052607
-41	91	-20	0.000117855903725	-0.00101641904538	-0.000286872423088
-39	91	-20	0.000103600430385	-0.00102970463525	-0.000291692117346
-37	91	-20	8.89794171159e-05	-0.0010424125314	-0.000296654685084
-35	91	-20	7.39689870153e-05	-0.0010543788894	-0.000301734502427
-33	91	-20	5.85516422354e-05	-0.00106546658098	-0.000306898403555
-31	91	-20	4.27270293729e-05	-0.00107560647056	-0.00031212494538
-29	91	-20	2.65175428729e-05	-0.00108481526638	-0.000317416370924
-27	91	-20	9.96422443778e-06	-0.00109317591527	-0.000322789145487
-25	91	-20	-6.88270797189e-06	-0.0011007945642	-0.000328256856502
-23	91	-20	-2.39720959719e-05	-0.00110775782357	-0.000333823052663
-21	91	-20	-4.12567221251e-05	-0.00111410285413	-0.000339483568203
-19	91	-20	-5.86955899654e-05	-0.00111980302497	-0.00034522990454
-17	91	-20	-7.62544667606e-05	-0.00112476923654	-0.000351048292156
-15	91	-20	-9.39048023051e-05	-0.00112886747376	-0.00035691454937
-13	91	-20	-0.000111620383508	-0.00113195326163	-0.000362790939664
-11	91	-20	-0.00012937112284	-0.00113391989637	-0.000368635193763
-9	91	-20	-0.000147115933825	-0.00113474574477	-0.000374422415425
-7	91	-20	-0.000164800679228	-0.00113451345401	-0.000380158364226
-5	91	-20	-0.000182365077075	-0.00113338524547	-0.000385866970088
-3	91	-20	-0.000199754352566	-0.00113155028325	-0.000391569024344
-1	91	-20	-0.000216929342424	-0.00112917157804	-0.000397273333513
1	91	-20	-0.000233872822181	-0.00112634772357	-0.000402979366865
3	91	-20	-0.000250592411455	-0.00112309360817	-0.00040868099367
5	91	-20	-0.000267120452523	-0.00111934090385	-0.000414365088985
7	91	-20	-0.000283510443063	-0.00111495941671	-0.000420005660437
9	91	-20	-0.000299828746493	-0.0011098001075	-0.000425561308479
11	91	-20	-0.000316140622441	-0.00110375534655	-0.000430988070273
13	91	-20	-0.000332493927224	-0.00109681730615	-0.000436267723988
15	91	-20	-0.000348910472046	-0.00108910030966	-0.000441424730778
17	91	-20	-0.000365391711388	-0.0010808075148	-0.000446510770436
19	91	-20	-0.000381932394304	-0.00107216199857	-0.000451577685865
21	91	-20	-0.000398532468132	-0.0010633369399	-0.000456665385008
23	91	-20	-0.000415204100528	-0.00105440467305	-0.000461804260376
25	91	-20	-0.000431974870922	-0.00104531002014	-0.000467019608066
27	91	-20	-0.000448888231014	-0.00103586857324	-0.00047232976071
29	91	-20	-0.000466000866326	-0.00102579112536	-0.000477737188611
31	91	-20	-0.000483374716356	-0.00101473658398	-0.000483219821924
33	91	-20	-0.000501060978289	-0.00100239112817	-0.00048873552034
35	91	-20	-0.000519079327207	-0.000988551874079	-0.000494242824096
37	91	-20	-0.000537406118154	-0.000973168926414	-0.000499715713919
39	91	-20	-0.000555981333228	-0.000956317313853	-0.00050513381597
41	91	-20	-0.000574725150026	-0.000938126027139	-0.000510466607543
43	91	-20	-0.000593551014309	-0.000918709027842	-0.000515673612784
45	91	-20	-0.000612372649067	-0.000898118780427	-0.000520716613517
47	91	-20	-0.000631108335794	-0.000876323564467	-0.000525569298258
49	91	-20	-0.000649685217995	-0.000853205903152	-0.000530214574799
51	91	-20	-0.000668043883685	-0.000828582421951	-0.000534627371483
53	91	-20	-0.000686140571697	-0.000802249668792	-0.000538749392805
55	91	-20	-0.000703942823041	-0.000774058513323	-0.000542470535658
57	91	-20	-0.000721419982404	-0.000743997757953	-0.000545627058292
59	91	-20	-0.000738541532791	-0.000712234950649	-0.000548005429742
61	91	-20	-0.000755292729712	-0.000679080623991	-0.000549339405321
63	91	-20	-0.000771697283648	-0.000644909255631	-0.000549312765171
65	91	-20	-0.000787833053895	-0.000610088357837	-0.000547579058649
67	91	-20	-0.000803837550402	-0.000574934159987	-0.000543789289484
69	91	-20	-0.000819903867142	-0.00053968976104	-0.000537615554365
71	91	-20	-0.000836262203644	-0.000504518609072	-0.000528770530358
73	91	-20	-0.000853131114313	-0.000469508533183	-0.000517038632521
75	91	-20	-0.000870608228833	-0.000434682442602	-0.000502352789322
77	91	-20	-0.000888472347962	-0.000400010323246	-0.000484952998693
79	91	-20	-0.000905941115839	-0.000365416129202	-0.000465593333939
81	91	-20	-0.000921547413536	-0.000330775804765	-0.000445642339572
83	91	-20	-0.000933245588073	-0.000295906140259	-0.000426968129302
85	91	-20	-0.00093863576584	-0.000260546039802	-0.000411717656269
87	91	-20	-0.000935143012153	-0.000224335276593	-0.000402146001841
89	91	-20	-0.000920108557155	-0.000186798598481	-0.000400529577614
91	91	-20	-0.000890826309803	-0.000147342487962	-0.000409126473622
93	91	-20	-0.000844568837717	-0.000105271582002	-0.000430145442701
95	91	-20	-0.00077865173662	-5.983510243e-05	-0.000465692823742
97	91	-20	-0.000690604311457	-1.03193633018e-05	-0.000517664477824
99	91	-20	-0.000578508826503	4.38029277496e-05	-0.000587557084222
-99	93	-20	0.0002856470542	-0.000474470401187	-0.000194869785454
-97	93	-20	0.000308866354891	-0.000498877828176	-0.000181696424423
-95	93	-20	0.000325640797444	-0.000521770931479	-0.00017242230432
-93	93	-20	0.00033666114277	-0.000543350189874	-0.000166721729413
-91	93	-20	0.000342710448003	-0.000563846175811	-0.000164195541604
-89	93	-20	0.000344543982467	-0.000583470212206	-0.000164414661498
-87	93	-20	0.000342867089944	-0.000602401930468	-0.000166934038588
-85	93	-20	0.000338343185137	-0.000620789276477	-0.000171295371291
-83	93	-20	0.000331605346424	-0.000638751617657	-0.000177025902044
-81	93	-20	0.000323263914047	-0.00065638395032	-0.000183637253002
-79	93	-20	0.000313901425223	-0.00067376196018	-0.000190635208039
-77	93	-20	0.000304034012889	-0.000690947874951	-0.000197567773617
-75	93	-20	0.0002940302009	-0.000707996254893	-0.000204124868072
-73	93	-20	0.000284060497169	-0.000724956435414	-0.000210201771234
-71	93	-20	0.000274151421466	-0.000741869033244	-0.000215837078906
-69	93	-20	0.000264270829213	-0.000758759328781	-0.000221114103033
-67	93	-20	0.000254371689098	-0.000775631113341	-0.000226113242433
-65	93	-20	0.000244404052974	-0.000792462300179	-0.000230901578707
-63	93	-20	0.000234316788192	-0.000809202935532	-0.000235531959361
-61	93	-20	0.000224057575223	-0.000825776255202	-0.000240040685587
-59	93	-20	0.000213573370605	-0.000842083655637	-0.000244442438167
-57	93	-20	0.000202812484509	-0.000858016072841	-0.000248727569553
-55	93	-20	0.0001917304164	-0.000873478067323	-0.000252875623611
-53	93	-20	0.00018030004056	-0.000888425350322	-0.000256893502541
-51	93	-20	0.000168517356582	-0.000902884960175	-0.000260841361288
-49	93	-20	0.000156394260626	-0.000916928921872	-0.00026480729231
-47	93	-20	0.00014394688041	-0.00093063099576	-0.000268869422998
-45	93	-20	0.000131188268274	-0.000944037813882	-0.000273082010875
-43	93	-20	0.000118124887653	-0.000957154295373	-0.000277476749688
-41	93	-20	0.000104754829969	-0.000969937796996	-0.000282065025144
-39	93	-20	9.10670403255e-05	-0.000982299360327	-0.000286835528023
-37	93	-20	7.7041699016e-05	-0.000994112343511	-0.00029174765934
-35	93	-20	6.26531304147e-05	-0.00100523063067	-0.000296728371372
-33	93	-20	4.78788979137e-05	-0.00101552250812	-0.000301691889995
-31	93	-20	3.27164587584e-05	-0.00102491951414	-0.000306593973028
-29	93	-20	1.71936005976e-05	-0.00103344357534	-0.00031146878633
-27	93	-20	1.35899036346e-06	-0.00104117834126	-0.000316393775087
-25	93	-20	-1.47336625583e-05	-0.00104821891359	-0.000321436801028
-23	93	-20	-3.10342103535e-05	-0.0010546368468	-0.000326637080138
-21	93	-20	-4.74989561997e-05	-0.00106046145163	-0.000332007826486
-19	93	-20	-6.40916066167e-05	-0.00106567181342	-0.000337540679733
-17	93	-20	-8.07837245512e-05	-0.00107019791583	-0.000343203949376
-15	93	-20	-9.75547486635e-05	-0.00107393106345	-0.000348934850007
-13	93	-20	-0.000114390340217	-0.00107674554026	-0.000354635179121
-11	93	-20	-0.000131275661857	-0.00107853729324	-0.00036019484323
-9	93	-20	-0.000148182218872	-0.0010792778774	-0.00036555814906
-7	93	-20	-0.000165060634502	-0.00107904326055	-0.000370768627829
-5	93	-20	-0.000181851601947	-0.00107798046644	-0.000375924601436
-3	93	-20	-0.00019850252276	-0.00107624933596	-0.000381113054034
-1	93	-20	-0.000214977232027	-0.00107398014906	-0.000386385784202
1	93	-20	-0.000231259989712	-0.00107124936051	-0.000391762612236
3	93	-20	-0.000247356995478	-0.00106806830895	-0.000397236890215
5	93	-20	-0.000263296571709	-0.00106438367874	-0.000402773643674
7	93	-20	-0.000279127798855	-0.00106009012872	-0.000408300771913
9	93	-20	-0.000294915562269	-0.00105505722516	-0.000413704803583
11	93	-20	-0.000310726610786	-0.00104917703493	-0.00041886036769
13	93	-20	-0.00032660459465	-0.00104242937064	-0.000423710865997
15	93	-20	-0.000342554333829	-0.00103491545412	-0.000428322813869
17	93	-20	-0.000358555415419	-0.00102681534334	-0.000432832318869
19	93	-20	-0.00037458528075	-0.00101831417445	-0.000437364987031
21	93	-20	-0.000390631802544	-0.00100954686748	-0.00044200651498
23	93	-20	-0.00040669762015	-0.00100056474777	-0.000446806147597
25	93	-20	-0.000422801831863	-0.000991318201154	-0.000451783456991
27	93	-20	-0.000438981145976	-0.000981653795753	-0.000456926629717
29	93	-20	-0.00045529019188	-0.000971326638397	-0.000462181994765
31	93	-20	-0.000471797355393	-0.000960033077124	-0.000467446142808
33	93	-20	-0.000488566530057	-0.000947478512112	-0.000472589866909
35	93	-20	-0.000505620189222	-0.000933481396564	-0.00047753261813
37	93	-20	-0.000522915321291	-0.000918035930969	-0.000482294671479
39	93	-20	-0.000540364285108	-0.000901259789989	-0.000486949297187
41	93	-20	-0.000557869093836	-0.00088329939738	-0.000491552387687
43	93	-20	-0.000575338160478	-0.000864269095288	-0.00049612191846
45	93	-20	-0.000592690690375	-0.000844221974528	-0.000500647813519
47	93	-20	-0.000609858905246	-0.000823136519654	-0.000505101897701
49	93	-20	-0.000626792147654	-0.000800913311268	-0.000509435285352
51	93	-20	-0.000643462891804	-0.00077738224316	-0.000513562272471
53	93	-20	-0.000659870176856	-0.000752329199149	-0.000517341512507
55	93	-20	-0.000676028573391	-0.000725567208029	-0.000520582816285
57	93	-20	-0.000691935977799	-0.000697060260175	-0.000523100355876
59	93	-20	-0.000707554476809	-0.000666998743182	-0.000524752994725
61	93	-20	-0.000722839673339	-0.00063572736053	-0.00052540566718
63	93	-20	-0.000737782630655	-0.000603624268425	-0.000524877711219
65	93	-20	-0.00075242977921	-0.000571032048546	-0.0005229372634
67	93	-20	-0.000766887157302	-0.000538231869879	-0.000519320770225
69	93	-20	-0.000781320529155	-0.000505435306358	-0.000513749216526
71	93	-20	-0.000795954404921	-0.000472784120815	-0.000505931316015
73	93	-20	-0.000811061400094	-0.000440355362348	-0.000495561946832
75	93	-20	-0.000826901072946	-0.00040816909592	-0.000482360825112
77	93	-20	-0.000843503405594	-0.000376193049109	-0.000466265125484
79	93	-20	-0.00086025007075	-0.000344338629535	-0.000447832014656
81	93	-20	-0.000875610393395	-0.000312453823781	-0.000428490537433
83	93	-20	-0.000887390289193	-0.000280321166045	-0.00041027676066
85	93	-20	-0.000893134832753	-0.000247653541136	-0.00039541953447
87	93	-20	-0.000890326369239	-0.000214083199072	-0.000386138949313
89	93	-20	-0.000876423638016	-0.000179150288688	-0.000384603500117
91	93	-20	-0.000848845427989	-0.000142297238523	-0.000392934565713
93	93	-20	-0.000804941213301	-0.000102872430803	-0.000413214113082
95	93	-20	-0.000741976146909	-6.01486557845e-05	-0.00044747843673
97	93	-20	-0.000657212843191	-1.33780822311e-05	-0.000497661204987
99	93	-20	-0.000548298741675	3.80593606048e-05	-0.000565392314867
-99	95	-20	0.000264489817286	-0.000457632944021	-0.000192146354321
-97	95	-20	0.000287423240707	-0.000480978497748	-0.000179570749234
-95	95	-20	0.000303704383868	-0.000502708094929	-0.000170813156034
-93	95	-20	0.000314292951747	-0.000523122736559	-0.00016548513593
-91	95	-20	0.000320079205827	-0.000542493199593	-0.000163178741855
-89	95	-20	0.000321822155244	-0.000561033881199	-0.000163490127456
-87	95	-20	0.000320193789192	-0.000578916239473	-0.00016601142479
-85	95	-20	0.000315814953955	-0.000596279537971	-0.000170322988197
-83	95	-20	0.000309278738244	-0.000613237169628	-0.000175985420402
-81	95	-20	0.00030116968376	-0.000629880854485	-0.000182526916629
-79	95	-20	0.000292081319991	-0.000646283964316	-0.000189427040447
-77	95	-20	0.000282597247132	-0.000662505210901	-0.000196142251078
-75	95	-20	0.000273133726159	-0.000678595321236	-0.000202300113987
-73	95	-20	0.000263787766877	-0.000694601979267	-0.00020788730625
-71	95	-20	0.000254492120471	-0.000710564015634	-0.000213063013209
-69	95	-20	0.000245176277094	-0.000726504126386	-0.000217965806365
-67	95	-20	0.000235790152102	-0.000742425179333	-0.000222688496625
-65	95	-20	0.000226293617287	-0.000758307986619	-0.000227293422813
-63	95	-20	0.000216648740829	-0.00077411009094	-0.000231821774556
-61	95	-20	0.000206816214374	-0.000789765537665	-0.000236293834383
-59	95	-20	0.000196753688115	-0.000805184900096	-0.000240701602222
-57	95	-20	0.000186414857337	-0.000820255541382	-0.000244996956503
-55	95	-20	0.000175752719761	-0.000834854909791	-0.000249097666215
-53	95	-20	0.000164738208229	-0.000848914613575	-0.000252969774514
-51	95	-20	0.000153377558452	-0.000862478835188	-0.000256709656861
-49	95	-20	0.000141694067464	-0.000875641272606	-0.000260461745615
-47	95	-20	0.000129708575221	-0.000888476833888	-0.000264335668589
-45	95	-20	0.000117435246698	-0.000901024948211	-0.000268399257516
-43	95	-20	0.000104881232626	-0.000913287149612	-0.000272688733825
-41	95	-20	9.2046187823e-05	-0.000925226396451	-0.000277213777795
-39	95	-20	7.89213933612e-05	-0.000936767988109	-0.000281954783135
-37	95	-20	6.54883669975e-05	-0.000947801956964	-0.00028685192743
-35	95	-20	5.17173020314e-05	-0.000958186936491	-0.000291789044737
-33	95	-20	3.75719717151e-05	-0.000967769564044	-0.000296602902654
-31	95	-20	2.30397913911e-05	-0.000976461690982	-0.000301199567494
-29	95	-20	8.16050084779e-06	-0.000984310010753	-0.000305670205915
-27	95	-20	-7.00190433325e-06	-0.000991425224199	-0.000310176439185
-25	95	-20	-2.23887525369e-05	-0.000997903776958	-0.000314834806427
-23	95	-20	-3.79513759362e-05	-0.00100380775074	-0.000319707631161
-21	95	-20	-5.36497010744e-05	-0.00100916088049	-0.000324818185535
-19	95	-20	-6.94514989071e-05	-0.0010139468936	-0.000330159016721
-17	95	-20	-8.53327454164e-05	-0.00101811030032	-0.000335689746705
-15	95	-20	-0.00010127907869	-0.00102155955181	-0.000341323937536
-13	95	-20	-0.000117287939729	-0.00102417231238	-0.000346908839663
-11	95	-20	-0.000133365265351	-0.00102581747637	-0.000352236323571
-9	95	-20	-0.000149499621612	-0.00102643880609	-0.000357187013019
-7	95	-20	-0.000165637788108	-0.00102612932121	-0.000361873768772
-5	95	-20	-0.000181712013765	-0.00102505328717	-0.00036649829757
-3	95	-20	-0.000197668536381	-0.00102335923646	-0.000371206893693
-1	95	-20	-0.000213473188137	-0.00102115520759	-0.000376078917215
1	95	-20	-0.000229111073592	-0.00101850168126	-0.000381145679382
3	95	-20	-0.000244586399099	-0.00101540792011	-0.000386401010065
5	95	-20	-0.000259922928462	-0.00101183211659	-0.000391799085187
7	95	-20	-0.000275165277798	-0.0010076851519	-0.000397239205893
9	95	-20	-0.000290380560371	-0.00100283740632	-0.000402542200587
11	95	-20	-0.000305650622437	-0.000997145703193	-0.000407464325943
13	95	-20	-0.000321027385545	-0.00099055356477	-0.000411870846516
15	95	-20	-0.000336490311216	-0.000983179452982	-0.000415908488997
17	95	-20	-0.000351987401571	-0.000975221420405	-0.000419833305616
19	95	-20	-0.000367478534637	-0.000966850088837	-0.000423837191536
21	95	-20	-0.000382942334008	-0.000958175605466	-0.000428033619441
23	95	-20	-0.000398374288913	-0.000949235653148	-0.000432480136414
25	95	-20	-0.000413786164936	-0.000939987501311	-0.000437191436274
27	95	-20	-0.000429207589513	-0.000930304314774	-0.000442138014918
29	95	-20	-0.000444690097095	-0.000919975007186	-0.000447230500232
31	95	-20	-0.000460312520902	-0.0009087077817	-0.000452294776829
33	95	-20	-0.000476171323219	-0.000896168922336	-0.000457082996799
35	95	-20	-0.000492310588246	-0.000882150407695	-0.000461439244974
37	95	-20	-0.000508654169758	-0.000866724897381	-0.000465466034968
39	95	-20	-0.000525071562502	-0.000850098389551	-0.000469361330909
41	95	-20	-0.000541446401088	-0.000832449277409	-0.000473256045576
43	95	-20	-0.000557685571454	-0.000813894264419	-0.00047720540192
45	95	-20	-0.000573714696761	-0.000794486529779	-0.000481214835334
47	95	-20	-0.000589476901247	-0.0007742134336	-0.000485254748475
49	95	-20	-0.00060493646073	-0.00075299226082	-0.000489258612552
51	95	-20	-0.000620087436384	-0.000730663312687	-0.000493104543363
53	95	-20	-0.000634965515366	-0.000706982335395	-0.000496585831475
55	95	-20	-0.000649643632602	-0.000681659349153	-0.000499411887748
57	95	-20	-0.000664158972868	-0.000654577906476	-0.000501346163282
59	95	-20	-0.000678441263385	-0.000626002208305	-0.000502349000189
61	95	-20	-0.000692390984532	-0.000596371815424	-0.000502437651276
63	95	-20	-0.000705958609228	-0.000566083893051	-0.000501550998969
65	95	-20	-0.000719154944686	-0.000535455284627	-0.00049955059655
67	95	-20	-0.000732045640915	-0.000504730267988	-0.000496250504132
69	95	-20	-0.000744751525448	-0.000474087221167	-0.000491432169766
71	95	-20	-0.000757461939459	-0.000443643384555	-0.000484833860134
73	95	-20	-0.000770470170406	-0.000413460779425	-0.000476106197351
75	95	-20	-0.000784222748584	-0.000383553740503	-0.0004647449918
77	95	-20	-0.000799202256521	-0.000353891994299	-0.000450191312214
79	95	-20	-0.000815139673621	-0.000324383530924	-0.000432622840113
81	95	-20	-0.000830257417038	-0.000294854021996	-0.000413718368044
83	95	-20	-0.000842014703092	-0.000265061617476	-0.000395881202607
85	95	-20	-0.000847882471447	-0.000234708997733	-0.00038143709314
87	95	-20	-0.000845445047649	-0.000203436505301	-0.000372526593422
89	95	-20	-0.000832329405736	-0.000170812354123	-0.00037117051113
91	95	-20	-0.000806135941034	-0.000136325531823	-0.000379323096593
93	95	-20	-0.000764365907831	-9.93791545426e-05	-0.000398909819148
95	95	-20	-0.00070431579159	-5.92777799533e-05	-0.000431869711567
97	95	-20	-0.000622948394229	-1.52111223748e-05	-0.000480202912402
99	95	-20	-0.00051709427535	3.36633396398e-05	-0.00054586255018
-99	97	-20	0.000242051956759	-0.000440328089012	-0.000189379704135
-97	97	-20	0.000264616724862	-0.000462618230256	-0.000177391711252
-95	97	-20	0.000280368480188	-0.00048320738591	-0.000169139454958
-93	97	-20	0.000290644119339	-0.000502538390029	-0.000164136260185
-91	97	-20	0.000296351942706	-0.000520890155526	-0.000161987301702
-89	97	-20	0.000298201963273	-0.000538461397952	-0.000162325279828
-87	97	-20	0.000296813031054	-0.000555408419697	-0.000164782294065
-85	97	-20	0.000292756479368	-0.000571859317008	-0.00016897888363
-83	97	-20	0.000286579430256	-0.000587920238141	-0.00017451547962
-81	97	-20	0.000278825907552	-0.00060367865855	-0.000180956628575
-79	97	-20	0.000270074475412	-0.000619204967093	-0.000187790067792
-77	97	-20	0.000261013952345	-0.000634552200852	-0.000194336785914
-75	97	-20	0.000252224111349	-0.00064976367421	-0.0002000213974
-73	97	-20	0.000243615470564	-0.000664889672319	-0.000205059972661
-71	97	-20	0.000234991979868	-0.000679970042933	-0.000209773644605
-69	97	-20	0.000226273224371	-0.000695026095224	-0.000214319401992
-67	97	-20	0.000217422632627	-0.000710060932311	-0.00021878057874
-65	97	-20	0.000208415822491	-0.000725058895538	-0.000223207142584
-63	97	-20	0.000199229675992	-0.000739984975235	-0.000227628546899
-61	97	-20	0.00018983838321	-0.0007547842402	-0.000232054586931
-59	97	-20	0.000180211440608	-0.000769379619379	-0.000236467419392
-57	97	-20	0.00017031033356	-0.000783662374044	-0.000240799914534
-55	97	-20	0.000160080913268	-0.000797466977415	-0.00024489152106
-53	97	-20	0.000149479015102	-0.000810657349762	-0.000248605740658
-51	97	-20	0.000138534359197	-0.000823341414376	-0.000252135600997
-49	97	-20	0.000127286321908	-0.000835653166384	-0.000255697359229
-47	97	-20	0.000115757984271	-0.000847663422984	-0.00025941199796
-45	97	-20	0.000103963347314	-0.000859402628727	-0.000263347954099
-43	97	-20	9.19099141287e-05	-0.000870869027687	-0.000267540913437
-41	97	-20	7.95989116022e-05	-0.000882030520444	-0.000271999664632
-39	97	-20	6.70245130402e-05	-0.000892825332093	-0.000276703602243
-37	97	-20	5.41717807324e-05	-0.000903161166236	-0.000281590987158
-35	97	-20	4.10109703979e-05	-0.000912906666801	-0.00028652923514
-33	97	-20	2.74845974432e-05	-0.000921865432882	-0.000291254084313
-31	97	-20	1.3548436347e-05	-0.000929877233889	-0.000295535298598
-29	97	-20	-7.25165204496e-07	-0.000937065318405	-0.000299605745275
-27	97	-20	-1.52502500293e-05	-0.000943588216227	-0.000303733005179
-25	97	-20	-2.99680003839e-05	-0.000949537790604	-0.0003080540793
-23	97	-20	-4.48337496719e-05	-0.000954964813412	-0.000312636057807
-21	97	-20	-5.98115180947e-05	-0.000959887580982	-0.000317504754025
-19	97	-20	-7.4872560057e-05	-0.000964293434627	-0.000322654007456
-17	97	-20	-8.99956740314e-05	-0.000968139286191	-0.000328043650096
-15	97	-20	-0.00010516921194	-0.000971350933718	-0.000333585334188
-13	97	-20	-0.000120396803612	-0.000973814384059	-0.000339105490099
-11	97	-20	-0.000135709985076	-0.000975348382238	-0.000344269173917
-9	97	-20	-0.000151131997953	-0.000975813435049	-0.000348785963724
-7	97	-20	-0.000166585034723	-0.000975377376524	-0.000352943961759
-5	97	-20	-0.000181985146017	-0.000974246997151	-0.000357075662228
-3	97	-20	-0.000197280452548	-0.000972556475727	-0.000361351740145
-1	97	-20	-0.000212440262935	-0.000970392830016	-0.0003658564996
1	97	-20	-0.00022745074399	-0.000967803344862	-0.000370623570139
3	97	-20	-0.000242313937246	-0.000964795933066	-0.000375647729406
5	97	-20	-0.000257048218985	-0.000961339107371	-0.00038088292984
7	97	-20	-0.000271690675428	-0.000957361050545	-0.000386225753762
9	97	-20	-0.00028630489045	-0.000952739423751	-0.000391471477983
11	97	-20	-0.000300999453179	-0.00094726867597	-0.000396223220619
13	97	-20	-0.000315867256411	-0.000940790431061	-0.000400139348738
15	97	-20	-0.000330833267839	-0.000933510675728	-0.000403574291448
17	97	-20	-0.000345805674455	-0.000925676957509	-0.000406937679845
19	97	-20	-0.000360735665556	-0.000917442673464	-0.000410446710252
21	97	-20	-0.000375598342575	-0.000908894982798	-0.000414216397097
23	97	-20	-0.00039038487421	-0.000900060928286	-0.000418302336967
25	97	-20	-0.000405100844364	-0.000890904931143	-0.000422715296234
27	97	-20	-0.000419767757742	-0.000881325375294	-0.000427420177235
29	97	-20	-0.000434428373282	-0.000871148630467	-0.000432319628068
31	97	-20	-0.000449161266199	-0.000860107065744	-0.000437210594515
33	97	-20	-0.00046411279715	-0.000847780320219	-0.000441695678572
35	97	-20	-0.000479400429556	-0.000833816007937	-0.000445420823061
37	97	-20	-0.00049486707905	-0.000818471560331	-0.000448692948941
39	97	-20	-0.000510325679094	-0.000802077861496	-0.000451865037312
41	97	-20	-0.000525655151891	-0.000784823233888	-0.000455100803162
43	97	-20	-0.000540768469151	-0.000766815278878	-0.000458464949316
45	97	-20	-0.000555599222544	-0.000748103572128	-0.000461967088167
47	97	-20	-0.000570098887861	-0.000728682998419	-0.000465577168753
49	97	-20	-0.000584239816634	-0.000708489759797	-0.000469224163392
51	97	-20	-0.000598024124206	-0.000687388574115	-0.000472778702608
53	97	-20	-0.00061150410253	-0.000665133834419	-0.000476010299716
55	97	-20	-0.000624822817968	-0.000641278168312	-0.00047850472299
57	97	-20	-0.000638108437174	-0.000615469825443	-0.000479868030433
59	97	-20	-0.000651198540686	-0.000588199018958	-0.000480265596946
61	97	-20	-0.000663919238095	-0.000560052195123	-0.000479886946622
63	97	-20	-0.000676194087623	-0.000531414998813	-0.000478745362667
65	97	-20	-0.000688006654447	-0.000502563623558	-0.000476763506073
67	97	-20	-0.000699384015788	-0.000473703137768	-0.000473817458045
69	97	-20	-0.000710395230351	-0.000444979871009	-0.00046975099333
71	97	-20	-0.000721166386871	-0.000416486849911	-0.000464362826146
73	97	-20	-0.000731932106451	-0.000388268860239	-0.000457348258475
75	97	-20	-0.000743189253718	-0.000360330419514	-0.00044812963168
77	97	-20	-0.000756047389731	-0.000332648794859	-0.000435481026716
79	97	-20	-0.000771142627615	-0.00030514715123	-0.000418632851623
81	97	-20	-0.000785887988971	-0.000277620723719	-0.000400092576642
83	97	-20	-0.000797214797737	-0.000249807488653	-0.000382812646278
85	97	-20	-0.000802649627839	-0.000221412391909	-0.000369075791713
87	97	-20	-0.000799952195081	-0.000192092634778	-0.00036086307392
89	97	-20	-0.000786944460506	-0.000161448975358	-0.000360021481112
91	97	-20	-0.00076142950429	-0.000129020180638	-0.000368330119354
93	97	-20	-0.000721117682668	-9.42748311962e-05	-0.000387540155357
95	97	-20	-0.00066349520674	-5.65866810981e-05	-0.000419431400544
97	97	-20	-0.000585496990067	-1.5152898716e-05	-0.000465955776052
99	97	-20	-0.000482795273658	3.12028629503e-05	-0.000529559323723
-99	99	-20	0.000217029650033	-0.000422051918047	-0.000186879430555
-97	99	-20	0.000239178702165	-0.000443301037994	-0.000175452608285
-95	99	-20	0.00025475913194	-0.000462914074411	-0.000167568715686
-93	99	-20	0.000265133659083	-0.000481345013022	-0.000162743438199
-91	99	-20	0.000271127400909	-0.000498843404245	-0.000160620676824
-89	99	-20	0.00027339827786	-0.000515590923387	-0.00016086566704
-87	99	-20	0.000272525308445	-0.000531732698996	-0.000163141323209
-85	99	-20	0.000269044741933	-0.000547389112532	-0.000167098819897
-83	99	-20	0.000263470173592	-0.000562661138809	-0.000172370138173
-81	99	-20	0.000256310621899	-0.000577633043931	-0.000178555114011
-79	99	-20	0.000248102067161	-0.000592373494829	-0.000185187944025
-77	99	-20	0.000239528732052	-0.00060693332443	-0.000191591755789
-75	99	-20	0.000231541001532	-0.000621342777006	-0.000196736400883
-73	99	-20	0.000223660361691	-0.000635661551386	-0.000201315611912
-71	99	-20	0.00021567667562	-0.000649928239828	-0.000205671156746
-69	99	-20	0.000207532871506	-0.000664162782004	-0.000209936108639
-67	99	-20	0.000199207202709	-0.000678368870544	-0.00021418077229
-65	99	-20	0.000190687102904	-0.000692533826643	-0.000218445604102
-63	99	-20	0.000181960157416	-0.000706628240086	-0.000222751586728
-61	99	-20	0.000173010645391	-0.000720605343864	-0.000227101118183
-59	99	-20	0.000163817761401	-0.000734398801612	-0.000231471889252
-57	99	-20	0.000154352815455	-0.000747914224264	-0.000235799578657
-55	99	-20	0.000144566283639	-0.000760985356402	-0.000239910010324
-53	99	-20	0.000134375040622	-0.000773330333887	-0.000243453160256
-51	99	-20	0.00012385531617	-0.000785200923255	-0.000246829196677
-49	99	-20	0.000113049737155	-0.000796730871721	-0.000250261239215
-47	99	-20	0.000101980069173	-0.000807977524516	-0.000253860008094
-45	99	-20	9.06600276114e-05	-0.000818964049087	-0.000257690076474
-43	99	-20	7.90975710739e-05	-0.000829687019038	-0.000261785336062
-41	99	-20	6.72951623189e-05	-0.000840118358135	-0.000266153244212
-39	99	-20	5.5249133141e-05	-0.000850205808783	-0.000270772695301
-37	99	-20	4.29479418692e-05	-0.000859871643403	-0.000275584836577
-35	99	-20	3.03673594106e-05	-0.00086900455347	-0.000280469356099
-33	99	-20	1.74489208271e-05	-0.00087741135844	-0.000285150375403
-31	99	-20	4.07882298292e-06	-0.000884768716465	-0.000289105036312
-29	99	-20	-9.60072006057e-06	-0.0008913669141	-0.000292862297985
-27	99	-20	-2.35026693834e-05	-0.000897365444962	-0.000296704425847
-25	99	-20	-3.75739710886e-05	-0.000902840801383	-0.000300758459798
-23	99	-20	-5.17740672419e-05	-0.00090783452968	-0.00030508990514
-21	99	-20	-6.60703549201e-05	-0.00091236146934	-0.000309725290018
-19	99	-20	-8.04369944505e-05	-0.000916411564047	-0.000314659119301
-17	99	-20	-9.48551814873e-05	-0.000919950178538	-0.000319852147406
-15	99	-20	-0.000109314831687	-0.000922916733104	-0.000325220375094
-13	99	-20	-0.000123819362402	-0.000925216137799	-0.00033060558199
-11	99	-20	-0.000138405931102	-0.000926666955427	-0.000335657900789
-9	99	-20	-0.000153165433389	-0.00092694932308	-0.000339721602718
-7	99	-20	-0.000167960163382	-0.000926404795093	-0.000343452784955
-5	99	-20	-0.000182707787626	-0.000925234350393	-0.000347201355156
-3	99	-20	-0.00019736287741	-0.000923548537211	-0.000351124763896
-1	99	-20	-0.000211898007236	-0.000921417794713	-0.00035530462819
1	99	-20	-0.000226300058314	-0.000918880081435	-0.000359774878756
3	99	-20	-0.00024056936432	-0.000915941936823	-0.000364530649196
5	99	-20	-0.000254720112208	-0.000912578328311	-0.000369526603394
7	99	-20	-0.0002687823681	-0.000908730846968	-0.000374664105472
9	99	-20	-0.000282808654288	-0.000904297461586	-0.000379756237171
11	99	-20	-0.000296905188754	-0.000899070433528	-0.000384387264769
13	99	-20	-0.000311262542238	-0.000892673691552	-0.000387775872411
15	99	-20	-0.000325697588154	-0.000885519752451	-0.000390715987718
17	99	-20	-0.000340110835117	-0.000877848339049	-0.000393635647333
19	99	-20	-0.000354455183636	-0.000869784771121	-0.000396733312235
21	99	-20	-0.000368704367102	-0.000861398233458	-0.000400117665278
23	99	-20	-0.000382846473568	-0.000852708717518	-0.000403841435289
25	99	-20	-0.000396882640508	-0.000843685925224	-0.000407912507948
27	99	-20	-0.000410828358395	-0.000834246364727	-0.00041229315153
29	99	-20	-0.000424717888535	-0.000824247373729	-0.00041688759245
31	99	-20	-0.000438616334556	-0.000813467047377	-0.000421507848109
33	99	-20	-0.000452671648063	-0.000801497639518	-0.000425737980846
35	99	-20	-0.000467165406324	-0.000787640437831	-0.000428802439961
37	99	-20	-0.000481771928962	-0.000772529652891	-0.000431435337831
39	99	-20	-0.000496298728342	-0.0007565122617	-0.000434013229574
41	99	-20	-0.000510635584606	-0.000739756235428	-0.000436688512621
43	99	-20	-0.000524702954135	-0.000722358984375	-0.000439526294995
45	99	-20	-0.000538441131783	-0.000704367381771	-0.000442538804702
47	99	-20	-0.000551808131783	-0.000685781078283	-0.000445697049947
49	99	-20	-0.000564782036391	-0.000666549070438	-0.000448930008159
51	99	-20	-0.000577367901613	-0.000646558429124	-0.00045211196803
53	99	-20	-0.00058961397435	-0.000625600916377	-0.000455029857766
55	99	-20	-0.000601673391793	-0.000603218435791	-0.000457261713064
57	99	-20	-0.000613864149351	-0.000578551105926	-0.000458059738861
59	99	-20	-0.000625829949243	-0.000552587015422	-0.000457984659742
61	99	-20	-0.000637380821327	-0.000525912285262	-0.000457275532136
63	99	-20	-0.000648434584939	-0.000498862641686	-0.000455970571822
65	99	-20	-0.00065895676345	-0.000471677347191	-0.000454031810969
67	99	-20	-0.000668947064559	-0.000444531803828	-0.00045137907138
69	99	-20	-0.000678438664037	-0.000417548418998	-0.000447899744874
71	99	-20	-0.000687511470181	-0.000390801507381	-0.000443437120597
73	99	-20	-0.000696334803453	-0.000364321316121	-0.00043774277413
75	99	-20	-0.000705294682163	-0.000338100017584	-0.000430337628378
77	99	-20	-0.000715569464731	-0.000312109412295	-0.000419908829912
79	99	-20	-0.000729694248112	-0.000286317496949	-0.000403717849
81	99	-20	-0.000743264921614	-0.000260466291577	-0.000386137023765
83	99	-20	-0.000753227693423	-0.000234292684373	-0.000370102927471
85	99	-20	-0.000757307331555	-0.000207510896504	-0.000357699345905
87	99	-20	-0.000753421760989	-0.000179794404412	-0.000350754085238
89	99	-20	-0.000739539802533	-0.00015077008507	-0.000350976341176
91	99	-20	-0.000713612366536	-0.000120014120653	-0.00036001120415
93	99	-20	-0.000673508432769	-8.7044716239e-05	-0.00037947425478
95	99	-20	-0.000616905715834	-5.13009177983e-05	-0.000410999368281
97	99	-20	-0.000541020340662	-1.20736184686e-05	-0.00045635823355
99	99	-20	-0.000441457059882	3.18267906e-05	-0.000517989954545
