% Model:              Untitled.mph
% Version:            COMSOL 6.3.0.290
% Date:               Aug 28 2026, 18:55
% Dimension:          3
% Nodes:              10000
% Expressions:        3
% Description:        Bx, By, Bz
% Length unit:        mm
% x             y              z              mfnc.Bx (T)    mfnc.By (T)    mfnc.Bz (T)
-99.000         -99.000        -20.000        -7.8918E-5     2.8683E-4      -2.7204E-4
-97.000         -99.000        -20.000        -8.3825E-5     2.8978E-4      -2.7840E-4
-95.000         -99.000        -20.000        -8.8905E-5     2.9256E-4      -2.8490E-4
-93.000         -99.000        -20.000        -9.4103E-5     2.9520E-4      -2.9154E-4
-91.000         -99.000        -20.000        -9.9434E-5     2.9770E-4      -2.9834E-4
-89.000         -99.000        -20.000        -1.0486E-4     3.0002E-4      -3.0515E-4
-87.000         -99.000        -20.000        -1.1036E-4     3.0221E-4      -3.1220E-4
-85.000         -99.000        -20.000        -1.1601E-4     3.0422E-4      -3.1937E-4
-83.000         -99.000        -20.000        -1.2174E-4     3.0605E-4      -3.2662E-4
-81.000         -99.000        -20.000        -1.2759E-4     3.0775E-4      -3.3403E-4
-79.000         -99.000        -20.000        -1.3349E-4     3.0924E-4      -3.4148E-4
-77.000         -99.000        -20.000        -1.3951E-4     3.1057E-4      -3.4902E-4
-75.000         -99.000        -20.000        -1.4564E-4     3.1175E-4      -3.5670E-4
-73.000         -99.000        -20.000        -1.5185E-4     3.1275E-4      -3.6447E-4
-71.000         -99.000        -20.000        -1.5816E-4     3.1356E-4      -3.7222E-4
-69.000         -99.000        -20.000        -1.6455E-4     3.1418E-4      -3.8010E-4
-67.000         -99.000        -20.000        -1.7103E-4     3.1466E-4      -3.8807E-4
-65.000         -99.000        -20.000        -1.7765E-4     3.1491E-4      -3.9616E-4
-63.000         -99.000        -20.000        -1.8437E-4     3.1498E-4      -4.0428E-4
-61.000         -99.000        -20.000        -1.9119E-4     3.1487E-4      -4.1235E-4
-59.000         -99.000        -20.000        -1.9816E-4     3.1450E-4      -4.2056E-4
-57.000         -99.000        -20.000        -2.0523E-4     3.1391E-4      -4.2880E-4
-55.000         -99.000        -20.000        -2.1242E-4     3.1312E-4      -4.3709E-4
-53.000         -99.000        -20.000        -2.1977E-4     3.1208E-4      -4.4548E-4
-51.000         -99.000        -20.000        -2.2723E-4     3.1073E-4      -4.5382E-4
-49.000         -99.000        -20.000        -2.3480E-4     3.0909E-4      -4.6208E-4
-47.000         -99.000        -20.000        -2.4250E-4     3.0714E-4      -4.7061E-4
-45.000         -99.000        -20.000        -2.5035E-4     3.0488E-4      -4.7910E-4
-43.000         -99.000        -20.000        -2.5830E-4     3.0224E-4      -4.8763E-4
-41.000         -99.000        -20.000        -2.6635E-4     2.9924E-4      -4.9618E-4
-39.000         -99.000        -20.000        -2.7448E-4     2.9584E-4      -5.0469E-4
-37.000         -99.000        -20.000        -2.8263E-4     2.9205E-4      -5.1330E-4
-35.000         -99.000        -20.000        -2.9087E-4     2.8779E-4      -5.2188E-4
-33.000         -99.000        -20.000        -2.9916E-4     2.8312E-4      -5.3045E-4
-31.000         -99.000        -20.000        -3.0741E-4     2.7798E-4      -5.3908E-4
-29.000         -99.000        -20.000        -3.1563E-4     2.7237E-4      -5.4769E-4
-27.000         -99.000        -20.000        -3.2382E-4     2.6626E-4      -5.5636E-4
-25.000         -99.000        -20.000        -3.3194E-4     2.5966E-4      -5.6500E-4
-23.000         -99.000        -20.000        -3.3993E-4     2.5261E-4      -5.7362E-4
-21.000         -99.000        -20.000        -3.4780E-4     2.4510E-4      -5.8215E-4
-19.000         -99.000        -20.000        -3.5541E-4     2.3711E-4      -5.9043E-4
-17.000         -99.000        -20.000        -3.6288E-4     2.2865E-4      -5.9922E-4
-15.000         -99.000        -20.000        -3.7015E-4     2.1973E-4      -6.0754E-4
-13.000         -99.000        -20.000        -3.7717E-4     2.1043E-4      -6.1599E-4
-11.000         -99.000        -20.000        -3.8392E-4     2.0069E-4      -6.2429E-4
-9.0000         -99.000        -20.000        -3.9033E-4     1.9061E-4      -6.3230E-4
-7.0000         -99.000        -20.000        -3.9650E-4     1.8012E-4      -6.4048E-4
-5.0000         -99.000        -20.000        -4.0236E-4     1.6931E-4      -6.4843E-4
-3.0000         -99.000        -20.000        -4.0793E-4     1.5818E-4      -6.5632E-4
-1.0000         -99.000        -20.000        -4.1321E-4     1.4682E-4      -6.6395E-4
1.0000          -99.000        -20.000        -4.1807E-4     1.3517E-4      -6.7153E-4
3.0000          -99.000        -20.000        -4.2273E-4     1.2323E-4      -6.7889E-4
5.0000          -99.000        -20.000        -4.2706E-4     1.1106E-4      -6.8616E-4
7.0000          -99.000        -20.000        -4.3114E-4     9.8742E-5      -6.9330E-4
9.0000          -99.000        -20.000        -4.3491E-4     8.6118E-5      -6.9998E-4
11.000          -99.000        -20.000        -4.3835E-4     7.3354E-5      -7.0643E-4
13.000          -99.000        -20.000        -4.4161E-4     6.0331E-5      -7.1327E-4
15.000          -99.000        -20.000        -4.4461E-4     4.7061E-5      -7.1963E-4
17.000          -99.000        -20.000        -4.4736E-4     3.3606E-5      -7.2564E-4
19.000          -99.000        -20.000        -4.4987E-4     1.9933E-5      -7.3165E-4
21.000          -99.000        -20.000        -4.5211E-4     5.9718E-6      -7.3731E-4
23.000          -99.000        -20.000        -4.5410E-4     -8.1748E-6     -7.4265E-4
25.000          -99.000        -20.000        -4.5583E-4     -2.2687E-5     -7.4806E-4
27.000          -99.000        -20.000        -4.5731E-4     -3.7465E-5     -7.5328E-4
29.000          -99.000        -20.000        -4.5847E-4     -5.2550E-5     -7.5790E-4
31.000          -99.000        -20.000        -4.5922E-4     -6.7913E-5     -7.6280E-4
33.000          -99.000        -20.000        -4.5970E-4     -8.3742E-5     -7.6708E-4
35.000          -99.000        -20.000        -4.5973E-4     -9.9913E-5     -7.7134E-4
37.000          -99.000        -20.000        -4.5930E-4     -1.1639E-4     -7.7524E-4
39.000          -99.000        -20.000        -4.5835E-4     -1.3315E-4     -7.7872E-4
41.000          -99.000        -20.000        -4.5678E-4     -1.5026E-4     -7.8170E-4
43.000          -99.000        -20.000        -4.5478E-4     -1.6783E-4     -7.8510E-4
45.000          -99.000        -20.000        -4.5200E-4     -1.8561E-4     -7.8792E-4
47.000          -99.000        -20.000        -4.4852E-4     -2.0356E-4     -7.9025E-4
49.000          -99.000        -20.000        -4.4422E-4     -2.2170E-4     -7.9189E-4
51.000          -99.000        -20.000        -4.3907E-4     -2.4002E-4     -7.9391E-4
53.000          -99.000        -20.000        -4.3317E-4     -2.5842E-4     -7.9499E-4
55.000          -99.000        -20.000        -4.2632E-4     -2.7680E-4     -7.9593E-4
57.000          -99.000        -20.000        -4.1853E-4     -2.9507E-4     -7.9623E-4
59.000          -99.000        -20.000        -4.0969E-4     -3.1319E-4     -7.9608E-4
61.000          -99.000        -20.000        -4.0014E-4     -3.3093E-4     -7.9553E-4
63.000          -99.000        -20.000        -3.8949E-4     -3.4835E-4     -7.9419E-4
65.000          -99.000        -20.000        -3.7784E-4     -3.6531E-4     -7.9245E-4
67.000          -99.000        -20.000        -3.6532E-4     -3.8172E-4     -7.9014E-4
69.000          -99.000        -20.000        -3.5182E-4     -3.9744E-4     -7.8719E-4
71.000          -99.000        -20.000        -3.3770E-4     -4.1232E-4     -7.8383E-4
73.000          -99.000        -20.000        -3.2270E-4     -4.2639E-4     -7.7991E-4
75.000          -99.000        -20.000        -3.0694E-4     -4.3951E-4     -7.7510E-4
77.000          -99.000        -20.000        -2.9051E-4     -4.5169E-4     -7.6986E-4
79.000          -99.000        -20.000        -2.7353E-4     -4.6281E-4     -7.6386E-4
81.000          -99.000        -20.000        -2.5622E-4     -4.7269E-4     -7.5761E-4
83.000          -99.000        -20.000        -2.3846E-4     -4.8139E-4     -7.5085E-4
85.000          -99.000        -20.000        -2.2033E-4     -4.8889E-4     -7.4331E-4
87.000          -99.000        -20.000        -2.0203E-4     -4.9521E-4     -7.3506E-4
89.000          -99.000        -20.000        -1.8368E-4     -5.0033E-4     -7.2654E-4
91.000          -99.000        -20.000        -1.6538E-4     -5.0413E-4     -7.1746E-4
93.000          -99.000        -20.000        -1.4719E-4     -5.0672E-4     -7.0806E-4
95.000          -99.000        -20.000        -1.2910E-4     -5.0806E-4     -6.9807E-4
97.000          -99.000        -20.000        -1.1124E-4     -5.0824E-4     -6.8776E-4
99.000          -99.000        -20.000        -9.3860E-5     -5.0743E-4     -6.7697E-4
-99.000         -97.000        -20.000        -7.5770E-5     2.9765E-4      -2.7876E-4
-97.000         -97.000        -20.000        -8.0850E-5     3.0084E-4      -2.8536E-4
-95.000         -97.000        -20.000        -8.6070E-5     3.0392E-4      -2.9230E-4
-93.000         -97.000        -20.000        -9.1403E-5     3.0683E-4      -2.9930E-4
-91.000         -97.000        -20.000        -9.6877E-5     3.0957E-4      -3.0646E-4
-89.000         -97.000        -20.000        -1.0246E-4     3.1216E-4      -3.1372E-4
-87.000         -97.000        -20.000        -1.0816E-4     3.1458E-4      -3.2112E-4
-85.000         -97.000        -20.000        -1.1400E-4     3.1684E-4      -3.2868E-4
-83.000         -97.000        -20.000        -1.1987E-4     3.1891E-4      -3.3635E-4
-81.000         -97.000        -20.000        -1.2587E-4     3.2081E-4      -3.4414E-4
-79.000         -97.000        -20.000        -1.3197E-4     3.2255E-4      -3.5196E-4
-77.000         -97.000        -20.000        -1.3816E-4     3.2413E-4      -3.6005E-4
-75.000         -97.000        -20.000        -1.4447E-4     3.2553E-4      -3.6810E-4
-73.000         -97.000        -20.000        -1.5083E-4     3.2673E-4      -3.7628E-4
-71.000         -97.000        -20.000        -1.5730E-4     3.2777E-4      -3.8451E-4
-69.000         -97.000        -20.000        -1.6389E-4     3.2866E-4      -3.9296E-4
-67.000         -97.000        -20.000        -1.7057E-4     3.2934E-4      -4.0132E-4
-65.000         -97.000        -20.000        -1.7738E-4     3.2985E-4      -4.0976E-4
-63.000         -97.000        -20.000        -1.8428E-4     3.3016E-4      -4.1834E-4
-61.000         -97.000        -20.000        -1.9131E-4     3.3024E-4      -4.2692E-4
-59.000         -97.000        -20.000        -1.9849E-4     3.3015E-4      -4.3557E-4
-57.000         -97.000        -20.000        -2.0578E-4     3.2983E-4      -4.4439E-4
-55.000         -97.000        -20.000        -2.1329E-4     3.2925E-4      -4.5303E-4
-53.000         -97.000        -20.000        -2.2084E-4     3.2844E-4      -4.6188E-4
-51.000         -97.000        -20.000        -2.2857E-4     3.2734E-4      -4.7068E-4
-49.000         -97.000        -20.000        -2.3648E-4     3.2594E-4      -4.7949E-4
-47.000         -97.000        -20.000        -2.4450E-4     3.2422E-4      -4.8837E-4
-45.000         -97.000        -20.000        -2.5273E-4     3.2220E-4      -4.9742E-4
-43.000         -97.000        -20.000        -2.6101E-4     3.1972E-4      -5.0640E-4
-41.000         -97.000        -20.000        -2.6945E-4     3.1690E-4      -5.1545E-4
-39.000         -97.000        -20.000        -2.7799E-4     3.1364E-4      -5.2448E-4
-37.000         -97.000        -20.000        -2.8662E-4     3.0999E-4      -5.3357E-4
-35.000         -97.000        -20.000        -2.9531E-4     3.0589E-4      -5.4262E-4
-33.000         -97.000        -20.000        -3.0405E-4     3.0122E-4      -5.5183E-4
-31.000         -97.000        -20.000        -3.1279E-4     2.9609E-4      -5.6097E-4
-29.000         -97.000        -20.000        -3.2152E-4     2.9048E-4      -5.7009E-4
-27.000         -97.000        -20.000        -3.3019E-4     2.8435E-4      -5.7928E-4
-25.000         -97.000        -20.000        -3.3879E-4     2.7769E-4      -5.8841E-4
-23.000         -97.000        -20.000        -3.4729E-4     2.7055E-4      -5.9754E-4
-21.000         -97.000        -20.000        -3.5561E-4     2.6280E-4      -6.0661E-4
-19.000         -97.000        -20.000        -3.6377E-4     2.5460E-4      -6.1571E-4
-17.000         -97.000        -20.000        -3.7171E-4     2.4592E-4      -6.2485E-4
-15.000         -97.000        -20.000        -3.7940E-4     2.3679E-4      -6.3382E-4
-13.000         -97.000        -20.000        -3.8686E-4     2.2714E-4      -6.4265E-4
-11.000         -97.000        -20.000        -3.9399E-4     2.1706E-4      -6.5153E-4
-9.0000         -97.000        -20.000        -4.0082E-4     2.0661E-4      -6.6018E-4
-7.0000         -97.000        -20.000        -4.0732E-4     1.9574E-4      -6.6870E-4
-5.0000         -97.000        -20.000        -4.1346E-4     1.8460E-4      -6.7731E-4
-3.0000         -97.000        -20.000        -4.1940E-4     1.7309E-4      -6.8566E-4
-1.0000         -97.000        -20.000        -4.2490E-4     1.6130E-4      -6.9389E-4
1.0000          -97.000        -20.000        -4.3009E-4     1.4917E-4      -7.0196E-4
3.0000          -97.000        -20.000        -4.3500E-4     1.3683E-4      -7.0997E-4
5.0000          -97.000        -20.000        -4.3949E-4     1.2429E-4      -7.1755E-4
7.0000          -97.000        -20.000        -4.4380E-4     1.1148E-4      -7.2520E-4
9.0000          -97.000        -20.000        -4.4777E-4     9.8536E-5      -7.3241E-4
11.000          -97.000        -20.000        -4.5149E-4     8.5290E-5      -7.3943E-4
13.000          -97.000        -20.000        -4.5493E-4     7.1919E-5      -7.4644E-4
15.000          -97.000        -20.000        -4.5809E-4     5.8280E-5      -7.5316E-4
17.000          -97.000        -20.000        -4.6112E-4     4.4415E-5      -7.5976E-4
19.000          -97.000        -20.000        -4.6386E-4     3.0387E-5      -7.6607E-4
21.000          -97.000        -20.000        -4.6637E-4     1.6027E-5      -7.7210E-4
23.000          -97.000        -20.000        -4.6866E-4     1.3554E-6      -7.7812E-4
25.000          -97.000        -20.000        -4.7066E-4     -1.3498E-5     -7.8376E-4
27.000          -97.000        -20.000        -4.7251E-4     -2.8724E-5     -7.8911E-4
29.000          -97.000        -20.000        -4.7397E-4     -4.4402E-5     -7.9444E-4
31.000          -97.000        -20.000        -4.7515E-4     -6.0422E-5     -7.9955E-4
33.000          -97.000        -20.000        -4.7598E-4     -7.6779E-5     -8.0426E-4
35.000          -97.000        -20.000        -4.7629E-4     -9.3564E-5     -8.0868E-4
37.000          -97.000        -20.000        -4.7638E-4     -1.1072E-4     -8.1297E-4
39.000          -97.000        -20.000        -4.7577E-4     -1.2839E-4     -8.1698E-4
41.000          -97.000        -20.000        -4.7464E-4     -1.4646E-4     -8.2063E-4
43.000          -97.000        -20.000        -4.7286E-4     -1.6490E-4     -8.2405E-4
45.000          -97.000        -20.000        -4.7031E-4     -1.8361E-4     -8.2706E-4
47.000          -97.000        -20.000        -4.6714E-4     -2.0256E-4     -8.2973E-4
49.000          -97.000        -20.000        -4.6305E-4     -2.2194E-4     -8.3198E-4
51.000          -97.000        -20.000        -4.5810E-4     -2.4153E-4     -8.3350E-4
53.000          -97.000        -20.000        -4.5224E-4     -2.6122E-4     -8.3556E-4
55.000          -97.000        -20.000        -4.4517E-4     -2.8082E-4     -8.3632E-4
57.000          -97.000        -20.000        -4.3741E-4     -3.0027E-4     -8.3678E-4
59.000          -97.000        -20.000        -4.2840E-4     -3.1982E-4     -8.3688E-4
61.000          -97.000        -20.000        -4.1842E-4     -3.3911E-4     -8.3634E-4
63.000          -97.000        -20.000        -4.0734E-4     -3.5789E-4     -8.3528E-4
65.000          -97.000        -20.000        -3.9511E-4     -3.7621E-4     -8.3308E-4
67.000          -97.000        -20.000        -3.8206E-4     -3.9381E-4     -8.3112E-4
69.000          -97.000        -20.000        -3.6788E-4     -4.1084E-4     -8.2817E-4
71.000          -97.000        -20.000        -3.5283E-4     -4.2710E-4     -8.2462E-4
73.000          -97.000        -20.000        -3.3688E-4     -4.4244E-4     -8.2034E-4
75.000          -97.000        -20.000        -3.1998E-4     -4.5668E-4     -8.1491E-4
77.000          -97.000        -20.000        -3.0262E-4     -4.6968E-4     -8.0973E-4
79.000          -97.000        -20.000        -2.8453E-4     -4.8163E-4     -8.0346E-4
81.000          -97.000        -20.000        -2.6593E-4     -4.9249E-4     -7.9671E-4
83.000          -97.000        -20.000        -2.4691E-4     -5.0201E-4     -7.8923E-4
85.000          -97.000        -20.000        -2.2748E-4     -5.1017E-4     -7.8073E-4
87.000          -97.000        -20.000        -2.0795E-4     -5.1687E-4     -7.7250E-4
89.000          -97.000        -20.000        -1.8832E-4     -5.2223E-4     -7.6303E-4
91.000          -97.000        -20.000        -1.6869E-4     -5.2629E-4     -7.5327E-4
93.000          -97.000        -20.000        -1.4917E-4     -5.2911E-4     -7.4293E-4
95.000          -97.000        -20.000        -1.2986E-4     -5.3053E-4     -7.3230E-4
97.000          -97.000        -20.000        -1.1076E-4     -5.3069E-4     -7.2114E-4
99.000          -97.000        -20.000        -9.2218E-5     -5.2954E-4     -7.0954E-4
-99.000         -95.000        -20.000        -7.2318E-5     3.0903E-4      -2.8572E-4
-97.000         -95.000        -20.000        -7.7556E-5     3.1254E-4      -2.9272E-4
-95.000         -95.000        -20.000        -8.2937E-5     3.1591E-4      -2.9998E-4
-93.000         -95.000        -20.000        -8.8418E-5     3.1910E-4      -3.0735E-4
-91.000         -95.000        -20.000        -9.4075E-5     3.2212E-4      -3.1491E-4
-89.000         -95.000        -20.000        -9.9834E-5     3.2499E-4      -3.2256E-4
-87.000         -95.000        -20.000        -1.0570E-4     3.2768E-4      -3.3045E-4
-85.000         -95.000        -20.000        -1.1167E-4     3.3018E-4      -3.3838E-4
-83.000         -95.000        -20.000        -1.1774E-4     3.3251E-4      -3.4638E-4
-81.000         -95.000        -20.000        -1.2394E-4     3.3468E-4      -3.5478E-4
-79.000         -95.000        -20.000        -1.3020E-4     3.3666E-4      -3.6309E-4
-77.000         -95.000        -20.000        -1.3657E-4     3.3849E-4      -3.7150E-4
-75.000         -95.000        -20.000        -1.4303E-4     3.4012E-4      -3.8005E-4
-73.000         -95.000        -20.000        -1.4956E-4     3.4158E-4      -3.8871E-4
-71.000         -95.000        -20.000        -1.5622E-4     3.4287E-4      -3.9742E-4
-69.000         -95.000        -20.000        -1.6300E-4     3.4402E-4      -4.0639E-4
-67.000         -95.000        -20.000        -1.6986E-4     3.4496E-4      -4.1508E-4
-65.000         -95.000        -20.000        -1.7682E-4     3.4571E-4      -4.2419E-4
-63.000         -95.000        -20.000        -1.8393E-4     3.4628E-4      -4.3318E-4
-61.000         -95.000        -20.000        -1.9117E-4     3.4666E-4      -4.4231E-4
-59.000         -95.000        -20.000        -1.9856E-4     3.4685E-4      -4.5135E-4
-57.000         -95.000        -20.000        -2.0611E-4     3.4681E-4      -4.6068E-4
-55.000         -95.000        -20.000        -2.1381E-4     3.4651E-4      -4.6991E-4
-53.000         -95.000        -20.000        -2.2165E-4     3.4597E-4      -4.7917E-4
-51.000         -95.000        -20.000        -2.2968E-4     3.4515E-4      -4.8849E-4
-49.000         -95.000        -20.000        -2.3791E-4     3.4404E-4      -4.9787E-4
-47.000         -95.000        -20.000        -2.4630E-4     3.4259E-4      -5.0738E-4
-45.000         -95.000        -20.000        -2.5480E-4     3.4078E-4      -5.1668E-4
-43.000         -95.000        -20.000        -2.6353E-4     3.3857E-4      -5.2626E-4
-41.000         -95.000        -20.000        -2.7237E-4     3.3597E-4      -5.3578E-4
-39.000         -95.000        -20.000        -2.8136E-4     3.3293E-4      -5.4537E-4
-37.000         -95.000        -20.000        -2.9049E-4     3.2945E-4      -5.5501E-4
-35.000         -95.000        -20.000        -2.9962E-4     3.2542E-4      -5.6467E-4
-33.000         -95.000        -20.000        -3.0887E-4     3.2088E-4      -5.7437E-4
-31.000         -95.000        -20.000        -3.1811E-4     3.1585E-4      -5.8400E-4
-29.000         -95.000        -20.000        -3.2743E-4     3.1024E-4      -5.9369E-4
-27.000         -95.000        -20.000        -3.3664E-4     3.0408E-4      -6.0352E-4
-25.000         -95.000        -20.000        -3.4578E-4     2.9734E-4      -6.1319E-4
-23.000         -95.000        -20.000        -3.5474E-4     2.9008E-4      -6.2272E-4
-21.000         -95.000        -20.000        -3.6363E-4     2.8221E-4      -6.3252E-4
-19.000         -95.000        -20.000        -3.7234E-4     2.7379E-4      -6.4229E-4
-17.000         -95.000        -20.000        -3.8083E-4     2.6486E-4      -6.5197E-4
-15.000         -95.000        -20.000        -3.8896E-4     2.5538E-4      -6.6158E-4
-13.000         -95.000        -20.000        -3.9680E-4     2.4548E-4      -6.7100E-4
-11.000         -95.000        -20.000        -4.0440E-4     2.3505E-4      -6.8046E-4
-9.0000         -95.000        -20.000        -4.1169E-4     2.2419E-4      -6.8964E-4
-7.0000         -95.000        -20.000        -4.1860E-4     2.1295E-4      -6.9892E-4
-5.0000         -95.000        -20.000        -4.2510E-4     2.0133E-4      -7.0803E-4
-3.0000         -95.000        -20.000        -4.3125E-4     1.8941E-4      -7.1672E-4
-1.0000         -95.000        -20.000        -4.3705E-4     1.7718E-4      -7.2569E-4
1.0000          -95.000        -20.000        -4.4251E-4     1.6464E-4      -7.3429E-4
3.0000          -95.000        -20.000        -4.4765E-4     1.5186E-4      -7.4261E-4
5.0000          -95.000        -20.000        -4.5244E-4     1.3886E-4      -7.5089E-4
7.0000          -95.000        -20.000        -4.5694E-4     1.2569E-4      -7.5895E-4
9.0000          -95.000        -20.000        -4.6108E-4     1.1231E-4      -7.6684E-4
11.000          -95.000        -20.000        -4.6499E-4     9.8692E-5      -7.7453E-4
13.000          -95.000        -20.000        -4.6865E-4     8.4913E-5      -7.8176E-4
15.000          -95.000        -20.000        -4.7205E-4     7.0909E-5      -7.8882E-4
17.000          -95.000        -20.000        -4.7527E-4     5.6674E-5      -7.9597E-4
19.000          -95.000        -20.000        -4.7828E-4     4.2217E-5      -8.0282E-4
21.000          -95.000        -20.000        -4.8106E-4     2.7487E-5      -8.0935E-4
23.000          -95.000        -20.000        -4.8366E-4     1.2454E-5      -8.1553E-4
25.000          -95.000        -20.000        -4.8603E-4     -2.8921E-6     -8.2172E-4
27.000          -95.000        -20.000        -4.8814E-4     -1.8588E-5     -8.2736E-4
29.000          -95.000        -20.000        -4.9003E-4     -3.4709E-5     -8.3319E-4
31.000          -95.000        -20.000        -4.9166E-4     -5.1243E-5     -8.3858E-4
33.000          -95.000        -20.000        -4.9287E-4     -6.8238E-5     -8.4379E-4
35.000          -95.000        -20.000        -4.9376E-4     -8.5679E-5     -8.4875E-4
37.000          -95.000        -20.000        -4.9413E-4     -1.0361E-4     -8.5335E-4
39.000          -95.000        -20.000        -4.9400E-4     -1.2202E-4     -8.5781E-4
41.000          -95.000        -20.000        -4.9330E-4     -1.4098E-4     -8.6174E-4
43.000          -95.000        -20.000        -4.9201E-4     -1.6037E-4     -8.6550E-4
45.000          -95.000        -20.000        -4.8984E-4     -1.8017E-4     -8.6890E-4
47.000          -95.000        -20.000        -4.8691E-4     -2.0036E-4     -8.7186E-4
49.000          -95.000        -20.000        -4.8313E-4     -2.2095E-4     -8.7454E-4
51.000          -95.000        -20.000        -4.7834E-4     -2.4179E-4     -8.7684E-4
53.000          -95.000        -20.000        -4.7258E-4     -2.6281E-4     -8.7856E-4
55.000          -95.000        -20.000        -4.6570E-4     -2.8388E-4     -8.7983E-4
57.000          -95.000        -20.000        -4.5773E-4     -3.0497E-4     -8.8072E-4
59.000          -95.000        -20.000        -4.4846E-4     -3.2589E-4     -8.8071E-4
61.000          -95.000        -20.000        -4.3818E-4     -3.4672E-4     -8.8039E-4
63.000          -95.000        -20.000        -4.2667E-4     -3.6707E-4     -8.7929E-4
65.000          -95.000        -20.000        -4.1400E-4     -3.8690E-4     -8.7758E-4
67.000          -95.000        -20.000        -4.0019E-4     -4.0609E-4     -8.7528E-4
69.000          -95.000        -20.000        -3.8522E-4     -4.2456E-4     -8.7221E-4
71.000          -95.000        -20.000        -3.6916E-4     -4.4223E-4     -8.6848E-4
73.000          -95.000        -20.000        -3.5224E-4     -4.5883E-4     -8.6402E-4
75.000          -95.000        -20.000        -3.3442E-4     -4.7430E-4     -8.5877E-4
77.000          -95.000        -20.000        -3.1582E-4     -4.8859E-4     -8.5281E-4
79.000          -95.000        -20.000        -2.9640E-4     -5.0160E-4     -8.4620E-4
81.000          -95.000        -20.000        -2.7640E-4     -5.1332E-4     -8.3878E-4
83.000          -95.000        -20.000        -2.5596E-4     -5.2360E-4     -8.3069E-4
85.000          -95.000        -20.000        -2.3527E-4     -5.3236E-4     -8.2198E-4
87.000          -95.000        -20.000        -2.1441E-4     -5.3970E-4     -8.1272E-4
89.000          -95.000        -20.000        -1.9334E-4     -5.4555E-4     -8.0254E-4
91.000          -95.000        -20.000        -1.7211E-4     -5.4991E-4     -7.9193E-4
93.000          -95.000        -20.000        -1.5114E-4     -5.5282E-4     -7.8072E-4
95.000          -95.000        -20.000        -1.3065E-4     -5.5423E-4     -7.6920E-4
97.000          -95.000        -20.000        -1.1026E-4     -5.5430E-4     -7.5708E-4
99.000          -95.000        -20.000        -9.0350E-5     -5.5292E-4     -7.4446E-4
-99.000         -93.000        -20.000        -6.8574E-5     3.2098E-4      -2.9293E-4
-97.000         -93.000        -20.000        -7.3953E-5     3.2480E-4      -3.0038E-4
-95.000         -93.000        -20.000        -7.9511E-5     3.2844E-4      -3.0792E-4
-93.000         -93.000        -20.000        -8.5179E-5     3.3197E-4      -3.1572E-4
-91.000         -93.000        -20.000        -9.0969E-5     3.3526E-4      -3.2361E-4
-89.000         -93.000        -20.000        -9.6898E-5     3.3846E-4      -3.3180E-4
-87.000         -93.000        -20.000        -1.0295E-4     3.4142E-4      -3.4011E-4
-85.000         -93.000        -20.000        -1.0910E-4     3.4420E-4      -3.4845E-4
-83.000         -93.000        -20.000        -1.1536E-4     3.4680E-4      -3.5707E-4
-81.000         -93.000        -20.000        -1.2172E-4     3.4928E-4      -3.6584E-4
-79.000         -93.000        -20.000        -1.2814E-4     3.5153E-4      -3.7464E-4
-77.000         -93.000        -20.000        -1.3470E-4     3.5359E-4      -3.8359E-4
-75.000         -93.000        -20.000        -1.4133E-4     3.5549E-4      -3.9262E-4
-73.000         -93.000        -20.000        -1.4807E-4     3.5723E-4      -4.0188E-4
-71.000         -93.000        -20.000        -1.5489E-4     3.5875E-4      -4.1098E-4
-69.000         -93.000        -20.000        -1.6180E-4     3.6020E-4      -4.2047E-4
-67.000         -93.000        -20.000        -1.6885E-4     3.6142E-4      -4.2988E-4
-65.000         -93.000        -20.000        -1.7601E-4     3.6244E-4      -4.3936E-4
-63.000         -93.000        -20.000        -1.8331E-4     3.6330E-4      -4.4887E-4
-61.000         -93.000        -20.000        -1.9075E-4     3.6398E-4      -4.5846E-4
-59.000         -93.000        -20.000        -1.9833E-4     3.6449E-4      -4.6817E-4
-57.000         -93.000        -20.000        -2.0611E-4     3.6474E-4      -4.7784E-4
-55.000         -93.000        -20.000        -2.1404E-4     3.6474E-4      -4.8763E-4
-53.000         -93.000        -20.000        -2.2218E-4     3.6453E-4      -4.9742E-4
-51.000         -93.000        -20.000        -2.3049E-4     3.6404E-4      -5.0712E-4
-49.000         -93.000        -20.000        -2.3900E-4     3.6326E-4      -5.1720E-4
-47.000         -93.000        -20.000        -2.4774E-4     3.6211E-4      -5.2709E-4
-45.000         -93.000        -20.000        -2.5667E-4     3.6060E-4      -5.3705E-4
-43.000         -93.000        -20.000        -2.6579E-4     3.5867E-4      -5.4720E-4
-41.000         -93.000        -20.000        -2.7506E-4     3.5639E-4      -5.5711E-4
-39.000         -93.000        -20.000        -2.8448E-4     3.5355E-4      -5.6750E-4
-37.000         -93.000        -20.000        -2.9409E-4     3.5026E-4      -5.7765E-4
-35.000         -93.000        -20.000        -3.0382E-4     3.4639E-4      -5.8766E-4
-33.000         -93.000        -20.000        -3.1361E-4     3.4200E-4      -5.9815E-4
-31.000         -93.000        -20.000        -3.2347E-4     3.3708E-4      -6.0850E-4
-29.000         -93.000        -20.000        -3.3327E-4     3.3151E-4      -6.1868E-4
-27.000         -93.000        -20.000        -3.4308E-4     3.2533E-4      -6.2915E-4
-25.000         -93.000        -20.000        -3.5281E-4     3.1852E-4      -6.3934E-4
-23.000         -93.000        -20.000        -3.6245E-4     3.1113E-4      -6.4973E-4
-21.000         -93.000        -20.000        -3.7192E-4     3.0312E-4      -6.6004E-4
-19.000         -93.000        -20.000        -3.8112E-4     2.9450E-4      -6.7046E-4
-17.000         -93.000        -20.000        -3.9011E-4     2.8530E-4      -6.8071E-4
-15.000         -93.000        -20.000        -3.9882E-4     2.7551E-4      -6.9093E-4
-13.000         -93.000        -20.000        -4.0722E-4     2.6528E-4      -7.0111E-4
-11.000         -93.000        -20.000        -4.1529E-4     2.5449E-4      -7.1113E-4
-9.0000         -93.000        -20.000        -4.2291E-4     2.4323E-4      -7.2102E-4
-7.0000         -93.000        -20.000        -4.3019E-4     2.3156E-4      -7.3087E-4
-5.0000         -93.000        -20.000        -4.3710E-4     2.1948E-4      -7.4052E-4
-3.0000         -93.000        -20.000        -4.4360E-4     2.0707E-4      -7.5013E-4
-1.0000         -93.000        -20.000        -4.4973E-4     1.9444E-4      -7.5954E-4
1.0000          -93.000        -20.000        -4.5539E-4     1.8142E-4      -7.6854E-4
3.0000          -93.000        -20.000        -4.6075E-4     1.6820E-4      -7.7745E-4
5.0000          -93.000        -20.000        -4.6573E-4     1.5478E-4      -7.8643E-4
7.0000          -93.000        -20.000        -4.7041E-4     1.4119E-4      -7.9505E-4
9.0000          -93.000        -20.000        -4.7477E-4     1.2741E-4      -8.0349E-4
11.000          -93.000        -20.000        -4.7887E-4     1.1332E-4      -8.1137E-4
13.000          -93.000        -20.000        -4.8271E-4     9.9259E-5      -8.1944E-4
15.000          -93.000        -20.000        -4.8636E-4     8.4817E-5      -8.2700E-4
17.000          -93.000        -20.000        -4.8979E-4     7.0264E-5      -8.3441E-4
19.000          -93.000        -20.000        -4.9304E-4     5.5526E-5      -8.4181E-4
21.000          -93.000        -20.000        -4.9611E-4     4.0340E-5      -8.4874E-4
23.000          -93.000        -20.000        -4.9902E-4     2.4926E-5      -8.5541E-4
25.000          -93.000        -20.000        -5.0176E-4     9.2109E-6      -8.6209E-4
27.000          -93.000        -20.000        -5.0430E-4     -6.9704E-6     -8.6830E-4
29.000          -93.000        -20.000        -5.0666E-4     -2.3477E-5     -8.7455E-4
31.000          -93.000        -20.000        -5.0867E-4     -4.0552E-5     -8.8021E-4
33.000          -93.000        -20.000        -5.1038E-4     -5.8117E-5     -8.8588E-4
35.000          -93.000        -20.000        -5.1178E-4     -7.6266E-5     -8.9094E-4
37.000          -93.000        -20.000        -5.1273E-4     -9.4894E-5     -8.9627E-4
39.000          -93.000        -20.000        -5.1317E-4     -1.1410E-4     -9.0089E-4
41.000          -93.000        -20.000        -5.1297E-4     -1.3406E-4     -9.0546E-4
43.000          -93.000        -20.000        -5.1210E-4     -1.5445E-4     -9.0958E-4
45.000          -93.000        -20.000        -5.1047E-4     -1.7537E-4     -9.1346E-4
47.000          -93.000        -20.000        -5.0797E-4     -1.9682E-4     -9.1699E-4
49.000          -93.000        -20.000        -5.0455E-4     -2.1865E-4     -9.1996E-4
51.000          -93.000        -20.000        -5.0006E-4     -2.4085E-4     -9.2271E-4
53.000          -93.000        -20.000        -4.9440E-4     -2.6344E-4     -9.2463E-4
55.000          -93.000        -20.000        -4.8757E-4     -2.8606E-4     -9.2605E-4
57.000          -93.000        -20.000        -4.7954E-4     -3.0862E-4     -9.2733E-4
59.000          -93.000        -20.000        -4.7026E-4     -3.3136E-4     -9.2778E-4
61.000          -93.000        -20.000        -4.5963E-4     -3.5393E-4     -9.2734E-4
63.000          -93.000        -20.000        -4.4762E-4     -3.7589E-4     -9.2656E-4
65.000          -93.000        -20.000        -4.3436E-4     -3.9739E-4     -9.2486E-4
67.000          -93.000        -20.000        -4.1983E-4     -4.1820E-4     -9.2276E-4
69.000          -93.000        -20.000        -4.0409E-4     -4.3837E-4     -9.1952E-4
71.000          -93.000        -20.000        -3.8719E-4     -4.5756E-4     -9.1570E-4
73.000          -93.000        -20.000        -3.6907E-4     -4.7560E-4     -9.1095E-4
75.000          -93.000        -20.000        -3.4998E-4     -4.9252E-4     -9.0521E-4
77.000          -93.000        -20.000        -3.3003E-4     -5.0807E-4     -8.9905E-4
79.000          -93.000        -20.000        -3.0932E-4     -5.2224E-4     -8.9220E-4
81.000          -93.000        -20.000        -2.8797E-4     -5.3502E-4     -8.8403E-4
83.000          -93.000        -20.000        -2.6604E-4     -5.4612E-4     -8.7536E-4
85.000          -93.000        -20.000        -2.4371E-4     -5.5564E-4     -8.6589E-4
87.000          -93.000        -20.000        -2.2114E-4     -5.6362E-4     -8.5559E-4
89.000          -93.000        -20.000        -1.9850E-4     -5.6991E-4     -8.4466E-4
91.000          -93.000        -20.000        -1.7586E-4     -5.7455E-4     -8.3331E-4
93.000          -93.000        -20.000        -1.5346E-4     -5.7765E-4     -8.2128E-4
95.000          -93.000        -20.000        -1.3128E-4     -5.7907E-4     -8.0856E-4
97.000          -93.000        -20.000        -1.0950E-4     -5.7902E-4     -7.9551E-4
99.000          -93.000        -20.000        -8.8261E-5     -5.7747E-4     -7.8191E-4
-99.000         -91.000        -20.000        -6.4505E-5     3.3355E-4      -3.0041E-4
-97.000         -91.000        -20.000        -7.0012E-5     3.3774E-4      -3.0832E-4
-95.000         -91.000        -20.000        -7.5754E-5     3.4174E-4      -3.1633E-4
-93.000         -91.000        -20.000        -8.1563E-5     3.4552E-4      -3.2448E-4
-91.000         -91.000        -20.000        -8.7578E-5     3.4923E-4      -3.3300E-4
-89.000         -91.000        -20.000        -9.3689E-5     3.5268E-4      -3.4153E-4
-87.000         -91.000        -20.000        -9.9913E-5     3.5598E-4      -3.5037E-4
-85.000         -91.000        -20.000        -1.0627E-4     3.5908E-4      -3.5926E-4
-83.000         -91.000        -20.000        -1.1271E-4     3.6198E-4      -3.6832E-4
-81.000         -91.000        -20.000        -1.1924E-4     3.6469E-4      -3.7753E-4
-79.000         -91.000        -20.000        -1.2585E-4     3.6723E-4      -3.8691E-4
-77.000         -91.000        -20.000        -1.3256E-4     3.6960E-4      -3.9637E-4
-75.000         -91.000        -20.000        -1.3939E-4     3.7178E-4      -4.0598E-4
-73.000         -91.000        -20.000        -1.4626E-4     3.7380E-4      -4.1570E-4
-71.000         -91.000        -20.000        -1.5325E-4     3.7565E-4      -4.2545E-4
-69.000         -91.000        -20.000        -1.6035E-4     3.7736E-4      -4.3547E-4
-67.000         -91.000        -20.000        -1.6756E-4     3.7888E-4      -4.4541E-4
-65.000         -91.000        -20.000        -1.7490E-4     3.8024E-4      -4.5538E-4
-63.000         -91.000        -20.000        -1.8238E-4     3.8142E-4      -4.6548E-4
-61.000         -91.000        -20.000        -1.9000E-4     3.8244E-4      -4.7571E-4
-59.000         -91.000        -20.000        -1.9781E-4     3.8327E-4      -4.8597E-4
-57.000         -91.000        -20.000        -2.0576E-4     3.8389E-4      -4.9622E-4
-55.000         -91.000        -20.000        -2.1396E-4     3.8428E-4      -5.0658E-4
-53.000         -91.000        -20.000        -2.2235E-4     3.8441E-4      -5.1694E-4
-51.000         -91.000        -20.000        -2.3098E-4     3.8431E-4      -5.2743E-4
-49.000         -91.000        -20.000        -2.3981E-4     3.8389E-4      -5.3788E-4
-47.000         -91.000        -20.000        -2.4885E-4     3.8310E-4      -5.4840E-4
-45.000         -91.000        -20.000        -2.5821E-4     3.8197E-4      -5.5892E-4
-43.000         -91.000        -20.000        -2.6775E-4     3.8037E-4      -5.6961E-4
-41.000         -91.000        -20.000        -2.7750E-4     3.7837E-4      -5.8026E-4
-39.000         -91.000        -20.000        -2.8743E-4     3.7585E-4      -5.9108E-4
-37.000         -91.000        -20.000        -2.9753E-4     3.7281E-4      -6.0176E-4
-35.000         -91.000        -20.000        -3.0784E-4     3.6920E-4      -6.1259E-4
-33.000         -91.000        -20.000        -3.1824E-4     3.6502E-4      -6.2349E-4
-31.000         -91.000        -20.000        -3.2867E-4     3.6017E-4      -6.3453E-4
-29.000         -91.000        -20.000        -3.3910E-4     3.5465E-4      -6.4537E-4
-27.000         -91.000        -20.000        -3.4957E-4     3.4849E-4      -6.5652E-4
-25.000         -91.000        -20.000        -3.5993E-4     3.4171E-4      -6.6745E-4
-23.000         -91.000        -20.000        -3.7022E-4     3.3415E-4      -6.7850E-4
-21.000         -91.000        -20.000        -3.8031E-4     3.2599E-4      -6.8953E-4
-19.000         -91.000        -20.000        -3.9015E-4     3.1717E-4      -7.0047E-4
-17.000         -91.000        -20.000        -3.9973E-4     3.0771E-4      -7.1116E-4
-15.000         -91.000        -20.000        -4.0901E-4     2.9764E-4      -7.2243E-4
-13.000         -91.000        -20.000        -4.1798E-4     2.8702E-4      -7.3315E-4
-11.000         -91.000        -20.000        -4.2649E-4     2.7577E-4      -7.4377E-4
-9.0000         -91.000        -20.000        -4.3460E-4     2.6411E-4      -7.5462E-4
-7.0000         -91.000        -20.000        -4.4231E-4     2.5198E-4      -7.6506E-4
-5.0000         -91.000        -20.000        -4.4954E-4     2.3945E-4      -7.7540E-4
-3.0000         -91.000        -20.000        -4.5640E-4     2.2658E-4      -7.8566E-4
-1.0000         -91.000        -20.000        -4.6275E-4     2.1332E-4      -7.9566E-4
1.0000          -91.000        -20.000        -4.6875E-4     1.9988E-4      -8.0541E-4
3.0000          -91.000        -20.000        -4.7429E-4     1.8622E-4      -8.1509E-4
5.0000          -91.000        -20.000        -4.7943E-4     1.7234E-4      -8.2451E-4
7.0000          -91.000        -20.000        -4.8432E-4     1.5824E-4      -8.3371E-4
9.0000          -91.000        -20.000        -4.8890E-4     1.4405E-4      -8.4257E-4
11.000          -91.000        -20.000        -4.9316E-4     1.2970E-4      -8.5132E-4
13.000          -91.000        -20.000        -4.9721E-4     1.1512E-4      -8.5977E-4
15.000          -91.000        -20.000        -5.0095E-4     1.0047E-4      -8.6789E-4
17.000          -91.000        -20.000        -5.0464E-4     8.5536E-5      -8.7580E-4
19.000          -91.000        -20.000        -5.0815E-4     7.0408E-5      -8.8355E-4
21.000          -91.000        -20.000        -5.1152E-4     5.4974E-5      -8.9088E-4
23.000          -91.000        -20.000        -5.1475E-4     3.9266E-5      -8.9801E-4
25.000          -91.000        -20.000        -5.1783E-4     2.3187E-5      -9.0529E-4
27.000          -91.000        -20.000        -5.2088E-4     6.6723E-6      -9.1180E-4
29.000          -91.000        -20.000        -5.2364E-4     -1.0365E-5     -9.1840E-4
31.000          -91.000        -20.000        -5.2622E-4     -2.7887E-5     -9.2481E-4
33.000          -91.000        -20.000        -5.2853E-4     -4.6009E-5     -9.3083E-4
35.000          -91.000        -20.000        -5.3044E-4     -6.4713E-5     -9.3644E-4
37.000          -91.000        -20.000        -5.3213E-4     -8.4133E-5     -9.4223E-4
39.000          -91.000        -20.000        -5.3316E-4     -1.0426E-4     -9.4755E-4
41.000          -91.000        -20.000        -5.3363E-4     -1.2503E-4     -9.5257E-4
43.000          -91.000        -20.000        -5.3329E-4     -1.4648E-4     -9.5685E-4
45.000          -91.000        -20.000        -5.3220E-4     -1.6858E-4     -9.6142E-4
47.000          -91.000        -20.000        -5.3036E-4     -1.9123E-4     -9.6516E-4
49.000          -91.000        -20.000        -5.2729E-4     -2.1459E-4     -9.6886E-4
51.000          -91.000        -20.000        -5.2315E-4     -2.3836E-4     -9.7188E-4
53.000          -91.000        -20.000        -5.1781E-4     -2.6252E-4     -9.7432E-4
55.000          -91.000        -20.000        -5.1112E-4     -2.8685E-4     -9.7633E-4
57.000          -91.000        -20.000        -5.0316E-4     -3.1133E-4     -9.7767E-4
59.000          -91.000        -20.000        -4.9372E-4     -3.3581E-4     -9.7814E-4
61.000          -91.000        -20.000        -4.8276E-4     -3.6012E-4     -9.7830E-4
63.000          -91.000        -20.000        -4.7049E-4     -3.8421E-4     -9.7777E-4
65.000          -91.000        -20.000        -4.5654E-4     -4.0757E-4     -9.7613E-4
67.000          -91.000        -20.000        -4.4127E-4     -4.3034E-4     -9.7381E-4
69.000          -91.000        -20.000        -4.2458E-4     -4.5219E-4     -9.7046E-4
71.000          -91.000        -20.000        -4.0663E-4     -4.7313E-4     -9.6677E-4
73.000          -91.000        -20.000        -3.8745E-4     -4.9288E-4     -9.6165E-4
75.000          -91.000        -20.000        -3.6695E-4     -5.1134E-4     -9.5592E-4
77.000          -91.000        -20.000        -3.4554E-4     -5.2838E-4     -9.4908E-4
79.000          -91.000        -20.000        -3.2333E-4     -5.4381E-4     -9.4145E-4
81.000          -91.000        -20.000        -3.0040E-4     -5.5763E-4     -9.3281E-4
83.000          -91.000        -20.000        -2.7693E-4     -5.6984E-4     -9.2370E-4
85.000          -91.000        -20.000        -2.5277E-4     -5.8028E-4     -9.1309E-4
87.000          -91.000        -20.000        -2.2850E-4     -5.8877E-4     -9.0235E-4
89.000          -91.000        -20.000        -2.0415E-4     -5.9561E-4     -8.9059E-4
91.000          -91.000        -20.000        -1.7987E-4     -6.0062E-4     -8.7811E-4
93.000          -91.000        -20.000        -1.5569E-4     -6.0380E-4     -8.6486E-4
95.000          -91.000        -20.000        -1.3195E-4     -6.0531E-4     -8.5106E-4
97.000          -91.000        -20.000        -1.0859E-4     -6.0519E-4     -8.3693E-4
99.000          -91.000        -20.000        -8.5973E-5     -6.0345E-4     -8.2200E-4
-99.000         -89.000        -20.000        -6.0047E-5     3.4678E-4      -3.0824E-4
-97.000         -89.000        -20.000        -6.5747E-5     3.5135E-4      -3.1650E-4
-95.000         -89.000        -20.000        -7.1652E-5     3.5575E-4      -3.2499E-4
-93.000         -89.000        -20.000        -7.7715E-5     3.5987E-4      -3.3379E-4
-91.000         -89.000        -20.000        -8.3850E-5     3.6393E-4      -3.4262E-4
-89.000         -89.000        -20.000        -9.0142E-5     3.6773E-4      -3.5181E-4
-87.000         -89.000        -20.000        -9.6572E-5     3.7137E-4      -3.6104E-4
-85.000         -89.000        -20.000        -1.0310E-4     3.7477E-4      -3.7049E-4
-83.000         -89.000        -20.000        -1.0973E-4     3.7798E-4      -3.8004E-4
-81.000         -89.000        -20.000        -1.1646E-4     3.8104E-4      -3.8994E-4
-79.000         -89.000        -20.000        -1.2325E-4     3.8387E-4      -3.9978E-4
-77.000         -89.000        -20.000        -1.3016E-4     3.8656E-4      -4.0989E-4
-75.000         -89.000        -20.000        -1.3714E-4     3.8903E-4      -4.1998E-4
-73.000         -89.000        -20.000        -1.4416E-4     3.9136E-4      -4.3029E-4
-71.000         -89.000        -20.000        -1.5133E-4     3.9354E-4      -4.4075E-4
-69.000         -89.000        -20.000        -1.5859E-4     3.9555E-4      -4.5127E-4
-67.000         -89.000        -20.000        -1.6596E-4     3.9741E-4      -4.6184E-4
-65.000         -89.000        -20.000        -1.7348E-4     3.9910E-4      -4.7232E-4
-63.000         -89.000        -20.000        -1.8107E-4     4.0064E-4      -4.8318E-4
-61.000         -89.000        -20.000        -1.8889E-4     4.0204E-4      -4.9396E-4
-59.000         -89.000        -20.000        -1.9687E-4     4.0324E-4      -5.0473E-4
-57.000         -89.000        -20.000        -2.0508E-4     4.0429E-4      -5.1566E-4
-55.000         -89.000        -20.000        -2.1350E-4     4.0506E-4      -5.2653E-4
-53.000         -89.000        -20.000        -2.2212E-4     4.0563E-4      -5.3742E-4
-51.000         -89.000        -20.000        -2.3100E-4     4.0594E-4      -5.4853E-4
-49.000         -89.000        -20.000        -2.4021E-4     4.0595E-4      -5.5965E-4
-47.000         -89.000        -20.000        -2.4964E-4     4.0562E-4      -5.7070E-4
-45.000         -89.000        -20.000        -2.5936E-4     4.0487E-4      -5.8194E-4
-43.000         -89.000        -20.000        -2.6928E-4     4.0371E-4      -5.9321E-4
-41.000         -89.000        -20.000        -2.7956E-4     4.0208E-4      -6.0456E-4
-39.000         -89.000        -20.000        -2.9005E-4     3.9992E-4      -6.1585E-4
-37.000         -89.000        -20.000        -3.0076E-4     3.9720E-4      -6.2707E-4
-35.000         -89.000        -20.000        -3.1163E-4     3.9383E-4      -6.3868E-4
-33.000         -89.000        -20.000        -3.2257E-4     3.8988E-4      -6.5014E-4
-31.000         -89.000        -20.000        -3.3371E-4     3.8519E-4      -6.6185E-4
-29.000         -89.000        -20.000        -3.4491E-4     3.7982E-4      -6.7359E-4
-27.000         -89.000        -20.000        -3.5613E-4     3.7374E-4      -6.8541E-4
-25.000         -89.000        -20.000        -3.6718E-4     3.6687E-4      -6.9687E-4
-23.000         -89.000        -20.000        -3.7807E-4     3.5927E-4      -7.0882E-4
-21.000         -89.000        -20.000        -3.8886E-4     3.5095E-4      -7.2048E-4
-19.000         -89.000        -20.000        -3.9946E-4     3.4190E-4      -7.3226E-4
-17.000         -89.000        -20.000        -4.0977E-4     3.3217E-4      -7.4421E-4
-15.000         -89.000        -20.000        -4.1959E-4     3.2171E-4      -7.5565E-4
-13.000         -89.000        -20.000        -4.2904E-4     3.1072E-4      -7.6729E-4
-11.000         -89.000        -20.000        -4.3812E-4     2.9904E-4      -7.7882E-4
-9.0000         -89.000        -20.000        -4.4678E-4     2.8689E-4      -7.9020E-4
-7.0000         -89.000        -20.000        -4.5492E-4     2.7424E-4      -8.0137E-4
-5.0000         -89.000        -20.000        -4.6255E-4     2.6120E-4      -8.1233E-4
-3.0000         -89.000        -20.000        -4.6968E-4     2.4781E-4      -8.2326E-4
-1.0000         -89.000        -20.000        -4.7635E-4     2.3412E-4      -8.3422E-4
1.0000          -89.000        -20.000        -4.8257E-4     2.2009E-4      -8.4454E-4
3.0000          -89.000        -20.000        -4.8833E-4     2.0592E-4      -8.5503E-4
5.0000          -89.000        -20.000        -4.9371E-4     1.9157E-4      -8.6503E-4
7.0000          -89.000        -20.000        -4.9866E-4     1.7708E-4      -8.7467E-4
9.0000          -89.000        -20.000        -5.0337E-4     1.6243E-4      -8.8429E-4
11.000          -89.000        -20.000        -5.0777E-4     1.4772E-4      -8.9358E-4
13.000          -89.000        -20.000        -5.1195E-4     1.3277E-4      -9.0242E-4
15.000          -89.000        -20.000        -5.1597E-4     1.1778E-4      -9.1135E-4
17.000          -89.000        -20.000        -5.1979E-4     1.0257E-4      -9.1971E-4
19.000          -89.000        -20.000        -5.2354E-4     8.7203E-5      -9.2807E-4
21.000          -89.000        -20.000        -5.2723E-4     7.1486E-5      -9.3605E-4
23.000          -89.000        -20.000        -5.3082E-4     5.5464E-5      -9.4362E-4
25.000          -89.000        -20.000        -5.3435E-4     3.9144E-5      -9.5096E-4
27.000          -89.000        -20.000        -5.3776E-4     2.2261E-5      -9.5832E-4
29.000          -89.000        -20.000        -5.4110E-4     4.9313E-6      -9.6550E-4
31.000          -89.000        -20.000        -5.4429E-4     -1.3082E-5     -9.7210E-4
33.000          -89.000        -20.000        -5.4729E-4     -3.1688E-5     -9.7896E-4
35.000          -89.000        -20.000        -5.4993E-4     -5.1031E-5     -9.8489E-4
37.000          -89.000        -20.000        -5.5216E-4     -7.1165E-5     -9.9110E-4
39.000          -89.000        -20.000        -5.5399E-4     -9.2067E-5     -9.9671E-4
41.000          -89.000        -20.000        -5.5521E-4     -1.1384E-4     -0.0010025
43.000          -89.000        -20.000        -5.5580E-4     -1.3636E-4     -0.0010078
45.000          -89.000        -20.000        -5.5533E-4     -1.5971E-4     -0.0010124
47.000          -89.000        -20.000        -5.5399E-4     -1.8376E-4     -0.0010169
49.000          -89.000        -20.000        -5.5160E-4     -2.0862E-4     -0.0010211
51.000          -89.000        -20.000        -5.4798E-4     -2.3404E-4     -0.0010246
53.000          -89.000        -20.000        -5.4308E-4     -2.5989E-4     -0.0010274
55.000          -89.000        -20.000        -5.3656E-4     -2.8615E-4     -0.0010297
57.000          -89.000        -20.000        -5.2869E-4     -3.1256E-4     -0.0010317
59.000          -89.000        -20.000        -5.1914E-4     -3.3916E-4     -0.0010328
61.000          -89.000        -20.000        -5.0797E-4     -3.6548E-4     -0.0010328
63.000          -89.000        -20.000        -4.9517E-4     -3.9164E-4     -0.0010326
65.000          -89.000        -20.000        -4.8062E-4     -4.1719E-4     -0.0010310
67.000          -89.000        -20.000        -4.6475E-4     -4.4199E-4     -0.0010289
69.000          -89.000        -20.000        -4.4706E-4     -4.6597E-4     -0.0010257
71.000          -89.000        -20.000        -4.2784E-4     -4.8887E-4     -0.0010216
73.000          -89.000        -20.000        -4.0734E-4     -5.1050E-4     -0.0010164
75.000          -89.000        -20.000        -3.8560E-4     -5.3069E-4     -0.0010104
77.000          -89.000        -20.000        -3.6279E-4     -5.4930E-4     -0.0010032
79.000          -89.000        -20.000        -3.3876E-4     -5.6620E-4     -9.9500E-4
81.000          -89.000        -20.000        -3.1394E-4     -5.8138E-4     -9.8569E-4
83.000          -89.000        -20.000        -2.8851E-4     -5.9471E-4     -9.7593E-4
85.000          -89.000        -20.000        -2.6271E-4     -6.0603E-4     -9.6457E-4
87.000          -89.000        -20.000        -2.3674E-4     -6.1536E-4     -9.5270E-4
89.000          -89.000        -20.000        -2.1043E-4     -6.2269E-4     -9.4010E-4
91.000          -89.000        -20.000        -1.8411E-4     -6.2802E-4     -9.2649E-4
93.000          -89.000        -20.000        -1.5823E-4     -6.3134E-4     -9.1188E-4
95.000          -89.000        -20.000        -1.3263E-4     -6.3300E-4     -8.9693E-4
97.000          -89.000        -20.000        -1.0754E-4     -6.3271E-4     -8.8150E-4
99.000          -89.000        -20.000        -8.3090E-5     -6.3070E-4     -8.6477E-4
-99.000         -87.000        -20.000        -5.5193E-5     3.6073E-4      -3.1642E-4
-97.000         -87.000        -20.000        -6.1104E-5     3.6568E-4      -3.2505E-4
-95.000         -87.000        -20.000        -6.7156E-5     3.7052E-4      -3.3417E-4
-93.000         -87.000        -20.000        -7.3384E-5     3.7507E-4      -3.4330E-4
-91.000         -87.000        -20.000        -7.9782E-5     3.7943E-4      -3.5274E-4
-89.000         -87.000        -20.000        -8.6252E-5     3.8364E-4      -3.6240E-4
-87.000         -87.000        -20.000        -9.2875E-5     3.8759E-4      -3.7220E-4
-85.000         -87.000        -20.000        -9.9608E-5     3.9137E-4      -3.8229E-4
-83.000         -87.000        -20.000        -1.0645E-4     3.9490E-4      -3.9248E-4
-81.000         -87.000        -20.000        -1.1334E-4     3.9829E-4      -4.0284E-4
-79.000         -87.000        -20.000        -1.2033E-4     4.0143E-4      -4.1341E-4
-77.000         -87.000        -20.000        -1.2741E-4     4.0443E-4      -4.2409E-4
-75.000         -87.000        -20.000        -1.3455E-4     4.0724E-4      -4.3482E-4
-73.000         -87.000        -20.000        -1.4177E-4     4.0992E-4      -4.4590E-4
-71.000         -87.000        -20.000        -1.4908E-4     4.1242E-4      -4.5702E-4
-69.000         -87.000        -20.000        -1.5649E-4     4.1469E-4      -4.6794E-4
-67.000         -87.000        -20.000        -1.6398E-4     4.1699E-4      -4.7919E-4
-65.000         -87.000        -20.000        -1.7165E-4     4.1904E-4      -4.9039E-4
-63.000         -87.000        -20.000        -1.7942E-4     4.2097E-4      -5.0181E-4
-61.000         -87.000        -20.000        -1.8739E-4     4.2280E-4      -5.1322E-4
-59.000         -87.000        -20.000        -1.9554E-4     4.2438E-4      -5.2469E-4
-57.000         -87.000        -20.000        -2.0394E-4     4.2585E-4      -5.3623E-4
-55.000         -87.000        -20.000        -2.1257E-4     4.2712E-4      -5.4787E-4
-53.000         -87.000        -20.000        -2.2143E-4     4.2824E-4      -5.5938E-4
-51.000         -87.000        -20.000        -2.3064E-4     4.2899E-4      -5.7101E-4
-49.000         -87.000        -20.000        -2.4012E-4     4.2944E-4      -5.8283E-4
-47.000         -87.000        -20.000        -2.4994E-4     4.2960E-4      -5.9460E-4
-45.000         -87.000        -20.000        -2.6006E-4     4.2937E-4      -6.0639E-4
-43.000         -87.000        -20.000        -2.7049E-4     4.2868E-4      -6.1821E-4
-41.000         -87.000        -20.000        -2.8123E-4     4.2752E-4      -6.3019E-4
-39.000         -87.000        -20.000        -2.9228E-4     4.2571E-4      -6.4226E-4
-37.000         -87.000        -20.000        -3.0359E-4     4.2337E-4      -6.5439E-4
-35.000         -87.000        -20.000        -3.1514E-4     4.2036E-4      -6.6653E-4
-33.000         -87.000        -20.000        -3.2684E-4     4.1670E-4      -6.7872E-4
-31.000         -87.000        -20.000        -3.3867E-4     4.1229E-4      -6.9116E-4
-29.000         -87.000        -20.000        -3.5060E-4     4.0703E-4      -7.0346E-4
-27.000         -87.000        -20.000        -3.6251E-4     4.0097E-4      -7.1588E-4
-25.000         -87.000        -20.000        -3.7435E-4     3.9413E-4      -7.2850E-4
-23.000         -87.000        -20.000        -3.8617E-4     3.8646E-4      -7.4111E-4
-21.000         -87.000        -20.000        -3.9769E-4     3.7801E-4      -7.5341E-4
-19.000         -87.000        -20.000        -4.0898E-4     3.6887E-4      -7.6607E-4
-17.000         -87.000        -20.000        -4.1991E-4     3.5866E-4      -7.7866E-4
-15.000         -87.000        -20.000        -4.3050E-4     3.4784E-4      -7.9127E-4
-13.000         -87.000        -20.000        -4.4062E-4     3.3645E-4      -8.0356E-4
-11.000         -87.000        -20.000        -4.5030E-4     3.2425E-4      -8.1594E-4
-9.0000         -87.000        -20.000        -4.5945E-4     3.1174E-4      -8.2808E-4
-7.0000         -87.000        -20.000        -4.6800E-4     2.9855E-4      -8.4021E-4
-5.0000         -87.000        -20.000        -4.7605E-4     2.8488E-4      -8.5199E-4
-3.0000         -87.000        -20.000        -4.8354E-4     2.7093E-4      -8.6386E-4
-1.0000         -87.000        -20.000        -4.9050E-4     2.5657E-4      -8.7552E-4
1.0000          -87.000        -20.000        -4.9696E-4     2.4215E-4      -8.8644E-4
3.0000          -87.000        -20.000        -5.0285E-4     2.2742E-4      -8.9748E-4
5.0000          -87.000        -20.000        -5.0838E-4     2.1255E-4      -9.0810E-4
7.0000          -87.000        -20.000        -5.1348E-4     1.9763E-4      -9.1864E-4
9.0000          -87.000        -20.000        -5.1825E-4     1.8250E-4      -9.2888E-4
11.000          -87.000        -20.000        -5.2280E-4     1.6742E-4      -9.3873E-4
13.000          -87.000        -20.000        -5.2706E-4     1.5223E-4      -9.4824E-4
15.000          -87.000        -20.000        -5.3119E-4     1.3690E-4      -9.5750E-4
17.000          -87.000        -20.000        -5.3523E-4     1.2144E-4      -9.6670E-4
19.000          -87.000        -20.000        -5.3918E-4     1.0586E-4      -9.7540E-4
21.000          -87.000        -20.000        -5.4312E-4     8.9891E-5      -9.8390E-4
23.000          -87.000        -20.000        -5.4709E-4     7.3775E-5      -9.9217E-4
25.000          -87.000        -20.000        -5.5106E-4     5.7122E-5      -0.0010002
27.000          -87.000        -20.000        -5.5502E-4     4.0026E-5      -0.0010081
29.000          -87.000        -20.000        -5.5893E-4     2.2369E-5      -0.0010155
31.000          -87.000        -20.000        -5.6278E-4     4.1247E-6      -0.0010228
33.000          -87.000        -20.000        -5.6647E-4     -1.5088E-5     -0.0010300
35.000          -87.000        -20.000        -5.6995E-4     -3.4991E-5     -0.0010368
37.000          -87.000        -20.000        -5.7306E-4     -5.5795E-5     -0.0010434
39.000          -87.000        -20.000        -5.7582E-4     -7.7539E-5     -0.0010500
41.000          -87.000        -20.000        -5.7788E-4     -9.9984E-5     -0.0010559
43.000          -87.000        -20.000        -5.7925E-4     -1.2376E-4     -0.0010618
45.000          -87.000        -20.000        -5.7974E-4     -1.4857E-4     -0.0010673
47.000          -87.000        -20.000        -5.7925E-4     -1.7412E-4     -0.0010724
49.000          -87.000        -20.000        -5.7757E-4     -2.0064E-4     -0.0010770
51.000          -87.000        -20.000        -5.7460E-4     -2.2752E-4     -0.0010810
53.000          -87.000        -20.000        -5.7001E-4     -2.5536E-4     -0.0010845
55.000          -87.000        -20.000        -5.6394E-4     -2.8377E-4     -0.0010876
57.000          -87.000        -20.000        -5.5619E-4     -3.1242E-4     -0.0010897
59.000          -87.000        -20.000        -5.4675E-4     -3.4138E-4     -0.0010912
61.000          -87.000        -20.000        -5.3541E-4     -3.6966E-4     -0.0010919
63.000          -87.000        -20.000        -5.2215E-4     -3.9818E-4     -0.0010915
65.000          -87.000        -20.000        -5.0704E-4     -4.2615E-4     -0.0010904
67.000          -87.000        -20.000        -4.9022E-4     -4.5328E-4     -0.0010881
69.000          -87.000        -20.000        -4.7165E-4     -4.7965E-4     -0.0010853
71.000          -87.000        -20.000        -4.5129E-4     -5.0440E-4     -0.0010808
73.000          -87.000        -20.000        -4.2927E-4     -5.2818E-4     -0.0010755
75.000          -87.000        -20.000        -4.0588E-4     -5.5033E-4     -0.0010689
77.000          -87.000        -20.000        -3.8125E-4     -5.7090E-4     -0.0010613
79.000          -87.000        -20.000        -3.5558E-4     -5.8962E-4     -0.0010528
81.000          -87.000        -20.000        -3.2880E-4     -6.0590E-4     -0.0010428
83.000          -87.000        -20.000        -3.0141E-4     -6.2042E-4     -0.0010315
85.000          -87.000        -20.000        -2.7355E-4     -6.3296E-4     -0.0010200
87.000          -87.000        -20.000        -2.4536E-4     -6.4311E-4     -0.0010071
89.000          -87.000        -20.000        -2.1697E-4     -6.5099E-4     -9.9323E-4
91.000          -87.000        -20.000        -1.8868E-4     -6.5691E-4     -9.7827E-4
93.000          -87.000        -20.000        -1.6073E-4     -6.6059E-4     -9.6259E-4
95.000          -87.000        -20.000        -1.3319E-4     -6.6213E-4     -9.4633E-4
97.000          -87.000        -20.000        -1.0629E-4     -6.6165E-4     -9.2928E-4
99.000          -87.000        -20.000        -8.0056E-5     -6.5929E-4     -9.1147E-4
-99.000         -85.000        -20.000        -4.9892E-5     3.7550E-4      -3.2469E-4
-97.000         -85.000        -20.000        -5.6003E-5     3.8091E-4      -3.3400E-4
-95.000         -85.000        -20.000        -6.2253E-5     3.8613E-4      -3.4357E-4
-93.000         -85.000        -20.000        -6.8679E-5     3.9114E-4      -3.5331E-4
-91.000         -85.000        -20.000        -7.5269E-5     3.9595E-4      -3.6333E-4
-89.000         -85.000        -20.000        -8.1984E-5     4.0053E-4      -3.7356E-4
-87.000         -85.000        -20.000        -8.8806E-5     4.0489E-4      -3.8397E-4
-85.000         -85.000        -20.000        -9.5772E-5     4.0901E-4      -3.9478E-4
-83.000         -85.000        -20.000        -1.0282E-4     4.1297E-4      -4.0559E-4
-81.000         -85.000        -20.000        -1.0992E-4     4.1666E-4      -4.1658E-4
-79.000         -85.000        -20.000        -1.1706E-4     4.2020E-4      -4.2775E-4
-77.000         -85.000        -20.000        -1.2433E-4     4.2352E-4      -4.3905E-4
-75.000         -85.000        -20.000        -1.3164E-4     4.2670E-4      -4.5057E-4
-73.000         -85.000        -20.000        -1.3903E-4     4.2974E-4      -4.6215E-4
-71.000         -85.000        -20.000        -1.4647E-4     4.3257E-4      -4.7394E-4
-69.000         -85.000        -20.000        -1.5399E-4     4.3529E-4      -4.8568E-4
-67.000         -85.000        -20.000        -1.6166E-4     4.3789E-4      -4.9766E-4
-65.000         -85.000        -20.000        -1.6941E-4     4.4039E-4      -5.0964E-4
-63.000         -85.000        -20.000        -1.7732E-4     4.4276E-4      -5.2177E-4
-61.000         -85.000        -20.000        -1.8545E-4     4.4500E-4      -5.3369E-4
-59.000         -85.000        -20.000        -1.9376E-4     4.4710E-4      -5.4589E-4
-57.000         -85.000        -20.000        -2.0230E-4     4.4905E-4      -5.5812E-4
-55.000         -85.000        -20.000        -2.1113E-4     4.5087E-4      -5.7033E-4
-53.000         -85.000        -20.000        -2.2027E-4     4.5250E-4      -5.8261E-4
-51.000         -85.000        -20.000        -2.2973E-4     4.5383E-4      -5.9489E-4
-49.000         -85.000        -20.000        -2.3952E-4     4.5487E-4      -6.0735E-4
-47.000         -85.000        -20.000        -2.4966E-4     4.5562E-4      -6.1977E-4
-45.000         -85.000        -20.000        -2.6026E-4     4.5596E-4      -6.3228E-4
-43.000         -85.000        -20.000        -2.7118E-4     4.5587E-4      -6.4481E-4
-41.000         -85.000        -20.000        -2.8246E-4     4.5522E-4      -6.5751E-4
-39.000         -85.000        -20.000        -2.9407E-4     4.5397E-4      -6.7027E-4
-37.000         -85.000        -20.000        -3.0596E-4     4.5212E-4      -6.8309E-4
-35.000         -85.000        -20.000        -3.1827E-4     4.4954E-4      -6.9603E-4
-33.000         -85.000        -20.000        -3.3077E-4     4.4620E-4      -7.0895E-4
-31.000         -85.000        -20.000        -3.4343E-4     4.4205E-4      -7.2211E-4
-29.000         -85.000        -20.000        -3.5611E-4     4.3702E-4      -7.3534E-4
-27.000         -85.000        -20.000        -3.6882E-4     4.3116E-4      -7.4829E-4
-25.000         -85.000        -20.000        -3.8164E-4     4.2434E-4      -7.6210E-4
-23.000         -85.000        -20.000        -3.9431E-4     4.1663E-4      -7.7536E-4
-21.000         -85.000        -20.000        -4.0667E-4     4.0796E-4      -7.8865E-4
-19.000         -85.000        -20.000        -4.1880E-4     3.9847E-4      -8.0227E-4
-17.000         -85.000        -20.000        -4.3050E-4     3.8810E-4      -8.1566E-4
-15.000         -85.000        -20.000        -4.4180E-4     3.7693E-4      -8.2886E-4
-13.000         -85.000        -20.000        -4.5274E-4     3.6501E-4      -8.4219E-4
-11.000         -85.000        -20.000        -4.6295E-4     3.5236E-4      -8.5566E-4
-9.0000         -85.000        -20.000        -4.7267E-4     3.3914E-4      -8.6853E-4
-7.0000         -85.000        -20.000        -4.8171E-4     3.2541E-4      -8.8168E-4
-5.0000         -85.000        -20.000        -4.9015E-4     3.1112E-4      -8.9441E-4
-3.0000         -85.000        -20.000        -4.9807E-4     2.9655E-4      -9.0691E-4
-1.0000         -85.000        -20.000        -5.0523E-4     2.8159E-4      -9.1929E-4
1.0000          -85.000        -20.000        -5.1181E-4     2.6647E-4      -9.3130E-4
3.0000          -85.000        -20.000        -5.1797E-4     2.5117E-4      -9.4323E-4
5.0000          -85.000        -20.000        -5.2356E-4     2.3579E-4      -9.5442E-4
7.0000          -85.000        -20.000        -5.2873E-4     2.2042E-4      -9.6589E-4
9.0000          -85.000        -20.000        -5.3356E-4     2.0492E-4      -9.7658E-4
11.000          -85.000        -20.000        -5.3811E-4     1.8941E-4      -9.8710E-4
13.000          -85.000        -20.000        -5.4245E-4     1.7394E-4      -9.9689E-4
15.000          -85.000        -20.000        -5.4667E-4     1.5837E-4      -0.0010072
17.000          -85.000        -20.000        -5.5086E-4     1.4272E-4      -0.0010169
19.000          -85.000        -20.000        -5.5500E-4     1.2693E-4      -0.0010263
21.000          -85.000        -20.000        -5.5924E-4     1.1092E-4      -0.0010354
23.000          -85.000        -20.000        -5.6356E-4     9.4601E-5      -0.0010442
25.000          -85.000        -20.000        -5.6795E-4     7.7914E-5      -0.0010528
27.000          -85.000        -20.000        -5.7247E-4     6.0634E-5      -0.0010611
29.000          -85.000        -20.000        -5.7704E-4     4.2820E-5      -0.0010692
31.000          -85.000        -20.000        -5.8158E-4     2.4248E-5      -0.0010772
33.000          -85.000        -20.000        -5.8609E-4     4.8361E-6      -0.0010849
35.000          -85.000        -20.000        -5.9051E-4     -1.5548E-5     -0.0010922
37.000          -85.000        -20.000        -5.9480E-4     -3.6970E-5     -0.0010995
39.000          -85.000        -20.000        -5.9845E-4     -5.9497E-5     -0.0011063
41.000          -85.000        -20.000        -6.0159E-4     -8.3140E-5     -0.0011133
43.000          -85.000        -20.000        -6.0400E-4     -1.0787E-4     -0.0011197
45.000          -85.000        -20.000        -6.0563E-4     -1.3391E-4     -0.0011263
47.000          -85.000        -20.000        -6.0619E-4     -1.6097E-4     -0.0011317
49.000          -85.000        -20.000        -6.0533E-4     -1.8915E-4     -0.0011369
51.000          -85.000        -20.000        -6.0304E-4     -2.1826E-4     -0.0011417
53.000          -85.000        -20.000        -5.9913E-4     -2.4806E-4     -0.0011454
55.000          -85.000        -20.000        -5.9359E-4     -2.7872E-4     -0.0011496
57.000          -85.000        -20.000        -5.8626E-4     -3.0980E-4     -0.0011522
59.000          -85.000        -20.000        -5.7679E-4     -3.4103E-4     -0.0011543
61.000          -85.000        -20.000        -5.6525E-4     -3.7229E-4     -0.0011550
63.000          -85.000        -20.000        -5.5181E-4     -4.0341E-4     -0.0011560
65.000          -85.000        -20.000        -5.3594E-4     -4.3399E-4     -0.0011547
67.000          -85.000        -20.000        -5.1825E-4     -4.6387E-4     -0.0011529
69.000          -85.000        -20.000        -4.9855E-4     -4.9265E-4     -0.0011498
71.000          -85.000        -20.000        -4.7687E-4     -5.2019E-4     -0.0011452
73.000          -85.000        -20.000        -4.5363E-4     -5.4635E-4     -0.0011401
75.000          -85.000        -20.000        -4.2832E-4     -5.7069E-4     -0.0011331
77.000          -85.000        -20.000        -4.0161E-4     -5.9330E-4     -0.0011246
79.000          -85.000        -20.000        -3.7401E-4     -6.1360E-4     -0.0011156
81.000          -85.000        -20.000        -3.4519E-4     -6.3182E-4     -0.0011050
83.000          -85.000        -20.000        -3.1567E-4     -6.4778E-4     -0.0010932
85.000          -85.000        -20.000        -2.8524E-4     -6.6138E-4     -0.0010801
87.000          -85.000        -20.000        -2.5484E-4     -6.7242E-4     -0.0010660
89.000          -85.000        -20.000        -2.2416E-4     -6.8109E-4     -0.0010507
91.000          -85.000        -20.000        -1.9357E-4     -6.8751E-4     -0.0010346
93.000          -85.000        -20.000        -1.6339E-4     -6.9125E-4     -0.0010176
95.000          -85.000        -20.000        -1.3367E-4     -6.9283E-4     -9.9940E-4
97.000          -85.000        -20.000        -1.0468E-4     -6.9241E-4     -9.8088E-4
99.000          -85.000        -20.000        -7.6538E-5     -6.8945E-4     -9.6137E-4
-99.000         -83.000        -20.000        -4.4145E-5     3.9107E-4      -3.3356E-4
-97.000         -83.000        -20.000        -5.0398E-5     3.9697E-4      -3.4333E-4
-95.000         -83.000        -20.000        -5.6923E-5     4.0263E-4      -3.5337E-4
-93.000         -83.000        -20.000        -6.3529E-5     4.0815E-4      -3.6376E-4
-91.000         -83.000        -20.000        -7.0360E-5     4.1338E-4      -3.7439E-4
-89.000         -83.000        -20.000        -7.7337E-5     4.1834E-4      -3.8525E-4
-87.000         -83.000        -20.000        -8.4377E-5     4.2318E-4      -3.9625E-4
-85.000         -83.000        -20.000        -9.1549E-5     4.2773E-4      -4.0769E-4
-83.000         -83.000        -20.000        -9.8838E-5     4.3201E-4      -4.1896E-4
-81.000         -83.000        -20.000        -1.0608E-4     4.3614E-4      -4.3096E-4
-79.000         -83.000        -20.000        -1.1347E-4     4.4001E-4      -4.4277E-4
-77.000         -83.000        -20.000        -1.2088E-4     4.4374E-4      -4.5481E-4
-75.000         -83.000        -20.000        -1.2839E-4     4.4728E-4      -4.6705E-4
-73.000         -83.000        -20.000        -1.3587E-4     4.5067E-4      -4.7955E-4
-71.000         -83.000        -20.000        -1.4346E-4     4.5390E-4      -4.9198E-4
-69.000         -83.000        -20.000        -1.5113E-4     4.5702E-4      -5.0440E-4
-67.000         -83.000        -20.000        -1.5890E-4     4.6003E-4      -5.1716E-4
-65.000         -83.000        -20.000        -1.6679E-4     4.6299E-4      -5.2994E-4
-63.000         -83.000        -20.000        -1.7480E-4     4.6579E-4      -5.4271E-4
-61.000         -83.000        -20.000        -1.8301E-4     4.6853E-4      -5.5545E-4
-59.000         -83.000        -20.000        -1.9144E-4     4.7116E-4      -5.6840E-4
-57.000         -83.000        -20.000        -2.0015E-4     4.7366E-4      -5.8124E-4
-55.000         -83.000        -20.000        -2.0917E-4     4.7610E-4      -5.9418E-4
-53.000         -83.000        -20.000        -2.1845E-4     4.7829E-4      -6.0728E-4
-51.000         -83.000        -20.000        -2.2815E-4     4.8030E-4      -6.2022E-4
-49.000         -83.000        -20.000        -2.3828E-4     4.8207E-4      -6.3348E-4
-47.000         -83.000        -20.000        -2.4880E-4     4.8339E-4      -6.4650E-4
-45.000         -83.000        -20.000        -2.5980E-4     4.8449E-4      -6.5977E-4
-43.000         -83.000        -20.000        -2.7115E-4     4.8498E-4      -6.7296E-4
-41.000         -83.000        -20.000        -2.8303E-4     4.8499E-4      -6.8631E-4
-39.000         -83.000        -20.000        -2.9533E-4     4.8434E-4      -6.9985E-4
-37.000         -83.000        -20.000        -3.0800E-4     4.8308E-4      -7.1332E-4
-35.000         -83.000        -20.000        -3.2100E-4     4.8108E-4      -7.2682E-4
-33.000         -83.000        -20.000        -3.3422E-4     4.7812E-4      -7.4095E-4
-31.000         -83.000        -20.000        -3.4780E-4     4.7429E-4      -7.5484E-4
-29.000         -83.000        -20.000        -3.6149E-4     4.6954E-4      -7.6878E-4
-27.000         -83.000        -20.000        -3.7524E-4     4.6382E-4      -7.8277E-4
-25.000         -83.000        -20.000        -3.8897E-4     4.5712E-4      -7.9732E-4
-23.000         -83.000        -20.000        -4.0245E-4     4.4936E-4      -8.1170E-4
-21.000         -83.000        -20.000        -4.1580E-4     4.4059E-4      -8.2611E-4
-19.000         -83.000        -20.000        -4.2886E-4     4.3087E-4      -8.4058E-4
-17.000         -83.000        -20.000        -4.4151E-4     4.2020E-4      -8.5466E-4
-15.000         -83.000        -20.000        -4.5365E-4     4.0854E-4      -8.6917E-4
-13.000         -83.000        -20.000        -4.6523E-4     3.9611E-4      -8.8332E-4
-11.000         -83.000        -20.000        -4.7619E-4     3.8292E-4      -8.9783E-4
-9.0000         -83.000        -20.000        -4.8649E-4     3.6903E-4      -9.1182E-4
-7.0000         -83.000        -20.000        -4.9612E-4     3.5463E-4      -9.2572E-4
-5.0000         -83.000        -20.000        -5.0490E-4     3.3972E-4      -9.3937E-4
-3.0000         -83.000        -20.000        -5.1310E-4     3.2439E-4      -9.5310E-4
-1.0000         -83.000        -20.000        -5.2056E-4     3.0877E-4      -9.6624E-4
1.0000          -83.000        -20.000        -5.2738E-4     2.9301E-4      -9.7906E-4
3.0000          -83.000        -20.000        -5.3358E-4     2.7705E-4      -9.9196E-4
5.0000          -83.000        -20.000        -5.3916E-4     2.6115E-4      -0.0010039
7.0000          -83.000        -20.000        -5.4437E-4     2.4521E-4      -0.0010161
9.0000          -83.000        -20.000        -5.4918E-4     2.2927E-4      -0.0010276
11.000          -83.000        -20.000        -5.5374E-4     2.1347E-4      -0.0010387
13.000          -83.000        -20.000        -5.5809E-4     1.9765E-4      -0.0010496
15.000          -83.000        -20.000        -5.6231E-4     1.8197E-4      -0.0010601
17.000          -83.000        -20.000        -5.6660E-4     1.6615E-4      -0.0010705
19.000          -83.000        -20.000        -5.7093E-4     1.5037E-4      -0.0010807
21.000          -83.000        -20.000        -5.7540E-4     1.3427E-4      -0.0010900
23.000          -83.000        -20.000        -5.8006E-4     1.1797E-4      -0.0010994
25.000          -83.000        -20.000        -5.8489E-4     1.0138E-4      -0.0011081
27.000          -83.000        -20.000        -5.8995E-4     8.4092E-5      -0.0011177
29.000          -83.000        -20.000        -5.9532E-4     6.6103E-5      -0.0011264
31.000          -83.000        -20.000        -6.0073E-4     4.7333E-5      -0.0011348
33.000          -83.000        -20.000        -6.0629E-4     2.7646E-5      -0.0011428
35.000          -83.000        -20.000        -6.1160E-4     7.0077E-6      -0.0011506
37.000          -83.000        -20.000        -6.1691E-4     -1.5031E-5     -0.0011591
39.000          -83.000        -20.000        -6.2189E-4     -3.8320E-5     -0.0011666
41.000          -83.000        -20.000        -6.2635E-4     -6.2836E-5     -0.0011745
43.000          -83.000        -20.000        -6.3013E-4     -8.8725E-5     -0.0011817
45.000          -83.000        -20.000        -6.3275E-4     -1.1612E-4     -0.0011884
47.000          -83.000        -20.000        -6.3450E-4     -1.4482E-4     -0.0011951
49.000          -83.000        -20.000        -6.3483E-4     -1.7480E-4     -0.0012011
51.000          -83.000        -20.000        -6.3367E-4     -2.0601E-4     -0.0012066
53.000          -83.000        -20.000        -6.3076E-4     -2.3816E-4     -0.0012117
55.000          -83.000        -20.000        -6.2559E-4     -2.7108E-4     -0.0012154
57.000          -83.000        -20.000        -6.1876E-4     -3.0497E-4     -0.0012197
59.000          -83.000        -20.000        -6.0944E-4     -3.3897E-4     -0.0012223
61.000          -83.000        -20.000        -5.9791E-4     -3.7302E-4     -0.0012239
63.000          -83.000        -20.000        -5.8407E-4     -4.0704E-4     -0.0012246
65.000          -83.000        -20.000        -5.6759E-4     -4.4074E-4     -0.0012237
67.000          -83.000        -20.000        -5.4920E-4     -4.7351E-4     -0.0012225
69.000          -83.000        -20.000        -5.2822E-4     -5.0530E-4     -0.0012195
71.000          -83.000        -20.000        -5.0505E-4     -5.3554E-4     -0.0012149
73.000          -83.000        -20.000        -4.7993E-4     -5.6435E-4     -0.0012095
75.000          -83.000        -20.000        -4.5277E-4     -5.9136E-4     -0.0012021
77.000          -83.000        -20.000        -4.2450E-4     -6.1601E-4     -0.0011938
79.000          -83.000        -20.000        -3.9433E-4     -6.3851E-4     -0.0011837
81.000          -83.000        -20.000        -3.6303E-4     -6.5857E-4     -0.0011722
83.000          -83.000        -20.000        -3.3096E-4     -6.7649E-4     -0.0011591
85.000          -83.000        -20.000        -2.9828E-4     -6.9101E-4     -0.0011454
87.000          -83.000        -20.000        -2.6521E-4     -7.0318E-4     -0.0011302
89.000          -83.000        -20.000        -2.3178E-4     -7.1270E-4     -0.0011125
91.000          -83.000        -20.000        -1.9877E-4     -7.1935E-4     -0.0010955
93.000          -83.000        -20.000        -1.6612E-4     -7.2353E-4     -0.0010769
95.000          -83.000        -20.000        -1.3403E-4     -7.2509E-4     -0.0010565
97.000          -83.000        -20.000        -1.0265E-4     -7.2435E-4     -0.0010364
99.000          -83.000        -20.000        -7.2572E-5     -7.2120E-4     -0.0010152
-99.000         -81.000        -20.000        -3.7887E-5     4.0757E-4      -3.4257E-4
-97.000         -81.000        -20.000        -4.4332E-5     4.1401E-4      -3.5303E-4
-95.000         -81.000        -20.000        -5.1074E-5     4.2018E-4      -3.6368E-4
-93.000         -81.000        -20.000        -5.7942E-5     4.2618E-4      -3.7454E-4
-91.000         -81.000        -20.000        -6.4989E-5     4.3195E-4      -3.8590E-4
-89.000         -81.000        -20.000        -7.2193E-5     4.3741E-4      -3.9749E-4
-87.000         -81.000        -20.000        -7.9551E-5     4.4261E-4      -4.0927E-4
-85.000         -81.000        -20.000        -8.6892E-5     4.4765E-4      -4.2143E-4
-83.000         -81.000        -20.000        -9.4427E-5     4.5239E-4      -4.3386E-4
-81.000         -81.000        -20.000        -1.0193E-4     4.5685E-4      -4.4611E-4
-79.000         -81.000        -20.000        -1.0949E-4     4.6120E-4      -4.5891E-4
-77.000         -81.000        -20.000        -1.1707E-4     4.6525E-4      -4.7181E-4
-75.000         -81.000        -20.000        -1.2472E-4     4.6921E-4      -4.8478E-4
-73.000         -81.000        -20.000        -1.3238E-4     4.7297E-4      -4.9784E-4
-71.000         -81.000        -20.000        -1.4010E-4     4.7661E-4      -5.1134E-4
-69.000         -81.000        -20.000        -1.4786E-4     4.8014E-4      -5.2472E-4
-67.000         -81.000        -20.000        -1.5572E-4     4.8362E-4      -5.3814E-4
-65.000         -81.000        -20.000        -1.6366E-4     4.8704E-4      -5.5170E-4
-63.000         -81.000        -20.000        -1.7174E-4     4.9039E-4      -5.6522E-4
-61.000         -81.000        -20.000        -1.8002E-4     4.9369E-4      -5.7864E-4
-59.000         -81.000        -20.000        -1.8856E-4     4.9687E-4      -5.9236E-4
-57.000         -81.000        -20.000        -1.9735E-4     5.0001E-4      -6.0615E-4
-55.000         -81.000        -20.000        -2.0648E-4     5.0306E-4      -6.1984E-4
-53.000         -81.000        -20.000        -2.1598E-4     5.0601E-4      -6.3363E-4
-51.000         -81.000        -20.000        -2.2590E-4     5.0876E-4      -6.4744E-4
-49.000         -81.000        -20.000        -2.3632E-4     5.1122E-4      -6.6124E-4
-47.000         -81.000        -20.000        -2.4723E-4     5.1338E-4      -6.7520E-4
-45.000         -81.000        -20.000        -2.5861E-4     5.1518E-4      -6.8921E-4
-43.000         -81.000        -20.000        -2.7052E-4     5.1654E-4      -7.0308E-4
-41.000         -81.000        -20.000        -2.8292E-4     5.1731E-4      -7.1705E-4
-39.000         -81.000        -20.000        -2.9591E-4     5.1738E-4      -7.3150E-4
-37.000         -81.000        -20.000        -3.0937E-4     5.1680E-4      -7.4598E-4
-35.000         -81.000        -20.000        -3.2319E-4     5.1531E-4      -7.6059E-4
-33.000         -81.000        -20.000        -3.3736E-4     5.1300E-4      -7.7490E-4
-31.000         -81.000        -20.000        -3.5182E-4     5.0968E-4      -7.8964E-4
-29.000         -81.000        -20.000        -3.6660E-4     5.0527E-4      -8.0497E-4
-27.000         -81.000        -20.000        -3.8130E-4     4.9967E-4      -8.2008E-4
-25.000         -81.000        -20.000        -3.9614E-4     4.9311E-4      -8.3546E-4
-23.000         -81.000        -20.000        -4.1073E-4     4.8544E-4      -8.5089E-4
-21.000         -81.000        -20.000        -4.2513E-4     4.7657E-4      -8.6563E-4
-19.000         -81.000        -20.000        -4.3930E-4     4.6658E-4      -8.8143E-4
-17.000         -81.000        -20.000        -4.5288E-4     4.5548E-4      -8.9690E-4
-15.000         -81.000        -20.000        -4.6589E-4     4.4335E-4      -9.1261E-4
-13.000         -81.000        -20.000        -4.7837E-4     4.3037E-4      -9.2781E-4
-11.000         -81.000        -20.000        -4.9006E-4     4.1659E-4      -9.4309E-4
-9.0000         -81.000        -20.000        -5.0109E-4     4.0209E-4      -9.5837E-4
-7.0000         -81.000        -20.000        -5.1116E-4     3.8676E-4      -9.7342E-4
-5.0000         -81.000        -20.000        -5.2047E-4     3.7109E-4      -9.8786E-4
-3.0000         -81.000        -20.000        -5.2898E-4     3.5495E-4      -0.0010027
-1.0000         -81.000        -20.000        -5.3667E-4     3.3867E-4      -0.0010168
1.0000          -81.000        -20.000        -5.4359E-4     3.2214E-4      -0.0010307
3.0000          -81.000        -20.000        -5.4984E-4     3.0560E-4      -0.0010443
5.0000          -81.000        -20.000        -5.5542E-4     2.8903E-4      -0.0010574
7.0000          -81.000        -20.000        -5.6063E-4     2.7252E-4      -0.0010703
9.0000          -81.000        -20.000        -5.6528E-4     2.5617E-4      -0.0010823
11.000          -81.000        -20.000        -5.6967E-4     2.4009E-4      -0.0010947
13.000          -81.000        -20.000        -5.7393E-4     2.2408E-4      -0.0011062
15.000          -81.000        -20.000        -5.7814E-4     2.0821E-4      -0.0011173
17.000          -81.000        -20.000        -5.8242E-4     1.9239E-4      -0.0011282
19.000          -81.000        -20.000        -5.8681E-4     1.7658E-4      -0.0011389
21.000          -81.000        -20.000        -5.9148E-4     1.6061E-4      -0.0011491
23.000          -81.000        -20.000        -5.9649E-4     1.4446E-4      -0.0011587
25.000          -81.000        -20.000        -6.0184E-4     1.2787E-4      -0.0011686
27.000          -81.000        -20.000        -6.0750E-4     1.1082E-4      -0.0011782
29.000          -81.000        -20.000        -6.1355E-4     9.3018E-5      -0.0011875
31.000          -81.000        -20.000        -6.2001E-4     7.4195E-5      -0.0011967
33.000          -81.000        -20.000        -6.2652E-4     5.4379E-5      -0.0012056
35.000          -81.000        -20.000        -6.3320E-4     3.3340E-5      -0.0012146
37.000          -81.000        -20.000        -6.3981E-4     1.1060E-5      -0.0012232
39.000          -81.000        -20.000        -6.4609E-4     -1.2753E-5     -0.0012312
41.000          -81.000        -20.000        -6.5222E-4     -3.8173E-5     -0.0012399
43.000          -81.000        -20.000        -6.5738E-4     -6.5354E-5     -0.0012481
45.000          -81.000        -20.000        -6.6163E-4     -9.4217E-5     -0.0012559
47.000          -81.000        -20.000        -6.6481E-4     -1.2463E-4     -0.0012636
49.000          -81.000        -20.000        -6.6646E-4     -1.5645E-4     -0.0012699
51.000          -81.000        -20.000        -6.6663E-4     -1.8979E-4     -0.0012770
53.000          -81.000        -20.000        -6.6462E-4     -2.2446E-4     -0.0012829
55.000          -81.000        -20.000        -6.6048E-4     -2.6031E-4     -0.0012879
57.000          -81.000        -20.000        -6.5408E-4     -2.9690E-4     -0.0012925
59.000          -81.000        -20.000        -6.4529E-4     -3.3424E-4     -0.0012959
61.000          -81.000        -20.000        -6.3375E-4     -3.7142E-4     -0.0012984
63.000          -81.000        -20.000        -6.1948E-4     -4.0869E-4     -0.0012995
65.000          -81.000        -20.000        -6.0260E-4     -4.4567E-4     -0.0012994
67.000          -81.000        -20.000        -5.8312E-4     -4.8197E-4     -0.0012983
69.000          -81.000        -20.000        -5.6107E-4     -5.1703E-4     -0.0012954
71.000          -81.000        -20.000        -5.3625E-4     -5.5045E-4     -0.0012909
73.000          -81.000        -20.000        -5.0924E-4     -5.8219E-4     -0.0012850
75.000          -81.000        -20.000        -4.8017E-4     -6.1194E-4     -0.0012775
77.000          -81.000        -20.000        -4.4932E-4     -6.3943E-4     -0.0012684
79.000          -81.000        -20.000        -4.1678E-4     -6.6437E-4     -0.0012578
81.000          -81.000        -20.000        -3.8260E-4     -6.8670E-4     -0.0012450
83.000          -81.000        -20.000        -3.4801E-4     -7.0583E-4     -0.0012314
85.000          -81.000        -20.000        -3.1242E-4     -7.2213E-4     -0.0012162
87.000          -81.000        -20.000        -2.7646E-4     -7.3559E-4     -0.0011990
89.000          -81.000        -20.000        -2.4034E-4     -7.4581E-4     -0.0011812
91.000          -81.000        -20.000        -2.0454E-4     -7.5317E-4     -0.0011618
93.000          -81.000        -20.000        -1.6890E-4     -7.5758E-4     -0.0011408
95.000          -81.000        -20.000        -1.3438E-4     -7.5926E-4     -0.0011195
97.000          -81.000        -20.000        -1.0054E-4     -7.5818E-4     -0.0010970
99.000          -81.000        -20.000        -6.8132E-5     -7.5465E-4     -0.0010738
-99.000         -79.000        -20.000        -3.1032E-5     4.2498E-4      -3.5192E-4
-97.000         -79.000        -20.000        -3.7709E-5     4.3208E-4      -3.6305E-4
-95.000         -79.000        -20.000        -4.4687E-5     4.3887E-4      -3.7436E-4
-93.000         -79.000        -20.000        -5.1868E-5     4.4532E-4      -3.8607E-4
-91.000         -79.000        -20.000        -5.9125E-5     4.5167E-4      -3.9798E-4
-89.000         -79.000        -20.000        -6.6577E-5     4.5769E-4      -4.1030E-4
-87.000         -79.000        -20.000        -7.4098E-5     4.6337E-4      -4.2295E-4
-85.000         -79.000        -20.000        -8.1820E-5     4.6883E-4      -4.3571E-4
-83.000         -79.000        -20.000        -8.9485E-5     4.7407E-4      -4.4871E-4
-81.000         -79.000        -20.000        -9.7277E-5     4.7904E-4      -4.6225E-4
-79.000         -79.000        -20.000        -1.0509E-4     4.8372E-4      -4.7584E-4
-77.000         -79.000        -20.000        -1.1288E-4     4.8822E-4      -4.8960E-4
-75.000         -79.000        -20.000        -1.2064E-4     4.9260E-4      -5.0355E-4
-73.000         -79.000        -20.000        -1.2849E-4     4.9680E-4      -5.1750E-4
-71.000         -79.000        -20.000        -1.3629E-4     5.0088E-4      -5.3172E-4
-69.000         -79.000        -20.000        -1.4411E-4     5.0490E-4      -5.4561E-4
-67.000         -79.000        -20.000        -1.5202E-4     5.0881E-4      -5.6026E-4
-65.000         -79.000        -20.000        -1.6003E-4     5.1274E-4      -5.7486E-4
-63.000         -79.000        -20.000        -1.6817E-4     5.1662E-4      -5.8928E-4
-61.000         -79.000        -20.000        -1.7650E-4     5.2051E-4      -6.0337E-4
-59.000         -79.000        -20.000        -1.8502E-4     5.2437E-4      -6.1809E-4
-57.000         -79.000        -20.000        -1.9387E-4     5.2820E-4      -6.3250E-4
-55.000         -79.000        -20.000        -2.0313E-4     5.3200E-4      -6.4701E-4
-53.000         -79.000        -20.000        -2.1277E-4     5.3575E-4      -6.6147E-4
-51.000         -79.000        -20.000        -2.2292E-4     5.3931E-4      -6.7607E-4
-49.000         -79.000        -20.000        -2.3353E-4     5.4266E-4      -6.9086E-4
-47.000         -79.000        -20.000        -2.4471E-4     5.4575E-4      -7.0541E-4
-45.000         -79.000        -20.000        -2.5656E-4     5.4847E-4      -7.2020E-4
-43.000         -79.000        -20.000        -2.6906E-4     5.5075E-4      -7.3505E-4
-41.000         -79.000        -20.000        -2.8216E-4     5.5241E-4      -7.4997E-4
-39.000         -79.000        -20.000        -2.9578E-4     5.5334E-4      -7.6503E-4
-37.000         -79.000        -20.000        -3.0993E-4     5.5359E-4      -7.8041E-4
-35.000         -79.000        -20.000        -3.2476E-4     5.5289E-4      -7.9566E-4
-33.000         -79.000        -20.000        -3.4005E-4     5.5118E-4      -8.1131E-4
-31.000         -79.000        -20.000        -3.5560E-4     5.4845E-4      -8.2679E-4
-29.000         -79.000        -20.000        -3.7124E-4     5.4445E-4      -8.4306E-4
-27.000         -79.000        -20.000        -3.8717E-4     5.3928E-4      -8.5917E-4
-25.000         -79.000        -20.000        -4.0320E-4     5.3287E-4      -8.7547E-4
-23.000         -79.000        -20.000        -4.1916E-4     5.2516E-4      -8.9191E-4
-21.000         -79.000        -20.000        -4.3476E-4     5.1613E-4      -9.0832E-4
-19.000         -79.000        -20.000        -4.4993E-4     5.0592E-4      -9.2465E-4
-17.000         -79.000        -20.000        -4.6456E-4     4.9454E-4      -9.4157E-4
-15.000         -79.000        -20.000        -4.7873E-4     4.8194E-4      -9.5856E-4
-13.000         -79.000        -20.000        -4.9219E-4     4.6832E-4      -9.7509E-4
-11.000         -79.000        -20.000        -5.0466E-4     4.5371E-4      -9.9157E-4
-9.0000         -79.000        -20.000        -5.1628E-4     4.3841E-4      -0.0010073
-7.0000         -79.000        -20.000        -5.2699E-4     4.2235E-4      -0.0010239
-5.0000         -79.000        -20.000        -5.3679E-4     4.0572E-4      -0.0010398
-3.0000         -79.000        -20.000        -5.4565E-4     3.8877E-4      -0.0010555
-1.0000         -79.000        -20.000        -5.5354E-4     3.7155E-4      -0.0010709
1.0000          -79.000        -20.000        -5.6056E-4     3.5420E-4      -0.0010857
3.0000          -79.000        -20.000        -5.6679E-4     3.3693E-4      -0.0011005
5.0000          -79.000        -20.000        -5.7229E-4     3.1969E-4      -0.0011144
7.0000          -79.000        -20.000        -5.7719E-4     3.0263E-4      -0.0011280
9.0000          -79.000        -20.000        -5.8177E-4     2.8591E-4      -0.0011414
11.000          -79.000        -20.000        -5.8592E-4     2.6949E-4      -0.0011535
13.000          -79.000        -20.000        -5.8995E-4     2.5322E-4      -0.0011666
15.000          -79.000        -20.000        -5.9400E-4     2.3731E-4      -0.0011787
17.000          -79.000        -20.000        -5.9815E-4     2.2156E-4      -0.0011898
19.000          -79.000        -20.000        -6.0259E-4     2.0589E-4      -0.0012011
21.000          -79.000        -20.000        -6.0744E-4     1.9017E-4      -0.0012118
23.000          -79.000        -20.000        -6.1263E-4     1.7435E-4      -0.0012228
25.000          -79.000        -20.000        -6.1849E-4     1.5813E-4      -0.0012327
27.000          -79.000        -20.000        -6.2490E-4     1.4139E-4      -0.0012430
29.000          -79.000        -20.000        -6.3172E-4     1.2379E-4      -0.0012530
31.000          -79.000        -20.000        -6.3906E-4     1.0527E-4      -0.0012626
33.000          -79.000        -20.000        -6.4685E-4     8.5578E-5      -0.0012723
35.000          -79.000        -20.000        -6.5498E-4     6.4494E-5      -0.0012822
37.000          -79.000        -20.000        -6.6321E-4     4.1828E-5      -0.0012914
39.000          -79.000        -20.000        -6.7120E-4     1.7394E-5      -0.0013007
41.000          -79.000        -20.000        -6.7875E-4     -8.7824E-6     -0.0013100
43.000          -79.000        -20.000        -6.8578E-4     -3.6935E-5     -0.0013190
45.000          -79.000        -20.000        -6.9203E-4     -6.7155E-5     -0.0013282
47.000          -79.000        -20.000        -6.9707E-4     -9.9311E-5     -0.0013362
49.000          -79.000        -20.000        -7.0040E-4     -1.3327E-4     -0.0013442
51.000          -79.000        -20.000        -7.0165E-4     -1.6903E-4     -0.0013523
53.000          -79.000        -20.000        -7.0120E-4     -2.0639E-4     -0.0013588
55.000          -79.000        -20.000        -6.9822E-4     -2.4521E-4     -0.0013652
57.000          -79.000        -20.000        -6.9275E-4     -2.8516E-4     -0.0013711
59.000          -79.000        -20.000        -6.8428E-4     -3.2579E-4     -0.0013750
61.000          -79.000        -20.000        -6.7286E-4     -3.6683E-4     -0.0013785
63.000          -79.000        -20.000        -6.5859E-4     -4.0782E-4     -0.0013806
65.000          -79.000        -20.000        -6.4099E-4     -4.4869E-4     -0.0013810
67.000          -79.000        -20.000        -6.2056E-4     -4.8867E-4     -0.0013806
69.000          -79.000        -20.000        -5.9706E-4     -5.2743E-4     -0.0013772
71.000          -79.000        -20.000        -5.7067E-4     -5.6448E-4     -0.0013727
73.000          -79.000        -20.000        -5.4182E-4     -5.9982E-4     -0.0013674
75.000          -79.000        -20.000        -5.1033E-4     -6.3289E-4     -0.0013594
77.000          -79.000        -20.000        -4.7671E-4     -6.6332E-4     -0.0013495
79.000          -79.000        -20.000        -4.4137E-4     -6.9078E-4     -0.0013370
81.000          -79.000        -20.000        -4.0464E-4     -7.1543E-4     -0.0013249
83.000          -79.000        -20.000        -3.6680E-4     -7.3672E-4     -0.0013099
85.000          -79.000        -20.000        -3.2797E-4     -7.5475E-4     -0.0012930
87.000          -79.000        -20.000        -2.8860E-4     -7.6925E-4     -0.0012744
89.000          -79.000        -20.000        -2.4960E-4     -7.8069E-4     -0.0012545
91.000          -79.000        -20.000        -2.1059E-4     -7.8872E-4     -0.0012334
93.000          -79.000        -20.000        -1.7227E-4     -7.9334E-4     -0.0012108
95.000          -79.000        -20.000        -1.3468E-4     -7.9504E-4     -0.0011870
97.000          -79.000        -20.000        -9.8035E-5     -7.9377E-4     -0.0011624
99.000          -79.000        -20.000        -6.2864E-5     -7.8974E-4     -0.0011366
-99.000         -77.000        -20.000        -2.3529E-5     4.4353E-4      -3.6183E-4
-97.000         -77.000        -20.000        -3.0511E-5     4.5123E-4      -3.7349E-4
-95.000         -77.000        -20.000        -3.7699E-5     4.5871E-4      -3.8546E-4
-93.000         -77.000        -20.000        -4.5118E-5     4.6584E-4      -3.9789E-4
-91.000         -77.000        -20.000        -5.2737E-5     4.7265E-4      -4.1061E-4
-89.000         -77.000        -20.000        -6.0451E-5     4.7926E-4      -4.2383E-4
-87.000         -77.000        -20.000        -6.8242E-5     4.8557E-4      -4.3732E-4
-85.000         -77.000        -20.000        -7.6290E-5     4.9141E-4      -4.5089E-4
-83.000         -77.000        -20.000        -8.4206E-5     4.9718E-4      -4.6499E-4
-81.000         -77.000        -20.000        -9.2214E-5     5.0263E-4      -4.7932E-4
-79.000         -77.000        -20.000        -1.0026E-4     5.0777E-4      -4.9375E-4
-77.000         -77.000        -20.000        -1.0817E-4     5.1267E-4      -5.0792E-4
-75.000         -77.000        -20.000        -1.1619E-4     5.1755E-4      -5.2306E-4
-73.000         -77.000        -20.000        -1.2411E-4     5.2212E-4      -5.3819E-4
-71.000         -77.000        -20.000        -1.3204E-4     5.2666E-4      -5.5330E-4
-69.000         -77.000        -20.000        -1.3993E-4     5.3109E-4      -5.6854E-4
-67.000         -77.000        -20.000        -1.4785E-4     5.3548E-4      -5.8389E-4
-65.000         -77.000        -20.000        -1.5590E-4     5.4006E-4      -5.9915E-4
-63.000         -77.000        -20.000        -1.6399E-4     5.4453E-4      -6.1468E-4
-61.000         -77.000        -20.000        -1.7227E-4     5.4898E-4      -6.2999E-4
-59.000         -77.000        -20.000        -1.8081E-4     5.5354E-4      -6.4510E-4
-57.000         -77.000        -20.000        -1.8968E-4     5.5813E-4      -6.6037E-4
-55.000         -77.000        -20.000        -1.9897E-4     5.6282E-4      -6.7612E-4
-53.000         -77.000        -20.000        -2.0862E-4     5.6743E-4      -6.9138E-4
-51.000         -77.000        -20.000        -2.1894E-4     5.7194E-4      -7.0683E-4
-49.000         -77.000        -20.000        -2.2978E-4     5.7632E-4      -7.2230E-4
-47.000         -77.000        -20.000        -2.4134E-4     5.8049E-4      -7.3782E-4
-45.000         -77.000        -20.000        -2.5364E-4     5.8428E-4      -7.5338E-4
-43.000         -77.000        -20.000        -2.6650E-4     5.8761E-4      -7.6888E-4
-41.000         -77.000        -20.000        -2.8025E-4     5.9026E-4      -7.8470E-4
-39.000         -77.000        -20.000        -2.9467E-4     5.9220E-4      -8.0059E-4
-37.000         -77.000        -20.000        -3.0980E-4     5.9345E-4      -8.1675E-4
-35.000         -77.000        -20.000        -3.2563E-4     5.9367E-4      -8.3282E-4
-33.000         -77.000        -20.000        -3.4175E-4     5.9280E-4      -8.4987E-4
-31.000         -77.000        -20.000        -3.5854E-4     5.9062E-4      -8.6627E-4
-29.000         -77.000        -20.000        -3.7563E-4     5.8727E-4      -8.8316E-4
-27.000         -77.000        -20.000        -3.9291E-4     5.8252E-4      -9.0044E-4
-25.000         -77.000        -20.000        -4.1025E-4     5.7631E-4      -9.1807E-4
-23.000         -77.000        -20.000        -4.2744E-4     5.6861E-4      -9.3566E-4
-21.000         -77.000        -20.000        -4.4436E-4     5.5966E-4      -9.5358E-4
-19.000         -77.000        -20.000        -4.6093E-4     5.4912E-4      -9.7061E-4
-17.000         -77.000        -20.000        -4.7694E-4     5.3724E-4      -9.8899E-4
-15.000         -77.000        -20.000        -4.9211E-4     5.2418E-4      -0.0010068
-13.000         -77.000        -20.000        -5.0663E-4     5.0978E-4      -0.0010252
-11.000         -77.000        -20.000        -5.2006E-4     4.9441E-4      -0.0010431
-9.0000         -77.000        -20.000        -5.3251E-4     4.7813E-4      -0.0010605
-7.0000         -77.000        -20.000        -5.4391E-4     4.6126E-4      -0.0010784
-5.0000         -77.000        -20.000        -5.5406E-4     4.4361E-4      -0.0010948
-3.0000         -77.000        -20.000        -5.6323E-4     4.2563E-4      -0.0011121
-1.0000         -77.000        -20.000        -5.7127E-4     4.0743E-4      -0.0011289
1.0000          -77.000        -20.000        -5.7831E-4     3.8930E-4      -0.0011451
3.0000          -77.000        -20.000        -5.8440E-4     3.7117E-4      -0.0011600
5.0000          -77.000        -20.000        -5.8966E-4     3.5310E-4      -0.0011755
7.0000          -77.000        -20.000        -5.9435E-4     3.3547E-4      -0.0011903
9.0000          -77.000        -20.000        -5.9851E-4     3.1833E-4      -0.0012045
11.000          -77.000        -20.000        -6.0234E-4     3.0141E-4      -0.0012177
13.000          -77.000        -20.000        -6.0600E-4     2.8522E-4      -0.0012310
15.000          -77.000        -20.000        -6.0986E-4     2.6924E-4      -0.0012435
17.000          -77.000        -20.000        -6.1378E-4     2.5355E-4      -0.0012558
19.000          -77.000        -20.000        -6.1807E-4     2.3827E-4      -0.0012676
21.000          -77.000        -20.000        -6.2294E-4     2.2304E-4      -0.0012790
23.000          -77.000        -20.000        -6.2846E-4     2.0774E-4      -0.0012906
25.000          -77.000        -20.000        -6.3479E-4     1.9199E-4      -0.0013012
27.000          -77.000        -20.000        -6.4177E-4     1.7568E-4      -0.0013119
29.000          -77.000        -20.000        -6.4949E-4     1.5875E-4      -0.0013221
31.000          -77.000        -20.000        -6.5803E-4     1.4070E-4      -0.0013331
33.000          -77.000        -20.000        -6.6721E-4     1.2121E-4      -0.0013427
35.000          -77.000        -20.000        -6.7684E-4     1.0032E-4      -0.0013539
37.000          -77.000        -20.000        -6.8675E-4     7.7541E-5      -0.0013640
39.000          -77.000        -20.000        -6.9675E-4     5.2692E-5      -0.0013741
41.000          -77.000        -20.000        -7.0645E-4     2.5776E-5      -0.0013847
43.000          -77.000        -20.000        -7.1570E-4     -3.0487E-6     -0.0013952
45.000          -77.000        -20.000        -7.2363E-4     -3.4804E-5     -0.0014046
47.000          -77.000        -20.000        -7.3093E-4     -6.8901E-5     -0.0014146
49.000          -77.000        -20.000        -7.3633E-4     -1.0519E-4     -0.0014239
51.000          -77.000        -20.000        -7.3980E-4     -1.4336E-4     -0.0014329
53.000          -77.000        -20.000        -7.4100E-4     -1.8361E-4     -0.0014412
55.000          -77.000        -20.000        -7.3907E-4     -2.2583E-4     -0.0014484
57.000          -77.000        -20.000        -7.3482E-4     -2.6951E-4     -0.0014551
59.000          -77.000        -20.000        -7.2709E-4     -3.1397E-4     -0.0014608
61.000          -77.000        -20.000        -7.1607E-4     -3.5892E-4     -0.0014652
63.000          -77.000        -20.000        -7.0165E-4     -4.0410E-4     -0.0014677
65.000          -77.000        -20.000        -6.8330E-4     -4.4935E-4     -0.0014689
67.000          -77.000        -20.000        -6.6214E-4     -4.9350E-4     -0.0014686
69.000          -77.000        -20.000        -6.3713E-4     -5.3653E-4     -0.0014668
71.000          -77.000        -20.000        -6.0888E-4     -5.7755E-4     -0.0014630
73.000          -77.000        -20.000        -5.7776E-4     -6.1672E-4     -0.0014562
75.000          -77.000        -20.000        -5.4398E-4     -6.5400E-4     -0.0014490
77.000          -77.000        -20.000        -5.0751E-4     -6.8766E-4     -0.0014375
79.000          -77.000        -20.000        -4.6892E-4     -7.1816E-4     -0.0014265
81.000          -77.000        -20.000        -4.2879E-4     -7.4511E-4     -0.0014118
83.000          -77.000        -20.000        -3.8733E-4     -7.6866E-4     -0.0013943
85.000          -77.000        -20.000        -3.4501E-4     -7.8878E-4     -0.0013768
87.000          -77.000        -20.000        -3.0221E-4     -8.0486E-4     -0.0013570
89.000          -77.000        -20.000        -2.5968E-4     -8.1732E-4     -0.0013350
91.000          -77.000        -20.000        -2.1714E-4     -8.2609E-4     -0.0013113
93.000          -77.000        -20.000        -1.7547E-4     -8.3105E-4     -0.0012868
95.000          -77.000        -20.000        -1.3471E-4     -8.3278E-4     -0.0012605
97.000          -77.000        -20.000        -9.5207E-5     -8.3100E-4     -0.0012330
99.000          -77.000        -20.000        -5.7167E-5     -8.2643E-4     -0.0012049
-99.000         -75.000        -20.000        -1.5350E-5     4.6327E-4      -3.7193E-4
-97.000         -75.000        -20.000        -2.2617E-5     4.7168E-4      -3.8441E-4
-95.000         -75.000        -20.000        -3.0065E-5     4.7984E-4      -3.9712E-4
-93.000         -75.000        -20.000        -3.7754E-5     4.8770E-4      -4.1042E-4
-91.000         -75.000        -20.000        -4.5684E-5     4.9521E-4      -4.2402E-4
-89.000         -75.000        -20.000        -5.3741E-5     5.0238E-4      -4.3785E-4
-87.000         -75.000        -20.000        -6.1878E-5     5.0927E-4      -4.5216E-4
-85.000         -75.000        -20.000        -7.0168E-5     5.1580E-4      -4.6698E-4
-83.000         -75.000        -20.000        -7.8437E-5     5.2202E-4      -4.8177E-4
-81.000         -75.000        -20.000        -8.6684E-5     5.2796E-4      -4.9725E-4
-79.000         -75.000        -20.000        -9.4947E-5     5.3359E-4      -5.1275E-4
-77.000         -75.000        -20.000        -1.0318E-4     5.3895E-4      -5.2866E-4
-75.000         -75.000        -20.000        -1.1125E-4     5.4425E-4      -5.4455E-4
-73.000         -75.000        -20.000        -1.1929E-4     5.4934E-4      -5.6060E-4
-71.000         -75.000        -20.000        -1.2734E-4     5.5434E-4      -5.7678E-4
-69.000         -75.000        -20.000        -1.3529E-4     5.5935E-4      -5.9305E-4
-67.000         -75.000        -20.000        -1.4314E-4     5.6431E-4      -6.0923E-4
-65.000         -75.000        -20.000        -1.5111E-4     5.6932E-4      -6.2569E-4
-63.000         -75.000        -20.000        -1.5915E-4     5.7446E-4      -6.4218E-4
-61.000         -75.000        -20.000        -1.6740E-4     5.7966E-4      -6.5822E-4
-59.000         -75.000        -20.000        -1.7582E-4     5.8506E-4      -6.7473E-4
-57.000         -75.000        -20.000        -1.8461E-4     5.9051E-4      -6.9101E-4
-55.000         -75.000        -20.000        -1.9382E-4     5.9608E-4      -7.0726E-4
-53.000         -75.000        -20.000        -2.0354E-4     6.0171E-4      -7.2340E-4
-51.000         -75.000        -20.000        -2.1394E-4     6.0729E-4      -7.3983E-4
-49.000         -75.000        -20.000        -2.2500E-4     6.1290E-4      -7.5625E-4
-47.000         -75.000        -20.000        -2.3676E-4     6.1824E-4      -7.7247E-4
-45.000         -75.000        -20.000        -2.4939E-4     6.2326E-4      -7.8890E-4
-43.000         -75.000        -20.000        -2.6285E-4     6.2785E-4      -8.0530E-4
-41.000         -75.000        -20.000        -2.7723E-4     6.3183E-4      -8.2213E-4
-39.000         -75.000        -20.000        -2.9249E-4     6.3512E-4      -8.3890E-4
-37.000         -75.000        -20.000        -3.0848E-4     6.3738E-4      -8.5583E-4
-35.000         -75.000        -20.000        -3.2537E-4     6.3870E-4      -8.7328E-4
-33.000         -75.000        -20.000        -3.4271E-4     6.3882E-4      -8.9096E-4
-31.000         -75.000        -20.000        -3.6084E-4     6.3758E-4      -9.0894E-4
-29.000         -75.000        -20.000        -3.7944E-4     6.3491E-4      -9.2685E-4
-27.000         -75.000        -20.000        -3.9822E-4     6.3062E-4      -9.4484E-4
-25.000         -75.000        -20.000        -4.1699E-4     6.2476E-4      -9.6357E-4
-23.000         -75.000        -20.000        -4.3571E-4     6.1729E-4      -9.8265E-4
-21.000         -75.000        -20.000        -4.5427E-4     6.0822E-4      -0.0010019
-19.000         -75.000        -20.000        -4.7230E-4     5.9745E-4      -0.0010211
-17.000         -75.000        -20.000        -4.8977E-4     5.8524E-4      -0.0010406
-15.000         -75.000        -20.000        -5.0625E-4     5.7136E-4      -0.0010596
-13.000         -75.000        -20.000        -5.2182E-4     5.5625E-4      -0.0010789
-11.000         -75.000        -20.000        -5.3631E-4     5.4001E-4      -0.0010984
-9.0000         -75.000        -20.000        -5.4975E-4     5.2271E-4      -0.0011182
-7.0000         -75.000        -20.000        -5.6179E-4     5.0461E-4      -0.0011367
-5.0000         -75.000        -20.000        -5.7248E-4     4.8587E-4      -0.0011551
-3.0000         -75.000        -20.000        -5.8199E-4     4.6677E-4      -0.0011739
-1.0000         -75.000        -20.000        -5.9003E-4     4.4748E-4      -0.0011917
1.0000          -75.000        -20.000        -5.9691E-4     4.2817E-4      -0.0012090
3.0000          -75.000        -20.000        -6.0296E-4     4.0909E-4      -0.0012258
5.0000          -75.000        -20.000        -6.0785E-4     3.9025E-4      -0.0012420
7.0000          -75.000        -20.000        -6.1213E-4     3.7194E-4      -0.0012578
9.0000          -75.000        -20.000        -6.1580E-4     3.5419E-4      -0.0012732
11.000          -75.000        -20.000        -6.1894E-4     3.3710E-4      -0.0012871
13.000          -75.000        -20.000        -6.2219E-4     3.2081E-4      -0.0013011
15.000          -75.000        -20.000        -6.2544E-4     3.0496E-4      -0.0013146
17.000          -75.000        -20.000        -6.2895E-4     2.8965E-4      -0.0013274
19.000          -75.000        -20.000        -6.3310E-4     2.7475E-4      -0.0013395
21.000          -75.000        -20.000        -6.3791E-4     2.6023E-4      -0.0013518
23.000          -75.000        -20.000        -6.4353E-4     2.4562E-4      -0.0013637
25.000          -75.000        -20.000        -6.5020E-4     2.3073E-4      -0.0013752
27.000          -75.000        -20.000        -6.5784E-4     2.1543E-4      -0.0013858
29.000          -75.000        -20.000        -6.6661E-4     1.9920E-4      -0.0013975
31.000          -75.000        -20.000        -6.7641E-4     1.8196E-4      -0.0014087
33.000          -75.000        -20.000        -6.8720E-4     1.6316E-4      -0.0014202
35.000          -75.000        -20.000        -6.9854E-4     1.4261E-4      -0.0014310
37.000          -75.000        -20.000        -7.1043E-4     1.2005E-4      -0.0014423
39.000          -75.000        -20.000        -7.2268E-4     9.5252E-5      -0.0014536
41.000          -75.000        -20.000        -7.3490E-4     6.7791E-5      -0.0014649
43.000          -75.000        -20.000        -7.4674E-4     3.7555E-5      -0.0014766
45.000          -75.000        -20.000        -7.5746E-4     4.6519E-6      -0.0014881
47.000          -75.000        -20.000        -7.6706E-4     -3.1109E-5     -0.0014992
49.000          -75.000        -20.000        -7.7479E-4     -6.9450E-5     -0.0015098
51.000          -75.000        -20.000        -7.8078E-4     -1.1070E-4     -0.0015204
53.000          -75.000        -20.000        -7.8390E-4     -1.5434E-4     -0.0015302
55.000          -75.000        -20.000        -7.8413E-4     -2.0005E-4     -0.0015396
57.000          -75.000        -20.000        -7.8098E-4     -2.4744E-4     -0.0015474
59.000          -75.000        -20.000        -7.7406E-4     -2.9620E-4     -0.0015543
61.000          -75.000        -20.000        -7.6361E-4     -3.4620E-4     -0.0015600
63.000          -75.000        -20.000        -7.4926E-4     -3.9615E-4     -0.0015635
65.000          -75.000        -20.000        -7.3085E-4     -4.4602E-4     -0.0015665
67.000          -75.000        -20.000        -7.0845E-4     -4.9534E-4     -0.0015674
69.000          -75.000        -20.000        -6.8161E-4     -5.4307E-4     -0.0015651
71.000          -75.000        -20.000        -6.5131E-4     -5.8932E-4     -0.0015608
73.000          -75.000        -20.000        -6.1783E-4     -6.3306E-4     -0.0015549
75.000          -75.000        -20.000        -5.8115E-4     -6.7393E-4     -0.0015467
77.000          -75.000        -20.000        -5.4141E-4     -7.1190E-4     -0.0015358
79.000          -75.000        -20.000        -4.9946E-4     -7.4574E-4     -0.0015230
81.000          -75.000        -20.000        -4.5581E-4     -7.7597E-4     -0.0015070
83.000          -75.000        -20.000        -4.1028E-4     -8.0255E-4     -0.0014890
85.000          -75.000        -20.000        -3.6416E-4     -8.2433E-4     -0.0014690
87.000          -75.000        -20.000        -3.1745E-4     -8.4230E-4     -0.0014469
89.000          -75.000        -20.000        -2.7064E-4     -8.5592E-4     -0.0014227
91.000          -75.000        -20.000        -2.2439E-4     -8.6550E-4     -0.0013969
93.000          -75.000        -20.000        -1.7894E-4     -8.7082E-4     -0.0013691
95.000          -75.000        -20.000        -1.3460E-4     -8.7245E-4     -0.0013403
97.000          -75.000        -20.000        -9.1664E-5     -8.7082E-4     -0.0013102
99.000          -75.000        -20.000        -5.0637E-5     -8.6513E-4     -0.0012785
-99.000         -73.000        -20.000        -6.3605E-6     4.8427E-4      -3.8235E-4
-97.000         -73.000        -20.000        -1.3834E-5     4.9347E-4      -3.9543E-4
-95.000         -73.000        -20.000        -2.1721E-5     5.0234E-4      -4.0916E-4
-93.000         -73.000        -20.000        -2.9694E-5     5.1103E-4      -4.2323E-4
-91.000         -73.000        -20.000        -3.7952E-5     5.1925E-4      -4.3783E-4
-89.000         -73.000        -20.000        -4.6419E-5     5.2706E-4      -4.5279E-4
-87.000         -73.000        -20.000        -5.4884E-5     5.3472E-4      -4.6806E-4
-85.000         -73.000        -20.000        -6.3470E-5     5.4182E-4      -4.8393E-4
-83.000         -73.000        -20.000        -7.2147E-5     5.4857E-4      -5.0012E-4
-81.000         -73.000        -20.000        -8.0662E-5     5.5506E-4      -5.1618E-4
-79.000         -73.000        -20.000        -8.9130E-5     5.6127E-4      -5.3291E-4
-77.000         -73.000        -20.000        -9.7665E-5     5.6717E-4      -5.5006E-4
-75.000         -73.000        -20.000        -1.0586E-4     5.7291E-4      -5.6694E-4
-73.000         -73.000        -20.000        -1.1400E-4     5.7853E-4      -5.8430E-4
-71.000         -73.000        -20.000        -1.2205E-4     5.8403E-4      -6.0172E-4
-69.000         -73.000        -20.000        -1.3003E-4     5.8944E-4      -6.1884E-4
-67.000         -73.000        -20.000        -1.3786E-4     5.9499E-4      -6.3643E-4
-65.000         -73.000        -20.000        -1.4570E-4     6.0065E-4      -6.5382E-4
-63.000         -73.000        -20.000        -1.5361E-4     6.0646E-4      -6.7132E-4
-61.000         -73.000        -20.000        -1.6166E-4     6.1240E-4      -6.8879E-4
-59.000         -73.000        -20.000        -1.7005E-4     6.1856E-4      -7.0577E-4
-57.000         -73.000        -20.000        -1.7857E-4     6.2503E-4      -7.2325E-4
-55.000         -73.000        -20.000        -1.8765E-4     6.3165E-4      -7.4036E-4
-53.000         -73.000        -20.000        -1.9732E-4     6.3839E-4      -7.5763E-4
-51.000         -73.000        -20.000        -2.0776E-4     6.4534E-4      -7.7474E-4
-49.000         -73.000        -20.000        -2.1890E-4     6.5213E-4      -7.9179E-4
-47.000         -73.000        -20.000        -2.3083E-4     6.5888E-4      -8.0931E-4
-45.000         -73.000        -20.000        -2.4382E-4     6.6538E-4      -8.2642E-4
-43.000         -73.000        -20.000        -2.5784E-4     6.7138E-4      -8.4397E-4
-41.000         -73.000        -20.000        -2.7296E-4     6.7699E-4      -8.6107E-4
-39.000         -73.000        -20.000        -2.8894E-4     6.8159E-4      -8.7928E-4
-37.000         -73.000        -20.000        -3.0597E-4     6.8535E-4      -8.9707E-4
-35.000         -73.000        -20.000        -3.2402E-4     6.8788E-4      -9.1540E-4
-33.000         -73.000        -20.000        -3.4290E-4     6.8930E-4      -9.3443E-4
-31.000         -73.000        -20.000        -3.6251E-4     6.8912E-4      -9.5275E-4
-29.000         -73.000        -20.000        -3.8240E-4     6.8721E-4      -9.7195E-4
-27.000         -73.000        -20.000        -4.0283E-4     6.8355E-4      -9.9177E-4
-25.000         -73.000        -20.000        -4.2347E-4     6.7820E-4      -0.0010115
-23.000         -73.000        -20.000        -4.4408E-4     6.7094E-4      -0.0010322
-21.000         -73.000        -20.000        -4.6434E-4     6.6188E-4      -0.0010531
-19.000         -73.000        -20.000        -4.8400E-4     6.5081E-4      -0.0010739
-17.000         -73.000        -20.000        -5.0299E-4     6.3801E-4      -0.0010947
-15.000         -73.000        -20.000        -5.2105E-4     6.2348E-4      -0.0011158
-13.000         -73.000        -20.000        -5.3813E-4     6.0770E-4      -0.0011371
-11.000         -73.000        -20.000        -5.5372E-4     5.9028E-4      -0.0011574
-9.0000         -73.000        -20.000        -5.6792E-4     5.7194E-4      -0.0011777
-7.0000         -73.000        -20.000        -5.8078E-4     5.5244E-4      -0.0011993
-5.0000         -73.000        -20.000        -5.9207E-4     5.3241E-4      -0.0012195
-3.0000         -73.000        -20.000        -6.0184E-4     5.1192E-4      -0.0012396
-1.0000         -73.000        -20.000        -6.1000E-4     4.9130E-4      -0.0012588
1.0000          -73.000        -20.000        -6.1689E-4     4.7079E-4      -0.0012771
3.0000          -73.000        -20.000        -6.2240E-4     4.5058E-4      -0.0012957
5.0000          -73.000        -20.000        -6.2688E-4     4.3083E-4      -0.0013131
7.0000          -73.000        -20.000        -6.3044E-4     4.1182E-4      -0.0013300
9.0000          -73.000        -20.000        -6.3324E-4     3.9358E-4      -0.0013457
11.000          -73.000        -20.000        -6.3589E-4     3.7612E-4      -0.0013612
13.000          -73.000        -20.000        -6.3831E-4     3.5976E-4      -0.0013763
15.000          -73.000        -20.000        -6.4082E-4     3.4415E-4      -0.0013905
17.000          -73.000        -20.000        -6.4366E-4     3.2939E-4      -0.0014034
19.000          -73.000        -20.000        -6.4738E-4     3.1507E-4      -0.0014165
21.000          -73.000        -20.000        -6.5199E-4     3.0138E-4      -0.0014294
23.000          -73.000        -20.000        -6.5771E-4     2.8780E-4      -0.0014417
25.000          -73.000        -20.000        -6.6466E-4     2.7427E-4      -0.0014537
27.000          -73.000        -20.000        -6.7311E-4     2.6006E-4      -0.0014658
29.000          -73.000        -20.000        -6.8290E-4     2.4519E-4      -0.0014771
31.000          -73.000        -20.000        -6.9389E-4     2.2894E-4      -0.0014893
33.000          -73.000        -20.000        -7.0623E-4     2.1126E-4      -0.0015011
35.000          -73.000        -20.000        -7.1972E-4     1.9144E-4      -0.0015132
37.000          -73.000        -20.000        -7.3412E-4     1.6935E-4      -0.0015253
39.000          -73.000        -20.000        -7.4891E-4     1.4462E-4      -0.0015378
41.000          -73.000        -20.000        -7.6381E-4     1.1697E-4      -0.0015501
43.000          -73.000        -20.000        -7.7856E-4     8.5994E-5      -0.0015629
45.000          -73.000        -20.000        -7.9262E-4     5.1781E-5      -0.0015758
47.000          -73.000        -20.000        -8.0537E-4     1.4177E-5      -0.0015888
49.000          -73.000        -20.000        -8.1630E-4     -2.6712E-5     -0.0016013
51.000          -73.000        -20.000        -8.2432E-4     -7.0513E-5     -0.0016125
53.000          -73.000        -20.000        -8.3044E-4     -1.1789E-4     -0.0016254
55.000          -73.000        -20.000        -8.3284E-4     -1.6762E-4     -0.0016364
57.000          -73.000        -20.000        -8.3154E-4     -2.1965E-4     -0.0016459
59.000          -73.000        -20.000        -8.2618E-4     -2.7330E-4     -0.0016541
61.000          -73.000        -20.000        -8.1595E-4     -3.2801E-4     -0.0016618
63.000          -73.000        -20.000        -8.0204E-4     -3.8361E-4     -0.0016679
65.000          -73.000        -20.000        -7.8314E-4     -4.3918E-4     -0.0016713
67.000          -73.000        -20.000        -7.5962E-4     -4.9391E-4     -0.0016726
69.000          -73.000        -20.000        -7.3126E-4     -5.4769E-4     -0.0016714
71.000          -73.000        -20.000        -6.9920E-4     -5.9911E-4     -0.0016682
73.000          -73.000        -20.000        -6.6301E-4     -6.4773E-4     -0.0016623
75.000          -73.000        -20.000        -6.2263E-4     -6.9364E-4     -0.0016537
77.000          -73.000        -20.000        -5.7960E-4     -7.3558E-4     -0.0016424
79.000          -73.000        -20.000        -5.3362E-4     -7.7358E-4     -0.0016280
81.000          -73.000        -20.000        -4.8572E-4     -8.0751E-4     -0.0016106
83.000          -73.000        -20.000        -4.3592E-4     -8.3676E-4     -0.0015914
85.000          -73.000        -20.000        -3.8521E-4     -8.6107E-4     -0.0015693
87.000          -73.000        -20.000        -3.3429E-4     -8.8094E-4     -0.0015452
89.000          -73.000        -20.000        -2.8277E-4     -8.9609E-4     -0.0015182
91.000          -73.000        -20.000        -2.3206E-4     -9.0657E-4     -0.0014888
93.000          -73.000        -20.000        -1.8242E-4     -9.1252E-4     -0.0014588
95.000          -73.000        -20.000        -1.3417E-4     -9.1408E-4     -0.0014266
97.000          -73.000        -20.000        -8.7359E-5     -9.1160E-4     -0.0013928
99.000          -73.000        -20.000        -4.3350E-5     -9.0567E-4     -0.0013592
-99.000         -71.000        -20.000        3.4186E-6      5.0664E-4      -3.9306E-4
-97.000         -71.000        -20.000        -4.2942E-6     5.1677E-4      -4.0714E-4
-95.000         -71.000        -20.000        -1.2489E-5     5.2653E-4      -4.2179E-4
-93.000         -71.000        -20.000        -2.0855E-5     5.3599E-4      -4.3648E-4
-91.000         -71.000        -20.000        -2.9496E-5     5.4513E-4      -4.5238E-4
-89.000         -71.000        -20.000        -3.8296E-5     5.5374E-4      -4.6838E-4
-87.000         -71.000        -20.000        -4.7300E-5     5.6193E-4      -4.8479E-4
-85.000         -71.000        -20.000        -5.6170E-5     5.6987E-4      -5.0162E-4
-83.000         -71.000        -20.000        -6.5126E-5     5.7727E-4      -5.1893E-4
-81.000         -71.000        -20.000        -7.4171E-5     5.8418E-4      -5.3629E-4
-79.000         -71.000        -20.000        -8.2858E-5     5.9112E-4      -5.5461E-4
-77.000         -71.000        -20.000        -9.1455E-5     5.9757E-4      -5.7224E-4
-75.000         -71.000        -20.000        -1.0001E-4     6.0368E-4      -5.9088E-4
-73.000         -71.000        -20.000        -1.0824E-4     6.0982E-4      -6.0957E-4
-71.000         -71.000        -20.000        -1.1632E-4     6.1580E-4      -6.2795E-4
-69.000         -71.000        -20.000        -1.2421E-4     6.2177E-4      -6.4647E-4
-67.000         -71.000        -20.000        -1.3199E-4     6.2787E-4      -6.6545E-4
-65.000         -71.000        -20.000        -1.3969E-4     6.3412E-4      -6.8444E-4
-63.000         -71.000        -20.000        -1.4733E-4     6.4052E-4      -7.0293E-4
-61.000         -71.000        -20.000        -1.5515E-4     6.4746E-4      -7.2141E-4
-59.000         -71.000        -20.000        -1.6317E-4     6.5456E-4      -7.3965E-4
-57.000         -71.000        -20.000        -1.7153E-4     6.6201E-4      -7.5799E-4
-55.000         -71.000        -20.000        -1.8048E-4     6.6974E-4      -7.7662E-4
-53.000         -71.000        -20.000        -1.8982E-4     6.7785E-4      -7.9471E-4
-51.000         -71.000        -20.000        -2.0005E-4     6.8605E-4      -8.1277E-4
-49.000         -71.000        -20.000        -2.1125E-4     6.9445E-4      -8.3069E-4
-47.000         -71.000        -20.000        -2.2331E-4     7.0285E-4      -8.4907E-4
-45.000         -71.000        -20.000        -2.3691E-4     7.1099E-4      -8.6697E-4
-43.000         -71.000        -20.000        -2.5117E-4     7.1868E-4      -8.8524E-4
-41.000         -71.000        -20.000        -2.6694E-4     7.2588E-4      -9.0379E-4
-39.000         -71.000        -20.000        -2.8387E-4     7.3239E-4      -9.2267E-4
-37.000         -71.000        -20.000        -3.0201E-4     7.3787E-4      -9.4183E-4
-35.000         -71.000        -20.000        -3.2148E-4     7.4196E-4      -9.6088E-4
-33.000         -71.000        -20.000        -3.4166E-4     7.4447E-4      -9.8084E-4
-31.000         -71.000        -20.000        -3.6280E-4     7.4551E-4      -0.0010009
-29.000         -71.000        -20.000        -3.8473E-4     7.4487E-4      -0.0010216
-27.000         -71.000        -20.000        -4.0701E-4     7.4223E-4      -0.0010423
-25.000         -71.000        -20.000        -4.2963E-4     7.3734E-4      -0.0010631
-23.000         -71.000        -20.000        -4.5219E-4     7.3032E-4      -0.0010858
-21.000         -71.000        -20.000        -4.7441E-4     7.2119E-4      -0.0011080
-19.000         -71.000        -20.000        -4.9608E-4     7.1002E-4      -0.0011299
-17.000         -71.000        -20.000        -5.1704E-4     6.9671E-4      -0.0011536
-15.000         -71.000        -20.000        -5.3656E-4     6.8163E-4      -0.0011762
-13.000         -71.000        -20.000        -5.5530E-4     6.6470E-4      -0.0011989
-11.000         -71.000        -20.000        -5.7232E-4     6.4595E-4      -0.0012215
-9.0000         -71.000        -20.000        -5.8765E-4     6.2619E-4      -0.0012437
-7.0000         -71.000        -20.000        -6.0129E-4     6.0535E-4      -0.0012662
-5.0000         -71.000        -20.000        -6.1273E-4     5.8397E-4      -0.0012887
-3.0000         -71.000        -20.000        -6.2317E-4     5.6191E-4      -0.0013103
-1.0000         -71.000        -20.000        -6.3136E-4     5.3971E-4      -0.0013314
1.0000          -71.000        -20.000        -6.3788E-4     5.1789E-4      -0.0013515
3.0000          -71.000        -20.000        -6.4300E-4     4.9637E-4      -0.0013713
5.0000          -71.000        -20.000        -6.4677E-4     4.7533E-4      -0.0013903
7.0000          -71.000        -20.000        -6.4942E-4     4.5575E-4      -0.0014080
9.0000          -71.000        -20.000        -6.5135E-4     4.3689E-4      -0.0014248
11.000          -71.000        -20.000        -6.5286E-4     4.1921E-4      -0.0014415
13.000          -71.000        -20.000        -6.5408E-4     4.0264E-4      -0.0014571
15.000          -71.000        -20.000        -6.5583E-4     3.8731E-4      -0.0014721
17.000          -71.000        -20.000        -6.5783E-4     3.7327E-4      -0.0014861
19.000          -71.000        -20.000        -6.6082E-4     3.5994E-4      -0.0014998
21.000          -71.000        -20.000        -6.6497E-4     3.4735E-4      -0.0015128
23.000          -71.000        -20.000        -6.7055E-4     3.3523E-4      -0.0015256
25.000          -71.000        -20.000        -6.7803E-4     3.2311E-4      -0.0015376
27.000          -71.000        -20.000        -6.8669E-4     3.1056E-4      -0.0015509
29.000          -71.000        -20.000        -6.9752E-4     2.9725E-4      -0.0015625
31.000          -71.000        -20.000        -7.1001E-4     2.8270E-4      -0.0015755
33.000          -71.000        -20.000        -7.2426E-4     2.6650E-4      -0.0015886
35.000          -71.000        -20.000        -7.4016E-4     2.4816E-4      -0.0016012
37.000          -71.000        -20.000        -7.5720E-4     2.2677E-4      -0.0016140
39.000          -71.000        -20.000        -7.7504E-4     2.0243E-4      -0.0016283
41.000          -71.000        -20.000        -7.9337E-4     1.7466E-4      -0.0016426
43.000          -71.000        -20.000        -8.1159E-4     1.4335E-4      -0.0016573
45.000          -71.000        -20.000        -8.2937E-4     1.0817E-4      -0.0016714
47.000          -71.000        -20.000        -8.4572E-4     6.8815E-5      -0.0016856
49.000          -71.000        -20.000        -8.6004E-4     2.5351E-5      -0.0017003
51.000          -71.000        -20.000        -8.7198E-4     -2.2105E-5     -0.0017144
53.000          -71.000        -20.000        -8.8087E-4     -7.3095E-5     -0.0017285
55.000          -71.000        -20.000        -8.8561E-4     -1.2683E-4     -0.0017404
57.000          -71.000        -20.000        -8.8719E-4     -1.8351E-4     -0.0017532
59.000          -71.000        -20.000        -8.8325E-4     -2.4297E-4     -0.0017639
61.000          -71.000        -20.000        -8.7454E-4     -3.0402E-4     -0.0017726
63.000          -71.000        -20.000        -8.6105E-4     -3.6605E-4     -0.0017812
65.000          -71.000        -20.000        -8.4090E-4     -4.2751E-4     -0.0017861
67.000          -71.000        -20.000        -8.1699E-4     -4.8834E-4     -0.0017882
69.000          -71.000        -20.000        -7.8705E-4     -5.4814E-4     -0.0017887
71.000          -71.000        -20.000        -7.5242E-4     -6.0587E-4     -0.0017849
73.000          -71.000        -20.000        -7.1280E-4     -6.6042E-4     -0.0017793
75.000          -71.000        -20.000        -6.6909E-4     -7.1213E-4     -0.0017710
77.000          -71.000        -20.000        -6.2227E-4     -7.5915E-4     -0.0017592
79.000          -71.000        -20.000        -5.7159E-4     -8.0173E-4     -0.0017433
81.000          -71.000        -20.000        -5.1877E-4     -8.3991E-4     -0.0017251
83.000          -71.000        -20.000        -4.6442E-4     -8.7235E-4     -0.0017039
85.000          -71.000        -20.000        -4.0859E-4     -8.9962E-4     -0.0016796
87.000          -71.000        -20.000        -3.5254E-4     -9.2154E-4     -0.0016523
89.000          -71.000        -20.000        -2.9609E-4     -9.3823E-4     -0.0016230
91.000          -71.000        -20.000        -2.4058E-4     -9.4963E-4     -0.0015911
93.000          -71.000        -20.000        -1.8624E-4     -9.5597E-4     -0.0015569
95.000          -71.000        -20.000        -1.3376E-4     -9.5776E-4     -0.0015220
97.000          -71.000        -20.000        -8.2993E-5     -9.5489E-4     -0.0014849
99.000          -71.000        -20.000        -3.5010E-5     -9.4816E-4     -0.0014463
-99.000         -69.000        -20.000        1.4228E-5      5.3043E-4      -4.0439E-4
-97.000         -69.000        -20.000        6.1499E-6      5.4168E-4      -4.1930E-4
-95.000         -69.000        -20.000        -2.3742E-6     5.5250E-4      -4.3484E-4
-93.000         -69.000        -20.000        -1.1202E-5     5.6277E-4      -4.5096E-4
-91.000         -69.000        -20.000        -2.0198E-5     5.7287E-4      -4.6749E-4
-89.000         -69.000        -20.000        -2.9422E-5     5.8244E-4      -4.8464E-4
-87.000         -69.000        -20.000        -3.8680E-5     5.9141E-4      -5.0237E-4
-85.000         -69.000        -20.000        -4.8215E-5     6.0001E-4      -5.2027E-4
-83.000         -69.000        -20.000        -5.7563E-5     6.0823E-4      -5.3889E-4
-81.000         -69.000        -20.000        -6.6725E-5     6.1583E-4      -5.5797E-4
-79.000         -69.000        -20.000        -7.6004E-5     6.2319E-4      -5.7717E-4
-77.000         -69.000        -20.000        -8.4843E-5     6.3029E-4      -5.9641E-4
-75.000         -69.000        -20.000        -9.3548E-5     6.3703E-4      -6.1653E-4
-73.000         -69.000        -20.000        -1.0199E-4     6.4349E-4      -6.3634E-4
-71.000         -69.000        -20.000        -1.1006E-4     6.5016E-4      -6.5640E-4
-69.000         -69.000        -20.000        -1.1785E-4     6.5666E-4      -6.7650E-4
-67.000         -69.000        -20.000        -1.2545E-4     6.6339E-4      -6.9669E-4
-65.000         -69.000        -20.000        -1.3288E-4     6.7035E-4      -7.1674E-4
-63.000         -69.000        -20.000        -1.4034E-4     6.7751E-4      -7.3642E-4
-61.000         -69.000        -20.000        -1.4777E-4     6.8520E-4      -7.5627E-4
-59.000         -69.000        -20.000        -1.5535E-4     6.9334E-4      -7.7627E-4
-57.000         -69.000        -20.000        -1.6330E-4     7.0193E-4      -7.9555E-4
-55.000         -69.000        -20.000        -1.7174E-4     7.1098E-4      -8.1491E-4
-53.000         -69.000        -20.000        -1.8089E-4     7.2049E-4      -8.3344E-4
-51.000         -69.000        -20.000        -1.9089E-4     7.3036E-4      -8.5314E-4
-49.000         -69.000        -20.000        -2.0195E-4     7.4050E-4      -8.7216E-4
-47.000         -69.000        -20.000        -2.1419E-4     7.5073E-4      -8.9120E-4
-45.000         -69.000        -20.000        -2.2778E-4     7.6080E-4      -9.1013E-4
-43.000         -69.000        -20.000        -2.4260E-4     7.7063E-4      -9.2879E-4
-41.000         -69.000        -20.000        -2.5903E-4     7.7987E-4      -9.4854E-4
-39.000         -69.000        -20.000        -2.7696E-4     7.8841E-4      -9.6845E-4
-37.000         -69.000        -20.000        -2.9628E-4     7.9590E-4      -9.8804E-4
-35.000         -69.000        -20.000        -3.1697E-4     8.0185E-4      -0.0010088
-33.000         -69.000        -20.000        -3.3881E-4     8.0626E-4      -0.0010295
-31.000         -69.000        -20.000        -3.6190E-4     8.0892E-4      -0.0010509
-29.000         -69.000        -20.000        -3.8591E-4     8.0947E-4      -0.0010729
-27.000         -69.000        -20.000        -4.1053E-4     8.0781E-4      -0.0010955
-25.000         -69.000        -20.000        -4.3525E-4     8.0367E-4      -0.0011185
-23.000         -69.000        -20.000        -4.5989E-4     7.9726E-4      -0.0011415
-21.000         -69.000        -20.000        -4.8460E-4     7.8817E-4      -0.0011658
-19.000         -69.000        -20.000        -5.0860E-4     7.7674E-4      -0.0011907
-17.000         -69.000        -20.000        -5.3184E-4     7.6290E-4      -0.0012150
-15.000         -69.000        -20.000        -5.5339E-4     7.4679E-4      -0.0012394
-13.000         -69.000        -20.000        -5.7359E-4     7.2872E-4      -0.0012649
-11.000         -69.000        -20.000        -5.9217E-4     7.0878E-4      -0.0012898
-9.0000         -69.000        -20.000        -6.0888E-4     6.8736E-4      -0.0013147
-7.0000         -69.000        -20.000        -6.2341E-4     6.6477E-4      -0.0013389
-5.0000         -69.000        -20.000        -6.3591E-4     6.4144E-4      -0.0013633
-3.0000         -69.000        -20.000        -6.4621E-4     6.1767E-4      -0.0013866
-1.0000         -69.000        -20.000        -6.5428E-4     5.9378E-4      -0.0014102
1.0000          -69.000        -20.000        -6.6040E-4     5.7010E-4      -0.0014316
3.0000          -69.000        -20.000        -6.6476E-4     5.4707E-4      -0.0014529
5.0000          -69.000        -20.000        -6.6760E-4     5.2503E-4      -0.0014729
7.0000          -69.000        -20.000        -6.6933E-4     5.0416E-4      -0.0014916
9.0000          -69.000        -20.000        -6.6991E-4     4.8460E-4      -0.0015104
11.000          -69.000        -20.000        -6.6987E-4     4.6669E-4      -0.0015284
13.000          -69.000        -20.000        -6.6981E-4     4.5032E-4      -0.0015446
15.000          -69.000        -20.000        -6.7018E-4     4.3546E-4      -0.0015603
17.000          -69.000        -20.000        -6.7105E-4     4.2209E-4      -0.0015749
19.000          -69.000        -20.000        -6.7306E-4     4.1003E-4      -0.0015894
21.000          -69.000        -20.000        -6.7653E-4     3.9907E-4      -0.0016030
23.000          -69.000        -20.000        -6.8166E-4     3.8870E-4      -0.0016151
25.000          -69.000        -20.000        -6.8906E-4     3.7851E-4      -0.0016287
27.000          -69.000        -20.000        -6.9835E-4     3.6825E-4      -0.0016417
29.000          -69.000        -20.000        -7.1021E-4     3.5722E-4      -0.0016542
31.000          -69.000        -20.000        -7.2439E-4     3.4499E-4      -0.0016680
33.000          -69.000        -20.000        -7.4071E-4     3.3073E-4      -0.0016811
35.000          -69.000        -20.000        -7.5915E-4     3.1402E-4      -0.0016942
37.000          -69.000        -20.000        -7.7903E-4     2.9427E-4      -0.0017092
39.000          -69.000        -20.000        -8.0057E-4     2.7104E-4      -0.0017243
41.000          -69.000        -20.000        -8.2297E-4     2.4386E-4      -0.0017403
43.000          -69.000        -20.000        -8.4542E-4     2.1213E-4      -0.0017561
45.000          -69.000        -20.000        -8.6709E-4     1.7588E-4      -0.0017722
47.000          -69.000        -20.000        -8.8773E-4     1.3491E-4      -0.0017888
49.000          -69.000        -20.000        -9.0663E-4     8.9077E-5      -0.0018059
51.000          -69.000        -20.000        -9.2322E-4     3.8432E-5      -0.0018221
53.000          -69.000        -20.000        -9.3587E-4     -1.6707E-5     -0.0018386
55.000          -69.000        -20.000        -9.4426E-4     -7.5644E-5     -0.0018540
57.000          -69.000        -20.000        -9.4788E-4     -1.3794E-4     -0.0018691
59.000          -69.000        -20.000        -9.4645E-4     -2.0341E-4     -0.0018826
61.000          -69.000        -20.000        -9.3941E-4     -2.7111E-4     -0.0018940
63.000          -69.000        -20.000        -9.2621E-4     -3.3988E-4     -0.0019033
65.000          -69.000        -20.000        -9.0685E-4     -4.0880E-4     -0.0019109
67.000          -69.000        -20.000        -8.8139E-4     -4.7714E-4     -0.0019148
69.000          -69.000        -20.000        -8.4968E-4     -5.4456E-4     -0.0019158
71.000          -69.000        -20.000        -8.1212E-4     -6.0930E-4     -0.0019147
73.000          -69.000        -20.000        -7.6904E-4     -6.7115E-4     -0.0019087
75.000          -69.000        -20.000        -7.2150E-4     -7.2863E-4     -0.0018993
77.000          -69.000        -20.000        -6.7002E-4     -7.8177E-4     -0.0018873
79.000          -69.000        -20.000        -6.1426E-4     -8.3002E-4     -0.0018706
81.000          -69.000        -20.000        -5.5589E-4     -8.7186E-4     -0.0018499
83.000          -69.000        -20.000        -4.9609E-4     -9.0865E-4     -0.0018276
85.000          -69.000        -20.000        -4.3456E-4     -9.3944E-4     -0.0018001
87.000          -69.000        -20.000        -3.7220E-4     -9.6351E-4     -0.0017702
89.000          -69.000        -20.000        -3.1094E-4     -9.8216E-4     -0.0017379
91.000          -69.000        -20.000        -2.5000E-4     -9.9478E-4     -0.0017023
93.000          -69.000        -20.000        -1.9039E-4     -0.0010017     -0.0016645
95.000          -69.000        -20.000        -1.3308E-4     -0.0010034     -0.0016256
97.000          -69.000        -20.000        -7.7819E-5     -0.0010000     -0.0015839
99.000          -69.000        -20.000        -2.5414E-5     -9.9222E-4     -0.0015409
-99.000         -67.000        -20.000        2.6124E-5      5.5594E-4      -4.1585E-4
-97.000         -67.000        -20.000        1.7638E-5      5.6828E-4      -4.3168E-4
-95.000         -67.000        -20.000        8.8039E-6      5.8039E-4      -4.4844E-4
-93.000         -67.000        -20.000        -4.6262E-7     5.9176E-4      -4.6546E-4
-91.000         -67.000        -20.000        -9.9944E-6     6.0274E-4      -4.8303E-4
-89.000         -67.000        -20.000        -1.9675E-5     6.1338E-4      -5.0153E-4
-87.000         -67.000        -20.000        -2.9468E-5     6.2337E-4      -5.2059E-4
-85.000         -67.000        -20.000        -3.9462E-5     6.3264E-4      -5.3995E-4
-83.000         -67.000        -20.000        -4.9292E-5     6.4163E-4      -5.5990E-4
-81.000         -67.000        -20.000        -5.8989E-5     6.5013E-4      -5.8056E-4
-79.000         -67.000        -20.000        -6.8544E-5     6.5803E-4      -6.0129E-4
-77.000         -67.000        -20.000        -7.7793E-5     6.6570E-4      -6.2236E-4
-75.000         -67.000        -20.000        -8.6631E-5     6.7300E-4      -6.4369E-4
-73.000         -67.000        -20.000        -9.5158E-5     6.8008E-4      -6.6530E-4
-71.000         -67.000        -20.000        -1.0336E-4     6.8706E-4      -6.8645E-4
-69.000         -67.000        -20.000        -1.1094E-4     6.9422E-4      -7.0843E-4
-67.000         -67.000        -20.000        -1.1843E-4     7.0141E-4      -7.3018E-4
-65.000         -67.000        -20.000        -1.2554E-4     7.0905E-4      -7.5152E-4
-63.000         -67.000        -20.000        -1.3248E-4     7.1701E-4      -7.7305E-4
-61.000         -67.000        -20.000        -1.3935E-4     7.2562E-4      -7.9401E-4
-59.000         -67.000        -20.000        -1.4642E-4     7.3490E-4      -8.1454E-4
-57.000         -67.000        -20.000        -1.5385E-4     7.4475E-4      -8.3525E-4
-55.000         -67.000        -20.000        -1.6172E-4     7.5514E-4      -8.5621E-4
-53.000         -67.000        -20.000        -1.7036E-4     7.6616E-4      -8.7606E-4
-51.000         -67.000        -20.000        -1.7994E-4     7.7791E-4      -8.9677E-4
-49.000         -67.000        -20.000        -1.9069E-4     7.9005E-4      -9.1618E-4
-47.000         -67.000        -20.000        -2.0287E-4     8.0231E-4      -9.3592E-4
-45.000         -67.000        -20.000        -2.1658E-4     8.1471E-4      -9.5587E-4
-43.000         -67.000        -20.000        -2.3194E-4     8.2673E-4      -9.7636E-4
-41.000         -67.000        -20.000        -2.4889E-4     8.3845E-4      -9.9594E-4
-39.000         -67.000        -20.000        -2.6771E-4     8.4961E-4      -0.0010172
-37.000         -67.000        -20.000        -2.8831E-4     8.5923E-4      -0.0010376
-35.000         -67.000        -20.000        -3.1064E-4     8.6742E-4      -0.0010589
-33.000         -67.000        -20.000        -3.3445E-4     8.7392E-4      -0.0010814
-31.000         -67.000        -20.000        -3.5960E-4     8.7853E-4      -0.0011048
-29.000         -67.000        -20.000        -3.8561E-4     8.8069E-4      -0.0011276
-27.000         -67.000        -20.000        -4.1262E-4     8.8021E-4      -0.0011514
-25.000         -67.000        -20.000        -4.4008E-4     8.7698E-4      -0.0011763
-23.000         -67.000        -20.000        -4.6771E-4     8.7121E-4      -0.0012022
-21.000         -67.000        -20.000        -4.9493E-4     8.6233E-4      -0.0012278
-19.000         -67.000        -20.000        -5.2142E-4     8.5073E-4      -0.0012543
-17.000         -67.000        -20.000        -5.4694E-4     8.3614E-4      -0.0012810
-15.000         -67.000        -20.000        -5.7103E-4     8.1912E-4      -0.0013076
-13.000         -67.000        -20.000        -5.9346E-4     7.9977E-4      -0.0013356
-11.000         -67.000        -20.000        -6.1389E-4     7.7844E-4      -0.0013627
-9.0000         -67.000        -20.000        -6.3180E-4     7.5513E-4      -0.0013900
-7.0000         -67.000        -20.000        -6.4742E-4     7.3057E-4      -0.0014165
-5.0000         -67.000        -20.000        -6.6051E-4     7.0529E-4      -0.0014437
-3.0000         -67.000        -20.000        -6.7100E-4     6.7931E-4      -0.0014684
-1.0000         -67.000        -20.000        -6.7915E-4     6.5330E-4      -0.0014938
1.0000          -67.000        -20.000        -6.8484E-4     6.2758E-4      -0.0015175
3.0000          -67.000        -20.000        -6.8824E-4     6.0284E-4      -0.0015407
5.0000          -67.000        -20.000        -6.8981E-4     5.7934E-4      -0.0015620
7.0000          -67.000        -20.000        -6.8994E-4     5.5730E-4      -0.0015837
9.0000          -67.000        -20.000        -6.8886E-4     5.3692E-4      -0.0016027
11.000          -67.000        -20.000        -6.8723E-4     5.1850E-4      -0.0016218
13.000          -67.000        -20.000        -6.8535E-4     5.0240E-4      -0.0016384
15.000          -67.000        -20.000        -6.8386E-4     4.8822E-4      -0.0016553
17.000          -67.000        -20.000        -6.8312E-4     4.7567E-4      -0.0016702
19.000          -67.000        -20.000        -6.8358E-4     4.6511E-4      -0.0016846
21.000          -67.000        -20.000        -6.8597E-4     4.5618E-4      -0.0016993
23.000          -67.000        -20.000        -6.9066E-4     4.4817E-4      -0.0017128
25.000          -67.000        -20.000        -6.9780E-4     4.4070E-4      -0.0017259
27.000          -67.000        -20.000        -7.0771E-4     4.3298E-4      -0.0017393
29.000          -67.000        -20.000        -7.2032E-4     4.2472E-4      -0.0017517
31.000          -67.000        -20.000        -7.3602E-4     4.1554E-4      -0.0017647
33.000          -67.000        -20.000        -7.5476E-4     4.0376E-4      -0.0017790
35.000          -67.000        -20.000        -7.7606E-4     3.8949E-4      -0.0017936
37.000          -67.000        -20.000        -7.9984E-4     3.7195E-4      -0.0018090
39.000          -67.000        -20.000        -8.2532E-4     3.5040E-4      -0.0018259
41.000          -67.000        -20.000        -8.5180E-4     3.2422E-4      -0.0018427
43.000          -67.000        -20.000        -8.7928E-4     2.9251E-4      -0.0018597
45.000          -67.000        -20.000        -9.0651E-4     2.5539E-4      -0.0018791
47.000          -67.000        -20.000        -9.3260E-4     2.1279E-4      -0.0018986
49.000          -67.000        -20.000        -9.5689E-4     1.6506E-4      -0.0019186
51.000          -67.000        -20.000        -9.7776E-4     1.1074E-4      -0.0019384
53.000          -67.000        -20.000        -9.9521E-4     5.0965E-5      -0.0019563
55.000          -67.000        -20.000        -0.0010079     -1.3279E-5     -0.0019754
57.000          -67.000        -20.000        -0.0010154     -8.1680E-5     -0.0019942
59.000          -67.000        -20.000        -0.0010172     -1.5403E-4     -0.0020102
61.000          -67.000        -20.000        -0.0010117     -2.2938E-4     -0.0020236
63.000          -67.000        -20.000        -9.9921E-4     -3.0602E-4     -0.0020363
65.000          -67.000        -20.000        -9.7972E-4     -3.8335E-4     -0.0020456
67.000          -67.000        -20.000        -9.5349E-4     -4.6036E-4     -0.0020537
69.000          -67.000        -20.000        -9.1958E-4     -5.3514E-4     -0.0020562
71.000          -67.000        -20.000        -8.7943E-4     -6.0866E-4     -0.0020545
73.000          -67.000        -20.000        -8.3274E-4     -6.7822E-4     -0.0020513
75.000          -67.000        -20.000        -7.8042E-4     -7.4255E-4     -0.0020413
77.000          -67.000        -20.000        -7.2377E-4     -8.0320E-4     -0.0020279
79.000          -67.000        -20.000        -6.6219E-4     -8.5734E-4     -0.0020104
81.000          -67.000        -20.000        -5.9818E-4     -9.0452E-4     -0.0019895
83.000          -67.000        -20.000        -5.3156E-4     -9.4543E-4     -0.0019631
85.000          -67.000        -20.000        -4.6339E-4     -9.8025E-4     -0.0019312
87.000          -67.000        -20.000        -3.9488E-4     -0.0010074     -0.0018993
89.000          -67.000        -20.000        -3.2723E-4     -0.0010278     -0.0018636
91.000          -67.000        -20.000        -2.6004E-4     -0.0010419     -0.0018242
93.000          -67.000        -20.000        -1.9477E-4     -0.0010494     -0.0017826
95.000          -67.000        -20.000        -1.3215E-4     -0.0010511     -0.0017381
97.000          -67.000        -20.000        -7.1927E-5     -0.0010469     -0.0016918
99.000          -67.000        -20.000        -1.4806E-5     -0.0010378     -0.0016442
-99.000         -65.000        -20.000        3.9327E-5      5.8339E-4      -4.2766E-4
-97.000         -65.000        -20.000        3.0465E-5      5.9703E-4      -4.4460E-4
-95.000         -65.000        -20.000        2.1151E-5      6.1025E-4      -4.6223E-4
-93.000         -65.000        -20.000        1.1474E-5      6.2303E-4      -4.8055E-4
-91.000         -65.000        -20.000        1.3647E-6      6.3521E-4      -4.9965E-4
-89.000         -65.000        -20.000        -8.9153E-6     6.4684E-4      -5.1931E-4
-87.000         -65.000        -20.000        -1.9260E-5     6.5797E-4      -5.3977E-4
-85.000         -65.000        -20.000        -2.9788E-5     6.6822E-4      -5.6088E-4
-83.000         -65.000        -20.000        -4.0205E-5     6.7816E-4      -5.8191E-4
-81.000         -65.000        -20.000        -5.0444E-5     6.8739E-4      -6.0455E-4
-79.000         -65.000        -20.000        -6.0428E-5     6.9601E-4      -6.2689E-4
-77.000         -65.000        -20.000        -7.0014E-5     7.0429E-4      -6.4943E-4
-75.000         -65.000        -20.000        -7.9191E-5     7.1215E-4      -6.7275E-4
-73.000         -65.000        -20.000        -8.7840E-5     7.1981E-4      -6.9620E-4
-71.000         -65.000        -20.000        -9.5997E-5     7.2726E-4      -7.1954E-4
-69.000         -65.000        -20.000        -1.0359E-4     7.3496E-4      -7.4279E-4
-67.000         -65.000        -20.000        -1.1067E-4     7.4292E-4      -7.6670E-4
-65.000         -65.000        -20.000        -1.1732E-4     7.5109E-4      -7.8906E-4
-63.000         -65.000        -20.000        -1.2372E-4     7.6001E-4      -8.1240E-4
-61.000         -65.000        -20.000        -1.3001E-4     7.6947E-4      -8.3503E-4
-59.000         -65.000        -20.000        -1.3636E-4     7.7974E-4      -8.5746E-4
-57.000         -65.000        -20.000        -1.4305E-4     7.9079E-4      -8.7931E-4
-55.000         -65.000        -20.000        -1.5022E-4     8.0283E-4      -9.0079E-4
-53.000         -65.000        -20.000        -1.5800E-4     8.1583E-4      -9.2242E-4
-51.000         -65.000        -20.000        -1.6700E-4     8.2945E-4      -9.4323E-4
-49.000         -65.000        -20.000        -1.7734E-4     8.4384E-4      -9.6439E-4
-47.000         -65.000        -20.000        -1.8925E-4     8.5868E-4      -9.8467E-4
-45.000         -65.000        -20.000        -2.0305E-4     8.7362E-4      -0.0010058
-43.000         -65.000        -20.000        -2.1849E-4     8.8861E-4      -0.0010270
-41.000         -65.000        -20.000        -2.3624E-4     9.0307E-4      -0.0010479
-39.000         -65.000        -20.000        -2.5600E-4     9.1685E-4      -0.0010693
-37.000         -65.000        -20.000        -2.7786E-4     9.2941E-4      -0.0010913
-35.000         -65.000        -20.000        -3.0195E-4     9.4057E-4      -0.0011143
-33.000         -65.000        -20.000        -3.2766E-4     9.4954E-4      -0.0011378
-31.000         -65.000        -20.000        -3.5515E-4     9.5630E-4      -0.0011614
-29.000         -65.000        -20.000        -3.8389E-4     9.6043E-4      -0.0011860
-27.000         -65.000        -20.000        -4.1350E-4     9.6186E-4      -0.0012115
-25.000         -65.000        -20.000        -4.4408E-4     9.5987E-4      -0.0012387
-23.000         -65.000        -20.000        -4.7491E-4     9.5476E-4      -0.0012664
-21.000         -65.000        -20.000        -5.0516E-4     9.4607E-4      -0.0012943
-19.000         -65.000        -20.000        -5.3472E-4     9.3422E-4      -0.0013233
-17.000         -65.000        -20.000        -5.6313E-4     9.1930E-4      -0.0013517
-15.000         -65.000        -20.000        -5.8992E-4     9.0128E-4      -0.0013828
-13.000         -65.000        -20.000        -6.1490E-4     8.8031E-4      -0.0014115
-11.000         -65.000        -20.000        -6.3715E-4     8.5692E-4      -0.0014423
-9.0000         -65.000        -20.000        -6.5680E-4     8.3165E-4      -0.0014710
-7.0000         -65.000        -20.000        -6.7372E-4     8.0470E-4      -0.0015012
-5.0000         -65.000        -20.000        -6.8727E-4     7.7686E-4      -0.0015302
-3.0000         -65.000        -20.000        -6.9835E-4     7.4841E-4      -0.0015577
-1.0000         -65.000        -20.000        -7.0606E-4     7.1996E-4      -0.0015848
1.0000          -65.000        -20.000        -7.1110E-4     6.9203E-4      -0.0016115
3.0000          -65.000        -20.000        -7.1358E-4     6.6502E-4      -0.0016372
5.0000          -65.000        -20.000        -7.1345E-4     6.3975E-4      -0.0016610
7.0000          -65.000        -20.000        -7.1166E-4     6.1632E-4      -0.0016823
9.0000          -65.000        -20.000        -7.0860E-4     5.9509E-4      -0.0017027
11.000          -65.000        -20.000        -7.0474E-4     5.7620E-4      -0.0017233
13.000          -65.000        -20.000        -7.0059E-4     5.5998E-4      -0.0017408
15.000          -65.000        -20.000        -6.9679E-4     5.4641E-4      -0.0017591
17.000          -65.000        -20.000        -6.9356E-4     5.3526E-4      -0.0017747
19.000          -65.000        -20.000        -6.9235E-4     5.2665E-4      -0.0017895
21.000          -65.000        -20.000        -6.9332E-4     5.1998E-4      -0.0018033
23.000          -65.000        -20.000        -6.9691E-4     5.1470E-4      -0.0018167
25.000          -65.000        -20.000        -7.0363E-4     5.1053E-4      -0.0018305
27.000          -65.000        -20.000        -7.1343E-4     5.0652E-4      -0.0018435
29.000          -65.000        -20.000        -7.2730E-4     5.0197E-4      -0.0018566
31.000          -65.000        -20.000        -7.4472E-4     4.9639E-4      -0.0018706
33.000          -65.000        -20.000        -7.6560E-4     4.8883E-4      -0.0018851
35.000          -65.000        -20.000        -7.9050E-4     4.7788E-4      -0.0019005
37.000          -65.000        -20.000        -8.1811E-4     4.6313E-4      -0.0019170
39.000          -65.000        -20.000        -8.4824E-4     4.4370E-4      -0.0019355
41.000          -65.000        -20.000        -8.8017E-4     4.1902E-4      -0.0019541
43.000          -65.000        -20.000        -9.1309E-4     3.8834E-4      -0.0019740
45.000          -65.000        -20.000        -9.4676E-4     3.5149E-4      -0.0019952
47.000          -65.000        -20.000        -9.7945E-4     3.0772E-4      -0.0020168
49.000          -65.000        -20.000        -0.0010095     2.5674E-4      -0.0020404
51.000          -65.000        -20.000        -0.0010364     1.9907E-4      -0.0020627
53.000          -65.000        -20.000        -0.0010597     1.3491E-4      -0.0020864
55.000          -65.000        -20.000        -0.0010774     6.5039E-5      -0.0021078
57.000          -65.000        -20.000        -0.0010900     -1.0672E-5     -0.0021304
59.000          -65.000        -20.000        -0.0010945     -9.0820E-5     -0.0021501
61.000          -65.000        -20.000        -0.0010918     -1.7459E-4     -0.0021679
63.000          -65.000        -20.000        -0.0010813     -2.6068E-4     -0.0021847
65.000          -65.000        -20.000        -0.0010617     -3.4713E-4     -0.0021966
67.000          -65.000        -20.000        -0.0010348     -4.3401E-4     -0.0022047
69.000          -65.000        -20.000        -9.9856E-4     -5.1936E-4     -0.0022089
71.000          -65.000        -20.000        -9.5524E-4     -6.0228E-4     -0.0022093
73.000          -65.000        -20.000        -9.0469E-4     -6.8029E-4     -0.0022061
75.000          -65.000        -20.000        -8.4733E-4     -7.5401E-4     -0.0021984
77.000          -65.000        -20.000        -7.8414E-4     -8.2284E-4     -0.0021839
79.000          -65.000        -20.000        -7.1669E-4     -8.8315E-4     -0.0021655
81.000          -65.000        -20.000        -6.4562E-4     -9.3694E-4     -0.0021415
83.000          -65.000        -20.000        -5.7157E-4     -9.8383E-4     -0.0021130
85.000          -65.000        -20.000        -4.9637E-4     -0.0010218     -0.0020803
87.000          -65.000        -20.000        -4.2075E-4     -0.0010526     -0.0020435
89.000          -65.000        -20.000        -3.4531E-4     -0.0010752     -0.0020026
91.000          -65.000        -20.000        -2.7124E-4     -0.0010909     -0.0019585
93.000          -65.000        -20.000        -1.9951E-4     -0.0010988     -0.0019112
95.000          -65.000        -20.000        -1.3057E-4     -0.0011004     -0.0018615
97.000          -65.000        -20.000        -6.4813E-5     -0.0010962     -0.0018097
99.000          -65.000        -20.000        -2.9947E-6     -0.0010857     -0.0017568
-99.000         -63.000        -20.000        5.3905E-5      6.1273E-4      -4.3971E-4
-97.000         -63.000        -20.000        4.4707E-5      6.2786E-4      -4.5763E-4
-95.000         -63.000        -20.000        3.4830E-5      6.4244E-4      -4.7653E-4
-93.000         -63.000        -20.000        2.4674E-5      6.5674E-4      -4.9613E-4
-91.000         -63.000        -20.000        1.4005E-5      6.7032E-4      -5.1684E-4
-89.000         -63.000        -20.000        2.9985E-6      6.8307E-4      -5.3817E-4
-87.000         -63.000        -20.000        -8.0568E-6     6.9551E-4      -5.5985E-4
-85.000         -63.000        -20.000        -1.9136E-5     7.0695E-4      -5.8286E-4
-83.000         -63.000        -20.000        -3.0303E-5     7.1768E-4      -6.0573E-4
-81.000         -63.000        -20.000        -4.1137E-5     7.2795E-4      -6.2994E-4
-79.000         -63.000        -20.000        -5.1616E-5     7.3744E-4      -6.5439E-4
-77.000         -63.000        -20.000        -6.1762E-5     7.4626E-4      -6.7913E-4
-75.000         -63.000        -20.000        -7.1175E-5     7.5478E-4      -7.0374E-4
-73.000         -63.000        -20.000        -7.9998E-5     7.6305E-4      -7.2945E-4
-71.000         -63.000        -20.000        -8.8055E-5     7.7106E-4      -7.5501E-4
-69.000         -63.000        -20.000        -9.5633E-5     7.7913E-4      -7.7958E-4
-67.000         -63.000        -20.000        -1.0238E-4     7.8775E-4      -8.0534E-4
-65.000         -63.000        -20.000        -1.0852E-4     7.9651E-4      -8.3018E-4
-63.000         -63.000        -20.000        -1.1425E-4     8.0619E-4      -8.5456E-4
-61.000         -63.000        -20.000        -1.1964E-4     8.1665E-4      -8.7877E-4
-59.000         -63.000        -20.000        -1.2500E-4     8.2822E-4      -9.0303E-4
-57.000         -63.000        -20.000        -1.3061E-4     8.4069E-4      -9.2634E-4
-55.000         -63.000        -20.000        -1.3685E-4     8.5433E-4      -9.4900E-4
-53.000         -63.000        -20.000        -1.4370E-4     8.6930E-4      -9.7198E-4
-51.000         -63.000        -20.000        -1.5179E-4     8.8527E-4      -9.9373E-4
-49.000         -63.000        -20.000        -1.6142E-4     9.0229E-4      -0.0010157
-47.000         -63.000        -20.000        -1.7274E-4     9.1979E-4      -0.0010370
-45.000         -63.000        -20.000        -1.8639E-4     9.3790E-4      -0.0010590
-43.000         -63.000        -20.000        -2.0210E-4     9.5602E-4      -0.0010804
-41.000         -63.000        -20.000        -2.2033E-4     9.7401E-4      -0.0011025
-39.000         -63.000        -20.000        -2.4115E-4     9.9109E-4      -0.0011245
-37.000         -63.000        -20.000        -2.6444E-4     0.0010070      -0.0011478
-35.000         -63.000        -20.000        -2.9023E-4     0.0010214      -0.0011708
-33.000         -63.000        -20.000        -3.1796E-4     0.0010335      -0.0011962
-31.000         -63.000        -20.000        -3.4824E-4     0.0010430      -0.0012215
-29.000         -63.000        -20.000        -3.8014E-4     0.0010496      -0.0012474
-27.000         -63.000        -20.000        -4.1346E-4     0.0010529      -0.0012756
-25.000         -63.000        -20.000        -4.4721E-4     0.0010526      -0.0013034
-23.000         -63.000        -20.000        -4.8106E-4     0.0010484      -0.0013335
-21.000         -63.000        -20.000        -5.1514E-4     0.0010402      -0.0013635
-19.000         -63.000        -20.000        -5.4843E-4     0.0010283      -0.0013957
-17.000         -63.000        -20.000        -5.8049E-4     0.0010126      -0.0014276
-15.000         -63.000        -20.000        -6.1030E-4     9.9330E-4      -0.0014604
-13.000         -63.000        -20.000        -6.3772E-4     9.7099E-4      -0.0014936
-11.000         -63.000        -20.000        -6.6264E-4     9.4544E-4      -0.0015258
-9.0000         -63.000        -20.000        -6.8431E-4     9.1768E-4      -0.0015597
-7.0000         -63.000        -20.000        -7.0270E-4     8.8817E-4      -0.0015908
-5.0000         -63.000        -20.000        -7.1731E-4     8.5728E-4      -0.0016228
-3.0000         -63.000        -20.000        -7.2847E-4     8.2579E-4      -0.0016546
-1.0000         -63.000        -20.000        -7.3574E-4     7.9447E-4      -0.0016847
1.0000          -63.000        -20.000        -7.3979E-4     7.6375E-4      -0.0017140
3.0000          -63.000        -20.000        -7.4065E-4     7.3416E-4      -0.0017409
5.0000          -63.000        -20.000        -7.3877E-4     7.0663E-4      -0.0017663
7.0000          -63.000        -20.000        -7.3512E-4     6.8128E-4      -0.0017901
9.0000          -63.000        -20.000        -7.2916E-4     6.5903E-4      -0.0018128
11.000          -63.000        -20.000        -7.2223E-4     6.3957E-4      -0.0018335
13.000          -63.000        -20.000        -7.1482E-4     6.2328E-4      -0.0018522
15.000          -63.000        -20.000        -7.0840E-4     6.1070E-4      -0.0018682
17.000          -63.000        -20.000        -7.0280E-4     6.0111E-4      -0.0018860
19.000          -63.000        -20.000        -6.9890E-4     5.9472E-4      -0.0019013
21.000          -63.000        -20.000        -6.9765E-4     5.9093E-4      -0.0019157
23.000          -63.000        -20.000        -6.9944E-4     5.8911E-4      -0.0019282
25.000          -63.000        -20.000        -7.0552E-4     5.8892E-4      -0.0019419
27.000          -63.000        -20.000        -7.1529E-4     5.8937E-4      -0.0019542
29.000          -63.000        -20.000        -7.2981E-4     5.8973E-4      -0.0019689
31.000          -63.000        -20.000        -7.4903E-4     5.8874E-4      -0.0019816
33.000          -63.000        -20.000        -7.7286E-4     5.8570E-4      -0.0019974
35.000          -63.000        -20.000        -8.0124E-4     5.7936E-4      -0.0020127
37.000          -63.000        -20.000        -8.3251E-4     5.6890E-4      -0.0020311
39.000          -63.000        -20.000        -8.6864E-4     5.5272E-4      -0.0020495
41.000          -63.000        -20.000        -9.0688E-4     5.3058E-4      -0.0020702
43.000          -63.000        -20.000        -9.4720E-4     5.0176E-4      -0.0020929
45.000          -63.000        -20.000        -9.8698E-4     4.6506E-4      -0.0021142
47.000          -63.000        -20.000        -0.0010264     4.2039E-4      -0.0021417
49.000          -63.000        -20.000        -0.0010647     3.6710E-4      -0.0021683
51.000          -63.000        -20.000        -0.0010999     3.0583E-4      -0.0021955
53.000          -63.000        -20.000        -0.0011306     2.3689E-4      -0.0022226
55.000          -63.000        -20.000        -0.0011542     1.6024E-4      -0.0022503
57.000          -63.000        -20.000        -0.0011715     7.7000E-5      -0.0022747
59.000          -63.000        -20.000        -0.0011809     -1.2156E-5     -0.0022997
61.000          -63.000        -20.000        -0.0011820     -1.0497E-4     -0.0023249
63.000          -63.000        -20.000        -0.0011726     -2.0230E-4     -0.0023432
65.000          -63.000        -20.000        -0.0011539     -2.9894E-4     -0.0023589
67.000          -63.000        -20.000        -0.0011266     -3.9786E-4     -0.0023710
69.000          -63.000        -20.000        -0.0010880     -4.9509E-4     -0.0023792
71.000          -63.000        -20.000        -0.0010418     -5.8800E-4     -0.0023823
73.000          -63.000        -20.000        -9.8607E-4     -6.7705E-4     -0.0023783
75.000          -63.000        -20.000        -9.2259E-4     -7.6142E-4     -0.0023690
77.000          -63.000        -20.000        -8.5346E-4     -8.3803E-4     -0.0023571
79.000          -63.000        -20.000        -7.7826E-4     -9.0719E-4     -0.0023354
81.000          -63.000        -20.000        -6.9906E-4     -9.6825E-4     -0.0023105
83.000          -63.000        -20.000        -6.1679E-4     -0.0010209     -0.0022786
85.000          -63.000        -20.000        -5.3313E-4     -0.0010635     -0.0022425
87.000          -63.000        -20.000        -4.4890E-4     -0.0010986     -0.0022007
89.000          -63.000        -20.000        -3.6524E-4     -0.0011237     -0.0021546
91.000          -63.000        -20.000        -2.8368E-4     -0.0011411     -0.0021061
93.000          -63.000        -20.000        -2.0422E-4     -0.0011500     -0.0020531
95.000          -63.000        -20.000        -1.2852E-4     -0.0011517     -0.0019967
97.000          -63.000        -20.000        -5.6466E-5     -0.0011465     -0.0019389
99.000          -63.000        -20.000        1.0573E-5      -0.0011349     -0.0018789
-99.000         -61.000        -20.000        7.0006E-5      6.4422E-4      -4.5193E-4
-97.000         -61.000        -20.000        6.0493E-5      6.6110E-4      -4.7117E-4
-95.000         -61.000        -20.000        5.0129E-5      6.7746E-4      -4.9142E-4
-93.000         -61.000        -20.000        3.9368E-5      6.9324E-4      -5.1188E-4
-91.000         -61.000        -20.000        2.8057E-5      7.0852E-4      -5.3438E-4
-89.000         -61.000        -20.000        1.6357E-5      7.2287E-4      -5.5703E-4
-87.000         -61.000        -20.000        4.3665E-6      7.3645E-4      -5.8094E-4
-85.000         -61.000        -20.000        -7.3973E-6     7.4937E-4      -6.0554E-4
-83.000         -61.000        -20.000        -1.9269E-5     7.6129E-4      -6.3082E-4
-81.000         -61.000        -20.000        -3.0963E-5     7.7215E-4      -6.5609E-4
-79.000         -61.000        -20.000        -4.2026E-5     7.8273E-4      -6.8332E-4
-77.000         -61.000        -20.000        -5.2680E-5     7.9251E-4      -7.1003E-4
-75.000         -61.000        -20.000        -6.2574E-5     8.0155E-4      -7.3727E-4
-73.000         -61.000        -20.000        -7.1641E-5     8.1036E-4      -7.6521E-4
-71.000         -61.000        -20.000        -7.9783E-5     8.1901E-4      -7.9276E-4
-69.000         -61.000        -20.000        -8.7101E-5     8.2755E-4      -8.2015E-4
-67.000         -61.000        -20.000        -9.3271E-5     8.3638E-4      -8.4693E-4
-65.000         -61.000        -20.000        -9.8906E-5     8.4614E-4      -8.7480E-4
-63.000         -61.000        -20.000        -1.0383E-4     8.5642E-4      -9.0168E-4
-61.000         -61.000        -20.000        -1.0818E-4     8.6780E-4      -9.2684E-4
-59.000         -61.000        -20.000        -1.1234E-4     8.8001E-4      -9.5239E-4
-57.000         -61.000        -20.000        -1.1656E-4     8.9455E-4      -9.7708E-4
-55.000         -61.000        -20.000        -1.2153E-4     9.0975E-4      -0.0010016
-53.000         -61.000        -20.000        -1.2711E-4     9.2706E-4      -0.0010254
-51.000         -61.000        -20.000        -1.3389E-4     9.4562E-4      -0.0010479
-49.000         -61.000        -20.000        -1.4246E-4     9.6510E-4      -0.0010710
-47.000         -61.000        -20.000        -1.5330E-4     9.8601E-4      -0.0010936
-45.000         -61.000        -20.000        -1.6651E-4     0.0010077      -0.0011154
-43.000         -61.000        -20.000        -1.8223E-4     0.0010299      -0.0011378
-41.000         -61.000        -20.000        -2.0084E-4     0.0010516      -0.0011605
-39.000         -61.000        -20.000        -2.2239E-4     0.0010720      -0.0011846
-37.000         -61.000        -20.000        -2.4735E-4     0.0010920      -0.0012078
-35.000         -61.000        -20.000        -2.7521E-4     0.0011105      -0.0012320
-33.000         -61.000        -20.000        -3.0565E-4     0.0011263      -0.0012581
-31.000         -61.000        -20.000        -3.3861E-4     0.0011394      -0.0012853
-29.000         -61.000        -20.000        -3.7386E-4     0.0011485      -0.0013137
-27.000         -61.000        -20.000        -4.1060E-4     0.0011541      -0.0013427
-25.000         -61.000        -20.000        -4.4853E-4     0.0011557      -0.0013731
-23.000         -61.000        -20.000        -4.8695E-4     0.0011531      -0.0014062
-21.000         -61.000        -20.000        -5.2513E-4     0.0011459      -0.0014397
-19.000         -61.000        -20.000        -5.6244E-4     0.0011342      -0.0014734
-17.000         -61.000        -20.000        -5.9826E-4     0.0011174      -0.0015085
-15.000         -61.000        -20.000        -6.3191E-4     0.0010969      -0.0015449
-13.000         -61.000        -20.000        -6.6280E-4     0.0010724      -0.0015810
-11.000         -61.000        -20.000        -6.9050E-4     0.0010445      -0.0016174
-9.0000         -61.000        -20.000        -7.1462E-4     0.0010144      -0.0016535
-7.0000         -61.000        -20.000        -7.3455E-4     9.8136E-4      -0.0016895
-5.0000         -61.000        -20.000        -7.5018E-4     9.4708E-4      -0.0017254
-3.0000         -61.000        -20.000        -7.6132E-4     9.1196E-4      -0.0017592
-1.0000         -61.000        -20.000        -7.6876E-4     8.7702E-4      -0.0017923
1.0000          -61.000        -20.000        -7.7187E-4     8.4341E-4      -0.0018232
3.0000          -61.000        -20.000        -7.7077E-4     8.1089E-4      -0.0018533
5.0000          -61.000        -20.000        -7.6647E-4     7.8063E-4      -0.0018811
7.0000          -61.000        -20.000        -7.5969E-4     7.5319E-4      -0.0019073
9.0000          -61.000        -20.000        -7.5077E-4     7.2921E-4      -0.0019316
11.000          -61.000        -20.000        -7.4022E-4     7.0894E-4      -0.0019535
13.000          -61.000        -20.000        -7.2933E-4     6.9309E-4      -0.0019720
15.000          -61.000        -20.000        -7.1884E-4     6.8117E-4      -0.0019905
17.000          -61.000        -20.000        -7.0959E-4     6.7355E-4      -0.0020080
19.000          -61.000        -20.000        -7.0244E-4     6.6985E-4      -0.0020224
21.000          -61.000        -20.000        -6.9836E-4     6.6894E-4      -0.0020367
23.000          -61.000        -20.000        -6.9826E-4     6.7168E-4      -0.0020493
25.000          -61.000        -20.000        -7.0278E-4     6.7647E-4      -0.0020610
27.000          -61.000        -20.000        -7.1233E-4     6.8236E-4      -0.0020741
29.000          -61.000        -20.000        -7.2696E-4     6.8861E-4      -0.0020871
31.000          -61.000        -20.000        -7.4791E-4     6.9261E-4      -0.0021006
33.000          -61.000        -20.000        -7.7450E-4     6.9558E-4      -0.0021174
35.000          -61.000        -20.000        -8.0674E-4     6.9513E-4      -0.0021331
37.000          -61.000        -20.000        -8.4398E-4     6.9007E-4      -0.0021517
39.000          -61.000        -20.000        -8.8554E-4     6.7944E-4      -0.0021733
41.000          -61.000        -20.000        -9.3084E-4     6.5979E-4      -0.0021940
43.000          -61.000        -20.000        -9.7882E-4     6.3309E-4      -0.0022194
45.000          -61.000        -20.000        -0.0010278     5.9748E-4      -0.0022469
47.000          -61.000        -20.000        -0.0010764     5.5202E-4      -0.0022761
49.000          -61.000        -20.000        -0.0011237     4.9745E-4      -0.0023045
51.000          -61.000        -20.000        -0.0011673     4.3340E-4      -0.0023365
53.000          -61.000        -20.000        -0.0012059     3.5844E-4      -0.0023689
55.000          -61.000        -20.000        -0.0012377     2.7456E-4      -0.0024016
57.000          -61.000        -20.000        -0.0012623     1.8299E-4      -0.0024341
59.000          -61.000        -20.000        -0.0012778     8.4518E-5      -0.0024655
61.000          -61.000        -20.000        -0.0012831     -1.9479E-5     -0.0024911
63.000          -61.000        -20.000        -0.0012763     -1.2701E-4     -0.0025155
65.000          -61.000        -20.000        -0.0012590     -2.3750E-4     -0.0025355
67.000          -61.000        -20.000        -0.0012302     -3.4919E-4     -0.0025539
69.000          -61.000        -20.000        -0.0011897     -4.5907E-4     -0.0025650
71.000          -61.000        -20.000        -0.0011398     -5.6468E-4     -0.0025707
73.000          -61.000        -20.000        -0.0010785     -6.6649E-4     -0.0025694
75.000          -61.000        -20.000        -0.0010081     -7.6265E-4     -0.0025604
77.000          -61.000        -20.000        -9.3175E-4     -8.4944E-4     -0.0025487
79.000          -61.000        -20.000        -8.4761E-4     -9.2829E-4     -0.0025239
81.000          -61.000        -20.000        -7.5914E-4     -9.9798E-4     -0.0024968
83.000          -61.000        -20.000        -6.6760E-4     -0.0010572     -0.0024635
85.000          -61.000        -20.000        -5.7440E-4     -0.0011061     -0.0024218
87.000          -61.000        -20.000        -4.8114E-4     -0.0011452     -0.0023742
89.000          -61.000        -20.000        -3.8787E-4     -0.0011738     -0.0023230
91.000          -61.000        -20.000        -2.9748E-4     -0.0011929     -0.0022693
93.000          -61.000        -20.000        -2.0965E-4     -0.0012028     -0.0022085
95.000          -61.000        -20.000        -1.2641E-4     -0.0012046     -0.0021447
97.000          -61.000        -20.000        -4.7566E-5     -0.0011984     -0.0020798
99.000          -61.000        -20.000        2.5699E-5      -0.0011858     -0.0020136
-99.000         -59.000        -20.000        8.8043E-5      6.7794E-4      -4.6402E-4
-97.000         -59.000        -20.000        7.8091E-5      6.9695E-4      -4.8485E-4
-95.000         -59.000        -20.000        6.7151E-5      7.1537E-4      -5.0628E-4
-93.000         -59.000        -20.000        5.5572E-5      7.3280E-4      -5.2908E-4
-91.000         -59.000        -20.000        4.3704E-5      7.4999E-4      -5.5237E-4
-89.000         -59.000        -20.000        3.1247E-5      7.6623E-4      -5.7693E-4
-87.000         -59.000        -20.000        1.8679E-5      7.8136E-4      -6.0288E-4
-85.000         -59.000        -20.000        5.6494E-6      7.9569E-4      -6.2929E-4
-83.000         -59.000        -20.000        -7.0625E-6     8.0911E-4      -6.5687E-4
-81.000         -59.000        -20.000        -1.9531E-5     8.2121E-4      -6.8542E-4
-79.000         -59.000        -20.000        -3.1531E-5     8.3272E-4      -7.1327E-4
-77.000         -59.000        -20.000        -4.2808E-5     8.4337E-4      -7.4279E-4
-75.000         -59.000        -20.000        -5.3270E-5     8.5309E-4      -7.7331E-4
-73.000         -59.000        -20.000        -6.2777E-5     8.6225E-4      -8.0290E-4
-71.000         -59.000        -20.000        -7.1004E-5     8.7162E-4      -8.3326E-4
-69.000         -59.000        -20.000        -7.7961E-5     8.8054E-4      -8.6334E-4
-67.000         -59.000        -20.000        -8.4046E-5     8.8991E-4      -8.9322E-4
-65.000         -59.000        -20.000        -8.8803E-5     9.0011E-4      -9.2235E-4
-63.000         -59.000        -20.000        -9.2469E-5     9.1120E-4      -9.5065E-4
-61.000         -59.000        -20.000        -9.5589E-5     9.2332E-4      -9.7920E-4
-59.000         -59.000        -20.000        -9.8493E-5     9.3714E-4      -0.0010060
-57.000         -59.000        -20.000        -1.0097E-4     9.5302E-4      -0.0010322
-55.000         -59.000        -20.000        -1.0416E-4     9.7048E-4      -0.0010584
-53.000         -59.000        -20.000        -1.0792E-4     9.9006E-4      -0.0010831
-51.000         -59.000        -20.000        -1.1328E-4     0.0010113      -0.0011074
-49.000         -59.000        -20.000        -1.2062E-4     0.0010344      -0.0011311
-47.000         -59.000        -20.000        -1.3013E-4     0.0010588      -0.0011541
-45.000         -59.000        -20.000        -1.4251E-4     0.0010846      -0.0011772
-43.000         -59.000        -20.000        -1.5815E-4     0.0011112      -0.0012003
-41.000         -59.000        -20.000        -1.7702E-4     0.0011374      -0.0012232
-39.000         -59.000        -20.000        -1.9953E-4     0.0011632      -0.0012463
-37.000         -59.000        -20.000        -2.2576E-4     0.0011879      -0.0012710
-35.000         -59.000        -20.000        -2.5597E-4     0.0012109      -0.0012973
-33.000         -59.000        -20.000        -2.8946E-4     0.0012314      -0.0013237
-31.000         -59.000        -20.000        -3.2553E-4     0.0012482      -0.0013521
-29.000         -59.000        -20.000        -3.6426E-4     0.0012615      -0.0013818
-27.000         -59.000        -20.000        -4.0526E-4     0.0012703      -0.0014131
-25.000         -59.000        -20.000        -4.4803E-4     0.0012743      -0.0014459
-23.000         -59.000        -20.000        -4.9166E-4     0.0012733      -0.0014817
-21.000         -59.000        -20.000        -5.3462E-4     0.0012668      -0.0015166
-19.000         -59.000        -20.000        -5.7654E-4     0.0012550      -0.0015551
-17.000         -59.000        -20.000        -6.1692E-4     0.0012383      -0.0015941
-15.000         -59.000        -20.000        -6.5531E-4     0.0012162      -0.0016337
-13.000         -59.000        -20.000        -6.9057E-4     0.0011895      -0.0016737
-11.000         -59.000        -20.000        -7.2136E-4     0.0011588      -0.0017146
-9.0000         -59.000        -20.000        -7.4807E-4     0.0011248      -0.0017548
-7.0000         -59.000        -20.000        -7.6977E-4     0.0010886      -0.0017950
-5.0000         -59.000        -20.000        -7.8670E-4     0.0010499      -0.0018341
-3.0000         -59.000        -20.000        -7.9856E-4     0.0010105      -0.0018725
-1.0000         -59.000        -20.000        -8.0508E-4     9.7162E-4      -0.0019094
1.0000          -59.000        -20.000        -8.0689E-4     9.3351E-4      -0.0019437
3.0000          -59.000        -20.000        -8.0429E-4     8.9722E-4      -0.0019761
5.0000          -59.000        -20.000        -7.9699E-4     8.6363E-4      -0.0020064
7.0000          -59.000        -20.000        -7.8639E-4     8.3355E-4      -0.0020352
9.0000          -59.000        -20.000        -7.7328E-4     8.0784E-4      -0.0020603
11.000          -59.000        -20.000        -7.5864E-4     7.8670E-4      -0.0020842
13.000          -59.000        -20.000        -7.4331E-4     7.7029E-4      -0.0021045
15.000          -59.000        -20.000        -7.2780E-4     7.5943E-4      -0.0021229
17.000          -59.000        -20.000        -7.1374E-4     7.5390E-4      -0.0021395
19.000          -59.000        -20.000        -7.0245E-4     7.5313E-4      -0.0021535
21.000          -59.000        -20.000        -6.9502E-4     7.5692E-4      -0.0021654
23.000          -59.000        -20.000        -6.9204E-4     7.6438E-4      -0.0021796
25.000          -59.000        -20.000        -6.9428E-4     7.7518E-4      -0.0021916
27.000          -59.000        -20.000        -7.0260E-4     7.8809E-4      -0.0022021
29.000          -59.000        -20.000        -7.1788E-4     8.0117E-4      -0.0022142
31.000          -59.000        -20.000        -7.4015E-4     8.1372E-4      -0.0022275
33.000          -59.000        -20.000        -7.6960E-4     8.2409E-4      -0.0022420
35.000          -59.000        -20.000        -8.0587E-4     8.3128E-4      -0.0022591
37.000          -59.000        -20.000        -8.4930E-4     8.3317E-4      -0.0022786
39.000          -59.000        -20.000        -8.9767E-4     8.2764E-4      -0.0023005
41.000          -59.000        -20.000        -9.5099E-4     8.1399E-4      -0.0023236
43.000          -59.000        -20.000        -0.0010078     7.9147E-4      -0.0023508
45.000          -59.000        -20.000        -0.0010677     7.5840E-4      -0.0023819
47.000          -59.000        -20.000        -0.0011277     7.1399E-4      -0.0024145
49.000          -59.000        -20.000        -0.0011850     6.5736E-4      -0.0024492
51.000          -59.000        -20.000        -0.0012390     5.8917E-4      -0.0024859
53.000          -59.000        -20.000        -0.0012876     5.0971E-4      -0.0025246
55.000          -59.000        -20.000        -0.0013301     4.1833E-4      -0.0025637
57.000          -59.000        -20.000        -0.0013632     3.1712E-4      -0.0026023
59.000          -59.000        -20.000        -0.0013851     2.0690E-4      -0.0026403
61.000          -59.000        -20.000        -0.0013950     8.8614E-5      -0.0026752
63.000          -59.000        -20.000        -0.0013931     -3.1645E-5     -0.0027039
65.000          -59.000        -20.000        -0.0013778     -1.5750E-4     -0.0027300
67.000          -59.000        -20.000        -0.0013482     -2.8538E-4     -0.0027536
69.000          -59.000        -20.000        -0.0013058     -4.0832E-4     -0.0027710
71.000          -59.000        -20.000        -0.0012513     -5.3003E-4     -0.0027755
73.000          -59.000        -20.000        -0.0011833     -6.4774E-4     -0.0027787
75.000          -59.000        -20.000        -0.0011067     -7.5509E-4     -0.0027734
77.000          -59.000        -20.000        -0.0010206     -8.5508E-4     -0.0027588
79.000          -59.000        -20.000        -9.2649E-4     -9.4613E-4     -0.0027332
81.000          -59.000        -20.000        -8.2786E-4     -0.0010246     -0.0027047
83.000          -59.000        -20.000        -7.2566E-4     -0.0010919     -0.0026671
85.000          -59.000        -20.000        -6.2120E-4     -0.0011477     -0.0026208
87.000          -59.000        -20.000        -5.1551E-4     -0.0011916     -0.0025652
89.000          -59.000        -20.000        -4.1328E-4     -0.0012241     -0.0025091
91.000          -59.000        -20.000        -3.1253E-4     -0.0012454     -0.0024475
93.000          -59.000        -20.000        -2.1584E-4     -0.0012570     -0.0023800
95.000          -59.000        -20.000        -1.2412E-4     -0.0012585     -0.0023086
97.000          -59.000        -20.000        -3.7297E-5     -0.0012516     -0.0022354
99.000          -59.000        -20.000        4.2898E-5      -0.0012377     -0.0021594
-99.000         -57.000        -20.000        1.0820E-4      7.1440E-4      -4.7704E-4
-97.000         -57.000        -20.000        9.7677E-5      7.3552E-4      -4.9841E-4
-95.000         -57.000        -20.000        8.6330E-5      7.5635E-4      -5.2154E-4
-93.000         -57.000        -20.000        7.4188E-5      7.7619E-4      -5.4600E-4
-91.000         -57.000        -20.000        6.1245E-5      7.9515E-4      -5.7093E-4
-89.000         -57.000        -20.000        4.7924E-5      8.1368E-4      -5.9780E-4
-87.000         -57.000        -20.000        3.4341E-5      8.3089E-4      -6.2575E-4
-85.000         -57.000        -20.000        2.0161E-5      8.4666E-4      -6.5372E-4
-83.000         -57.000        -20.000        6.5126E-6      8.6172E-4      -6.8350E-4
-81.000         -57.000        -20.000        -7.0266E-6     8.7550E-4      -7.1532E-4
-79.000         -57.000        -20.000        -2.0177E-5     8.8797E-4      -7.4642E-4
-77.000         -57.000        -20.000        -3.2076E-5     8.9941E-4      -7.7878E-4
-75.000         -57.000        -20.000        -4.3325E-5     9.1009E-4      -8.1156E-4
-73.000         -57.000        -20.000        -5.3348E-5     9.1998E-4      -8.4426E-4
-71.000         -57.000        -20.000        -6.1833E-5     9.2953E-4      -8.7661E-4
-69.000         -57.000        -20.000        -6.8587E-5     9.3903E-4      -9.0978E-4
-67.000         -57.000        -20.000        -7.4148E-5     9.4891E-4      -9.4247E-4
-65.000         -57.000        -20.000        -7.7983E-5     9.5945E-4      -9.7445E-4
-63.000         -57.000        -20.000        -8.0518E-5     9.7103E-4      -0.0010054
-61.000         -57.000        -20.000        -8.2028E-5     9.8429E-4      -0.0010360
-59.000         -57.000        -20.000        -8.3156E-5     9.9904E-4      -0.0010654
-57.000         -57.000        -20.000        -8.3525E-5     0.0010164      -0.0010928
-55.000         -57.000        -20.000        -8.4625E-5     0.0010360      -0.0011198
-53.000         -57.000        -20.000        -8.6288E-5     0.0010578      -0.0011460
-51.000         -57.000        -20.000        -8.9424E-5     0.0010825      -0.0011713
-49.000         -57.000        -20.000        -9.4718E-5     0.0011092      -0.0011948
-47.000         -57.000        -20.000        -1.0267E-4     0.0011378      -0.0012190
-45.000         -57.000        -20.000        -1.1441E-4     0.0011682      -0.0012407
-43.000         -57.000        -20.000        -1.2890E-4     0.0011997      -0.0012657
-41.000         -57.000        -20.000        -1.4804E-4     0.0012315      -0.0012885
-39.000         -57.000        -20.000        -1.7142E-4     0.0012629      -0.0013124
-37.000         -57.000        -20.000        -1.9919E-4     0.0012933      -0.0013375
-35.000         -57.000        -20.000        -2.3172E-4     0.0013218      -0.0013641
-33.000         -57.000        -20.000        -2.6752E-4     0.0013475      -0.0013919
-31.000         -57.000        -20.000        -3.0781E-4     0.0013696      -0.0014223
-29.000         -57.000        -20.000        -3.5139E-4     0.0013870      -0.0014532
-27.000         -57.000        -20.000        -3.9759E-4     0.0013997      -0.0014866
-25.000         -57.000        -20.000        -4.4552E-4     0.0014072      -0.0015230
-23.000         -57.000        -20.000        -4.9397E-4     0.0014081      -0.0015606
-21.000         -57.000        -20.000        -5.4311E-4     0.0014029      -0.0016006
-19.000         -57.000        -20.000        -5.9122E-4     0.0013916      -0.0016418
-17.000         -57.000        -20.000        -6.3771E-4     0.0013740      -0.0016829
-15.000         -57.000        -20.000        -6.8081E-4     0.0013505      -0.0017269
-13.000         -57.000        -20.000        -7.2026E-4     0.0013216      -0.0017731
-11.000         -57.000        -20.000        -7.5542E-4     0.0012876      -0.0018186
-9.0000         -57.000        -20.000        -7.8562E-4     0.0012499      -0.0018639
-7.0000         -57.000        -20.000        -8.1001E-4     0.0012091      -0.0019075
-5.0000         -57.000        -20.000        -8.2808E-4     0.0011657      -0.0019518
-3.0000         -57.000        -20.000        -8.4058E-4     0.0011215      -0.0019943
-1.0000         -57.000        -20.000        -8.4647E-4     0.0010773      -0.0020341
1.0000          -57.000        -20.000        -8.4657E-4     0.0010342      -0.0020737
3.0000          -57.000        -20.000        -8.4109E-4     9.9350E-4      -0.0021088
5.0000          -57.000        -20.000        -8.3057E-4     9.5581E-4      -0.0021436
7.0000          -57.000        -20.000        -8.1615E-4     9.2267E-4      -0.0021744
9.0000          -57.000        -20.000        -7.9800E-4     8.9439E-4      -0.0021997
11.000          -57.000        -20.000        -7.7759E-4     8.7169E-4      -0.0022246
13.000          -57.000        -20.000        -7.5630E-4     8.5553E-4      -0.0022478
15.000          -57.000        -20.000        -7.3574E-4     8.4494E-4      -0.0022658
17.000          -57.000        -20.000        -7.1591E-4     8.4209E-4      -0.0022820
19.000          -57.000        -20.000        -6.9909E-4     8.4491E-4      -0.0022939
21.000          -57.000        -20.000        -6.8643E-4     8.5375E-4      -0.0023083
23.000          -57.000        -20.000        -6.7903E-4     8.6694E-4      -0.0023175
25.000          -57.000        -20.000        -6.7876E-4     8.8493E-4      -0.0023284
27.000          -57.000        -20.000        -6.8519E-4     9.0558E-4      -0.0023380
29.000          -57.000        -20.000        -7.0016E-4     9.2786E-4      -0.0023486
31.000          -57.000        -20.000        -7.2369E-4     9.4960E-4      -0.0023602
33.000          -57.000        -20.000        -7.5588E-4     9.6929E-4      -0.0023738
35.000          -57.000        -20.000        -7.9785E-4     9.8607E-4      -0.0023904
37.000          -57.000        -20.000        -8.4606E-4     9.9653E-4      -0.0024087
39.000          -57.000        -20.000        -9.0303E-4     9.9869E-4      -0.0024316
41.000          -57.000        -20.000        -9.6620E-4     9.9220E-4      -0.0024567
43.000          -57.000        -20.000        -0.0010342     9.7524E-4      -0.0024874
45.000          -57.000        -20.000        -0.0011048     9.4565E-4      -0.0025230
47.000          -57.000        -20.000        -0.0011762     9.0287E-4      -0.0025581
49.000          -57.000        -20.000        -0.0012477     8.4539E-4      -0.0025987
51.000          -57.000        -20.000        -0.0013156     7.7433E-4      -0.0026443
53.000          -57.000        -20.000        -0.0013777     6.8902E-4      -0.0026894
55.000          -57.000        -20.000        -0.0014301     5.9040E-4      -0.0027326
57.000          -57.000        -20.000        -0.0014751     4.7739E-4      -0.0027817
59.000          -57.000        -20.000        -0.0015047     3.5539E-4      -0.0028263
61.000          -57.000        -20.000        -0.0015232     2.2531E-4      -0.0028736
63.000          -57.000        -20.000        -0.0015251     8.7877E-5      -0.0029082
65.000          -57.000        -20.000        -0.0015114     -5.6374E-5     -0.0029450
67.000          -57.000        -20.000        -0.0014834     -1.9896E-4     -0.0029745
69.000          -57.000        -20.000        -0.0014378     -3.4043E-4     -0.0029963
71.000          -57.000        -20.000        -0.0013786     -4.8124E-4     -0.0030031
73.000          -57.000        -20.000        -0.0013047     -6.1445E-4     -0.0030115
75.000          -57.000        -20.000        -0.0012188     -7.3790E-4     -0.0030082
77.000          -57.000        -20.000        -0.0011226     -8.5326E-4     -0.0029924
79.000          -57.000        -20.000        -0.0010170     -9.5725E-4     -0.0029694
81.000          -57.000        -20.000        -9.0657E-4     -0.0010471     -0.0029342
83.000          -57.000        -20.000        -7.9132E-4     -0.0011238     -0.0028914
85.000          -57.000        -20.000        -6.7336E-4     -0.0011891     -0.0028392
87.000          -57.000        -20.000        -5.5660E-4     -0.0012379     -0.0027823
89.000          -57.000        -20.000        -4.4212E-4     -0.0012743     -0.0027145
91.000          -57.000        -20.000        -3.2964E-4     -0.0012985     -0.0026414
93.000          -57.000        -20.000        -2.2268E-4     -0.0013111     -0.0025689
95.000          -57.000        -20.000        -1.2138E-4     -0.0013133     -0.0024878
97.000          -57.000        -20.000        -2.5894E-5     -0.0013055     -0.0024049
99.000          -57.000        -20.000        6.1419E-5      -0.0012891     -0.0023202
-99.000         -55.000        -20.000        1.3094E-4      7.5369E-4      -4.8939E-4
-97.000         -55.000        -20.000        1.1990E-4      7.7753E-4      -5.1236E-4
-95.000         -55.000        -20.000        1.0795E-4      8.0072E-4      -5.3686E-4
-93.000         -55.000        -20.000        9.5156E-5      8.2337E-4      -5.6302E-4
-91.000         -55.000        -20.000        8.1247E-5      8.4508E-4      -5.9048E-4
-89.000         -55.000        -20.000        6.6817E-5      8.6582E-4      -6.1895E-4
-87.000         -55.000        -20.000        5.2026E-5      8.8535E-4      -6.4880E-4
-85.000         -55.000        -20.000        3.6682E-5      9.0353E-4      -6.8036E-4
-83.000         -55.000        -20.000        2.1620E-5      9.2036E-4      -7.1283E-4
-81.000         -55.000        -20.000        6.7829E-6      9.3568E-4      -7.4623E-4
-79.000         -55.000        -20.000        -7.4446E-6     9.4964E-4      -7.8053E-4
-77.000         -55.000        -20.000        -2.0901E-5     9.6224E-4      -8.1488E-4
-75.000         -55.000        -20.000        -3.2802E-5     9.7375E-4      -8.5247E-4
-73.000         -55.000        -20.000        -4.3380E-5     9.8429E-4      -8.8832E-4
-71.000         -55.000        -20.000        -5.2068E-5     9.9407E-4      -9.2486E-4
-69.000         -55.000        -20.000        -5.8909E-5     0.0010040      -9.6072E-4
-67.000         -55.000        -20.000        -6.3867E-5     0.0010141      -9.9595E-4
-65.000         -55.000        -20.000        -6.6707E-5     0.0010247      -0.0010313
-63.000         -55.000        -20.000        -6.7948E-5     0.0010369      -0.0010648
-61.000         -55.000        -20.000        -6.7655E-5     0.0010510      -0.0010975
-59.000         -55.000        -20.000        -6.6225E-5     0.0010669      -0.0011292
-57.000         -55.000        -20.000        -6.4292E-5     0.0010854      -0.0011579
-55.000         -55.000        -20.000        -6.2575E-5     0.0011075      -0.0011883
-53.000         -55.000        -20.000        -6.1279E-5     0.0011321      -0.0012146
-51.000         -55.000        -20.000        -6.1998E-5     0.0011599      -0.0012406
-49.000         -55.000        -20.000        -6.4543E-5     0.0011907      -0.0012658
-47.000         -55.000        -20.000        -7.0501E-5     0.0012243      -0.0012902
-45.000         -55.000        -20.000        -8.0419E-5     0.0012600      -0.0013129
-43.000         -55.000        -20.000        -9.4143E-5     0.0012976      -0.0013357
-41.000         -55.000        -20.000        -1.1294E-4     0.0013357      -0.0013598
-39.000         -55.000        -20.000        -1.3682E-4     0.0013735      -0.0013849
-37.000         -55.000        -20.000        -1.6652E-4     0.0014108      -0.0014084
-35.000         -55.000        -20.000        -2.0108E-4     0.0014460      -0.0014368
-33.000         -55.000        -20.000        -2.4059E-4     0.0014781      -0.0014653
-31.000         -55.000        -20.000        -2.8479E-4     0.0015064      -0.0014958
-29.000         -55.000        -20.000        -3.3370E-4     0.0015294      -0.0015294
-27.000         -55.000        -20.000        -3.8542E-4     0.0015466      -0.0015664
-25.000         -55.000        -20.000        -4.3938E-4     0.0015575      -0.0016044
-23.000         -55.000        -20.000        -4.9487E-4     0.0015617      -0.0016446
-21.000         -55.000        -20.000        -5.5061E-4     0.0015585      -0.0016869
-19.000         -55.000        -20.000        -6.0607E-4     0.0015481      -0.0017333
-17.000         -55.000        -20.000        -6.5875E-4     0.0015295      -0.0017804
-15.000         -55.000        -20.000        -7.0808E-4     0.0015041      -0.0018291
-13.000         -55.000        -20.000        -7.5335E-4     0.0014728      -0.0018795
-11.000         -55.000        -20.000        -7.9335E-4     0.0014354      -0.0019284
-9.0000         -55.000        -20.000        -8.2773E-4     0.0013932      -0.0019809
-7.0000         -55.000        -20.000        -8.5480E-4     0.0013469      -0.0020323
-5.0000         -55.000        -20.000        -8.7507E-4     0.0012980      -0.0020800
-3.0000         -55.000        -20.000        -8.8773E-4     0.0012479      -0.0021253
-1.0000         -55.000        -20.000        -8.9355E-4     0.0011975      -0.0021735
1.0000          -55.000        -20.000        -8.9182E-4     0.0011492      -0.0022163
3.0000          -55.000        -20.000        -8.8289E-4     0.0011026      -0.0022566
5.0000          -55.000        -20.000        -8.6835E-4     0.0010600      -0.0022929
7.0000          -55.000        -20.000        -8.4901E-4     0.0010223      -0.0023264
9.0000          -55.000        -20.000        -8.2521E-4     9.9044E-4      -0.0023549
11.000          -55.000        -20.000        -7.9751E-4     9.6657E-4      -0.0023816
13.000          -55.000        -20.000        -7.6920E-4     9.4964E-4      -0.0024043
15.000          -55.000        -20.000        -7.4135E-4     9.4039E-4      -0.0024225
17.000          -55.000        -20.000        -7.1471E-4     9.3959E-4      -0.0024380
19.000          -55.000        -20.000        -6.9097E-4     9.4611E-4      -0.0024501
21.000          -55.000        -20.000        -6.7163E-4     9.6029E-4      -0.0024613
23.000          -55.000        -20.000        -6.5921E-4     9.8138E-4      -0.0024699
25.000          -55.000        -20.000        -6.5486E-4     0.0010081      -0.0024779
27.000          -55.000        -20.000        -6.5856E-4     0.0010386      -0.0024850
29.000          -55.000        -20.000        -6.7232E-4     0.0010715      -0.0024929
31.000          -55.000        -20.000        -6.9661E-4     0.0011035      -0.0025024
33.000          -55.000        -20.000        -7.3196E-4     0.0011356      -0.0025142
35.000          -55.000        -20.000        -7.7807E-4     0.0011634      -0.0025312
37.000          -55.000        -20.000        -8.3404E-4     0.0011853      -0.0025495
39.000          -55.000        -20.000        -8.9868E-4     0.0011997      -0.0025713
41.000          -55.000        -20.000        -9.7405E-4     0.0012021      -0.0026005
43.000          -55.000        -20.000        -0.0010545     0.0011912      -0.0026324
45.000          -55.000        -20.000        -0.0011389     0.0011673      -0.0026712
47.000          -55.000        -20.000        -0.0012258     0.0011274      -0.0027142
49.000          -55.000        -20.000        -0.0013120     0.0010717      -0.0027594
51.000          -55.000        -20.000        -0.0013970     9.9848E-4      -0.0028101
53.000          -55.000        -20.000        -0.0014732     9.0728E-4      -0.0028659
55.000          -55.000        -20.000        -0.0015407     8.0052E-4      -0.0029213
57.000          -55.000        -20.000        -0.0015968     6.7779E-4      -0.0029758
59.000          -55.000        -20.000        -0.0016392     5.4165E-4      -0.0030337
61.000          -55.000        -20.000        -0.0016682     3.9485E-4      -0.0030880
63.000          -55.000        -20.000        -0.0016745     2.3742E-4      -0.0031351
65.000          -55.000        -20.000        -0.0016650     7.5503E-5      -0.0031806
67.000          -55.000        -20.000        -0.0016379     -8.8262E-5     -0.0032162
69.000          -55.000        -20.000        -0.0015893     -2.5251E-4     -0.0032435
71.000          -55.000        -20.000        -0.0015245     -4.1346E-4     -0.0032604
73.000          -55.000        -20.000        -0.0014438     -5.6505E-4     -0.0032726
75.000          -55.000        -20.000        -0.0013478     -7.0873E-4     -0.0032683
77.000          -55.000        -20.000        -0.0012393     -8.4328E-4     -0.0032537
79.000          -55.000        -20.000        -0.0011218     -9.5985E-4     -0.0032291
81.000          -55.000        -20.000        -9.9683E-4     -0.0010638     -0.0031898
83.000          -55.000        -20.000        -8.6651E-4     -0.0011535     -0.0031410
85.000          -55.000        -20.000        -7.3488E-4     -0.0012253     -0.0030834
87.000          -55.000        -20.000        -6.0346E-4     -0.0012823     -0.0030208
89.000          -55.000        -20.000        -4.7397E-4     -0.0013242     -0.0029442
91.000          -55.000        -20.000        -3.4898E-4     -0.0013525     -0.0028654
93.000          -55.000        -20.000        -2.3025E-4     -0.0013654     -0.0027781
95.000          -55.000        -20.000        -1.1782E-4     -0.0013678     -0.0026871
97.000          -55.000        -20.000        -1.2855E-5     -0.0013603     -0.0025914
99.000          -55.000        -20.000        8.2519E-5      -0.0013413     -0.0024963
-99.000         -53.000        -20.000        1.5635E-4      7.9600E-4      -5.0117E-4
-97.000         -53.000        -20.000        1.4509E-4      8.2279E-4      -5.2619E-4
-95.000         -53.000        -20.000        1.3230E-4      8.4883E-4      -5.5198E-4
-93.000         -53.000        -20.000        1.1889E-4      8.7491E-4      -5.7945E-4
-91.000         -53.000        -20.000        1.0409E-4      8.9952E-4      -6.0953E-4
-89.000         -53.000        -20.000        8.8241E-5      9.2279E-4      -6.4055E-4
-87.000         -53.000        -20.000        7.2158E-5      9.4554E-4      -6.7295E-4
-85.000         -53.000        -20.000        5.5447E-5      9.6624E-4      -7.0701E-4
-83.000         -53.000        -20.000        3.8517E-5      9.8510E-4      -7.4288E-4
-81.000         -53.000        -20.000        2.2188E-5      0.0010026      -7.7892E-4
-79.000         -53.000        -20.000        6.4544E-6      0.0010184      -8.1718E-4
-77.000         -53.000        -20.000        -8.4666E-6     0.0010320      -8.5603E-4
-75.000         -53.000        -20.000        -2.1529E-5     0.0010447      -8.9544E-4
-73.000         -53.000        -20.000        -3.2735E-5     0.0010559      -9.3510E-4
-71.000         -53.000        -20.000        -4.2079E-5     0.0010664      -9.7589E-4
-69.000         -53.000        -20.000        -4.9090E-5     0.0010762      -0.0010146
-67.000         -53.000        -20.000        -5.3475E-5     0.0010866      -0.0010546
-65.000         -53.000        -20.000        -5.5158E-5     0.0010974      -0.0010928
-63.000         -53.000        -20.000        -5.4900E-5     0.0011097      -0.0011299
-61.000         -53.000        -20.000        -5.2427E-5     0.0011242      -0.0011651
-59.000         -53.000        -20.000        -4.8000E-5     0.0011414      -0.0011971
-57.000         -53.000        -20.000        -4.3488E-5     0.0011615      -0.0012319
-55.000         -53.000        -20.000        -3.8064E-5     0.0011856      -0.0012590
-53.000         -53.000        -20.000        -3.3184E-5     0.0012130      -0.0012893
-51.000         -53.000        -20.000        -3.0149E-5     0.0012449      -0.0013166
-49.000         -53.000        -20.000        -3.0205E-5     0.0012801      -0.0013411
-47.000         -53.000        -20.000        -3.3197E-5     0.0013189      -0.0013650
-45.000         -53.000        -20.000        -4.0542E-5     0.0013611      -0.0013888
-43.000         -53.000        -20.000        -5.2755E-5     0.0014054      -0.0014106
-41.000         -53.000        -20.000        -7.1227E-5     0.0014509      -0.0014341
-39.000         -53.000        -20.000        -9.5576E-5     0.0014965      -0.0014592
-37.000         -53.000        -20.000        -1.2603E-4     0.0015418      -0.0014844
-35.000         -53.000        -20.000        -1.6334E-4     0.0015851      -0.0015108
-33.000         -53.000        -20.000        -2.0701E-4     0.0016253      -0.0015403
-31.000         -53.000        -20.000        -2.5639E-4     0.0016610      -0.0015712
-29.000         -53.000        -20.000        -3.0980E-4     0.0016906      -0.0016070
-27.000         -53.000        -20.000        -3.6808E-4     0.0017140      -0.0016445
-25.000         -53.000        -20.000        -4.2976E-4     0.0017298      -0.0016849
-23.000         -53.000        -20.000        -4.9364E-4     0.0017378      -0.0017311
-21.000         -53.000        -20.000        -5.5750E-4     0.0017368      -0.0017776
-19.000         -53.000        -20.000        -6.1985E-4     0.0017270      -0.0018280
-17.000         -53.000        -20.000        -6.8033E-4     0.0017087      -0.0018805
-15.000         -53.000        -20.000        -7.3761E-4     0.0016819      -0.0019365
-13.000         -53.000        -20.000        -7.9020E-4     0.0016471      -0.0019915
-11.000         -53.000        -20.000        -8.3578E-4     0.0016057      -0.0020476
-9.0000         -53.000        -20.000        -8.7446E-4     0.0015580      -0.0021056
-7.0000         -53.000        -20.000        -9.0536E-4     0.0015059      -0.0021614
-5.0000         -53.000        -20.000        -9.2780E-4     0.0014502      -0.0022171
-3.0000         -53.000        -20.000        -9.4189E-4     0.0013928      -0.0022728
-1.0000         -53.000        -20.000        -9.4607E-4     0.0013355      -0.0023231
1.0000          -53.000        -20.000        -9.4285E-4     0.0012793      -0.0023706
3.0000          -53.000        -20.000        -9.3113E-4     0.0012263      -0.0024148
5.0000          -53.000        -20.000        -9.1140E-4     0.0011777      -0.0024550
7.0000          -53.000        -20.000        -8.8513E-4     0.0011349      -0.0024931
9.0000          -53.000        -20.000        -8.5410E-4     0.0010992      -0.0025236
11.000          -53.000        -20.000        -8.2007E-4     0.0010725      -0.0025471
13.000          -53.000        -20.000        -7.8322E-4     0.0010543      -0.0025753
15.000          -53.000        -20.000        -7.4556E-4     0.0010457      -0.0025937
17.000          -53.000        -20.000        -7.0916E-4     0.0010472      -0.0026068
19.000          -53.000        -20.000        -6.7720E-4     0.0010583      -0.0026167
21.000          -53.000        -20.000        -6.5117E-4     0.0010793      -0.0026228
23.000          -53.000        -20.000        -6.3131E-4     0.0011082      -0.0026304
25.000          -53.000        -20.000        -6.2086E-4     0.0011448      -0.0026348
27.000          -53.000        -20.000        -6.2057E-4     0.0011870      -0.0026413
29.000          -53.000        -20.000        -6.3300E-4     0.0012329      -0.0026432
31.000          -53.000        -20.000        -6.5743E-4     0.0012795      -0.0026524
33.000          -53.000        -20.000        -6.9478E-4     0.0013256      -0.0026594
35.000          -53.000        -20.000        -7.4574E-4     0.0013685      -0.0026740
37.000          -53.000        -20.000        -8.0970E-4     0.0014049      -0.0026913
39.000          -53.000        -20.000        -8.8570E-4     0.0014319      -0.0027152
41.000          -53.000        -20.000        -9.7121E-4     0.0014467      -0.0027432
43.000          -53.000        -20.000        -0.0010654     0.0014474      -0.0027771
45.000          -53.000        -20.000        -0.0011677     0.0014311      -0.0028220
47.000          -53.000        -20.000        -0.0012735     0.0013972      -0.0028687
49.000          -53.000        -20.000        -0.0013779     0.0013424      -0.0029221
51.000          -53.000        -20.000        -0.0014787     0.0012678      -0.0029800
53.000          -53.000        -20.000        -0.0015750     0.0011709      -0.0030446
55.000          -53.000        -20.000        -0.0016618     0.0010552      -0.0031120
57.000          -53.000        -20.000        -0.0017322     9.1740E-4      -0.0031829
59.000          -53.000        -20.000        -0.0017899     7.6983E-4      -0.0032448
61.000          -53.000        -20.000        -0.0018279     6.0277E-4      -0.0033127
63.000          -53.000        -20.000        -0.0018440     4.2235E-4      -0.0033803
65.000          -53.000        -20.000        -0.0018405     2.4111E-4      -0.0034324
67.000          -53.000        -20.000        -0.0018147     5.2638E-5      -0.0034781
69.000          -53.000        -20.000        -0.0017626     -1.3794E-4     -0.0035159
71.000          -53.000        -20.000        -0.0016949     -3.2039E-4     -0.0035448
73.000          -53.000        -20.000        -0.0016041     -4.9679E-4     -0.0035568
75.000          -53.000        -20.000        -0.0014956     -6.6432E-4     -0.0035573
77.000          -53.000        -20.000        -0.0013757     -8.1652E-4     -0.0035436
79.000          -53.000        -20.000        -0.0012421     -9.5235E-4     -0.0035200
81.000          -53.000        -20.000        -0.0010998     -0.0010731     -0.0034757
83.000          -53.000        -20.000        -9.5254E-4     -0.0011750     -0.0034233
85.000          -53.000        -20.000        -8.0493E-4     -0.0012576     -0.0033586
87.000          -53.000        -20.000        -6.5697E-4     -0.0013234     -0.0032860
89.000          -53.000        -20.000        -5.1082E-4     -0.0013713     -0.0031978
91.000          -53.000        -20.000        -3.7115E-4     -0.0014026     -0.0031070
93.000          -53.000        -20.000        -2.3805E-4     -0.0014193     -0.0030071
95.000          -53.000        -20.000        -1.1380E-4     -0.0014221     -0.0029034
97.000          -53.000        -20.000        1.5766E-6      -0.0014126     -0.0027978
99.000          -53.000        -20.000        1.0602E-4      -0.0013923     -0.0026845
-99.000         -51.000        -20.000        1.8488E-4      8.4154E-4      -5.1306E-4
-97.000         -51.000        -20.000        1.7358E-4      8.7185E-4      -5.3933E-4
-95.000         -51.000        -20.000        1.6021E-4      9.0160E-4      -5.6766E-4
-93.000         -51.000        -20.000        1.4580E-4      9.3101E-4      -5.9689E-4
-91.000         -51.000        -20.000        1.3000E-4      9.5952E-4      -6.2858E-4
-89.000         -51.000        -20.000        1.1298E-4      9.8643E-4      -6.6202E-4
-87.000         -51.000        -20.000        9.4924E-5      0.0010119      -6.9683E-4
-85.000         -51.000        -20.000        7.6917E-5      0.0010362      -7.3456E-4
-83.000         -51.000        -20.000        5.8334E-5      0.0010581      -7.7233E-4
-81.000         -51.000        -20.000        3.9560E-5      0.0010773      -8.1251E-4
-79.000         -51.000        -20.000        2.2161E-5      0.0010957      -8.5511E-4
-77.000         -51.000        -20.000        5.4667E-6      0.0011114      -8.9847E-4
-75.000         -51.000        -20.000        -9.1851E-6     0.0011248      -9.4112E-4
-73.000         -51.000        -20.000        -2.1882E-5     0.0011369      -9.8514E-4
-71.000         -51.000        -20.000        -3.1884E-5     0.0011480      -0.0010300
-69.000         -51.000        -20.000        -3.8929E-5     0.0011578      -0.0010733
-67.000         -51.000        -20.000        -4.2825E-5     0.0011674      -0.0011168
-65.000         -51.000        -20.000        -4.3716E-5     0.0011788      -0.0011600
-63.000         -51.000        -20.000        -4.1551E-5     0.0011911      -0.0012012
-61.000         -51.000        -20.000        -3.6336E-5     0.0012053      -0.0012395
-59.000         -51.000        -20.000        -2.9029E-5     0.0012235      -0.0012758
-57.000         -51.000        -20.000        -2.0390E-5     0.0012450      -0.0013105
-55.000         -51.000        -20.000        -1.1247E-5     0.0012705      -0.0013403
-53.000         -51.000        -20.000        -2.0672E-6     0.0013016      -0.0013705
-51.000         -51.000        -20.000        5.3690E-6      0.0013372      -0.0013981
-49.000         -51.000        -20.000        9.7951E-6      0.0013774      -0.0014239
-47.000         -51.000        -20.000        1.0630E-5      0.0014216      -0.0014459
-45.000         -51.000        -20.000        5.3251E-6      0.0014710      -0.0014686
-43.000         -51.000        -20.000        -3.8783E-6     0.0015233      -0.0014919
-41.000         -51.000        -20.000        -2.1003E-5     0.0015777      -0.0015151
-39.000         -51.000        -20.000        -4.5517E-5     0.0016325      -0.0015386
-37.000         -51.000        -20.000        -7.6995E-5     0.0016865      -0.0015614
-35.000         -51.000        -20.000        -1.1765E-4     0.0017398      -0.0015893
-33.000         -51.000        -20.000        -1.6411E-4     0.0017893      -0.0016177
-31.000         -51.000        -20.000        -2.1881E-4     0.0018334      -0.0016499
-29.000         -51.000        -20.000        -2.7964E-4     0.0018712      -0.0016852
-27.000         -51.000        -20.000        -3.4557E-4     0.0019018      -0.0017256
-25.000         -51.000        -20.000        -4.1632E-4     0.0019243      -0.0017700
-23.000         -51.000        -20.000        -4.8797E-4     0.0019363      -0.0018192
-21.000         -51.000        -20.000        -5.6120E-4     0.0019383      -0.0018706
-19.000         -51.000        -20.000        -6.3372E-4     0.0019307      -0.0019279
-17.000         -51.000        -20.000        -7.0396E-4     0.0019121      -0.0019849
-15.000         -51.000        -20.000        -7.6970E-4     0.0018840      -0.0020453
-13.000         -51.000        -20.000        -8.3019E-4     0.0018456      -0.0021086
-11.000         -51.000        -20.000        -8.8304E-4     0.0017993      -0.0021712
-9.0000         -51.000        -20.000        -9.2755E-4     0.0017459      -0.0022356
-7.0000         -51.000        -20.000        -9.6331E-4     0.0016870      -0.0023024
-5.0000         -51.000        -20.000        -9.8775E-4     0.0016235      -0.0023661
-3.0000         -51.000        -20.000        -0.0010036     0.0015575      -0.0024263
-1.0000         -51.000        -20.000        -0.0010074     0.0014919      -0.0024828
1.0000          -51.000        -20.000        -0.0010018     0.0014278      -0.0025402
3.0000          -51.000        -20.000        -9.8564E-4     0.0013668      -0.0025865
5.0000          -51.000        -20.000        -9.6014E-4     0.0013100      -0.0026327
7.0000          -51.000        -20.000        -9.2774E-4     0.0012603      -0.0026735
9.0000          -51.000        -20.000        -8.8795E-4     0.0012201      -0.0027070
11.000          -51.000        -20.000        -8.4362E-4     0.0011892      -0.0027367
13.000          -51.000        -20.000        -7.9623E-4     0.0011695      -0.0027581
15.000          -51.000        -20.000        -7.4790E-4     0.0011615      -0.0027724
17.000          -51.000        -20.000        -7.0133E-4     0.0011658      -0.0027894
19.000          -51.000        -20.000        -6.5851E-4     0.0011821      -0.0028003
21.000          -51.000        -20.000        -6.2163E-4     0.0012090      -0.0028038
23.000          -51.000        -20.000        -5.9305E-4     0.0012478      -0.0028077
25.000          -51.000        -20.000        -5.7659E-4     0.0012958      -0.0028057
27.000          -51.000        -20.000        -5.6950E-4     0.0013528      -0.0028065
29.000          -51.000        -20.000        -5.7839E-4     0.0014131      -0.0028040
31.000          -51.000        -20.000        -6.0221E-4     0.0014758      -0.0028071
33.000          -51.000        -20.000        -6.4122E-4     0.0015390      -0.0028118
35.000          -51.000        -20.000        -6.9960E-4     0.0016004      -0.0028216
37.000          -51.000        -20.000        -7.6903E-4     0.0016552      -0.0028372
39.000          -51.000        -20.000        -8.5638E-4     0.0016979      -0.0028590
41.000          -51.000        -20.000        -9.5635E-4     0.0017281      -0.0028867
43.000          -51.000        -20.000        -0.0010681     0.0017418      -0.0029249
45.000          -51.000        -20.000        -0.0011892     0.0017387      -0.0029688
47.000          -51.000        -20.000        -0.0013137     0.0017111      -0.0030251
49.000          -51.000        -20.000        -0.0014413     0.0016608      -0.0030917
51.000          -51.000        -20.000        -0.0015656     0.0015878      -0.0031574
53.000          -51.000        -20.000        -0.0016841     0.0014882      -0.0032342
55.000          -51.000        -20.000        -0.0017907     0.0013610      -0.0033125
57.000          -51.000        -20.000        -0.0018849     0.0012162      -0.0033967
59.000          -51.000        -20.000        -0.0019588     0.0010482      -0.0034787
61.000          -51.000        -20.000        -0.0020093     8.5905E-4      -0.0035563
63.000          -51.000        -20.000        -0.0020387     6.5992E-4      -0.0036406
65.000          -51.000        -20.000        -0.0020416     4.4980E-4      -0.0037043
67.000          -51.000        -20.000        -0.0020167     2.3161E-4      -0.0037639
69.000          -51.000        -20.000        -0.0019642     1.4554E-5      -0.0038208
71.000          -51.000        -20.000        -0.0018899     -1.9727E-4     -0.0038506
73.000          -51.000        -20.000        -0.0017887     -4.0255E-4     -0.0038765
75.000          -51.000        -20.000        -0.0016673     -5.9696E-4     -0.0038778
77.000          -51.000        -20.000        -0.0015324     -7.7210E-4     -0.0038682
79.000          -51.000        -20.000        -0.0013802     -9.3149E-4     -0.0038384
81.000          -51.000        -20.000        -0.0012195     -0.0010711     -0.0037895
83.000          -51.000        -20.000        -0.0010533     -0.0011878     -0.0037374
85.000          -51.000        -20.000        -8.8473E-4     -0.0012840     -0.0036633
87.000          -51.000        -20.000        -7.1772E-4     -0.0013602     -0.0035779
89.000          -51.000        -20.000        -5.5343E-4     -0.0014150     -0.0034802
91.000          -51.000        -20.000        -3.9677E-4     -0.0014512     -0.0033758
93.000          -51.000        -20.000        -2.4811E-4     -0.0014710     -0.0032618
95.000          -51.000        -20.000        -1.1033E-4     -0.0014742     -0.0031437
97.000          -51.000        -20.000        1.7162E-5      -0.0014639     -0.0030219
99.000          -51.000        -20.000        1.3127E-4      -0.0014431     -0.0028970
-99.000         -49.000        -20.000        2.1733E-4      8.9002E-4      -5.2395E-4
-97.000         -49.000        -20.000        2.0576E-4      9.2486E-4      -5.5233E-4
-95.000         -49.000        -20.000        1.9195E-4      9.5913E-4      -5.8193E-4
-93.000         -49.000        -20.000        1.7651E-4      9.9225E-4      -6.1466E-4
-91.000         -49.000        -20.000        1.5983E-4      0.0010253      -6.4764E-4
-89.000         -49.000        -20.000        1.4153E-4      0.0010568      -6.8310E-4
-87.000         -49.000        -20.000        1.2207E-4      0.0010861      -7.2202E-4
-85.000         -49.000        -20.000        1.0149E-4      0.0011140      -7.6166E-4
-83.000         -49.000        -20.000        8.0872E-5      0.0011397      -8.0405E-4
-81.000         -49.000        -20.000        6.0154E-5      0.0011620      -8.4871E-4
-79.000         -49.000        -20.000        3.9931E-5      0.0011827      -8.9361E-4
-77.000         -49.000        -20.000        2.1135E-5      0.0012008      -9.4216E-4
-75.000         -49.000        -20.000        4.3038E-6      0.0012158      -9.9004E-4
-73.000         -49.000        -20.000        -1.0169E-5     0.0012287      -0.0010386
-71.000         -49.000        -20.000        -2.1635E-5     0.0012402      -0.0010882
-69.000         -49.000        -20.000        -2.8943E-5     0.0012500      -0.0011375
-67.000         -49.000        -20.000        -3.3150E-5     0.0012594      -0.0011851
-65.000         -49.000        -20.000        -3.2648E-5     0.0012705      -0.0012325
-63.000         -49.000        -20.000        -2.8174E-5     0.0012823      -0.0012778
-61.000         -49.000        -20.000        -2.0229E-5     0.0012961      -0.0013213
-59.000         -49.000        -20.000        -9.2971E-6     0.0013148      -0.0013591
-57.000         -49.000        -20.000        4.1559E-6      0.0013374      -0.0013982
-55.000         -49.000        -20.000        1.8641E-5      0.0013647      -0.0014308
-53.000         -49.000        -20.000        3.2528E-5      0.0013985      -0.0014606
-51.000         -49.000        -20.000        4.6024E-5      0.0014391      -0.0014878
-49.000         -49.000        -20.000        5.5814E-5      0.0014847      -0.0015133
-47.000         -49.000        -20.000        6.1746E-5      0.0015363      -0.0015363
-45.000         -49.000        -20.000        6.1191E-5      0.0015933      -0.0015583
-43.000         -49.000        -20.000        5.4162E-5      0.0016544      -0.0015779
-41.000         -49.000        -20.000        3.8683E-5      0.0017184      -0.0015991
-39.000         -49.000        -20.000        1.4733E-5      0.0017849      -0.0016214
-37.000         -49.000        -20.000        -1.7751E-5     0.0018505      -0.0016433
-35.000         -49.000        -20.000        -6.0036E-5     0.0019147      -0.0016705
-33.000         -49.000        -20.000        -1.1153E-4     0.0019753      -0.0016991
-31.000         -49.000        -20.000        -1.7204E-4     0.0020310      -0.0017322
-29.000         -49.000        -20.000        -2.4078E-4     0.0020796      -0.0017701
-27.000         -49.000        -20.000        -3.1506E-4     0.0021189      -0.0018134
-25.000         -49.000        -20.000        -3.9488E-4     0.0021488      -0.0018571
-23.000         -49.000        -20.000        -4.7713E-4     0.0021672      -0.0019112
-21.000         -49.000        -20.000        -5.6230E-4     0.0021741      -0.0019673
-19.000         -49.000        -20.000        -6.4656E-4     0.0021685      -0.0020286
-17.000         -49.000        -20.000        -7.2831E-4     0.0021503      -0.0020956
-15.000         -49.000        -20.000        -8.0430E-4     0.0021201      -0.0021656
-13.000         -49.000        -20.000        -8.7413E-4     0.0020787      -0.0022359
-11.000         -49.000        -20.000        -9.3606E-4     0.0020277      -0.0023102
-9.0000         -49.000        -20.000        -9.8843E-4     0.0019673      -0.0023844
-7.0000         -49.000        -20.000        -0.0010296     0.0018999      -0.0024570
-5.0000         -49.000        -20.000        -0.0010579     0.0018272      -0.0025281
-3.0000         -49.000        -20.000        -0.0010750     0.0017516      -0.0025978
-1.0000         -49.000        -20.000        -0.0010786     0.0016754      -0.0026662
1.0000          -49.000        -20.000        -0.0010692     0.0015995      -0.0027242
3.0000          -49.000        -20.000        -0.0010496     0.0015286      -0.0027805
5.0000          -49.000        -20.000        -0.0010177     0.0014633      -0.0028318
7.0000          -49.000        -20.000        -9.7730E-4     0.0014055      -0.0028768
9.0000          -49.000        -20.000        -9.2767E-4     0.0013579      -0.0029135
11.000          -49.000        -20.000        -8.7032E-4     0.0013220      -0.0029446
13.000          -49.000        -20.000        -8.1061E-4     0.0012998      -0.0029682
15.000          -49.000        -20.000        -7.4960E-4     0.0012912      -0.0029843
17.000          -49.000        -20.000        -6.8996E-4     0.0012974      -0.0029929
19.000          -49.000        -20.000        -6.3390E-4     0.0013181      -0.0029989
21.000          -49.000        -20.000        -5.8331E-4     0.0013539      -0.0029991
23.000          -49.000        -20.000        -5.4310E-4     0.0014039      -0.0029952
25.000          -49.000        -20.000        -5.1574E-4     0.0014655      -0.0029903
27.000          -49.000        -20.000        -5.0244E-4     0.0015373      -0.0029830
29.000          -49.000        -20.000        -5.0666E-4     0.0016163      -0.0029776
31.000          -49.000        -20.000        -5.2734E-4     0.0017009      -0.0029732
33.000          -49.000        -20.000        -5.6815E-4     0.0017865      -0.0029702
35.000          -49.000        -20.000        -6.2878E-4     0.0018685      -0.0029762
37.000          -49.000        -20.000        -7.0825E-4     0.0019450      -0.0029875
39.000          -49.000        -20.000        -8.0838E-4     0.0020107      -0.0030055
41.000          -49.000        -20.000        -9.2542E-4     0.0020628      -0.0030348
43.000          -49.000        -20.000        -0.0010554     0.0020947      -0.0030725
45.000          -49.000        -20.000        -0.0011971     0.0021043      -0.0031226
47.000          -49.000        -20.000        -0.0013461     0.0020897      -0.0031851
49.000          -49.000        -20.000        -0.0015012     0.0020475      -0.0032567
51.000          -49.000        -20.000        -0.0016552     0.0019759      -0.0033320
53.000          -49.000        -20.000        -0.0017996     0.0018717      -0.0034246
55.000          -49.000        -20.000        -0.0019367     0.0017365      -0.0035221
57.000          -49.000        -20.000        -0.0020526     0.0015787      -0.0036175
59.000          -49.000        -20.000        -0.0021470     0.0013902      -0.0037192
61.000          -49.000        -20.000        -0.0022219     0.0011789      -0.0038223
63.000          -49.000        -20.000        -0.0022596     9.5374E-4      -0.0039221
65.000          -49.000        -20.000        -0.0022715     7.1068E-4      -0.0040032
67.000          -49.000        -20.000        -0.0022477     4.5752E-4      -0.0040900
69.000          -49.000        -20.000        -0.0021970     2.1125E-4      -0.0041496
71.000          -49.000        -20.000        -0.0021163     -3.6881E-5     -0.0041937
73.000          -49.000        -20.000        -0.0020024     -2.7790E-4     -0.0042273
75.000          -49.000        -20.000        -0.0018680     -4.9914E-4     -0.0042396
77.000          -49.000        -20.000        -0.0017142     -7.0494E-4     -0.0042277
79.000          -49.000        -20.000        -0.0015406     -8.9104E-4     -0.0041990
81.000          -49.000        -20.000        -0.0013571     -0.0010511     -0.0041516
83.000          -49.000        -20.000        -0.0011699     -0.0011889     -0.0040849
85.000          -49.000        -20.000        -9.7649E-4     -0.0013022     -0.0039981
87.000          -49.000        -20.000        -7.8523E-4     -0.0013900     -0.0039050
89.000          -49.000        -20.000        -6.0283E-4     -0.0014528     -0.0037877
91.000          -49.000        -20.000        -4.2674E-4     -0.0014954     -0.0036725
93.000          -49.000        -20.000        -2.6083E-4     -0.0015187     -0.0035433
95.000          -49.000        -20.000        -1.0753E-4     -0.0015231     -0.0034071
97.000          -49.000        -20.000        3.3470E-5      -0.0015126     -0.0032692
99.000          -49.000        -20.000        1.5992E-4      -0.0014900     -0.0031245
-99.000         -47.000        -20.000        2.5426E-4      9.4263E-4      -5.3498E-4
-97.000         -47.000        -20.000        2.4238E-4      9.8201E-4      -5.6370E-4
-95.000         -47.000        -20.000        2.2842E-4      0.0010216      -5.9545E-4
-93.000         -47.000        -20.000        2.1246E-4      0.0010600      -6.2967E-4
-91.000         -47.000        -20.000        1.9414E-4      0.0010974      -6.6511E-4
-89.000         -47.000        -20.000        1.7429E-4      0.0011346      -7.0445E-4
-87.000         -47.000        -20.000        1.5349E-4      0.0011691      -7.4584E-4
-85.000         -47.000        -20.000        1.3012E-4      0.0012008      -7.8901E-4
-83.000         -47.000        -20.000        1.0701E-4      0.0012314      -8.3577E-4
-81.000         -47.000        -20.000        8.3711E-5      0.0012583      -8.8406E-4
-79.000         -47.000        -20.000        6.0374E-5      0.0012817      -9.3460E-4
-77.000         -47.000        -20.000        3.9044E-5      0.0013023      -9.8475E-4
-75.000         -47.000        -20.000        1.9220E-5      0.0013193      -0.0010412
-73.000         -47.000        -20.000        2.2443E-6      0.0013338      -0.0010961
-71.000         -47.000        -20.000        -1.1269E-5     0.0013453      -0.0011508
-69.000         -47.000        -20.000        -1.9305E-5     0.0013555      -0.0012054
-67.000         -47.000        -20.000        -2.3633E-5     0.0013648      -0.0012602
-65.000         -47.000        -20.000        -2.2100E-5     0.0013741      -0.0013100
-63.000         -47.000        -20.000        -1.5408E-5     0.0013851      -0.0013623
-61.000         -47.000        -20.000        -4.5783E-6     0.0013992      -0.0014098
-59.000         -47.000        -20.000        1.0646E-5      0.0014167      -0.0014533
-57.000         -47.000        -20.000        2.9521E-5      0.0014402      -0.0014924
-55.000         -47.000        -20.000        5.0320E-5      0.0014695      -0.0015276
-53.000         -47.000        -20.000        7.0910E-5      0.0015056      -0.0015604
-51.000         -47.000        -20.000        9.1220E-5      0.0015499      -0.0015855
-49.000         -47.000        -20.000        1.0797E-4      0.0016021      -0.0016126
-47.000         -47.000        -20.000        1.1961E-4      0.0016611      -0.0016345
-45.000         -47.000        -20.000        1.2502E-4      0.0017267      -0.0016531
-43.000         -47.000        -20.000        1.2277E-4      0.0017983      -0.0016706
-41.000         -47.000        -20.000        1.1005E-4      0.0018744      -0.0016881
-39.000         -47.000        -20.000        8.7601E-5      0.0019522      -0.0017090
-37.000         -47.000        -20.000        5.4519E-5      0.0020322      -0.0017287
-35.000         -47.000        -20.000        9.2645E-6      0.0021099      -0.0017541
-33.000         -47.000        -20.000        -4.7055E-5     0.0021846      -0.0017819
-31.000         -47.000        -20.000        -1.1475E-4     0.0022535      -0.0018130
-29.000         -47.000        -20.000        -1.9036E-4     0.0023137      -0.0018495
-27.000         -47.000        -20.000        -2.7450E-4     0.0023647      -0.0018936
-25.000         -47.000        -20.000        -3.6609E-4     0.0024040      -0.0019435
-23.000         -47.000        -20.000        -4.6219E-4     0.0024304      -0.0020007
-21.000         -47.000        -20.000        -5.6060E-4     0.0024433      -0.0020641
-19.000         -47.000        -20.000        -6.5719E-4     0.0024412      -0.0021317
-17.000         -47.000        -20.000        -7.5143E-4     0.0024240      -0.0022067
-15.000         -47.000        -20.000        -8.4153E-4     0.0023919      -0.0022852
-13.000         -47.000        -20.000        -9.2384E-4     0.0023472      -0.0023662
-11.000         -47.000        -20.000        -9.9567E-4     0.0022900      -0.0024480
-9.0000         -47.000        -20.000        -0.0010563     0.0022217      -0.0025318
-7.0000         -47.000        -20.000        -0.0011042     0.0021454      -0.0026154
-5.0000         -47.000        -20.000        -0.0011377     0.0020616      -0.0026989
-3.0000         -47.000        -20.000        -0.0011571     0.0019749      -0.0027771
-1.0000         -47.000        -20.000        -0.0011596     0.0018854      -0.0028550
1.0000          -47.000        -20.000        -0.0011497     0.0017986      -0.0029234
3.0000          -47.000        -20.000        -0.0011245     0.0017156      -0.0029908
5.0000          -47.000        -20.000        -0.0010850     0.0016384      -0.0030434
7.0000          -47.000        -20.000        -0.0010336     0.0015706      -0.0030956
9.0000          -47.000        -20.000        -9.7183E-4     0.0015132      -0.0031346
11.000          -47.000        -20.000        -9.0326E-4     0.0014717      -0.0031624
13.000          -47.000        -20.000        -8.2859E-4     0.0014447      -0.0031909
15.000          -47.000        -20.000        -7.5089E-4     0.0014351      -0.0032068
17.000          -47.000        -20.000        -6.7274E-4     0.0014430      -0.0032141
19.000          -47.000        -20.000        -6.0074E-4     0.0014685      -0.0032168
21.000          -47.000        -20.000        -5.3691E-4     0.0015128      -0.0032093
23.000          -47.000        -20.000        -4.8105E-4     0.0015754      -0.0032010
25.000          -47.000        -20.000        -4.4023E-4     0.0016526      -0.0031846
27.000          -47.000        -20.000        -4.1611E-4     0.0017429      -0.0031722
29.000          -47.000        -20.000        -4.1355E-4     0.0018445      -0.0031497
31.000          -47.000        -20.000        -4.3116E-4     0.0019515      -0.0031405
33.000          -47.000        -20.000        -4.7034E-4     0.0020630      -0.0031319
35.000          -47.000        -20.000        -5.3534E-4     0.0021726      -0.0031281
37.000          -47.000        -20.000        -6.2391E-4     0.0022762      -0.0031336
39.000          -47.000        -20.000        -7.3739E-4     0.0023700      -0.0031446
41.000          -47.000        -20.000        -8.6990E-4     0.0024462      -0.0031726
43.000          -47.000        -20.000        -0.0010213     0.0025029      -0.0032145
45.000          -47.000        -20.000        -0.0011907     0.0025325      -0.0032659
47.000          -47.000        -20.000        -0.0013677     0.0025353      -0.0033350
49.000          -47.000        -20.000        -0.0015548     0.0025011      -0.0034169
51.000          -47.000        -20.000        -0.0017420     0.0024361      -0.0035073
53.000          -47.000        -20.000        -0.0019187     0.0023323      -0.0036145
55.000          -47.000        -20.000        -0.0020883     0.0021944      -0.0037273
57.000          -47.000        -20.000        -0.0022366     0.0020181      -0.0038465
59.000          -47.000        -20.000        -0.0023574     0.0018087      -0.0039675
61.000          -47.000        -20.000        -0.0024551     0.0015778      -0.0040888
63.000          -47.000        -20.000        -0.0025132     0.0013154      -0.0042069
65.000          -47.000        -20.000        -0.0025326     0.0010362      -0.0043173
67.000          -47.000        -20.000        -0.0025214     7.5094E-4      -0.0044291
69.000          -47.000        -20.000        -0.0024670     4.6301E-4      -0.0045059
71.000          -47.000        -20.000        -0.0023796     1.7219E-4      -0.0045765
73.000          -47.000        -20.000        -0.0022540     -1.0632E-4     -0.0046147
75.000          -47.000        -20.000        -0.0021023     -3.6536E-4     -0.0046368
77.000          -47.000        -20.000        -0.0019264     -6.0943E-4     -0.0046249
79.000          -47.000        -20.000        -0.0017272     -8.2672E-4     -0.0046003
81.000          -47.000        -20.000        -0.0015193     -0.0010131     -0.0045481
83.000          -47.000        -20.000        -0.0013037     -0.0011744     -0.0044699
85.000          -47.000        -20.000        -0.0010832     -0.0013071     -0.0043690
87.000          -47.000        -20.000        -8.6774E-4     -0.0014084     -0.0042688
89.000          -47.000        -20.000        -6.6152E-4     -0.0014834     -0.0041428
91.000          -47.000        -20.000        -4.6002E-4     -0.0015340     -0.0039989
93.000          -47.000        -20.000        -2.7633E-4     -0.0015594     -0.0038502
95.000          -47.000        -20.000        -1.0487E-4     -0.0015666     -0.0036989
97.000          -47.000        -20.000        5.1279E-5      -0.0015569     -0.0035385
99.000          -47.000        -20.000        1.8960E-4      -0.0015313     -0.0033745
-99.000         -45.000        -20.000        2.9639E-4      9.9918E-4      -5.4429E-4
-97.000         -45.000        -20.000        2.8445E-4      0.0010440      -5.7527E-4
-95.000         -45.000        -20.000        2.7033E-4      0.0010890      -6.0811E-4
-93.000         -45.000        -20.000        2.5395E-4      0.0011339      -6.4405E-4
-91.000         -45.000        -20.000        2.3447E-4      0.0011778      -6.8336E-4
-89.000         -45.000        -20.000        2.1299E-4      0.0012205      -7.2378E-4
-87.000         -45.000        -20.000        1.9003E-4      0.0012616      -7.6873E-4
-85.000         -45.000        -20.000        1.6422E-4      0.0012998      -8.1578E-4
-83.000         -45.000        -20.000        1.3780E-4      0.0013349      -8.6588E-4
-81.000         -45.000        -20.000        1.1130E-4      0.0013671      -9.1934E-4
-79.000         -45.000        -20.000        8.4346E-5      0.0013951      -9.7518E-4
-77.000         -45.000        -20.000        5.9048E-5      0.0014190      -0.0010334
-75.000         -45.000        -20.000        3.5820E-5      0.0014390      -0.0010929
-73.000         -45.000        -20.000        1.5896E-5      0.0014550      -0.0011553
-71.000         -45.000        -20.000        7.5301E-8      0.0014673      -0.0012170
-69.000         -45.000        -20.000        -1.0222E-5     0.0014771      -0.0012786
-67.000         -45.000        -20.000        -1.4710E-5     0.0014859      -0.0013391
-65.000         -45.000        -20.000        -1.2524E-5     0.0014936      -0.0013990
-63.000         -45.000        -20.000        -4.0917E-6     0.0015026      -0.0014546
-61.000         -45.000        -20.000        1.0233E-5      0.0015158      -0.0015068
-59.000         -45.000        -20.000        3.1334E-5      0.0015321      -0.0015557
-57.000         -45.000        -20.000        5.6280E-5      0.0015546      -0.0015985
-55.000         -45.000        -20.000        8.3985E-5      0.0015860      -0.0016355
-53.000         -45.000        -20.000        1.1336E-4      0.0016247      -0.0016685
-51.000         -45.000        -20.000        1.4156E-4      0.0016718      -0.0016942
-49.000         -45.000        -20.000        1.6677E-4      0.0017312      -0.0017193
-47.000         -45.000        -20.000        1.8665E-4      0.0017986      -0.0017389
-45.000         -45.000        -20.000        1.9986E-4      0.0018722      -0.0017540
-43.000         -45.000        -20.000        2.0324E-4      0.0019560      -0.0017725
-41.000         -45.000        -20.000        1.9436E-4      0.0020457      -0.0017856
-39.000         -45.000        -20.000        1.7437E-4      0.0021395      -0.0018004
-37.000         -45.000        -20.000        1.4112E-4      0.0022349      -0.0018171
-35.000         -45.000        -20.000        9.2338E-5      0.0023283      -0.0018382
-33.000         -45.000        -20.000        3.3068E-5      0.0024184      -0.0018638
-31.000         -45.000        -20.000        -4.1101E-5     0.0025036      -0.0018952
-29.000         -45.000        -20.000        -1.2684E-4     0.0025797      -0.0019339
-27.000         -45.000        -20.000        -2.2252E-4     0.0026459      -0.0019762
-25.000         -45.000        -20.000        -3.2891E-4     0.0026969      -0.0020344
-23.000         -45.000        -20.000        -4.3862E-4     0.0027322      -0.0020938
-21.000         -45.000        -20.000        -5.5170E-4     0.0027517      -0.0021621
-19.000         -45.000        -20.000        -6.6519E-4     0.0027546      -0.0022345
-17.000         -45.000        -20.000        -7.7606E-4     0.0027400      -0.0023234
-15.000         -45.000        -20.000        -8.8028E-4     0.0027079      -0.0024086
-13.000         -45.000        -20.000        -9.7812E-4     0.0026591      -0.0024992
-11.000         -45.000        -20.000        -0.0010623     0.0025949      -0.0025947
-9.0000         -45.000        -20.000        -0.0011337     0.0025177      -0.0026914
-7.0000         -45.000        -20.000        -0.0011904     0.0024312      -0.0027864
-5.0000         -45.000        -20.000        -0.0012290     0.0023360      -0.0028888
-3.0000         -45.000        -20.000        -0.0012520     0.0022355      -0.0029762
-1.0000         -45.000        -20.000        -0.0012565     0.0021320      -0.0030589
1.0000          -45.000        -20.000        -0.0012426     0.0020294      -0.0031455
3.0000          -45.000        -20.000        -0.0012120     0.0019304      -0.0032180
5.0000          -45.000        -20.000        -0.0011634     0.0018390      -0.0032844
7.0000          -45.000        -20.000        -0.0011020     0.0017605      -0.0033361
9.0000          -45.000        -20.000        -0.0010268     0.0016930      -0.0033823
11.000          -45.000        -20.000        -9.4159E-4     0.0016417      -0.0034149
13.000          -45.000        -20.000        -8.4997E-4     0.0016076      -0.0034409
15.000          -45.000        -20.000        -7.5220E-4     0.0015946      -0.0034568
17.000          -45.000        -20.000        -6.5495E-4     0.0016045      -0.0034607
19.000          -45.000        -20.000        -5.6236E-4     0.0016356      -0.0034538
21.000          -45.000        -20.000        -4.7716E-4     0.0016897      -0.0034403
23.000          -45.000        -20.000        -4.0408E-4     0.0017642      -0.0034206
25.000          -45.000        -20.000        -3.4777E-4     0.0018571      -0.0034006
27.000          -45.000        -20.000        -3.0787E-4     0.0019692      -0.0033725
29.000          -45.000        -20.000        -2.9458E-4     0.0020957      -0.0033412
31.000          -45.000        -20.000        -3.0562E-4     0.0022324      -0.0033188
33.000          -45.000        -20.000        -3.4353E-4     0.0023760      -0.0032966
35.000          -45.000        -20.000        -4.1555E-4     0.0025167      -0.0032878
37.000          -45.000        -20.000        -5.0869E-4     0.0026522      -0.0032822
39.000          -45.000        -20.000        -6.3467E-4     0.0027803      -0.0032832
41.000          -45.000        -20.000        -7.8691E-4     0.0028905      -0.0033055
43.000          -45.000        -20.000        -9.6247E-4     0.0029786      -0.0033414
45.000          -45.000        -20.000        -0.0011693     0.0030297      -0.0034102
47.000          -45.000        -20.000        -0.0013737     0.0030610      -0.0034712
49.000          -45.000        -20.000        -0.0015967     0.0030465      -0.0035617
51.000          -45.000        -20.000        -0.0018225     0.0029927      -0.0036649
53.000          -45.000        -20.000        -0.0020409     0.0028899      -0.0037858
55.000          -45.000        -20.000        -0.0022492     0.0027473      -0.0039288
57.000          -45.000        -20.000        -0.0024346     0.0025597      -0.0040669
59.000          -45.000        -20.000        -0.0025922     0.0023301      -0.0042204
61.000          -45.000        -20.000        -0.0027180     0.0020672      -0.0043660
63.000          -45.000        -20.000        -0.0027994     0.0017702      -0.0045216
65.000          -45.000        -20.000        -0.0028402     0.0014516      -0.0046699
67.000          -45.000        -20.000        -0.0028364     0.0011217      -0.0047951
69.000          -45.000        -20.000        -0.0027808     7.8079E-4      -0.0048913
71.000          -45.000        -20.000        -0.0026845     4.4260E-4      -0.0049787
73.000          -45.000        -20.000        -0.0025495     1.1932E-4      -0.0050407
75.000          -45.000        -20.000        -0.0023755     -1.8863E-4     -0.0050696
77.000          -45.000        -20.000        -0.0021735     -4.7582E-4     -0.0050769
79.000          -45.000        -20.000        -0.0019494     -7.2714E-4     -0.0050478
81.000          -45.000        -20.000        -0.0017107     -9.4916E-4     -0.0049897
83.000          -45.000        -20.000        -0.0014610     -0.0011401     -0.0049081
85.000          -45.000        -20.000        -0.0012104     -0.0012921     -0.0047916
87.000          -45.000        -20.000        -9.6532E-4     -0.0014122     -0.0046739
89.000          -45.000        -20.000        -7.2784E-4     -0.0015016     -0.0045273
91.000          -45.000        -20.000        -5.0247E-4     -0.0015622     -0.0043663
93.000          -45.000        -20.000        -2.9399E-4     -0.0015930     -0.0041948
95.000          -45.000        -20.000        -1.0278E-4     -0.0016039     -0.0040155
97.000          -45.000        -20.000        6.9881E-5      -0.0015968     -0.0038386
99.000          -45.000        -20.000        2.2144E-4      -0.0015679     -0.0036514
-99.000         -43.000        -20.000        3.4407E-4      0.0010595      -5.5185E-4
-97.000         -43.000        -20.000        3.3293E-4      0.0011107      -5.8469E-4
-95.000         -43.000        -20.000        3.1861E-4      0.0011621      -6.1776E-4
-93.000         -43.000        -20.000        3.0185E-4      0.0012146      -6.5665E-4
-91.000         -43.000        -20.000        2.8165E-4      0.0012660      -6.9831E-4
-89.000         -43.000        -20.000        2.5833E-4      0.0013153      -7.4167E-4
-87.000         -43.000        -20.000        2.3282E-4      0.0013644      -7.8970E-4
-85.000         -43.000        -20.000        2.0453E-4      0.0014106      -8.4124E-4
-83.000         -43.000        -20.000        1.7451E-4      0.0014517      -8.9558E-4
-81.000         -43.000        -20.000        1.4376E-4      0.0014906      -9.5432E-4
-79.000         -43.000        -20.000        1.1283E-4      0.0015245      -0.0010161
-77.000         -43.000        -20.000        8.2338E-5      0.0015529      -0.0010822
-75.000         -43.000        -20.000        5.4778E-5      0.0015761      -0.0011473
-73.000         -43.000        -20.000        3.1164E-5      0.0015948      -0.0012164
-71.000         -43.000        -20.000        1.1819E-5      0.0016084      -0.0012867
-69.000         -43.000        -20.000        -1.7991E-6     0.0016182      -0.0013550
-67.000         -43.000        -20.000        -7.2072E-6     0.0016257      -0.0014243
-65.000         -43.000        -20.000        -4.7285E-6     0.0016314      -0.0014928
-63.000         -43.000        -20.000        4.8220E-6      0.0016385      -0.0015551
-61.000         -43.000        -20.000        2.3344E-5      0.0016491      -0.0016122
-59.000         -43.000        -20.000        5.0761E-5      0.0016633      -0.0016665
-57.000         -43.000        -20.000        8.1877E-5      0.0016855      -0.0017149
-55.000         -43.000        -20.000        1.1874E-4      0.0017161      -0.0017528
-53.000         -43.000        -20.000        1.5885E-4      0.0017570      -0.0017881
-51.000         -43.000        -20.000        1.9759E-4      0.0018093      -0.0018171
-49.000         -43.000        -20.000        2.3253E-4      0.0018729      -0.0018347
-47.000         -43.000        -20.000        2.6360E-4      0.0019494      -0.0018511
-45.000         -43.000        -20.000        2.8533E-4      0.0020364      -0.0018657
-43.000         -43.000        -20.000        2.9509E-4      0.0021317      -0.0018754
-41.000         -43.000        -20.000        2.9469E-4      0.0022376      -0.0018817
-39.000         -43.000        -20.000        2.7771E-4      0.0023483      -0.0018917
-37.000         -43.000        -20.000        2.4532E-4      0.0024626      -0.0019033
-35.000         -43.000        -20.000        1.9613E-4      0.0025753      -0.0019206
-33.000         -43.000        -20.000        1.3119E-4      0.0026856      -0.0019431
-31.000         -43.000        -20.000        4.9765E-5      0.0027903      -0.0019699
-29.000         -43.000        -20.000        -4.7665E-5     0.0028858      -0.0020100
-27.000         -43.000        -20.000        -1.5751E-4     0.0029682      -0.0020533
-25.000         -43.000        -20.000        -2.7684E-4     0.0030346      -0.0021102
-23.000         -43.000        -20.000        -4.0363E-4     0.0030840      -0.0021752
-21.000         -43.000        -20.000        -5.3614E-4     0.0031138      -0.0022529
-19.000         -43.000        -20.000        -6.6957E-4     0.0031235      -0.0023364
-17.000         -43.000        -20.000        -8.0023E-4     0.0031119      -0.0024297
-15.000         -43.000        -20.000        -9.2298E-4     0.0030791      -0.0025278
-13.000         -43.000        -20.000        -0.0010357     0.0030268      -0.0026311
-11.000         -43.000        -20.000        -0.0011364     0.0029566      -0.0027450
-9.0000         -43.000        -20.000        -0.0012224     0.0028700      -0.0028571
-7.0000         -43.000        -20.000        -0.0012895     0.0027699      -0.0029676
-5.0000         -43.000        -20.000        -0.0013361     0.0026605      -0.0030795
-3.0000         -43.000        -20.000        -0.0013628     0.0025438      -0.0031800
-1.0000         -43.000        -20.000        -0.0013680     0.0024229      -0.0032847
1.0000          -43.000        -20.000        -0.0013517     0.0023025      -0.0033815
3.0000          -43.000        -20.000        -0.0013150     0.0021868      -0.0034624
5.0000          -43.000        -20.000        -0.0012584     0.0020788      -0.0035345
7.0000          -43.000        -20.000        -0.0011850     0.0019817      -0.0036003
9.0000          -43.000        -20.000        -0.0010935     0.0019004      -0.0036501
11.000          -43.000        -20.000        -9.8849E-4     0.0018366      -0.0036948
13.000          -43.000        -20.000        -8.7468E-4     0.0017949      -0.0037160
15.000          -43.000        -20.000        -7.5565E-4     0.0017780      -0.0037196
17.000          -43.000        -20.000        -6.3603E-4     0.0017853      -0.0037212
19.000          -43.000        -20.000        -5.1730E-4     0.0018210      -0.0037176
21.000          -43.000        -20.000        -4.0668E-4     0.0018828      -0.0036899
23.000          -43.000        -20.000        -3.0893E-4     0.0019720      -0.0036568
25.000          -43.000        -20.000        -2.3215E-4     0.0020857      -0.0036212
27.000          -43.000        -20.000        -1.7721E-4     0.0022215      -0.0035792
29.000          -43.000        -20.000        -1.4787E-4     0.0023769      -0.0035373
31.000          -43.000        -20.000        -1.4785E-4     0.0025476      -0.0034943
33.000          -43.000        -20.000        -1.8173E-4     0.0027270      -0.0034596
35.000          -43.000        -20.000        -2.5125E-4     0.0029080      -0.0034271
37.000          -43.000        -20.000        -3.5548E-4     0.0030859      -0.0034153
39.000          -43.000        -20.000        -4.9516E-4     0.0032548      -0.0034098
41.000          -43.000        -20.000        -6.6917E-4     0.0034063      -0.0034150
43.000          -43.000        -20.000        -8.7393E-4     0.0035324      -0.0034497
45.000          -43.000        -20.000        -0.0011052     0.0036217      -0.0035015
47.000          -43.000        -20.000        -0.0013563     0.0036776      -0.0035838
49.000          -43.000        -20.000        -0.0016212     0.0036891      -0.0036796
51.000          -43.000        -20.000        -0.0018899     0.0036496      -0.0037974
53.000          -43.000        -20.000        -0.0021620     0.0035570      -0.0039356
55.000          -43.000        -20.000        -0.0024164     0.0034124      -0.0040978
57.000          -43.000        -20.000        -0.0026487     0.0032094      -0.0042864
59.000          -43.000        -20.000        -0.0028510     0.0029650      -0.0044607
61.000          -43.000        -20.000        -0.0030147     0.0026704      -0.0046335
63.000          -43.000        -20.000        -0.0031258     0.0023281      -0.0048497
65.000          -43.000        -20.000        -0.0031921     0.0019690      -0.0050120
67.000          -43.000        -20.000        -0.0032009     0.0015862      -0.0051700
69.000          -43.000        -20.000        -0.0031446     0.0011847      -0.0053041
71.000          -43.000        -20.000        -0.0030486     7.9548E-4      -0.0054283
73.000          -43.000        -20.000        -0.0028944     4.1421E-4      -0.0055028
75.000          -43.000        -20.000        -0.0026977     4.5420E-5      -0.0055507
77.000          -43.000        -20.000        -0.0024691     -2.8716E-4     -0.0055685
79.000          -43.000        -20.000        -0.0022103     -5.8514E-4     -0.0055405
81.000          -43.000        -20.000        -0.0019341     -8.5093E-4     -0.0054832
83.000          -43.000        -20.000        -0.0016469     -0.0010755     -0.0053900
85.000          -43.000        -20.000        -0.0013611     -0.0012533     -0.0052670
87.000          -43.000        -20.000        -0.0010785     -0.0013992     -0.0051181
89.000          -43.000        -20.000        -8.0750E-4     -0.0015037     -0.0049511
91.000          -43.000        -20.000        -5.5273E-4     -0.0015740     -0.0047696
93.000          -43.000        -20.000        -3.1711E-4     -0.0016153     -0.0045706
95.000          -43.000        -20.000        -1.0367E-4     -0.0016303     -0.0043613
97.000          -43.000        -20.000        8.8708E-5      -0.0016211     -0.0041596
99.000          -43.000        -20.000        2.5486E-4      -0.0015955     -0.0039508
-99.000         -41.000        -20.000        3.9844E-4      0.0011235      -5.5747E-4
-97.000         -41.000        -20.000        3.8864E-4      0.0011823      -5.9124E-4
-95.000         -41.000        -20.000        3.7462E-4      0.0012417      -6.2749E-4
-93.000         -41.000        -20.000        3.5770E-4      0.0013025      -6.6672E-4
-91.000         -41.000        -20.000        3.3713E-4      0.0013627      -7.1009E-4
-89.000         -41.000        -20.000        3.1241E-4      0.0014216      -7.5805E-4
-87.000         -41.000        -20.000        2.8393E-4      0.0014790      -8.0881E-4
-85.000         -41.000        -20.000        2.5310E-4      0.0015345      -8.6406E-4
-83.000         -41.000        -20.000        2.1968E-4      0.0015854      -9.2388E-4
-81.000         -41.000        -20.000        1.8348E-4      0.0016309      -9.8768E-4
-79.000         -41.000        -20.000        1.4742E-4      0.0016735      -0.0010531
-77.000         -41.000        -20.000        1.1173E-4      0.0017087      -0.0011250
-75.000         -41.000        -20.000        7.7899E-5      0.0017365      -0.0012012
-73.000         -41.000        -20.000        4.7935E-5      0.0017588      -0.0012784
-71.000         -41.000        -20.000        2.3412E-5      0.0017743      -0.0013582
-69.000         -41.000        -20.000        6.4146E-6      0.0017838      -0.0014371
-67.000         -41.000        -20.000        -1.2194E-6     0.0017885      -0.0015138
-65.000         -41.000        -20.000        -3.3740E-7     0.0017940      -0.0015927
-63.000         -41.000        -20.000        1.1335E-5      0.0017975      -0.0016626
-61.000         -41.000        -20.000        3.3733E-5      0.0018029      -0.0017299
-59.000         -41.000        -20.000        6.6905E-5      0.0018150      -0.0017903
-57.000         -41.000        -20.000        1.0764E-4      0.0018347      -0.0018396
-55.000         -41.000        -20.000        1.5482E-4      0.0018633      -0.0018847
-53.000         -41.000        -20.000        2.0643E-4      0.0019055      -0.0019197
-51.000         -41.000        -20.000        2.5779E-4      0.0019616      -0.0019488
-49.000         -41.000        -20.000        3.0641E-4      0.0020304      -0.0019654
-47.000         -41.000        -20.000        3.5063E-4      0.0021153      -0.0019755
-45.000         -41.000        -20.000        3.8483E-4      0.0022157      -0.0019852
-43.000         -41.000        -20.000        4.0474E-4      0.0023260      -0.0019869
-41.000         -41.000        -20.000        4.1205E-4      0.0024478      -0.0019867
-39.000         -41.000        -20.000        3.9854E-4      0.0025782      -0.0019863
-37.000         -41.000        -20.000        3.7037E-4      0.0027138      -0.0019913
-35.000         -41.000        -20.000        3.2006E-4      0.0028497      -0.0020010
-33.000         -41.000        -20.000        2.5011E-4      0.0029837      -0.0020175
-31.000         -41.000        -20.000        1.6090E-4      0.0031116      -0.0020413
-29.000         -41.000        -20.000        5.3741E-5      0.0032306      -0.0020766
-27.000         -41.000        -20.000        -7.1199E-5     0.0033335      -0.0021220
-25.000         -41.000        -20.000        -2.0978E-4     0.0034190      -0.0021800
-23.000         -41.000        -20.000        -3.5766E-4     0.0034842      -0.0022501
-21.000         -41.000        -20.000        -5.1165E-4     0.0035283      -0.0023286
-19.000         -41.000        -20.000        -6.6616E-4     0.0035471      -0.0024276
-17.000         -41.000        -20.000        -8.2002E-4     0.0035400      -0.0025304
-15.000         -41.000        -20.000        -9.6544E-4     0.0035076      -0.0026474
-13.000         -41.000        -20.000        -0.0011012     0.0034522      -0.0027663
-11.000         -41.000        -20.000        -0.0012209     0.0033770      -0.0028920
-9.0000         -41.000        -20.000        -0.0013213     0.0032778      -0.0030220
-7.0000         -41.000        -20.000        -0.0014013     0.0031654      -0.0031572
-5.0000         -41.000        -20.000        -0.0014583     0.0030387      -0.0032813
-3.0000         -41.000        -20.000        -0.0014916     0.0029054      -0.0034083
-1.0000         -41.000        -20.000        -0.0015005     0.0027650      -0.0035215
1.0000          -41.000        -20.000        -0.0014826     0.0026220      -0.0036372
3.0000          -41.000        -20.000        -0.0014386     0.0024846      -0.0037304
5.0000          -41.000        -20.000        -0.0013717     0.0023569      -0.0038195
7.0000          -41.000        -20.000        -0.0012828     0.0022396      -0.0038880
9.0000          -41.000        -20.000        -0.0011741     0.0021395      -0.0039457
11.000          -41.000        -20.000        -0.0010500     0.0020605      -0.0039933
13.000          -41.000        -20.000        -9.1107E-4     0.0020078      -0.0040138
15.000          -41.000        -20.000        -7.6321E-4     0.0019838      -0.0040263
17.000          -41.000        -20.000        -6.1271E-4     0.0019881      -0.0040155
19.000          -41.000        -20.000        -4.6381E-4     0.0020238      -0.0039984
21.000          -41.000        -20.000        -3.2559E-4     0.0020950      -0.0039649
23.000          -41.000        -20.000        -2.0012E-4     0.0021998      -0.0039134
25.000          -41.000        -20.000        -9.4614E-5     0.0023356      -0.0038635
27.000          -41.000        -20.000        -1.3783E-5     0.0024970      -0.0037989
29.000          -41.000        -20.000        3.5130E-5      0.0026843      -0.0037328
31.000          -41.000        -20.000        4.8373E-5      0.0028970      -0.0036755
33.000          -41.000        -20.000        2.1216E-5      0.0031167      -0.0036150
35.000          -41.000        -20.000        -4.6468E-5     0.0033444      -0.0035676
37.000          -41.000        -20.000        -1.5686E-4     0.0035711      -0.0035281
39.000          -41.000        -20.000        -3.0910E-4     0.0037875      -0.0035059
41.000          -41.000        -20.000        -5.0417E-4     0.0039951      -0.0035095
43.000          -41.000        -20.000        -7.3918E-4     0.0041695      -0.0035308
45.000          -41.000        -20.000        -0.0010061     0.0043114      -0.0035765
47.000          -41.000        -20.000        -0.0013023     0.0044057      -0.0036591
49.000          -41.000        -20.000        -0.0016225     0.0044516      -0.0037618
51.000          -41.000        -20.000        -0.0019453     0.0044392      -0.0038920
53.000          -41.000        -20.000        -0.0022749     0.0043606      -0.0040633
55.000          -41.000        -20.000        -0.0025875     0.0042107      -0.0042340
57.000          -41.000        -20.000        -0.0028830     0.0040135      -0.0044515
59.000          -41.000        -20.000        -0.0031399     0.0037432      -0.0046794
61.000          -41.000        -20.000        -0.0033459     0.0034080      -0.0048937
63.000          -41.000        -20.000        -0.0035033     0.0030354      -0.0051375
65.000          -41.000        -20.000        -0.0035969     0.0026213      -0.0053592
67.000          -41.000        -20.000        -0.0036236     0.0021688      -0.0055617
69.000          -41.000        -20.000        -0.0035769     0.0017080      -0.0057620
71.000          -41.000        -20.000        -0.0034732     0.0012502      -0.0058996
73.000          -41.000        -20.000        -0.0033007     7.9644E-4      -0.0060162
75.000          -41.000        -20.000        -0.0030763     3.5664E-4      -0.0060894
77.000          -41.000        -20.000        -0.0028196     -3.2963E-5     -0.0061135
79.000          -41.000        -20.000        -0.0025178     -3.9082E-4     -0.0060868
81.000          -41.000        -20.000        -0.0021967     -7.1057E-4     -0.0060175
83.000          -41.000        -20.000        -0.0018696     -9.6962E-4     -0.0059294
85.000          -41.000        -20.000        -0.0015380     -0.0011864     -0.0057866
87.000          -41.000        -20.000        -0.0012137     -0.0013583     -0.0056067
89.000          -41.000        -20.000        -9.0329E-4     -0.0014848     -0.0054277
91.000          -41.000        -20.000        -6.1431E-4     -0.0015707     -0.0052137
93.000          -41.000        -20.000        -3.4742E-4     -0.0016224     -0.0049828
95.000          -41.000        -20.000        -1.0837E-4     -0.0016433     -0.0047477
97.000          -41.000        -20.000        1.0589E-4      -0.0016371     -0.0045125
99.000          -41.000        -20.000        2.8933E-4      -0.0016130     -0.0042718
-99.000         -39.000        -20.000        4.6026E-4      0.0011905      -5.6058E-4
-97.000         -39.000        -20.000        4.5246E-4      0.0012584      -5.9540E-4
-95.000         -39.000        -20.000        4.3955E-4      0.0013280      -6.3326E-4
-93.000         -39.000        -20.000        4.2272E-4      0.0013970      -6.7521E-4
-91.000         -39.000        -20.000        4.0211E-4      0.0014684      -7.1903E-4
-89.000         -39.000        -20.000        3.7636E-4      0.0015394      -7.6856E-4
-87.000         -39.000        -20.000        3.4679E-4      0.0016074      -8.2479E-4
-85.000         -39.000        -20.000        3.1174E-4      0.0016739      -8.8208E-4
-83.000         -39.000        -20.000        2.7387E-4      0.0017368      -9.4721E-4
-81.000         -39.000        -20.000        2.3319E-4      0.0017932      -0.0010158
-79.000         -39.000        -20.000        1.8998E-4      0.0018442      -0.0010881
-77.000         -39.000        -20.000        1.4736E-4      0.0018885      -0.0011688
-75.000         -39.000        -20.000        1.0553E-4      0.0019240      -0.0012526
-73.000         -39.000        -20.000        6.8371E-5      0.0019501      -0.0013391
-71.000         -39.000        -20.000        3.6433E-5      0.0019691      -0.0014286
-69.000         -39.000        -20.000        1.4166E-5      0.0019798      -0.0015186
-67.000         -39.000        -20.000        8.9891E-7      0.0019830      -0.0016091
-65.000         -39.000        -20.000        5.1031E-7      0.0019851      -0.0016961
-63.000         -39.000        -20.000        1.4315E-5      0.0019837      -0.0017790
-61.000         -39.000        -20.000        4.0213E-5      0.0019836      -0.0018585
-59.000         -39.000        -20.000        7.9108E-5      0.0019916      -0.0019237
-57.000         -39.000        -20.000        1.2993E-4      0.0020062      -0.0019814
-55.000         -39.000        -20.000        1.8965E-4      0.0020320      -0.0020311
-53.000         -39.000        -20.000        2.5455E-4      0.0020733      -0.0020655
-51.000         -39.000        -20.000        3.2260E-4      0.0021320      -0.0020913
-49.000         -39.000        -20.000        3.8851E-4      0.0022065      -0.0021047
-47.000         -39.000        -20.000        4.4627E-4      0.0022994      -0.0021103
-45.000         -39.000        -20.000        4.9733E-4      0.0024129      -0.0021103
-43.000         -39.000        -20.000        5.3111E-4      0.0025406      -0.0021052
-41.000         -39.000        -20.000        5.4862E-4      0.0026810      -0.0020951
-39.000         -39.000        -20.000        5.4443E-4      0.0028338      -0.0020870
-37.000         -39.000        -20.000        5.1996E-4      0.0029956      -0.0020823
-35.000         -39.000        -20.000        4.6900E-4      0.0031593      -0.0020813
-33.000         -39.000        -20.000        3.9637E-4      0.0033223      -0.0020846
-31.000         -39.000        -20.000        2.9794E-4      0.0034789      -0.0021049
-29.000         -39.000        -20.000        1.7790E-4      0.0036246      -0.0021368
-27.000         -39.000        -20.000        3.7588E-5      0.0037568      -0.0021777
-25.000         -39.000        -20.000        -1.2291E-4     0.0038675      -0.0022443
-23.000         -39.000        -20.000        -2.9457E-4     0.0039531      -0.0023161
-21.000         -39.000        -20.000        -4.7392E-4     0.0040118      -0.0024061
-19.000         -39.000        -20.000        -6.5577E-4     0.0040435      -0.0025057
-17.000         -39.000        -20.000        -8.3513E-4     0.0040459      -0.0026219
-15.000         -39.000        -20.000        -0.0010089     0.0040173      -0.0027602
-13.000         -39.000        -20.000        -0.0011710     0.0039596      -0.0028983
-11.000         -39.000        -20.000        -0.0013126     0.0038737      -0.0030465
-9.0000         -39.000        -20.000        -0.0014328     0.0037655      -0.0031972
-7.0000         -39.000        -20.000        -0.0015296     0.0036382      -0.0033397
-5.0000         -39.000        -20.000        -0.0015983     0.0034931      -0.0034998
-3.0000         -39.000        -20.000        -0.0016410     0.0033360      -0.0036425
-1.0000         -39.000        -20.000        -0.0016526     0.0031724      -0.0037831
1.0000          -39.000        -20.000        -0.0016335     0.0030063      -0.0039088
3.0000          -39.000        -20.000        -0.0015864     0.0028431      -0.0040200
5.0000          -39.000        -20.000        -0.0015067     0.0026882      -0.0041243
7.0000          -39.000        -20.000        -0.0014026     0.0025479      -0.0042072
9.0000          -39.000        -20.000        -0.0012738     0.0024246      -0.0042700
11.000          -39.000        -20.000        -0.0011244     0.0023264      -0.0043235
13.000          -39.000        -20.000        -9.5798E-4     0.0022546      -0.0043505
15.000          -39.000        -20.000        -7.7825E-4     0.0022169      -0.0043550
17.000          -39.000        -20.000        -5.9103E-4     0.0022157      -0.0043419
19.000          -39.000        -20.000        -4.0844E-4     0.0022544      -0.0043107
21.000          -39.000        -20.000        -2.3239E-4     0.0023335      -0.0042639
23.000          -39.000        -20.000        -7.2337E-5     0.0024503      -0.0041967
25.000          -39.000        -20.000        6.7689E-5      0.0026075      -0.0041280
27.000          -39.000        -20.000        1.8149E-4      0.0028009      -0.0040364
29.000          -39.000        -20.000        2.5425E-4      0.0030281      -0.0039489
31.000          -39.000        -20.000        2.8558E-4      0.0032802      -0.0038559
33.000          -39.000        -20.000        2.7488E-4      0.0035534      -0.0037700
35.000          -39.000        -20.000        2.0966E-4      0.0038375      -0.0036885
37.000          -39.000        -20.000        9.8618E-5      0.0041257      -0.0036261
39.000          -39.000        -20.000        -6.7388E-5     0.0044078      -0.0035855
41.000          -39.000        -20.000        -2.8725E-4     0.0046730      -0.0035639
43.000          -39.000        -20.000        -5.5209E-4     0.0049062      -0.0035662
45.000          -39.000        -20.000        -8.5865E-4     0.0051076      -0.0036034
47.000          -39.000        -20.000        -0.0012126     0.0052602      -0.0036772
49.000          -39.000        -20.000        -0.0015852     0.0053472      -0.0037722
51.000          -39.000        -20.000        -0.0019781     0.0053723      -0.0039365
53.000          -39.000        -20.000        -0.0023763     0.0053224      -0.0041188
55.000          -39.000        -20.000        -0.0027677     0.0051854      -0.0043264
57.000          -39.000        -20.000        -0.0031300     0.0049830      -0.0045806
59.000          -39.000        -20.000        -0.0034524     0.0046941      -0.0048512
61.000          -39.000        -20.000        -0.0037330     0.0043281      -0.0051468
63.000          -39.000        -20.000        -0.0039307     0.0039099      -0.0054300
65.000          -39.000        -20.000        -0.0040621     0.0034293      -0.0056970
67.000          -39.000        -20.000        -0.0041103     0.0029055      -0.0059696
69.000          -39.000        -20.000        -0.0040800     0.0023750      -0.0062055
71.000          -39.000        -20.000        -0.0039740     0.0018289      -0.0063965
73.000          -39.000        -20.000        -0.0037826     0.0012838      -0.0065507
75.000          -39.000        -20.000        -0.0035324     7.8075E-4      -0.0066550
77.000          -39.000        -20.000        -0.0032340     3.0461E-4      -0.0066965
79.000          -39.000        -20.000        -0.0028836     -1.2943E-4     -0.0066841
81.000          -39.000        -20.000        -0.0025150     -5.0106E-4     -0.0066324
83.000          -39.000        -20.000        -0.0021344     -8.1578E-4     -0.0065027
85.000          -39.000        -20.000        -0.0017496     -0.0010797     -0.0063520
87.000          -39.000        -20.000        -0.0013714     -0.0012851     -0.0061731
89.000          -39.000        -20.000        -0.0010208     -0.0014373     -0.0059488
91.000          -39.000        -20.000        -6.9041E-4     -0.0015436     -0.0056969
93.000          -39.000        -20.000        -3.8738E-4     -0.0016102     -0.0054438
95.000          -39.000        -20.000        -1.1930E-4     -0.0016384     -0.0051709
97.000          -39.000        -20.000        1.1935E-4      -0.0016374     -0.0049004
99.000          -39.000        -20.000        3.2542E-4      -0.0016151     -0.0046190
-99.000         -37.000        -20.000        5.3132E-4      0.0012619      -5.6269E-4
-97.000         -37.000        -20.000        5.2549E-4      0.0013391      -5.9656E-4
-95.000         -37.000        -20.000        5.1473E-4      0.0014199      -6.3543E-4
-93.000         -37.000        -20.000        4.9978E-4      0.0015010      -6.7799E-4
-91.000         -37.000        -20.000        4.7877E-4      0.0015838      -7.2417E-4
-89.000         -37.000        -20.000        4.5275E-4      0.0016686      -7.7409E-4
-87.000         -37.000        -20.000        4.2166E-4      0.0017511      -8.3194E-4
-85.000         -37.000        -20.000        3.8273E-4      0.0018297      -8.9289E-4
-83.000         -37.000        -20.000        3.4067E-4      0.0019079      -9.6328E-4
-81.000         -37.000        -20.000        2.9405E-4      0.0019790      -0.0010393
-79.000         -37.000        -20.000        2.4279E-4      0.0020414      -0.0011213
-77.000         -37.000        -20.000        1.9211E-4      0.0020974      -0.0012078
-75.000         -37.000        -20.000        1.4100E-4      0.0021429      -0.0013015
-73.000         -37.000        -20.000        9.3499E-5      0.0021762      -0.0013967
-71.000         -37.000        -20.000        5.1765E-5      0.0021986      -0.0015007
-69.000         -37.000        -20.000        2.1325E-5      0.0022123      -0.0016032
-67.000         -37.000        -20.000        1.3086E-6      0.0022160      -0.0017112
-65.000         -37.000        -20.000        -2.6276E-6     0.0022118      -0.0018040
-63.000         -37.000        -20.000        1.1225E-5      0.0022044      -0.0018997
-61.000         -37.000        -20.000        3.9352E-5      0.0021999      -0.0019927
-59.000         -37.000        -20.000        8.5664E-5      0.0021982      -0.0020710
-57.000         -37.000        -20.000        1.4773E-4      0.0022047      -0.0021290
-55.000         -37.000        -20.000        2.2138E-4      0.0022276      -0.0021892
-53.000         -37.000        -20.000        3.0306E-4      0.0022653      -0.0022226
-51.000         -37.000        -20.000        3.9030E-4      0.0023235      -0.0022397
-49.000         -37.000        -20.000        4.7616E-4      0.0024043      -0.0022557
-47.000         -37.000        -20.000        5.5562E-4      0.0025061      -0.0022601
-45.000         -37.000        -20.000        6.2466E-4      0.0026303      -0.0022424
-43.000         -37.000        -20.000        6.7645E-4      0.0027770      -0.0022253
-41.000         -37.000        -20.000        7.0872E-4      0.0029391      -0.0022062
-39.000         -37.000        -20.000        7.1445E-4      0.0031171      -0.0021775
-37.000         -37.000        -20.000        6.9760E-4      0.0033088      -0.0021653
-35.000         -37.000        -20.000        6.4800E-4      0.0035056      -0.0021470
-33.000         -37.000        -20.000        5.7279E-4      0.0036994      -0.0021476
-31.000         -37.000        -20.000        4.6690E-4      0.0038920      -0.0021546
-29.000         -37.000        -20.000        3.3286E-4      0.0040727      -0.0021738
-27.000         -37.000        -20.000        1.7269E-4      0.0042376      -0.0022099
-25.000         -37.000        -20.000        -1.1165E-5     0.0043793      -0.0022755
-23.000         -37.000        -20.000        -2.0515E-4     0.0044923      -0.0023533
-21.000         -37.000        -20.000        -4.1766E-4     0.0045742      -0.0024469
-19.000         -37.000        -20.000        -6.3419E-4     0.0046221      -0.0025682
-17.000         -37.000        -20.000        -8.4992E-4     0.0046364      -0.0026995
-15.000         -37.000        -20.000        -0.0010530     0.0046115      -0.0028487
-13.000         -37.000        -20.000        -0.0012403     0.0045527      -0.0030070
-11.000         -37.000        -20.000        -0.0014132     0.0044629      -0.0031851
-9.0000         -37.000        -20.000        -0.0015607     0.0043420      -0.0033586
-7.0000         -37.000        -20.000        -0.0016795     0.0041985      -0.0035384
-5.0000         -37.000        -20.000        -0.0017623     0.0040319      -0.0037015
-3.0000         -37.000        -20.000        -0.0018150     0.0038512      -0.0038775
-1.0000         -37.000        -20.000        -0.0018320     0.0036607      -0.0040402
1.0000          -37.000        -20.000        -0.0018129     0.0034653      -0.0041909
3.0000          -37.000        -20.000        -0.0017596     0.0032720      -0.0043283
5.0000          -37.000        -20.000        -0.0016698     0.0030882      -0.0044367
7.0000          -37.000        -20.000        -0.0015531     0.0029156      -0.0045521
9.0000          -37.000        -20.000        -0.0014003     0.0027632      -0.0046235
11.000          -37.000        -20.000        -0.0012213     0.0026377      -0.0046748
13.000          -37.000        -20.000        -0.0010197     0.0025443      -0.0047169
15.000          -37.000        -20.000        -8.0382E-4     0.0024881      -0.0047135
17.000          -37.000        -20.000        -5.8144E-4     0.0024758      -0.0046954
19.000          -37.000        -20.000        -3.5165E-4     0.0025115      -0.0046536
21.000          -37.000        -20.000        -1.2809E-4     0.0025932      -0.0045834
23.000          -37.000        -20.000        7.9819E-5      0.0027251      -0.0045017
25.000          -37.000        -20.000        2.5716E-4      0.0029049      -0.0043912
27.000          -37.000        -20.000        4.0585E-4      0.0031315      -0.0042788
29.000          -37.000        -20.000        5.1469E-4      0.0033996      -0.0041574
31.000          -37.000        -20.000        5.7764E-4      0.0037031      -0.0040312
33.000          -37.000        -20.000        5.8600E-4      0.0040327      -0.0039086
35.000          -37.000        -20.000        5.2955E-4      0.0043811      -0.0037950
37.000          -37.000        -20.000        4.2269E-4      0.0047412      -0.0036957
39.000          -37.000        -20.000        2.4498E-4      0.0050973      -0.0036152
41.000          -37.000        -20.000        9.1948E-6      0.0054366      -0.0035692
43.000          -37.000        -20.000        -2.9871E-4     0.0057429      -0.0035493
45.000          -37.000        -20.000        -6.4433E-4     0.0060227      -0.0035711
47.000          -37.000        -20.000        -0.0010535     0.0062467      -0.0036268
49.000          -37.000        -20.000        -0.0014991     0.0063947      -0.0037249
51.000          -37.000        -20.000        -0.0019748     0.0064701      -0.0038906
53.000          -37.000        -20.000        -0.0024505     0.0064631      -0.0041004
55.000          -37.000        -20.000        -0.0029313     0.0063535      -0.0043354
57.000          -37.000        -20.000        -0.0033854     0.0061503      -0.0046210
59.000          -37.000        -20.000        -0.0037891     0.0058495      -0.0049588
61.000          -37.000        -20.000        -0.0041512     0.0054673      -0.0053098
63.000          -37.000        -20.000        -0.0044149     0.0049850      -0.0056462
65.000          -37.000        -20.000        -0.0045920     0.0044342      -0.0059846
67.000          -37.000        -20.000        -0.0046854     0.0038445      -0.0063506
69.000          -37.000        -20.000        -0.0046727     0.0032190      -0.0066555
71.000          -37.000        -20.000        -0.0045623     0.0025651      -0.0068896
73.000          -37.000        -20.000        -0.0043606     0.0019291      -0.0071169
75.000          -37.000        -20.000        -0.0040809     0.0013219      -0.0072786
77.000          -37.000        -20.000        -0.0037313     7.4961E-4      -0.0073330
79.000          -37.000        -20.000        -0.0033261     2.2905E-4      -0.0073369
81.000          -37.000        -20.000        -0.0028992     -2.1772E-4     -0.0072835
83.000          -37.000        -20.000        -0.0024514     -6.0140E-4     -0.0071497
85.000          -37.000        -20.000        -0.0020017     -9.2444E-4     -0.0069721
87.000          -37.000        -20.000        -0.0015733     -0.0011687     -0.0067804
89.000          -37.000        -20.000        -0.0011644     -0.0013542     -0.0065186
91.000          -37.000        -20.000        -7.8351E-4     -0.0014888     -0.0062265
93.000          -37.000        -20.000        -4.4253E-4     -0.0015690     -0.0059380
95.000          -37.000        -20.000        -1.3836E-4     -0.0016108     -0.0056262
97.000          -37.000        -20.000        1.2865E-4      -0.0016177     -0.0053089
99.000          -37.000        -20.000        3.5760E-4      -0.0015987     -0.0050035
-99.000         -35.000        -20.000        6.1212E-4      0.0013365      -5.5891E-4
-97.000         -35.000        -20.000        6.0915E-4      0.0014240      -5.9420E-4
-95.000         -35.000        -20.000        6.0222E-4      0.0015166      -6.3061E-4
-93.000         -35.000        -20.000        5.8972E-4      0.0016124      -6.7447E-4
-91.000         -35.000        -20.000        5.6980E-4      0.0017102      -7.2373E-4
-89.000         -35.000        -20.000        5.4377E-4      0.0018098      -7.7528E-4
-87.000         -35.000        -20.000        5.1179E-4      0.0019098      -8.3367E-4
-85.000         -35.000        -20.000        4.7032E-4      0.0020075      -9.0034E-4
-83.000         -35.000        -20.000        4.2248E-4      0.0021019      -9.7105E-4
-81.000         -35.000        -20.000        3.6976E-4      0.0021910      -0.0010516
-79.000         -35.000        -20.000        3.1057E-4      0.0022716      -0.0011413
-77.000         -35.000        -20.000        2.4842E-4      0.0023421      -0.0012339
-75.000         -35.000        -20.000        1.8621E-4      0.0024005      -0.0013381
-73.000         -35.000        -20.000        1.2646E-4      0.0024452      -0.0014491
-71.000         -35.000        -20.000        7.2043E-5      0.0024754      -0.0015662
-69.000         -35.000        -20.000        3.0007E-5      0.0024909      -0.0016813
-67.000         -35.000        -20.000        9.1129E-7      0.0024952      -0.0017968
-65.000         -35.000        -20.000        -9.9051E-6     0.0024864      -0.0019173
-63.000         -35.000        -20.000        -6.2285E-7     0.0024731      -0.0020258
-61.000         -35.000        -20.000        2.9021E-5      0.0024579      -0.0021331
-59.000         -35.000        -20.000        8.3438E-5      0.0024451      -0.0022183
-57.000         -35.000        -20.000        1.5663E-4      0.0024401      -0.0022973
-55.000         -35.000        -20.000        2.4656E-4      0.0024551      -0.0023555
-53.000         -35.000        -20.000        3.4998E-4      0.0024864      -0.0023970
-51.000         -35.000        -20.000        4.5925E-4      0.0025381      -0.0024228
-49.000         -35.000        -20.000        5.7005E-4      0.0026250      -0.0024202
-47.000         -35.000        -20.000        6.7441E-4      0.0027351      -0.0024078
-45.000         -35.000        -20.000        7.6760E-4      0.0028697      -0.0023890
-43.000         -35.000        -20.000        8.4134E-4      0.0030356      -0.0023549
-41.000         -35.000        -20.000        8.9377E-4      0.0032245      -0.0023162
-39.000         -35.000        -20.000        9.1538E-4      0.0034310      -0.0022735
-37.000         -35.000        -20.000        9.0715E-4      0.0036532      -0.0022397
-35.000         -35.000        -20.000        8.6568E-4      0.0038882      -0.0022049
-33.000         -35.000        -20.000        7.8671E-4      0.0041218      -0.0021889
-31.000         -35.000        -20.000        6.7587E-4      0.0043579      -0.0021819
-29.000         -35.000        -20.000        5.2678E-4      0.0045757      -0.0021889
-27.000         -35.000        -20.000        3.4559E-4      0.0047790      -0.0022333
-25.000         -35.000        -20.000        1.3647E-4      0.0049613      -0.0022806
-23.000         -35.000        -20.000        -9.3812E-5     0.0051111      -0.0023602
-21.000         -35.000        -20.000        -3.3854E-4     0.0052259      -0.0024613
-19.000         -35.000        -20.000        -5.9313E-4     0.0052914      -0.0025972
-17.000         -35.000        -20.000        -8.4696E-4     0.0053181      -0.0027471
-15.000         -35.000        -20.000        -0.0010909     0.0053034      -0.0029314
-13.000         -35.000        -20.000        -0.0013196     0.0052467      -0.0031059
-11.000         -35.000        -20.000        -0.0015247     0.0051520      -0.0033057
-9.0000         -35.000        -20.000        -0.0017016     0.0050187      -0.0035098
-7.0000         -35.000        -20.000        -0.0018432     0.0048572      -0.0037157
-5.0000         -35.000        -20.000        -0.0019476     0.0046676      -0.0039200
-3.0000         -35.000        -20.000        -0.0020152     0.0044597      -0.0041373
-1.0000         -35.000        -20.000        -0.0020412     0.0042392      -0.0043060
1.0000          -35.000        -20.000        -0.0020256     0.0040163      -0.0044975
3.0000          -35.000        -20.000        -0.0019672     0.0037857      -0.0046598
5.0000          -35.000        -20.000        -0.0018686     0.0035611      -0.0048031
7.0000          -35.000        -20.000        -0.0017306     0.0033514      -0.0049201
9.0000          -35.000        -20.000        -0.0015585     0.0031609      -0.0050168
11.000          -35.000        -20.000        -0.0013480     0.0030074      -0.0050721
13.000          -35.000        -20.000        -0.0011087     0.0028837      -0.0051058
15.000          -35.000        -20.000        -8.4867E-4     0.0028044      -0.0051096
17.000          -35.000        -20.000        -5.7580E-4     0.0027727      -0.0050846
19.000          -35.000        -20.000        -2.9382E-4     0.0027980      -0.0050286
21.000          -35.000        -20.000        -1.8440E-5     0.0028798      -0.0049429
23.000          -35.000        -20.000        2.4307E-4      0.0030274      -0.0048250
25.000          -35.000        -20.000        4.7600E-4      0.0032312      -0.0046885
27.000          -35.000        -20.000        6.7474E-4      0.0034928      -0.0045355
29.000          -35.000        -20.000        8.2867E-4      0.0038053      -0.0043669
31.000          -35.000        -20.000        9.2599E-4      0.0041577      -0.0041941
33.000          -35.000        -20.000        9.5983E-4      0.0045572      -0.0040281
35.000          -35.000        -20.000        9.2722E-4      0.0049833      -0.0038665
37.000          -35.000        -20.000        8.1800E-4      0.0054196      -0.0037279
39.000          -35.000        -20.000        6.3624E-4      0.0058678      -0.0035981
41.000          -35.000        -20.000        3.8565E-4      0.0063019      -0.0034891
43.000          -35.000        -20.000        4.5362E-5      0.0067095      -0.0034378
45.000          -35.000        -20.000        -3.6014E-4     0.0070816      -0.0034229
47.000          -35.000        -20.000        -8.2196E-4     0.0073868      -0.0034578
49.000          -35.000        -20.000        -0.0013460     0.0076232      -0.0035506
51.000          -35.000        -20.000        -0.0019073     0.0077773      -0.0037037
53.000          -35.000        -20.000        -0.0024831     0.0078161      -0.0039141
55.000          -35.000        -20.000        -0.0030678     0.0077535      -0.0041945
57.000          -35.000        -20.000        -0.0036260     0.0075749      -0.0045368
59.000          -35.000        -20.000        -0.0041442     0.0072678      -0.0048897
61.000          -35.000        -20.000        -0.0046007     0.0068507      -0.0053334
63.000          -35.000        -20.000        -0.0049547     0.0063241      -0.0057677
65.000          -35.000        -20.000        -0.0052101     0.0057074      -0.0062134
67.000          -35.000        -20.000        -0.0053602     0.0050204      -0.0066625
69.000          -35.000        -20.000        -0.0053702     0.0042758      -0.0070549
71.000          -35.000        -20.000        -0.0052676     0.0035138      -0.0074289
73.000          -35.000        -20.000        -0.0050509     0.0027590      -0.0076847
75.000          -35.000        -20.000        -0.0047309     0.0020219      -0.0078998
77.000          -35.000        -20.000        -0.0043244     0.0013237      -0.0079888
79.000          -35.000        -20.000        -0.0038634     7.0936E-4      -0.0080495
81.000          -35.000        -20.000        -0.0033632     1.6207E-4      -0.0079877
83.000          -35.000        -20.000        -0.0028347     -3.1470E-4     -0.0078596
85.000          -35.000        -20.000        -0.0023166     -6.9534E-4     -0.0076818
87.000          -35.000        -20.000        -0.0018163     -9.9662E-4     -0.0074358
89.000          -35.000        -20.000        -0.0013395     -0.0012319     -0.0071355
91.000          -35.000        -20.000        -9.0349E-4     -0.0013982     -0.0068243
93.000          -35.000        -20.000        -5.1135E-4     -0.0014980     -0.0064766
95.000          -35.000        -20.000        -1.6689E-4     -0.0015567     -0.0061160
97.000          -35.000        -20.000        1.3346E-4      -0.0015784     -0.0057667
99.000          -35.000        -20.000        3.8511E-4      -0.0015615     -0.0054082
-99.000         -33.000        -20.000        7.0368E-4      0.0014136      -5.5125E-4
-97.000         -33.000        -20.000        7.0634E-4      0.0015135      -5.8556E-4
-95.000         -33.000        -20.000        7.0295E-4      0.0016187      -6.2377E-4
-93.000         -33.000        -20.000        6.9460E-4      0.0017310      -6.6588E-4
-91.000         -33.000        -20.000        6.7791E-4      0.0018467      -7.1313E-4
-89.000         -33.000        -20.000        6.5246E-4      0.0019623      -7.6789E-4
-87.000         -33.000        -20.000        6.2115E-4      0.0020846      -8.2449E-4
-85.000         -33.000        -20.000        5.7705E-4      0.0022055      -8.9228E-4
-83.000         -33.000        -20.000        5.2538E-4      0.0023197      -9.6648E-4
-81.000         -33.000        -20.000        4.6531E-4      0.0024320      -0.0010512
-79.000         -33.000        -20.000        3.9673E-4      0.0025362      -0.0011454
-77.000         -33.000        -20.000        3.2265E-4      0.0026263      -0.0012445
-75.000         -33.000        -20.000        2.4573E-4      0.0027024      -0.0013595
-73.000         -33.000        -20.000        1.7023E-4      0.0027638      -0.0014856
-71.000         -33.000        -20.000        1.0119E-4      0.0028035      -0.0016186
-69.000         -33.000        -20.000        4.0343E-5      0.0028254      -0.0017471
-67.000         -33.000        -20.000        -2.3720E-6     0.0028310      -0.0018889
-65.000         -33.000        -20.000        -2.3446E-5     0.0028169      -0.0020297
-63.000         -33.000        -20.000        -2.1933E-5     0.0027956      -0.0021599
-61.000         -33.000        -20.000        6.3642E-6      0.0027691      -0.0022760
-59.000         -33.000        -20.000        6.9364E-5      0.0027401      -0.0023780
-57.000         -33.000        -20.000        1.5378E-4      0.0027239      -0.0024734
-55.000         -33.000        -20.000        2.6155E-4      0.0027230      -0.0025372
-53.000         -33.000        -20.000        3.9062E-4      0.0027423      -0.0025822
-51.000         -33.000        -20.000        5.2706E-4      0.0027931      -0.0026063
-49.000         -33.000        -20.000        6.6627E-4      0.0028741      -0.0025995
-47.000         -33.000        -20.000        8.0369E-4      0.0029898      -0.0025802
-45.000         -33.000        -20.000        9.2590E-4      0.0031394      -0.0025421
-43.000         -33.000        -20.000        0.0010274      0.0033197      -0.0024855
-41.000         -33.000        -20.000        0.0011071      0.0035351      -0.0024273
-39.000         -33.000        -20.000        0.0011491      0.0037762      -0.0023628
-37.000         -33.000        -20.000        0.0011557      0.0040330      -0.0023026
-35.000         -33.000        -20.000        0.0011238      0.0043106      -0.0022470
-33.000         -33.000        -20.000        0.0010494      0.0045966      -0.0022052
-31.000         -33.000        -20.000        9.2890E-4      0.0048807      -0.0021797
-29.000         -33.000        -20.000        7.6653E-4      0.0051556      -0.0021741
-27.000         -33.000        -20.000        5.6408E-4      0.0054102      -0.0021986
-25.000         -33.000        -20.000        3.2534E-4      0.0056411      -0.0022451
-23.000         -33.000        -20.000        5.4349E-5      0.0058376      -0.0023216
-21.000         -33.000        -20.000        -2.3228E-4     0.0059851      -0.0024354
-19.000         -33.000        -20.000        -5.3032E-4     0.0060862      -0.0025724
-17.000         -33.000        -20.000        -8.2908E-4     0.0061393      -0.0027515
-15.000         -33.000        -20.000        -0.0011233     0.0061371      -0.0029370
-13.000         -33.000        -20.000        -0.0013995     0.0060860      -0.0031484
-11.000         -33.000        -20.000        -0.0016440     0.0059841      -0.0033811
-9.0000         -33.000        -20.000        -0.0018554     0.0058397      -0.0036238
-7.0000         -33.000        -20.000        -0.0020307     0.0056598      -0.0038591
-5.0000         -33.000        -20.000        -0.0021586     0.0054456      -0.0041149
-3.0000         -33.000        -20.000        -0.0022499     0.0052094      -0.0043500
-1.0000         -33.000        -20.000        -0.0022847     0.0049540      -0.0045735
1.0000          -33.000        -20.000        -0.0022744     0.0046878      -0.0047813
3.0000          -33.000        -20.000        -0.0022171     0.0044171      -0.0049861
5.0000          -33.000        -20.000        -0.0021075     0.0041492      -0.0051541
7.0000          -33.000        -20.000        -0.0019514     0.0038939      -0.0053072
9.0000          -33.000        -20.000        -0.0017522     0.0036604      -0.0054077
11.000          -33.000        -20.000        -0.0015113     0.0034591      -0.0054777
13.000          -33.000        -20.000        -0.0012330     0.0032946      -0.0055368
15.000          -33.000        -20.000        -9.2042E-4     0.0031801      -0.0055389
17.000          -33.000        -20.000        -5.8325E-4     0.0031205      -0.0055102
19.000          -33.000        -20.000        -2.4339E-4     0.0031311      -0.0054210
21.000          -33.000        -20.000        9.3689E-5      0.0032088      -0.0053231
23.000          -33.000        -20.000        4.1766E-4      0.0033577      -0.0051864
25.000          -33.000        -20.000        7.2324E-4      0.0035833      -0.0050123
27.000          -33.000        -20.000        9.8701E-4      0.0038796      -0.0048031
29.000          -33.000        -20.000        0.0011928      0.0042397      -0.0045783
31.000          -33.000        -20.000        0.0013352      0.0046595      -0.0043559
33.000          -33.000        -20.000        0.0014096      0.0051288      -0.0041250
35.000          -33.000        -20.000        0.0014102      0.0056374      -0.0038986
37.000          -33.000        -20.000        0.0013109      0.0061747      -0.0036872
39.000          -33.000        -20.000        0.0011281      0.0067125      -0.0035011
41.000          -33.000        -20.000        8.6027E-4      0.0072627      -0.0033374
43.000          -33.000        -20.000        4.8949E-4      0.0077930      -0.0032220
45.000          -33.000        -20.000        4.3189E-5      0.0082671      -0.0031504
47.000          -33.000        -20.000        -4.9554E-4     0.0086861      -0.0031481
49.000          -33.000        -20.000        -0.0011033     0.0090381      -0.0032095
51.000          -33.000        -20.000        -0.0017578     0.0092766      -0.0033278
53.000          -33.000        -20.000        -0.0024592     0.0093957      -0.0035453
55.000          -33.000        -20.000        -0.0031680     0.0093978      -0.0038523
57.000          -33.000        -20.000        -0.0038541     0.0092426      -0.0042480
59.000          -33.000        -20.000        -0.0045086     0.0089513      -0.0046905
61.000          -33.000        -20.000        -0.0050879     0.0085280      -0.0051829
63.000          -33.000        -20.000        -0.0055601     0.0079456      -0.0057247
65.000          -33.000        -20.000        -0.0059200     0.0072532      -0.0063043
67.000          -33.000        -20.000        -0.0061353     0.0064783      -0.0068336
69.000          -33.000        -20.000        -0.0061822     0.0056059      -0.0073861
71.000          -33.000        -20.000        -0.0061144     0.0047139      -0.0078520
73.000          -33.000        -20.000        -0.0058744     0.0038141      -0.0082050
75.000          -33.000        -20.000        -0.0055130     0.0029196      -0.0085224
77.000          -33.000        -20.000        -0.0050563     0.0020884      -0.0086922
79.000          -33.000        -20.000        -0.0045181     0.0013379      -0.0087662
81.000          -33.000        -20.000        -0.0039238     6.5618E-4      -0.0087460
83.000          -33.000        -20.000        -0.0033103     8.3913E-5      -0.0086514
85.000          -33.000        -20.000        -0.0027025     -3.8033E-4     -0.0084423
87.000          -33.000        -20.000        -0.0021126     -7.6160E-4     -0.0081576
89.000          -33.000        -20.000        -0.0015548     -0.0010518     -0.0078295
91.000          -33.000        -20.000        -0.0010538     -0.0012507     -0.0074548
93.000          -33.000        -20.000        -6.0431E-4     -0.0013885     -0.0070577
95.000          -33.000        -20.000        -2.1068E-4     -0.0014713     -0.0066479
97.000          -33.000        -20.000        1.2740E-4      -0.0015022     -0.0062473
99.000          -33.000        -20.000        4.0807E-4      -0.0014988     -0.0058375
-99.000         -31.000        -20.000        8.0726E-4      0.0014907      -5.3854E-4
-97.000         -31.000        -20.000        8.1735E-4      0.0016048      -5.7137E-4
-95.000         -31.000        -20.000        8.1968E-4      0.0017256      -6.0789E-4
-93.000         -31.000        -20.000        8.1625E-4      0.0018560      -6.4695E-4
-91.000         -31.000        -20.000        8.0563E-4      0.0019909      -6.9247E-4
-89.000         -31.000        -20.000        7.8441E-4      0.0021311      -7.4397E-4
-87.000         -31.000        -20.000        7.5241E-4      0.0022754      -8.0307E-4
-85.000         -31.000        -20.000        7.0933E-4      0.0024230      -8.7057E-4
-83.000         -31.000        -20.000        6.5526E-4      0.0025666      -9.4495E-4
-81.000         -31.000        -20.000        5.8580E-4      0.0027048      -0.0010352
-79.000         -31.000        -20.000        5.0760E-4      0.0028400      -0.0011277
-77.000         -31.000        -20.000        4.2060E-4      0.0029587      -0.0012462
-75.000         -31.000        -20.000        3.2588E-4      0.0030588      -0.0013702
-73.000         -31.000        -20.000        2.2925E-4      0.0031440      -0.0015027
-71.000         -31.000        -20.000        1.3848E-4      0.0032016      -0.0016507
-69.000         -31.000        -20.000        5.6124E-5      0.0032317      -0.0018058
-67.000         -31.000        -20.000        -5.9574E-6     0.0032368      -0.0019581
-65.000         -31.000        -20.000        -4.6429E-5     0.0032250      -0.0021233
-63.000         -31.000        -20.000        -5.4959E-5     0.0031917      -0.0022775
-61.000         -31.000        -20.000        -3.0173E-5     0.0031452      -0.0024162
-59.000         -31.000        -20.000        3.5652E-5      0.0031026      -0.0025551
-57.000         -31.000        -20.000        1.3296E-4      0.0030659      -0.0026512
-55.000         -31.000        -20.000        2.6206E-4      0.0030411      -0.0027285
-53.000         -31.000        -20.000        4.1766E-4      0.0030458      -0.0027804
-51.000         -31.000        -20.000        5.8675E-4      0.0030843      -0.0028052
-49.000         -31.000        -20.000        7.6306E-4      0.0031564      -0.0027953
-47.000         -31.000        -20.000        9.4054E-4      0.0032726      -0.0027603
-45.000         -31.000        -20.000        0.0011008      0.0034354      -0.0026987
-43.000         -31.000        -20.000        0.0012380      0.0036346      -0.0026210
-41.000         -31.000        -20.000        0.0013477      0.0038747      -0.0025339
-39.000         -31.000        -20.000        0.0014204      0.0041504      -0.0024409
-37.000         -31.000        -20.000        0.0014491      0.0044525      -0.0023471
-35.000         -31.000        -20.000        0.0014294      0.0047766      -0.0022527
-33.000         -31.000        -20.000        0.0013607      0.0051184      -0.0021929
-31.000         -31.000        -20.000        0.0012422      0.0054636      -0.0021378
-29.000         -31.000        -20.000        0.0010630      0.0057972      -0.0021115
-27.000         -31.000        -20.000        8.3846E-4      0.0061169      -0.0021153
-25.000         -31.000        -20.000        5.6125E-4      0.0064086      -0.0021511
-23.000         -31.000        -20.000        2.5907E-4      0.0066600      -0.0022231
-21.000         -31.000        -20.000        -8.1354E-5     0.0068597      -0.0023320
-19.000         -31.000        -20.000        -4.3701E-4     0.0070023      -0.0024821
-17.000         -31.000        -20.000        -7.9769E-4     0.0070861      -0.0026795
-15.000         -31.000        -20.000        -0.0011470     0.0071066      -0.0028916
-13.000         -31.000        -20.000        -0.0014727     0.0070607      -0.0031395
-11.000         -31.000        -20.000        -0.0017677     0.0069562      -0.0034071
-9.0000         -31.000        -20.000        -0.0020280     0.0068065      -0.0036990
-7.0000         -31.000        -20.000        -0.0022400     0.0066077      -0.0039732
-5.0000         -31.000        -20.000        -0.0024015     0.0063698      -0.0042655
-3.0000         -31.000        -20.000        -0.0025129     0.0060987      -0.0045622
-1.0000         -31.000        -20.000        -0.0025655     0.0058059      -0.0048085
1.0000          -31.000        -20.000        -0.0025663     0.0054949      -0.0050799
3.0000          -31.000        -20.000        -0.0025100     0.0051772      -0.0053010
5.0000          -31.000        -20.000        -0.0023918     0.0048570      -0.0055044
7.0000          -31.000        -20.000        -0.0022263     0.0045489      -0.0056985
9.0000          -31.000        -20.000        -0.0019996     0.0042600      -0.0058242
11.000          -31.000        -20.000        -0.0017233     0.0040041      -0.0059227
13.000          -31.000        -20.000        -0.0013927     0.0037855      -0.0059853
15.000          -31.000        -20.000        -0.0010243     0.0036222      -0.0059878
17.000          -31.000        -20.000        -6.3259E-4     0.0035277      -0.0059670
19.000          -31.000        -20.000        -2.1403E-4     0.0035104      -0.0058627
21.000          -31.000        -20.000        2.0854E-4      0.0035750      -0.0057250
23.000          -31.000        -20.000        6.1848E-4      0.0037259      -0.0055392
25.000          -31.000        -20.000        9.9703E-4      0.0039617      -0.0053252
27.000          -31.000        -20.000        0.0013327      0.0042931      -0.0050804
29.000          -31.000        -20.000        0.0016104      0.0047080      -0.0047916
31.000          -31.000        -20.000        0.0018168      0.0051895      -0.0044961
33.000          -31.000        -20.000        0.0019433      0.0057399      -0.0041834
35.000          -31.000        -20.000        0.0019799      0.0063420      -0.0038801
37.000          -31.000        -20.000        0.0019129      0.0069872      -0.0035889
39.000          -31.000        -20.000        0.0017406      0.0076492      -0.0033070
41.000          -31.000        -20.000        0.0014584      0.0083182      -0.0030645
43.000          -31.000        -20.000        0.0010615      0.0089852      -0.0028679
45.000          -31.000        -20.000        5.6631E-4      0.0095997      -0.0027358
47.000          -31.000        -20.000        -4.6104E-5     0.010154       -0.0026419
49.000          -31.000        -20.000        -7.5329E-4     0.010646       -0.0026350
51.000          -31.000        -20.000        -0.0015181     0.011002       -0.0027174
53.000          -31.000        -20.000        -0.0023518     0.011226       -0.0029395
55.000          -31.000        -20.000        -0.0031997     0.011301       -0.0032530
57.000          -31.000        -20.000        -0.0040531     0.011229       -0.0036219
59.000          -31.000        -20.000        -0.0048663     0.010968       -0.0041354
61.000          -31.000        -20.000        -0.0055848     0.010518       -0.0047480
63.000          -31.000        -20.000        -0.0062186     0.0099290      -0.0053861
65.000          -31.000        -20.000        -0.0067053     0.0091700      -0.0060962
67.000          -31.000        -20.000        -0.0070218     0.0082709      -0.0068068
69.000          -31.000        -20.000        -0.0071393     0.0072774      -0.0075295
71.000          -31.000        -20.000        -0.0071048     0.0062320      -0.0081133
73.000          -31.000        -20.000        -0.0068574     0.0051482      -0.0086763
75.000          -31.000        -20.000        -0.0064542     0.0040643      -0.0090804
77.000          -31.000        -20.000        -0.0059469     0.0030713      -0.0093617
79.000          -31.000        -20.000        -0.0053078     0.0021452      -0.0094935
81.000          -31.000        -20.000        -0.0046123     0.0013055      -0.0095421
83.000          -31.000        -20.000        -0.0038953     6.1108E-4      -0.0094173
85.000          -31.000        -20.000        -0.0031745     2.9463E-5      -0.0092254
87.000          -31.000        -20.000        -0.0024794     -4.3989E-4     -0.0089065
89.000          -31.000        -20.000        -0.0018312     -7.9653E-4     -0.0085494
91.000          -31.000        -20.000        -0.0012469     -0.0010536     -0.0081296
93.000          -31.000        -20.000        -7.2340E-4     -0.0012328     -0.0076702
95.000          -31.000        -20.000        -2.7621E-4     -0.0013434     -0.0072239
97.000          -31.000        -20.000        1.0509E-4      -0.0013945     -0.0067520
99.000          -31.000        -20.000        4.2015E-4      -0.0014075     -0.0062940
-99.000         -29.000        -20.000        9.2388E-4      0.0015667      -5.2008E-4
-97.000         -29.000        -20.000        9.4360E-4      0.0016970      -5.5030E-4
-95.000         -29.000        -20.000        9.5461E-4      0.0018364      -5.8527E-4
-93.000         -29.000        -20.000        9.5918E-4      0.0019847      -6.2007E-4
-91.000         -29.000        -20.000        9.5599E-4      0.0021428      -6.6094E-4
-89.000         -29.000        -20.000        9.4031E-4      0.0023104      -7.1006E-4
-87.000         -29.000        -20.000        9.1316E-4      0.0024832      -7.6659E-4
-85.000         -29.000        -20.000        8.7143E-4      0.0026603      -8.2863E-4
-83.000         -29.000        -20.000        8.1511E-4      0.0028413      -9.0323E-4
-81.000         -29.000        -20.000        7.4170E-4      0.0030155      -9.9251E-4
-79.000         -29.000        -20.000        6.5165E-4      0.0031845      -0.0010875
-77.000         -29.000        -20.000        5.5085E-4      0.0033428      -0.0012012
-75.000         -29.000        -20.000        4.3248E-4      0.0034814      -0.0013349
-73.000         -29.000        -20.000        3.1254E-4      0.0035905      -0.0014834
-71.000         -29.000        -20.000        1.9015E-4      0.0036748      -0.0016420
-69.000         -29.000        -20.000        8.1788E-5      0.0037247      -0.0018220
-67.000         -29.000        -20.000        -1.6410E-5     0.0037341      -0.0020185
-65.000         -29.000        -20.000        -7.4785E-5     0.0037230      -0.0021875
-63.000         -29.000        -20.000        -1.0164E-4     0.0036773      -0.0023785
-61.000         -29.000        -20.000        -8.5230E-5     0.0036129      -0.0025555
-59.000         -29.000        -20.000        -2.1769E-5     0.0035457      -0.0027100
-57.000         -29.000        -20.000        8.7376E-5      0.0034781      -0.0028341
-55.000         -29.000        -20.000        2.4162E-4      0.0034232      -0.0029424
-53.000         -29.000        -20.000        4.2512E-4      0.0034058      -0.0029931
-51.000         -29.000        -20.000        6.3263E-4      0.0034224      -0.0030087
-49.000         -29.000        -20.000        8.5828E-4      0.0034806      -0.0029949
-47.000         -29.000        -20.000        0.0010757      0.0035936      -0.0029425
-45.000         -29.000        -20.000        0.0012875      0.0037621      -0.0028572
-43.000         -29.000        -20.000        0.0014706      0.0039781      -0.0027536
-41.000         -29.000        -20.000        0.0016233      0.0042402      -0.0026403
-39.000         -29.000        -20.000        0.0017317      0.0045555      -0.0025016
-37.000         -29.000        -20.000        0.0017908      0.0049066      -0.0023713
-35.000         -29.000        -20.000        0.0017963      0.0052843      -0.0022517
-33.000         -29.000        -20.000        0.0017359      0.0056886      -0.0021328
-31.000         -29.000        -20.000        0.0016207      0.0061077      -0.0020462
-29.000         -29.000        -20.000        0.0014311      0.0065264      -0.0019903
-27.000         -29.000        -20.000        0.0011836      0.0069123      -0.0019628
-25.000         -29.000        -20.000        8.7509E-4      0.0072836      -0.0019701
-23.000         -29.000        -20.000        5.1905E-4      0.0076126      -0.0020417
-21.000         -29.000        -20.000        1.2600E-4      0.0078819      -0.0021399
-19.000         -29.000        -20.000        -3.0435E-4     0.0080752      -0.0023043
-17.000         -29.000        -20.000        -7.3028E-4     0.0081974      -0.0025144
-15.000         -29.000        -20.000        -0.0011464     0.0082442      -0.0027599
-13.000         -29.000        -20.000        -0.0015386     0.0082206      -0.0030346
-11.000         -29.000        -20.000        -0.0018999     0.0081195      -0.0033558
-9.0000         -29.000        -20.000        -0.0022139     0.0079618      -0.0037031
-7.0000         -29.000        -20.000        -0.0024719     0.0077418      -0.0040423
-5.0000         -29.000        -20.000        -0.0026716     0.0074760      -0.0043720
-3.0000         -29.000        -20.000        -0.0028118     0.0071757      -0.0047164
-1.0000         -29.000        -20.000        -0.0028944     0.0068372      -0.0050269
1.0000          -29.000        -20.000        -0.0029109     0.0064847      -0.0053389
3.0000          -29.000        -20.000        -0.0028575     0.0061114      -0.0056193
5.0000          -29.000        -20.000        -0.0027411     0.0057328      -0.0058485
7.0000          -29.000        -20.000        -0.0025593     0.0053560      -0.0060732
9.0000          -29.000        -20.000        -0.0023142     0.0049952      -0.0062550
11.000          -29.000        -20.000        -0.0019949     0.0046719      -0.0063768
13.000          -29.000        -20.000        -0.0016176     0.0043888      -0.0064595
15.000          -29.000        -20.000        -0.0011870     0.0041653      -0.0064891
17.000          -29.000        -20.000        -7.1431E-4     0.0040143      -0.0064585
19.000          -29.000        -20.000        -2.1276E-4     0.0039444      -0.0063475
21.000          -29.000        -20.000        3.1069E-4      0.0039828      -0.0061885
23.000          -29.000        -20.000        8.1597E-4      0.0041299      -0.0059522
25.000          -29.000        -20.000        0.0012924      0.0043820      -0.0056912
27.000          -29.000        -20.000        0.0017184      0.0047362      -0.0053681
29.000          -29.000        -20.000        0.0020847      0.0051936      -0.0050092
31.000          -29.000        -20.000        0.0023789      0.0057490      -0.0046193
33.000          -29.000        -20.000        0.0025694      0.0063868      -0.0041998
35.000          -29.000        -20.000        0.0026626      0.0070866      -0.0038001
37.000          -29.000        -20.000        0.0026305      0.0078499      -0.0033852
39.000          -29.000        -20.000        0.0024823      0.0086514      -0.0029992
41.000          -29.000        -20.000        0.0022056      0.0094625      -0.0026456
43.000          -29.000        -20.000        0.0017813      0.010273       -0.0023251
45.000          -29.000        -20.000        0.0012417      0.011065       -0.0020603
47.000          -29.000        -20.000        5.5133E-4      0.011794       -0.0018765
49.000          -29.000        -20.000        -2.4922E-4     0.012412       -0.0017743
51.000          -29.000        -20.000        -0.0011403     0.012935       -0.0017753
53.000          -29.000        -20.000        -0.0021361     0.013310       -0.0019185
55.000          -29.000        -20.000        -0.0031663     0.013489       -0.0021781
57.000          -29.000        -20.000        -0.0041909     0.013500       -0.0026128
59.000          -29.000        -20.000        -0.0052020     0.013304       -0.0031714
61.000          -29.000        -20.000        -0.0061513     0.012869       -0.0039223
63.000          -29.000        -20.000        -0.0069208     0.012267       -0.0046385
65.000          -29.000        -20.000        -0.0075724     0.011454       -0.0055119
67.000          -29.000        -20.000        -0.0080118     0.010452       -0.0064500
69.000          -29.000        -20.000        -0.0082512     0.0093380      -0.0073039
71.000          -29.000        -20.000        -0.0082724     0.0080974      -0.0081342
73.000          -29.000        -20.000        -0.0080352     0.0068025      -0.0088884
75.000          -29.000        -20.000        -0.0076096     0.0055335      -0.0095040
77.000          -29.000        -20.000        -0.0070351     0.0043111      -0.0099406
79.000          -29.000        -20.000        -0.0062784     0.0031588      -0.010194
81.000          -29.000        -20.000        -0.0054626     0.0021584      -0.010338
83.000          -29.000        -20.000        -0.0046167     0.0012909      -0.010228
85.000          -29.000        -20.000        -0.0037528     5.5809E-4      -0.010018
87.000          -29.000        -20.000        -0.0029268     -2.3093E-5     -0.0097380
89.000          -29.000        -20.000        -0.0021788     -4.6216E-4     -0.0093159
91.000          -29.000        -20.000        -0.0014897     -7.9176E-4     -0.0088351
93.000          -29.000        -20.000        -8.8563E-4     -0.0010238     -0.0083536
95.000          -29.000        -20.000        -3.7618E-4     -0.0011653     -0.0078067
97.000          -29.000        -20.000        6.3510E-5      -0.0012470     -0.0072911
99.000          -29.000        -20.000        4.2148E-4      -0.0012849     -0.0067692
-99.000         -27.000        -20.000        0.0010559      0.0016430      -4.9691E-4
-97.000         -27.000        -20.000        0.0010857      0.0017883      -5.2131E-4
-95.000         -27.000        -20.000        0.0011086      0.0019473      -5.4893E-4
-93.000         -27.000        -20.000        0.0011256      0.0021166      -5.8211E-4
-91.000         -27.000        -20.000        0.0011314      0.0022996      -6.1675E-4
-89.000         -27.000        -20.000        0.0011258      0.0024991      -6.5749E-4
-87.000         -27.000        -20.000        0.0011087      0.0027047      -7.0888E-4
-85.000         -27.000        -20.000        0.0010684      0.0029175      -7.6420E-4
-83.000         -27.000        -20.000        0.0010142      0.0031430      -8.3117E-4
-81.000         -27.000        -20.000        9.3867E-4      0.0033640      -9.1519E-4
-79.000         -27.000        -20.000        8.3794E-4      0.0035770      -0.0010075
-77.000         -27.000        -20.000        7.2107E-4      0.0037835      -0.0011203
-75.000         -27.000        -20.000        5.8140E-4      0.0039681      -0.0012567
-73.000         -27.000        -20.000        4.2864E-4      0.0041194      -0.0014236
-71.000         -27.000        -20.000        2.7151E-4      0.0042392      -0.0015876
-69.000         -27.000        -20.000        1.2401E-4      0.0043179      -0.0017838
-67.000         -27.000        -20.000        -1.1715E-5     0.0043474      -0.0020055
-65.000         -27.000        -20.000        -1.1151E-4     0.0043297      -0.0022185
-63.000         -27.000        -20.000        -1.6440E-4     0.0042739      -0.0024472
-61.000         -27.000        -20.000        -1.7018E-4     0.0041942      -0.0026526
-59.000         -27.000        -20.000        -1.0835E-4     0.0040914      -0.0028525
-57.000         -27.000        -20.000        1.0122E-5      0.0039803      -0.0030008
-55.000         -27.000        -20.000        1.8212E-4      0.0038946      -0.0031294
-53.000         -27.000        -20.000        4.0376E-4      0.0038389      -0.0032081
-51.000         -27.000        -20.000        6.5940E-4      0.0038188      -0.0032229
-49.000         -27.000        -20.000        9.3472E-4      0.0038582      -0.0031977
-47.000         -27.000        -20.000        0.0012133      0.0039615      -0.0031280
-45.000         -27.000        -20.000        0.0014813      0.0041224      -0.0030215
-43.000         -27.000        -20.000        0.0017223      0.0043516      -0.0028840
-41.000         -27.000        -20.000        0.0019296      0.0046417      -0.0027226
-39.000         -27.000        -20.000        0.0020843      0.0049876      -0.0025406
-37.000         -27.000        -20.000        0.0021859      0.0053919      -0.0023637
-35.000         -27.000        -20.000        0.0022257      0.0058332      -0.0021924
-33.000         -27.000        -20.000        0.0021838      0.0063047      -0.0020261
-31.000         -27.000        -20.000        0.0020799      0.0068119      -0.0018813
-29.000         -27.000        -20.000        0.0018873      0.0073195      -0.0017730
-27.000         -27.000        -20.000        0.0016168      0.0078107      -0.0017018
-25.000         -27.000        -20.000        0.0012721      0.0082780      -0.0016863
-23.000         -27.000        -20.000        8.5538E-4      0.0086980      -0.0017163
-21.000         -27.000        -20.000        3.8447E-4      0.0090547      -0.0018216
-19.000         -27.000        -20.000        -1.0240E-4     0.0093228      -0.0019704
-17.000         -27.000        -20.000        -6.1328E-4     0.0095045      -0.0022156
-15.000         -27.000        -20.000        -0.0011194     0.0095934      -0.0024783
-13.000         -27.000        -20.000        -0.0016001     0.0095927      -0.0027952
-11.000         -27.000        -20.000        -0.0020286     0.0095041      -0.0031715
-9.0000         -27.000        -20.000        -0.0024057     0.0093387      -0.0035689
-7.0000         -27.000        -20.000        -0.0027183     0.0091095      -0.0039856
-5.0000         -27.000        -20.000        -0.0029722     0.0088159      -0.0043681
-3.0000         -27.000        -20.000        -0.0031554     0.0084786      -0.0047657
-1.0000         -27.000        -20.000        -0.0032642     0.0080996      -0.0051464
1.0000          -27.000        -20.000        -0.0032986     0.0076936      -0.0055066
3.0000          -27.000        -20.000        -0.0032659     0.0072586      -0.0058398
5.0000          -27.000        -20.000        -0.0031546     0.0068103      -0.0061474
7.0000          -27.000        -20.000        -0.0029668     0.0063611      -0.0064225
9.0000          -27.000        -20.000        -0.0026932     0.0059174      -0.0066474
11.000          -27.000        -20.000        -0.0023428     0.0055073      -0.0067993
13.000          -27.000        -20.000        -0.0019168     0.0051344      -0.0069528
15.000          -27.000        -20.000        -0.0014141     0.0048228      -0.0069777
17.000          -27.000        -20.000        -8.4855E-4     0.0045947      -0.0069498
19.000          -27.000        -20.000        -2.4261E-4     0.0044683      -0.0068276
21.000          -27.000        -20.000        3.7274E-4      0.0044603      -0.0066646
23.000          -27.000        -20.000        9.9753E-4      0.0045781      -0.0063937
25.000          -27.000        -20.000        0.0016008      0.0048277      -0.0060514
27.000          -27.000        -20.000        0.0021537      0.0052069      -0.0056606
29.000          -27.000        -20.000        0.0026299      0.0057099      -0.0052035
31.000          -27.000        -20.000        0.0030140      0.0063294      -0.0047035
33.000          -27.000        -20.000        0.0032916      0.0070556      -0.0041605
35.000          -27.000        -20.000        0.0034628      0.0078675      -0.0036346
37.000          -27.000        -20.000        0.0034717      0.0087459      -0.0030702
39.000          -27.000        -20.000        0.0033638      0.0097056      -0.0025717
41.000          -27.000        -20.000        0.0031071      0.010682       -0.0020135
43.000          -27.000        -20.000        0.0026675      0.011647       -0.0015535
45.000          -27.000        -20.000        0.0020902      0.012632       -0.0011151
47.000          -27.000        -20.000        0.0013297      0.013537       -7.6608E-4
49.000          -27.000        -20.000        4.1814E-4      0.014335       -5.3728E-4
51.000          -27.000        -20.000        -6.2398E-4     0.015045       -4.0265E-4
53.000          -27.000        -20.000        -0.0017835     0.015575       -4.3419E-4
55.000          -27.000        -20.000        -0.0029934     0.015893       -6.0736E-4
57.000          -27.000        -20.000        -0.0042475     0.016002       -0.0010644
59.000          -27.000        -20.000        -0.0054844     0.015909       -0.0015766
61.000          -27.000        -20.000        -0.0066404     0.015524       -0.0023595
63.000          -27.000        -20.000        -0.0076508     0.014918       -0.0033278
65.000          -27.000        -20.000        -0.0084979     0.014066       -0.0043395
67.000          -27.000        -20.000        -0.0091366     0.013002       -0.0054528
69.000          -27.000        -20.000        -0.0095182     0.011753       -0.0066328
71.000          -27.000        -20.000        -0.0096181     0.010331       -0.0077795
73.000          -27.000        -20.000        -0.0094381     0.0088362      -0.0088316
75.000          -27.000        -20.000        -0.0090013     0.0073340      -0.0096623
77.000          -27.000        -20.000        -0.0083441     0.0058425      -0.010325
79.000          -27.000        -20.000        -0.0074743     0.0044441      -0.010781
81.000          -27.000        -20.000        -0.0065228     0.0032163      -0.011035
83.000          -27.000        -20.000        -0.0055034     0.0021396      -0.011015
85.000          -27.000        -20.000        -0.0044697     0.0012162      -0.010841
87.000          -27.000        -20.000        -0.0035035     5.1820E-4      -0.010582
89.000          -27.000        -20.000        -0.0026064     -3.8248E-5     -0.010099
91.000          -27.000        -20.000        -0.0017979     -4.5922E-4     -0.0095700
93.000          -27.000        -20.000        -0.0010986     -7.4831E-4     -0.0090309
95.000          -27.000        -20.000        -5.0620E-4     -9.3963E-4     -0.0084377
97.000          -27.000        -20.000        -3.2360E-6     -0.0010579     -0.0078480
99.000          -27.000        -20.000        3.9824E-4      -0.0011146     -0.0072824
-99.000         -25.000        -20.000        0.0012026      0.0017144      -4.6445E-4
-97.000         -25.000        -20.000        0.0012449      0.0018745      -4.8628E-4
-95.000         -25.000        -20.000        0.0012839      0.0020538      -5.0448E-4
-93.000         -25.000        -20.000        0.0013164      0.0022486      -5.2707E-4
-91.000         -25.000        -20.000        0.0013367      0.0024604      -5.5795E-4
-89.000         -25.000        -20.000        0.0013454      0.0026898      -5.8530E-4
-87.000         -25.000        -20.000        0.0013417      0.0029363      -6.2129E-4
-85.000         -25.000        -20.000        0.0013109      0.0031957      -6.7176E-4
-83.000         -25.000        -20.000        0.0012602      0.0034662      -7.2268E-4
-81.000         -25.000        -20.000        0.0011864      0.0037443      -7.9280E-4
-79.000         -25.000        -20.000        0.0010796      0.0040202      -8.7638E-4
-77.000         -25.000        -20.000        9.4247E-4      0.0042854      -9.8152E-4
-75.000         -25.000        -20.000        7.8094E-4      0.0045309      -0.0011108
-73.000         -25.000        -20.000        5.9691E-4      0.0047463      -0.0012657
-71.000         -25.000        -20.000        3.9257E-4      0.0049156      -0.0014614
-69.000         -25.000        -20.000        1.9323E-4      0.0050329      -0.0016640
-67.000         -25.000        -20.000        8.3372E-6      0.0050897      -0.0019075
-65.000         -25.000        -20.000        -1.4482E-4     0.0050819      -0.0021719
-63.000         -25.000        -20.000        -2.4398E-4     0.0050198      -0.0024345
-61.000         -25.000        -20.000        -2.8751E-4     0.0049107      -0.0026884
-59.000         -25.000        -20.000        -2.3769E-4     0.0047625      -0.0029337
-57.000         -25.000        -20.000        -1.1192E-4     0.0046067      -0.0031315
-55.000         -25.000        -20.000        7.8420E-5      0.0044672      -0.0032925
-53.000         -25.000        -20.000        3.4288E-4      0.0043532      -0.0033820
-51.000         -25.000        -20.000        6.5401E-4      0.0042854      -0.0034182
-49.000         -25.000        -20.000        9.8892E-4      0.0042944      -0.0033960
-47.000         -25.000        -20.000        0.0013361      0.0043690      -0.0033122
-45.000         -25.000        -20.000        0.0016749      0.0045129      -0.0031843
-43.000         -25.000        -20.000        0.0019870      0.0047537      -0.0029995
-41.000         -25.000        -20.000        0.0022625      0.0050647      -0.0027925
-39.000         -25.000        -20.000        0.0024804      0.0054453      -0.0025568
-37.000         -25.000        -20.000        0.0026355      0.0058961      -0.0023166
-35.000         -25.000        -20.000        0.0027298      0.0064114      -0.0020699
-33.000         -25.000        -20.000        0.0027210      0.0069701      -0.0018553
-31.000         -25.000        -20.000        0.0026327      0.0075671      -0.0016368
-29.000         -25.000        -20.000        0.0024490      0.0081855      -0.0014549
-27.000         -25.000        -20.000        0.0021588      0.0087969      -0.0013244
-25.000         -25.000        -20.000        0.0017757      0.0093929      -0.0012622
-23.000         -25.000        -20.000        0.0012997      0.0099263      -0.0012449
-21.000         -25.000        -20.000        7.5538E-4      0.010379       -0.0013259
-19.000         -25.000        -20.000        1.6260E-4      0.010742       -0.0014813
-17.000         -25.000        -20.000        -4.5187E-4     0.011001       -0.0017109
-15.000         -25.000        -20.000        -0.0010667     0.011156       -0.0020315
-13.000         -25.000        -20.000        -0.0016292     0.011178       -0.0024000
-11.000         -25.000        -20.000        -0.0021513     0.011107       -0.0028108
-9.0000         -25.000        -20.000        -0.0026071     0.010947       -0.0032560
-7.0000         -25.000        -20.000        -0.0029946     0.010711       -0.0037422
-5.0000         -25.000        -20.000        -0.0033022     0.010397       -0.0042537
-3.0000         -25.000        -20.000        -0.0035323     0.010017       -0.0046938
-1.0000         -25.000        -20.000        -0.0036811     0.0096011      -0.0051474
1.0000          -25.000        -20.000        -0.0037516     0.0091364      -0.0055681
3.0000          -25.000        -20.000        -0.0037435     0.0086425      -0.0059664
5.0000          -25.000        -20.000        -0.0036397     0.0081211      -0.0063448
7.0000          -25.000        -20.000        -0.0034571     0.0075736      -0.0066871
9.0000          -25.000        -20.000        -0.0031717     0.0070405      -0.0069934
11.000          -25.000        -20.000        -0.0027919     0.0065260      -0.0071905
13.000          -25.000        -20.000        -0.0023128     0.0060468      -0.0073781
15.000          -25.000        -20.000        -0.0017273     0.0056202      -0.0074269
17.000          -25.000        -20.000        -0.0010803     0.0052923      -0.0074564
19.000          -25.000        -20.000        -3.5401E-4     0.0050864      -0.0073638
21.000          -25.000        -20.000        4.0495E-4      0.0050105      -0.0071490
23.000          -25.000        -20.000        0.0011731      0.0050730      -0.0068442
25.000          -25.000        -20.000        0.0019218      0.0053048      -0.0064074
27.000          -25.000        -20.000        0.0026047      0.0056983      -0.0059458
29.000          -25.000        -20.000        0.0032178      0.0062435      -0.0053787
31.000          -25.000        -20.000        0.0037200      0.0069155      -0.0047456
33.000          -25.000        -20.000        0.0041115      0.0077360      -0.0040719
35.000          -25.000        -20.000        0.0043778      0.0086586      -0.0033714
37.000          -25.000        -20.000        0.0044684      0.0096792      -0.0026395
39.000          -25.000        -20.000        0.0044059      0.010773       -0.0019167
41.000          -25.000        -20.000        0.0041815      0.011924       -0.0011671
43.000          -25.000        -20.000        0.0037429      0.013087       -4.9822E-4
45.000          -25.000        -20.000        0.0031178      0.014254       1.8148E-4
47.000          -25.000        -20.000        0.0022976      0.015352       7.4687E-4
49.000          -25.000        -20.000        0.0012739      0.016359       0.0012239
51.000          -25.000        -20.000        7.4309E-5      0.017251       0.0015538
53.000          -25.000        -20.000        -0.0012587     0.017915       0.0017177
55.000          -25.000        -20.000        -0.0027034     0.018381       0.0016650
57.000          -25.000        -20.000        -0.0041907     0.018633       0.0013721
59.000          -25.000        -20.000        -0.0056667     0.018610       8.0732E-4
61.000          -25.000        -20.000        -0.0070860     0.018304       6.1908E-5
63.000          -25.000        -20.000        -0.0083742     0.017762       -0.0010525
65.000          -25.000        -20.000        -0.0094702     0.016938       -0.0022686
67.000          -25.000        -20.000        -0.010347      0.015824       -0.0037191
69.000          -25.000        -20.000        -0.010919      0.014485       -0.0052300
71.000          -25.000        -20.000        -0.011170      0.012944       -0.0067328
73.000          -25.000        -20.000        -0.011086      0.011237       -0.0081596
75.000          -25.000        -20.000        -0.010655      0.0094783      -0.0093792
77.000          -25.000        -20.000        -0.0099041     0.0076733      -0.010386
79.000          -25.000        -20.000        -0.0089461     0.0060192      -0.011153
81.000          -25.000        -20.000        -0.0078234     0.0045090      -0.011553
83.000          -25.000        -20.000        -0.0065923     0.0031633      -0.011759
85.000          -25.000        -20.000        -0.0053781     0.0020560      -0.011668
87.000          -25.000        -20.000        -0.0042200     0.0011741      -0.011331
89.000          -25.000        -20.000        -0.0031470     4.7625E-4      -0.010875
91.000          -25.000        -20.000        -0.0021907     -4.3684E-5     -0.010380
93.000          -25.000        -20.000        -0.0013727     -4.0234E-4     -0.0097140
95.000          -25.000        -20.000        -6.7816E-4     -6.5944E-4     -0.0090811
97.000          -25.000        -20.000        -1.0225E-4     -8.2658E-4     -0.0084515
99.000          -25.000        -20.000        3.5142E-4      -9.0475E-4     -0.0077902
-99.000         -23.000        -20.000        0.0013638      0.0017793      -4.2638E-4
-97.000         -23.000        -20.000        0.0014242      0.0019572      -4.3744E-4
-95.000         -23.000        -20.000        0.0014807      0.0021543      -4.4954E-4
-93.000         -23.000        -20.000        0.0015323      0.0023760      -4.6119E-4
-91.000         -23.000        -20.000        0.0015738      0.0026196      -4.7906E-4
-89.000         -23.000        -20.000        0.0016016      0.0028808      -4.9733E-4
-87.000         -23.000        -20.000        0.0016190      0.0031726      -5.1069E-4
-85.000         -23.000        -20.000        0.0016044      0.0034868      -5.3517E-4
-83.000         -23.000        -20.000        0.0015660      0.0038097      -5.7608E-4
-81.000         -23.000        -20.000        0.0014981      0.0041546      -6.1876E-4
-79.000         -23.000        -20.000        0.0013862      0.0045086      -6.8019E-4
-77.000         -23.000        -20.000        0.0012410      0.0048456      -7.6099E-4
-75.000         -23.000        -20.000        0.0010487      0.0051688      -8.8027E-4
-73.000         -23.000        -20.000        8.2402E-4      0.0054691      -0.0010240
-71.000         -23.000        -20.000        5.7778E-4      0.0057045      -0.0012153
-69.000         -23.000        -20.000        3.0492E-4      0.0058785      -0.0014340
-67.000         -23.000        -20.000        4.8616E-5      0.0059812      -0.0016991
-65.000         -23.000        -20.000        -1.7386E-4     0.0059875      -0.0020015
-63.000         -23.000        -20.000        -3.4333E-4     0.0059262      -0.0023144
-61.000         -23.000        -20.000        -4.3842E-4     0.0057879      -0.0026273
-59.000         -23.000        -20.000        -4.1570E-4     0.0055858      -0.0029348
-57.000         -23.000        -20.000        -3.0580E-4     0.0053728      -0.0032126
-55.000         -23.000        -20.000        -8.9463E-5     0.0051598      -0.0034055
-53.000         -23.000        -20.000        2.2380E-4      0.0049691      -0.0035383
-51.000         -23.000        -20.000        5.8620E-4      0.0048457      -0.0036094
-49.000         -23.000        -20.000        0.0010041      0.0047960      -0.0035729
-47.000         -23.000        -20.000        0.0014365      0.0048295      -0.0034838
-45.000         -23.000        -20.000        0.0018612      0.0049580      -0.0033149
-43.000         -23.000        -20.000        0.0022596      0.0051859      -0.0030918
-41.000         -23.000        -20.000        0.0026195      0.0055091      -0.0028272
-39.000         -23.000        -20.000        0.0029202      0.0059260      -0.0025278
-37.000         -23.000        -20.000        0.0031469      0.0064212      -0.0022247
-35.000         -23.000        -20.000        0.0033083      0.0070072      -0.0018923
-33.000         -23.000        -20.000        0.0033523      0.0076650      -0.0015842
-31.000         -23.000        -20.000        0.0033023      0.0083613      -0.0012963
-29.000         -23.000        -20.000        0.0031329      0.0091067      -0.0010069
-27.000         -23.000        -20.000        0.0028326      0.0098735      -7.8203E-4
-25.000         -23.000        -20.000        0.0024186      0.010607       -6.2954E-4
-23.000         -23.000        -20.000        0.0018750      0.011289       -5.4079E-4
-21.000         -23.000        -20.000        0.0012469      0.011901       -5.7399E-4
-19.000         -23.000        -20.000        5.2716E-4      0.012396       -7.2788E-4
-17.000         -23.000        -20.000        -2.0772E-4     0.012753       -9.5973E-4
-15.000         -23.000        -20.000        -9.3905E-4     0.012974       -0.0012972
-13.000         -23.000        -20.000        -0.0016263     0.013064       -0.0017025
-11.000         -23.000        -20.000        -0.0022617     0.013027       -0.0021896
-9.0000         -23.000        -20.000        -0.0028218     0.012877       -0.0027137
-7.0000         -23.000        -20.000        -0.0032858     0.012629       -0.0032797
-5.0000         -23.000        -20.000        -0.0036579     0.012297       -0.0038259
-3.0000         -23.000        -20.000        -0.0039461     0.011897       -0.0043619
-1.0000         -23.000        -20.000        -0.0041478     0.011432       -0.0049221
1.0000          -23.000        -20.000        -0.0042653     0.010912       -0.0054346
3.0000          -23.000        -20.000        -0.0042972     0.010345       -0.0059378
5.0000          -23.000        -20.000        -0.0042216     0.0097418      -0.0063756
7.0000          -23.000        -20.000        -0.0040496     0.0091051      -0.0068049
9.0000          -23.000        -20.000        -0.0037624     0.0084583      -0.0072347
11.000          -23.000        -20.000        -0.0033583     0.0077975      -0.0075078
13.000          -23.000        -20.000        -0.0028314     0.0071846      -0.0077523
15.000          -23.000        -20.000        -0.0021812     0.0066306      -0.0078814
17.000          -23.000        -20.000        -0.0014262     0.0061630      -0.0079736
19.000          -23.000        -20.000        -5.5997E-4     0.0058222      -0.0078761
21.000          -23.000        -20.000        3.6904E-4      0.0056393      -0.0076645
23.000          -23.000        -20.000        0.0013074      0.0056415      -0.0073025
25.000          -23.000        -20.000        0.0022100      0.0058339      -0.0068310
27.000          -23.000        -20.000        0.0030751      0.0062202      -0.0062319
29.000          -23.000        -20.000        0.0038478      0.0067868      -0.0055198
31.000          -23.000        -20.000        0.0045026      0.0075228      -0.0047521
33.000          -23.000        -20.000        0.0050189      0.0084030      -0.0039199
35.000          -23.000        -20.000        0.0054070      0.0094410      -0.0030175
37.000          -23.000        -20.000        0.0056026      0.010597       -0.0020574
39.000          -23.000        -20.000        0.0056153      0.011829       -0.0011102
41.000          -23.000        -20.000        0.0054425      0.013154       -9.3702E-5
43.000          -23.000        -20.000        0.0050033      0.014518       8.6584E-4
45.000          -23.000        -20.000        0.0043609      0.015853       0.0018573
47.000          -23.000        -20.000        0.0034537      0.017138       0.0027415
49.000          -23.000        -20.000        0.0022908      0.018336       0.0035359
51.000          -23.000        -20.000        9.4470E-4      0.019340       0.0041973
53.000          -23.000        -20.000        -6.0494E-4     0.020165       0.0045508
55.000          -23.000        -20.000        -0.0023011     0.020738       0.0047191
57.000          -23.000        -20.000        -0.0040471     0.021054       0.0046034
59.000          -23.000        -20.000        -0.0057675     0.021121       0.0041395
61.000          -23.000        -20.000        -0.0074638     0.020887       0.0033949
63.000          -23.000        -20.000        -0.0090369     0.020455       0.0021602
65.000          -23.000        -20.000        -0.010416      0.019659       7.6401E-4
67.000          -23.000        -20.000        -0.011554      0.018649       -9.7956E-4
69.000          -23.000        -20.000        -0.012403      0.017316       -0.0029293
71.000          -23.000        -20.000        -0.012881      0.015694       -0.0047411
73.000          -23.000        -20.000        -0.012917      0.013861       -0.0067889
75.000          -23.000        -20.000        -0.012557      0.011863       -0.0084699
77.000          -23.000        -20.000        -0.011815      0.0098450      -0.0099742
79.000          -23.000        -20.000        -0.010708      0.0078738      -0.011165
81.000          -23.000        -20.000        -0.0093975     0.0060282      -0.011866
83.000          -23.000        -20.000        -0.0079435     0.0044049      -0.012298
85.000          -23.000        -20.000        -0.0064907     0.0030807      -0.012323
87.000          -23.000        -20.000        -0.0050972     0.0019667      -0.012083
89.000          -23.000        -20.000        -0.0038067     0.0010987      -0.011714
91.000          -23.000        -20.000        -0.0026789     4.7535E-4      -0.011119
93.000          -23.000        -20.000        -0.0017163     8.0511E-6      -0.010422
95.000          -23.000        -20.000        -9.0562E-4     -3.2323E-4     -0.0097210
97.000          -23.000        -20.000        -2.3997E-4     -5.2480E-4     -0.0090182
99.000          -23.000        -20.000        2.7477E-4      -6.5293E-4     -0.0083003
-99.000         -21.000        -20.000        0.0015404      0.0018324      -3.7727E-4
-97.000         -21.000        -20.000        0.0016219      0.0020273      -3.8094E-4
-95.000         -21.000        -20.000        0.0017012      0.0022455      -3.8211E-4
-93.000         -21.000        -20.000        0.0017756      0.0024942      -3.8064E-4
-91.000         -21.000        -20.000        0.0018465      0.0027670      -3.7789E-4
-89.000         -21.000        -20.000        0.0019014      0.0030691      -3.7079E-4
-87.000         -21.000        -20.000        0.0019426      0.0034054      -3.6531E-4
-85.000         -21.000        -20.000        0.0019560      0.0037740      -3.6239E-4
-83.000         -21.000        -20.000        0.0019405      0.0041673      -3.6587E-4
-81.000         -21.000        -20.000        0.0018817      0.0045856      -3.7669E-4
-79.000         -21.000        -20.000        0.0017793      0.0050267      -4.0252E-4
-77.000         -21.000        -20.000        0.0016318      0.0054632      -4.4347E-4
-75.000         -21.000        -20.000        0.0014080      0.0058855      -5.3890E-4
-73.000         -21.000        -20.000        0.0011394      0.0062909      -6.4206E-4
-71.000         -21.000        -20.000        8.3161E-4      0.0066265      -8.1036E-4
-69.000         -21.000        -20.000        4.7772E-4      0.0068836      -0.0010359
-67.000         -21.000        -20.000        1.3207E-4      0.0070392      -0.0013417
-65.000         -21.000        -20.000        -1.9929E-4     0.0070985      -0.0016415
-63.000         -21.000        -20.000        -4.6099E-4     0.0070275      -0.0020305
-61.000         -21.000        -20.000        -6.3342E-4     0.0068547      -0.0024092
-59.000         -21.000        -20.000        -6.6246E-4     0.0066073      -0.0028069
-57.000         -21.000        -20.000        -5.7118E-4     0.0063110      -0.0031542
-55.000         -21.000        -20.000        -3.3970E-4     0.0059954      -0.0034368
-53.000         -21.000        -20.000        1.9238E-5      0.0057134      -0.0036533
-51.000         -21.000        -20.000        4.5494E-4      0.0055035      -0.0037344
-49.000         -21.000        -20.000        9.6150E-4      0.0053725      -0.0037088
-47.000         -21.000        -20.000        0.0014982      0.0053365      -0.0036265
-45.000         -21.000        -20.000        0.0020236      0.0054349      -0.0034305
-43.000         -21.000        -20.000        0.0025310      0.0056388      -0.0031596
-41.000         -21.000        -20.000        0.0029953      0.0059641      -0.0028319
-39.000         -21.000        -20.000        0.0033960      0.0064042      -0.0024560
-37.000         -21.000        -20.000        0.0037248      0.0069503      -0.0020752
-35.000         -21.000        -20.000        0.0039676      0.0076021      -0.0016487
-33.000         -21.000        -20.000        0.0040889      0.0083516      -0.0012100
-31.000         -21.000        -20.000        0.0041024      0.0091772      -8.0441E-4
-29.000         -21.000        -20.000        0.0039623      0.010062       -4.0179E-4
-27.000         -21.000        -20.000        0.0036708      0.010996       -2.5078E-5
-25.000         -21.000        -20.000        0.0032461      0.011916       2.5748E-4
-23.000         -21.000        -20.000        0.0026096      0.012781       3.8987E-4
-21.000         -21.000        -20.000        0.0018775      0.013572       4.8323E-4
-19.000         -21.000        -20.000        0.0010374      0.014220       3.9509E-4
-17.000         -21.000        -20.000        1.4988E-4      0.014723       1.7456E-4
-15.000         -21.000        -20.000        -7.4138E-4     0.015046       -1.7086E-4
-13.000         -21.000        -20.000        -0.0015857     0.015208       -6.2914E-4
-11.000         -21.000        -20.000        -0.0023493     0.015224       -0.0011839
-9.0000         -21.000        -20.000        -0.0029992     0.015093       -0.0017725
-7.0000         -21.000        -20.000        -0.0035699     0.014845       -0.0024376
-5.0000         -21.000        -20.000        -0.0040365     0.014503       -0.0030635
-3.0000         -21.000        -20.000        -0.0044040     0.014080       -0.0037119
-1.0000         -21.000        -20.000        -0.0046772     0.013576       -0.0043381
1.0000          -21.000        -20.000        -0.0048431     0.013005       -0.0049671
3.0000          -21.000        -20.000        -0.0049157     0.012368       -0.0055875
5.0000          -21.000        -20.000        -0.0048916     0.011677       -0.0061483
7.0000          -21.000        -20.000        -0.0047554     0.010938       -0.0066860
9.0000          -21.000        -20.000        -0.0044852     0.010158       -0.0071601
11.000          -21.000        -20.000        -0.0040627     0.0093681      -0.0075975
13.000          -21.000        -20.000        -0.0035180     0.0085768      -0.0079541
15.000          -21.000        -20.000        -0.0027846     0.0078426      -0.0082004
17.000          -21.000        -20.000        -0.0019010     0.0072032      -0.0083254
19.000          -21.000        -20.000        -8.7662E-4     0.0066998      -0.0082719
21.000          -21.000        -20.000        1.9770E-4      0.0063789      -0.0081258
23.000          -21.000        -20.000        0.0013571      0.0062760      -0.0077132
25.000          -21.000        -20.000        0.0024865      0.0064046      -0.0071886
27.000          -21.000        -20.000        0.0035421      0.0067552      -0.0064989
29.000          -21.000        -20.000        0.0045116      0.0073306      -0.0056448
31.000          -21.000        -20.000        0.0053562      0.0081004      -0.0046977
33.000          -21.000        -20.000        0.0060279      0.0090538      -0.0036415
35.000          -21.000        -20.000        0.0065402      0.010190       -0.0025286
37.000          -21.000        -20.000        0.0068724      0.011452       -0.0013215
39.000          -21.000        -20.000        0.0069865      0.012832       -3.7004E-5
41.000          -21.000        -20.000        0.0068601      0.014316       0.0012874
43.000          -21.000        -20.000        0.0064471      0.015838       0.0026128
45.000          -21.000        -20.000        0.0057753      0.017340       0.0039337
47.000          -21.000        -20.000        0.0047737      0.018792       0.0052830
49.000          -21.000        -20.000        0.0034604      0.020095       0.0064242
51.000          -21.000        -20.000        0.0018952      0.021155       0.0075333
53.000          -21.000        -20.000        1.1184E-4      0.022019       0.0082953
55.000          -21.000        -20.000        -0.0018486     0.022642       0.0086219
57.000          -21.000        -20.000        -0.0038493     0.022883       0.0087451
59.000          -21.000        -20.000        -0.0058331     0.022957       0.0084318
61.000          -21.000        -20.000        -0.0077814     0.022856       0.0074422
63.000          -21.000        -20.000        -0.0095976     0.022437       0.0065141
65.000          -21.000        -20.000        -0.011225      0.021800       0.0049220
67.000          -21.000        -20.000        -0.012669      0.021016       0.0027814
69.000          -21.000        -20.000        -0.013823      0.019787       7.1414E-4
71.000          -21.000        -20.000        -0.014584      0.018263       -0.0016685
73.000          -21.000        -20.000        -0.014860      0.016453       -0.0042487
75.000          -21.000        -20.000        -0.014680      0.014392       -0.0066338
77.000          -21.000        -20.000        -0.013980      0.012144       -0.0087771
79.000          -21.000        -20.000        -0.012780      0.0098892      -0.010533
81.000          -21.000        -20.000        -0.011274      0.0077549      -0.011763
83.000          -21.000        -20.000        -0.0095832     0.0058411      -0.012543
85.000          -21.000        -20.000        -0.0078489     0.0042153      -0.012892
87.000          -21.000        -20.000        -0.0061734     0.0028755      -0.012776
89.000          -21.000        -20.000        -0.0046350     0.0018370      -0.012403
91.000          -21.000        -20.000        -0.0032968     0.0010613      -0.011819
93.000          -21.000        -20.000        -0.0021369     4.8836E-4      -0.011126
95.000          -21.000        -20.000        -0.0012023     8.4748E-5      -0.010342
97.000          -21.000        -20.000        -4.3673E-4     -1.8436E-4     -0.0095968
99.000          -21.000        -20.000        1.6370E-4      -3.6110E-4     -0.0087962
-99.000         -19.000        -20.000        0.0017299      0.0018720      -3.2581E-4
-97.000         -19.000        -20.000        0.0018385      0.0020833      -3.1354E-4
-95.000         -19.000        -20.000        0.0019454      0.0023222      -2.9667E-4
-93.000         -19.000        -20.000        0.0020515      0.0025923      -2.7546E-4
-91.000         -19.000        -20.000        0.0021535      0.0028968      -2.5184E-4
-89.000         -19.000        -20.000        0.0022437      0.0032418      -2.2014E-4
-87.000         -19.000        -20.000        0.0023149      0.0036263      -1.9179E-4
-85.000         -19.000        -20.000        0.0023705      0.0040510      -1.3942E-4
-83.000         -19.000        -20.000        0.0023871      0.0045206      -9.7099E-5
-81.000         -19.000        -20.000        0.0023537      0.0050282      -5.8869E-5
-79.000         -19.000        -20.000        0.0022718      0.0055590      -2.4920E-5
-77.000         -19.000        -20.000        0.0021244      0.0061171      -2.2907E-6
-75.000         -19.000        -20.000        0.0018830      0.0066753      -2.3385E-5
-73.000         -19.000        -20.000        0.0015750      0.0071889      -6.5569E-5
-71.000         -19.000        -20.000        0.0011936      0.0076622      -1.9619E-4
-69.000         -19.000        -20.000        7.3763E-4      0.0080424      -4.1381E-4
-67.000         -19.000        -20.000        2.5943E-4      0.0082829      -6.6112E-4
-65.000         -19.000        -20.000        -1.8918E-4     0.0083993      -0.0010290
-63.000         -19.000        -20.000        -5.8305E-4     0.0083485      -0.0014768
-61.000         -19.000        -20.000        -8.5827E-4     0.0081447      -0.0019666
-59.000         -19.000        -20.000        -9.8652E-4     0.0078346      -0.0024780
-57.000         -19.000        -20.000        -9.3367E-4     0.0074350      -0.0029323
-55.000         -19.000        -20.000        -6.8599E-4     0.0069864      -0.0033458
-53.000         -19.000        -20.000        -2.9714E-4     0.0066075      -0.0035933
-51.000         -19.000        -20.000        2.1652E-4      0.0062673      -0.0037596
-49.000         -19.000        -20.000        8.4157E-4      0.0060180      -0.0037940
-47.000         -19.000        -20.000        0.0014868      0.0059127      -0.0037087
-45.000         -19.000        -20.000        0.0021483      0.0059455      -0.0034810
-43.000         -19.000        -20.000        0.0027885      0.0061061      -0.0031734
-41.000         -19.000        -20.000        0.0033850      0.0064230      -0.0027939
-39.000         -19.000        -20.000        0.0039049      0.0068671      -0.0023307
-37.000         -19.000        -20.000        0.0043528      0.0074551      -0.0018252
-35.000         -19.000        -20.000        0.0046950      0.0081704      -0.0012990
-33.000         -19.000        -20.000        0.0049325      0.0090091      -7.3977E-4
-31.000         -19.000        -20.000        0.0050341      0.0099694      -1.6061E-4
-29.000         -19.000        -20.000        0.0049518      0.011026       4.0246E-4
-27.000         -19.000        -20.000        0.0047001      0.012128       9.3867E-4
-25.000         -19.000        -20.000        0.0042554      0.013277       0.0014105
-23.000         -19.000        -20.000        0.0035533      0.014389       0.0017568
-21.000         -19.000        -20.000        0.0027034      0.015392       0.0019585
-19.000         -19.000        -20.000        0.0017045      0.016244       0.0020050
-17.000         -19.000        -20.000        6.3449E-4      0.016908       0.0018237
-15.000         -19.000        -20.000        -4.4781E-4     0.017366       0.0014923
-13.000         -19.000        -20.000        -0.0014711     0.017604       9.5310E-4
-11.000         -19.000        -20.000        -0.0023857     0.017664       3.2421E-4
-9.0000         -19.000        -20.000        -0.0031836     0.017589       -3.1756E-4
-7.0000         -19.000        -20.000        -0.0038621     0.017348       -0.0010766
-5.0000         -19.000        -20.000        -0.0044296     0.017016       -0.0018261
-3.0000         -19.000        -20.000        -0.0048796     0.016574       -0.0025602
-1.0000         -19.000        -20.000        -0.0052231     0.016032       -0.0033035
1.0000          -19.000        -20.000        -0.0054727     0.015412       -0.0040287
3.0000          -19.000        -20.000        -0.0056167     0.014713       -0.0047771
5.0000          -19.000        -20.000        -0.0056725     0.013961       -0.0054415
7.0000          -19.000        -20.000        -0.0055820     0.013101       -0.0061192
9.0000          -19.000        -20.000        -0.0053512     0.012193       -0.0067570
11.000          -19.000        -20.000        -0.0049571     0.011221       -0.0073674
13.000          -19.000        -20.000        -0.0043793     0.010239       -0.0078879
15.000          -19.000        -20.000        -0.0035725     0.0093036      -0.0083009
17.000          -19.000        -20.000        -0.0025852     0.0084681      -0.0085578
19.000          -19.000        -20.000        -0.0014025     0.0077489      -0.0086550
21.000          -19.000        -20.000        -8.9550E-5     0.0072312      -0.0085242
23.000          -19.000        -20.000        0.0012993      0.0069970      -0.0081094
25.000          -19.000        -20.000        0.0026889      0.0070156      -0.0075203
27.000          -19.000        -20.000        0.0039995      0.0072992      -0.0067276
29.000          -19.000        -20.000        0.0051998      0.0078630      -0.0057497
31.000          -19.000        -20.000        0.0062370      0.0086495      -0.0045532
33.000          -19.000        -20.000        0.0071100      0.0096470      -0.0032959
35.000          -19.000        -20.000        0.0078186      0.010848       -0.0018953
37.000          -19.000        -20.000        0.0082599      0.012211       -3.7665E-4
39.000          -19.000        -20.000        0.0084845      0.013712       0.0011636
41.000          -19.000        -20.000        0.0084251      0.015328       0.0029723
43.000          -19.000        -20.000        0.0080448      0.016968       0.0047108
45.000          -19.000        -20.000        0.0073189      0.018580       0.0065238
47.000          -19.000        -20.000        0.0061667      0.020097       0.0084017
49.000          -19.000        -20.000        0.0046770      0.021407       0.010078
51.000          -19.000        -20.000        0.0028312      0.022409       0.011463
53.000          -19.000        -20.000        7.4003E-4      0.023121       0.012491
55.000          -19.000        -20.000        -0.0014360     0.023605       0.013352
57.000          -19.000        -20.000        -0.0037088     0.023680       0.013582
59.000          -19.000        -20.000        -0.0059218     0.023658       0.013225
61.000          -19.000        -20.000        -0.0079688     0.023557       0.012636
63.000          -19.000        -20.000        -0.0099595     0.023196       0.011193
65.000          -19.000        -20.000        -0.011865      0.022813       0.0096024
67.000          -19.000        -20.000        -0.013594      0.022332       0.0077522
69.000          -19.000        -20.000        -0.014997      0.021389       0.0051248
71.000          -19.000        -20.000        -0.016146      0.020200       0.0023343
73.000          -19.000        -20.000        -0.016816      0.018662       -0.0010024
75.000          -19.000        -20.000        -0.016833      0.016634       -0.0038567
77.000          -19.000        -20.000        -0.016318      0.014374       -0.0067602
79.000          -19.000        -20.000        -0.015115      0.011973       -0.0092661
81.000          -19.000        -20.000        -0.013449      0.0095695      -0.011182
83.000          -19.000        -20.000        -0.011523      0.0073740      -0.012427
85.000          -19.000        -20.000        -0.0094536     0.0054648      -0.013098
87.000          -19.000        -20.000        -0.0074106     0.0038846      -0.013350
89.000          -19.000        -20.000        -0.0056347     0.0026637      -0.012979
91.000          -19.000        -20.000        -0.0040258     0.0017204      -0.012478
93.000          -19.000        -20.000        -0.0026751     0.0010322      -0.011805
95.000          -19.000        -20.000        -0.0015755     5.4354E-4      -0.010973
97.000          -19.000        -20.000        -6.8526E-4     2.0466E-4      -0.010106
99.000          -19.000        -20.000        8.2401E-6      -2.8786E-5     -0.0092670
-99.000         -17.000        -20.000        0.0019334      0.0018963      -2.6107E-4
-97.000         -17.000        -20.000        0.0020705      0.0021204      -2.3516E-4
-95.000         -17.000        -20.000        0.0022093      0.0023764      -2.0155E-4
-93.000         -17.000        -20.000        0.0023526      0.0026679      -1.5911E-4
-91.000         -17.000        -20.000        0.0024936      0.0030026      -1.0666E-4
-89.000         -17.000        -20.000        0.0026285      0.0033873      -4.0274E-5
-87.000         -17.000        -20.000        0.0027510      0.0038157      3.8327E-5
-85.000         -17.000        -20.000        0.0028482      0.0042988      1.3228E-4
-83.000         -17.000        -20.000        0.0029157      0.0048507      2.2477E-4
-81.000         -17.000        -20.000        0.0029326      0.0054490      3.6254E-4
-79.000         -17.000        -20.000        0.0028763      0.0060859      4.7126E-4
-77.000         -17.000        -20.000        0.0027465      0.0067815      5.8704E-4
-75.000         -17.000        -20.000        0.0025040      0.0074835      6.7322E-4
-73.000         -17.000        -20.000        0.0021563      0.0081538      7.1065E-4
-71.000         -17.000        -20.000        0.0016917      0.0087848      6.7250E-4
-69.000         -17.000        -20.000        0.0011251      0.0093281      5.5301E-4
-67.000         -17.000        -20.000        5.0011E-4      0.0096970      2.9850E-4
-65.000         -17.000        -20.000        -1.3619E-4     0.0098815      -1.3291E-4
-63.000         -17.000        -20.000        -7.1153E-4     0.0098830      -5.6812E-4
-61.000         -17.000        -20.000        -0.0011559     0.0096730      -0.0011527
-59.000         -17.000        -20.000        -0.0013898     0.0092786      -0.0017597
-57.000         -17.000        -20.000        -0.0014154     0.0087459      -0.0024091
-55.000         -17.000        -20.000        -0.0011886     0.0081773      -0.0029765
-53.000         -17.000        -20.000        -7.5053E-4     0.0076325      -0.0033760
-51.000         -17.000        -20.000        -1.3969E-4     0.0071319      -0.0036503
-49.000         -17.000        -20.000        5.9886E-4      0.0067613      -0.0037490
-47.000         -17.000        -20.000        0.0013951      0.0065438      -0.0036856
-45.000         -17.000        -20.000        0.0022115      0.0064781      -0.0034823
-43.000         -17.000        -20.000        0.0030080      0.0065755      -0.0031442
-41.000         -17.000        -20.000        0.0037525      0.0068571      -0.0026737
-39.000         -17.000        -20.000        0.0044278      0.0073001      -0.0021344
-37.000         -17.000        -20.000        0.0050251      0.0079087      -0.0015092
-35.000         -17.000        -20.000        0.0055154      0.0086723      -8.3874E-4
-33.000         -17.000        -20.000        0.0058807      0.0095943      -1.4677E-4
-31.000         -17.000        -20.000        0.0061107      0.010693       6.3109E-4
-29.000         -17.000        -20.000        0.0061490      0.011905       0.0014208
-27.000         -17.000        -20.000        0.0059486      0.013209       0.0022102
-25.000         -17.000        -20.000        0.0055152      0.014598       0.0029348
-23.000         -17.000        -20.000        0.0047574      0.015980       0.0035678
-21.000         -17.000        -20.000        0.0037778      0.017232       0.0039910
-19.000         -17.000        -20.000        0.0025704      0.018354       0.0041687
-17.000         -17.000        -20.000        0.0012489      0.019227       0.0041487
-15.000         -17.000        -20.000        -4.3668E-5     0.019827       0.0038285
-13.000         -17.000        -20.000        -0.0012482     0.020192       0.0033598
-11.000         -17.000        -20.000        -0.0023733     0.020330       0.0026176
-9.0000         -17.000        -20.000        -0.0033351     0.020298       0.0018297
-7.0000         -17.000        -20.000        -0.0041631     0.020116       0.0010103
-5.0000         -17.000        -20.000        -0.0048176     0.019778       1.7775E-4
-3.0000         -17.000        -20.000        -0.0053632     0.019337       -6.8611E-4
-1.0000         -17.000        -20.000        -0.0058077     0.018786       -0.0015468
1.0000          -17.000        -20.000        -0.0061590     0.018136       -0.0024012
3.0000          -17.000        -20.000        -0.0064043     0.017394       -0.0032536
5.0000          -17.000        -20.000        -0.0065138     0.016534       -0.0040904
7.0000          -17.000        -20.000        -0.0065183     0.015585       -0.0049292
9.0000          -17.000        -20.000        -0.0063692     0.014535       -0.0057759
11.000          -17.000        -20.000        -0.0060255     0.013401       -0.0065805
13.000          -17.000        -20.000        -0.0054460     0.012217       -0.0073231
15.000          -17.000        -20.000        -0.0046171     0.011039       -0.0079607
17.000          -17.000        -20.000        -0.0035053     0.0099436      -0.0085038
19.000          -17.000        -20.000        -0.0021552     0.0089490      -0.0087535
21.000          -17.000        -20.000        -5.6594E-4     0.0082200      -0.0087802
23.000          -17.000        -20.000        0.0011039      0.0077874      -0.0084258
25.000          -17.000        -20.000        0.0028008      0.0076567      -0.0078227
27.000          -17.000        -20.000        0.0043922      0.0078566      -0.0068860
29.000          -17.000        -20.000        0.0058572      0.0083650      -0.0057586
31.000          -17.000        -20.000        0.0071452      0.0091387      -0.0043488
33.000          -17.000        -20.000        0.0082330      0.010158       -0.0028511
35.000          -17.000        -20.000        0.0091318      0.011391       -0.0011326
37.000          -17.000        -20.000        0.0097484      0.012831       7.3388E-4
39.000          -17.000        -20.000        0.010102       0.014409       0.0027554
41.000          -17.000        -20.000        0.010109       0.016088       0.0049206
43.000          -17.000        -20.000        0.0097248      0.017797       0.0072787
45.000          -17.000        -20.000        0.0088884      0.019446       0.0096093
47.000          -17.000        -20.000        0.0075536      0.020882       0.011996
49.000          -17.000        -20.000        0.0057673      0.022053       0.014167
51.000          -17.000        -20.000        0.0035870      0.022842       0.015908
53.000          -17.000        -20.000        0.0011399      0.023201       0.017418
55.000          -17.000        -20.000        -0.0013563     0.023279       0.018160
57.000          -17.000        -20.000        -0.0037718     0.023153       0.018370
59.000          -17.000        -20.000        -0.0060858     0.022865       0.018273
61.000          -17.000        -20.000        -0.0082029     0.022596       0.017538
63.000          -17.000        -20.000        -0.010208      0.022454       0.016272
65.000          -17.000        -20.000        -0.012198      0.022319       0.014673
67.000          -17.000        -20.000        -0.014029      0.022101       0.012628
69.000          -17.000        -20.000        -0.015757      0.021692       0.010111
71.000          -17.000        -20.000        -0.017311      0.021033       0.0067262
73.000          -17.000        -20.000        -0.018387      0.019909       0.0036503
75.000          -17.000        -20.000        -0.018865      0.018263       -1.4090E-4
77.000          -17.000        -20.000        -0.018674      0.016234       -0.0039160
79.000          -17.000        -20.000        -0.017595      0.013815       -0.0071982
81.000          -17.000        -20.000        -0.015891      0.011309       -0.0098437
83.000          -17.000        -20.000        -0.013688      0.0089096      -0.011800
85.000          -17.000        -20.000        -0.011309      0.0067450      -0.013052
87.000          -17.000        -20.000        -0.0089242     0.0049455      -0.013578
89.000          -17.000        -20.000        -0.0068057     0.0035268      -0.013444
91.000          -17.000        -20.000        -0.0048928     0.0024213      -0.013006
93.000          -17.000        -20.000        -0.0033071     0.0016193      -0.012319
95.000          -17.000        -20.000        -0.0020267     0.0010363      -0.011511
97.000          -17.000        -20.000        -9.8653E-4     6.2890E-4      -0.010627
99.000          -17.000        -20.000        -1.9659E-4     3.4916E-4      -0.0097490
-99.000         -15.000        -20.000        0.0021466      0.0018992      -1.9059E-4
-97.000         -15.000        -20.000        0.0023138      0.0021300      -1.4933E-4
-95.000         -15.000        -20.000        0.0024904      0.0024020      -9.5535E-5
-93.000         -15.000        -20.000        0.0026753      0.0027124      -2.4220E-5
-91.000         -15.000        -20.000        0.0028634      0.0030686      6.0893E-5
-89.000         -15.000        -20.000        0.0030536      0.0034835      1.7107E-4
-87.000         -15.000        -20.000        0.0032402      0.0039600      3.0405E-4
-85.000         -15.000        -20.000        0.0033980      0.0045048      4.6264E-4
-83.000         -15.000        -20.000        0.0035288      0.0051207      6.5047E-4
-81.000         -15.000        -20.000        0.0036138      0.0058153      8.7132E-4
-79.000         -15.000        -20.000        0.0036128      0.0065835      0.0010951
-77.000         -15.000        -20.000        0.0035162      0.0074017      0.0013352
-75.000         -15.000        -20.000        0.0032923      0.0082648      0.0015998
-73.000         -15.000        -20.000        0.0029133      0.0091327      0.0017744
-71.000         -15.000        -20.000        0.0023704      0.0099659      0.0018888
-69.000         -15.000        -20.000        0.0016812      0.010676       0.0019275
-67.000         -15.000        -20.000        8.7049E-4      0.011223       0.0017470
-65.000         -15.000        -20.000        2.9276E-6      0.011564       0.0013872
-63.000         -15.000        -20.000        -8.1146E-4     0.011610       8.4692E-4
-61.000         -15.000        -20.000        -0.0014995     0.011379       1.8003E-4
-59.000         -15.000        -20.000        -0.0019133     0.010917       -6.6867E-4
-57.000         -15.000        -20.000        -0.0020546     0.010278       -0.0015173
-55.000         -15.000        -20.000        -0.0018658     0.0095204      -0.0023105
-53.000         -15.000        -20.000        -0.0013771     0.0087694      -0.0028921
-51.000         -15.000        -20.000        -6.5310E-4     0.0080759      -0.0033936
-49.000         -15.000        -20.000        2.2079E-4      0.0075535      -0.0035583
-47.000         -15.000        -20.000        0.0011842      0.0071906      -0.0035381
-45.000         -15.000        -20.000        0.0021875      0.0069929      -0.0033723
-43.000         -15.000        -20.000        0.0031600      0.0070303      -0.0029985
-41.000         -15.000        -20.000        0.0040868      0.0072511      -0.0024861
-39.000         -15.000        -20.000        0.0049490      0.0076556      -0.0018532
-37.000         -15.000        -20.000        0.0057219      0.0082686      -0.0011149
-35.000         -15.000        -20.000        0.0064021      0.0090689      -2.8581E-4
-33.000         -15.000        -20.000        0.0069392      0.010067       6.0695E-4
-31.000         -15.000        -20.000        0.0073260      0.011244       0.0016177
-29.000         -15.000        -20.000        0.0075167      0.012623       0.0026775
-27.000         -15.000        -20.000        0.0074207      0.014144       0.0037914
-25.000         -15.000        -20.000        0.0070257      0.015762       0.0048931
-23.000         -15.000        -20.000        0.0062471      0.017416       0.0059029
-21.000         -15.000        -20.000        0.0051118      0.018986       0.0066268
-19.000         -15.000        -20.000        0.0036817      0.020385       0.0071288
-17.000         -15.000        -20.000        0.0021250      0.021463       0.0073318
-15.000         -15.000        -20.000        5.2612E-4      0.022253       0.0070873
-13.000         -15.000        -20.000        -9.5610E-4     0.022725       0.0065468
-11.000         -15.000        -20.000        -0.0022924     0.023026       0.0057657
-9.0000         -15.000        -20.000        -0.0034375     0.023050       0.0048717
-7.0000         -15.000        -20.000        -0.0043900     0.022899       0.0039608
-5.0000         -15.000        -20.000        -0.0051881     0.022589       0.0030438
-3.0000         -15.000        -20.000        -0.0058619     0.022162       0.0020738
-1.0000         -15.000        -20.000        -0.0064193     0.021606       0.0010785
1.0000          -15.000        -20.000        -0.0068668     0.020934       9.9643E-5
3.0000          -15.000        -20.000        -0.0072121     0.020168       -9.2676E-4
5.0000          -15.000        -20.000        -0.0074587     0.019242       -0.0018936
7.0000          -15.000        -20.000        -0.0075821     0.018224       -0.0029972
9.0000          -15.000        -20.000        -0.0075436     0.017063       -0.0041006
11.000          -15.000        -20.000        -0.0072870     0.015737       -0.0051666
13.000          -15.000        -20.000        -0.0067580     0.014367       -0.0061971
15.000          -15.000        -20.000        -0.0059091     0.012934       -0.0072102
17.000          -15.000        -20.000        -0.0047003     0.011542       -0.0079790
19.000          -15.000        -20.000        -0.0031296     0.010245       -0.0085921
21.000          -15.000        -20.000        -0.0012858     0.0092820      -0.0087831
23.000          -15.000        -20.000        7.2602E-4      0.0086129      -0.0085567
25.000          -15.000        -20.000        0.0027753      0.0082829      -0.0079328
27.000          -15.000        -20.000        0.0046928      0.0083864      -0.0069775
29.000          -15.000        -20.000        0.0064638      0.0088121      -0.0056688
31.000          -15.000        -20.000        0.0080313      0.0095180      -0.0040540
33.000          -15.000        -20.000        0.0093613      0.010529       -0.0022977
35.000          -15.000        -20.000        0.010467       0.011779       -3.1883E-4
37.000          -15.000        -20.000        0.011271       0.013224       0.0020123
39.000          -15.000        -20.000        0.011754       0.014833       0.0044772
41.000          -15.000        -20.000        0.011831       0.016532       0.0071898
43.000          -15.000        -20.000        0.011384       0.018227       0.010155
45.000          -15.000        -20.000        0.010407       0.019804       0.012913
47.000          -15.000        -20.000        0.0087524      0.021032       0.015883
49.000          -15.000        -20.000        0.0065616      0.021861       0.018391
51.000          -15.000        -20.000        0.0039426      0.022293       0.020731
53.000          -15.000        -20.000        0.0011152      0.022128       0.021898
55.000          -15.000        -20.000        -0.0016678     0.021686       0.022596
57.000          -15.000        -20.000        -0.0041895     0.021113       0.022768
59.000          -15.000        -20.000        -0.0064561     0.020573       0.022304
61.000          -15.000        -20.000        -0.0084634     0.020183       0.021525
63.000          -15.000        -20.000        -0.010303      0.020066       0.020423
65.000          -15.000        -20.000        -0.012148      0.020177       0.019062
67.000          -15.000        -20.000        -0.014040      0.020361       0.017138
69.000          -15.000        -20.000        -0.015989      0.020541       0.014805
71.000          -15.000        -20.000        -0.017869      0.020556       0.012163
73.000          -15.000        -20.000        -0.019432      0.019977       0.0082181
75.000          -15.000        -20.000        -0.020499      0.018927       0.0042760
77.000          -15.000        -20.000        -0.020772      0.017375       -3.9400E-4
79.000          -15.000        -20.000        -0.019996      0.015176       -0.0042439
81.000          -15.000        -20.000        -0.018393      0.012735       -0.0078702
83.000          -15.000        -20.000        -0.016073      0.010252       -0.010711
85.000          -15.000        -20.000        -0.013395      0.0079399      -0.012574
87.000          -15.000        -20.000        -0.010683      0.0059776      -0.013507
89.000          -15.000        -20.000        -0.0081305     0.0043824      -0.013725
91.000          -15.000        -20.000        -0.0058956     0.0031305      -0.013460
93.000          -15.000        -20.000        -0.0040442     0.0022320      -0.012834
95.000          -15.000        -20.000        -0.0025475     0.0015590      -0.011966
97.000          -15.000        -20.000        -0.0013464     0.0010649      -0.011116
99.000          -15.000        -20.000        -4.5138E-4     7.5207E-4      -0.010129
-99.000         -13.000        -20.000        0.0023653      0.0018793      -1.1656E-4
-97.000         -13.000        -20.000        0.0025647      0.0021169      -5.8365E-5
-95.000         -13.000        -20.000        0.0027835      0.0023935      1.9480E-5
-93.000         -13.000        -20.000        0.0030145      0.0027182      1.2137E-4
-91.000         -13.000        -20.000        0.0032606      0.0030969      2.4294E-4
-89.000         -13.000        -20.000        0.0035141      0.0035358      4.0648E-4
-87.000         -13.000        -20.000        0.0037731      0.0040441      6.0572E-4
-85.000         -13.000        -20.000        0.0040096      0.0046441      8.5290E-4
-83.000         -13.000        -20.000        0.0042242      0.0053191      0.0011299
-81.000         -13.000        -20.000        0.0043954      0.0060986      0.0014771
-79.000         -13.000        -20.000        0.0044698      0.0069806      0.0018771
-77.000         -13.000        -20.000        0.0044480      0.0079298      0.0022882
-75.000         -13.000        -20.000        0.0042541      0.0089637      0.0027253
-73.000         -13.000        -20.000        0.0038642      0.010040       0.0031616
-71.000         -13.000        -20.000        0.0032681      0.011075       0.0034994
-69.000         -13.000        -20.000        0.0024322      0.011995       0.0036889
-67.000         -13.000        -20.000        0.0014052      0.012768       0.0037361
-65.000         -13.000        -20.000        2.6038E-4      0.013254       0.0034943
-63.000         -13.000        -20.000        -8.6395E-4     0.013390       0.0029340
-61.000         -13.000        -20.000        -0.0018781     0.013188       0.0020861
-59.000         -13.000        -20.000        -0.0025449     0.012650       0.0010248
-57.000         -13.000        -20.000        -0.0028422     0.011870       -4.2834E-5
-55.000         -13.000        -20.000        -0.0027306     0.010933       -0.0011374
-53.000         -13.000        -20.000        -0.0021998     0.0099727      -0.0020707
-51.000         -13.000        -20.000        -0.0013778     0.0090974      -0.0027890
-49.000         -13.000        -20.000        -3.2574E-4     0.0083750      -0.0031413
-47.000         -13.000        -20.000        8.4038E-4      0.0078289      -0.0032398
-45.000         -13.000        -20.000        0.0020413      0.0075154      -0.0031266
-43.000         -13.000        -20.000        0.0032292      0.0074365      -0.0027888
-41.000         -13.000        -20.000        0.0043727      0.0075724      -0.0022151
-39.000         -13.000        -20.000        0.0054368      0.0079372      -0.0015097
-37.000         -13.000        -20.000        0.0064191      0.0085178      -6.5037E-4
-35.000         -13.000        -20.000        0.0073219      0.0093210      3.4364E-4
-33.000         -13.000        -20.000        0.0080696      0.010351       0.0014853
-31.000         -13.000        -20.000        0.0086659      0.011613       0.0027462
-29.000         -13.000        -20.000        0.0090437      0.013102       0.0041864
-27.000         -13.000        -20.000        0.0091023      0.014800       0.0056719
-25.000         -13.000        -20.000        0.0088218      0.016612       0.0072694
-23.000         -13.000        -20.000        0.0080072      0.018519       0.0086903
-21.000         -13.000        -20.000        0.0067413      0.020369       0.010022
-19.000         -13.000        -20.000        0.0050680      0.022013       0.010935
-17.000         -13.000        -20.000        0.0031851      0.023328       0.011120
-15.000         -13.000        -20.000        0.0012638      0.024306       0.011200
-13.000         -13.000        -20.000        -5.7052E-4     0.024984       0.010823
-11.000         -13.000        -20.000        -0.0021247     0.025327       0.010076
-9.0000         -13.000        -20.000        -0.0034580     0.025413       0.0090043
-7.0000         -13.000        -20.000        -0.0045869     0.025327       0.0081174
-5.0000         -13.000        -20.000        -0.0055404     0.025077       0.0070244
-3.0000         -13.000        -20.000        -0.0063364     0.024688       0.0058517
-1.0000         -13.000        -20.000        -0.0070225     0.024171       0.0048533
1.0000          -13.000        -20.000        -0.0075722     0.023510       0.0037465
3.0000          -13.000        -20.000        -0.0080649     0.022723       0.0025747
5.0000          -13.000        -20.000        -0.0084488     0.021796       0.0013070
7.0000          -13.000        -20.000        -0.0087240     0.020693       1.2602E-4
9.0000          -13.000        -20.000        -0.0088263     0.019433       -0.0012510
11.000          -13.000        -20.000        -0.0087048     0.018017       -0.0026575
13.000          -13.000        -20.000        -0.0082687     0.016474       -0.0040954
15.000          -13.000        -20.000        -0.0074993     0.014795       -0.0055570
17.000          -13.000        -20.000        -0.0061832     0.013130       -0.0069185
19.000          -13.000        -20.000        -0.0044261     0.011617       -0.0079319
21.000          -13.000        -20.000        -0.0022677     0.010350       -0.0085023
23.000          -13.000        -20.000        1.3504E-4      0.0094274      -0.0084949
25.000          -13.000        -20.000        0.0025555      0.0089340      -0.0079803
27.000          -13.000        -20.000        0.0048752      0.0088739      -0.0069095
29.000          -13.000        -20.000        0.0069924      0.0091848      -0.0054647
31.000          -13.000        -20.000        0.0088675      0.0098318      -0.0036870
33.000          -13.000        -20.000        0.010471       0.010785       -0.0016364
35.000          -13.000        -20.000        0.011811       0.011977       7.5005E-4
37.000          -13.000        -20.000        0.012792       0.013396       0.0034843
39.000          -13.000        -20.000        0.013412       0.014981       0.0063591
41.000          -13.000        -20.000        0.013515       0.016603       0.0097074
43.000          -13.000        -20.000        0.012943       0.018181       0.013204
45.000          -13.000        -20.000        0.011715       0.019531       0.016539
47.000          -13.000        -20.000        0.0096634      0.020467       0.019983
49.000          -13.000        -20.000        0.0069084      0.020826       0.022665
51.000          -13.000        -20.000        0.0037341      0.020697       0.024862
53.000          -13.000        -20.000        5.5699E-4      0.020016       0.025856
55.000          -13.000        -20.000        -0.0024485     0.019049       0.026126
57.000          -13.000        -20.000        -0.0049636     0.018045       0.025864
59.000          -13.000        -20.000        -0.0070360     0.017230       0.025131
61.000          -13.000        -20.000        -0.0087713     0.016706       0.024169
63.000          -13.000        -20.000        -0.010250      0.016629       0.023173
65.000          -13.000        -20.000        -0.011851      0.016876       0.021984
67.000          -13.000        -20.000        -0.013553      0.017484       0.020681
69.000          -13.000        -20.000        -0.015619      0.018182       0.018734
71.000          -13.000        -20.000        -0.017815      0.018699       0.016128
73.000          -13.000        -20.000        -0.019854      0.018859       0.012609
75.000          -13.000        -20.000        -0.021528      0.018554       0.0087460
77.000          -13.000        -20.000        -0.022419      0.017524       0.0040384
79.000          -13.000        -20.000        -0.022127      0.015823       -8.2324E-4
81.000          -13.000        -20.000        -0.020835      0.013682       -0.0053213
83.000          -13.000        -20.000        -0.018537      0.011327       -0.0091021
85.000          -13.000        -20.000        -0.015598      0.0089887      -0.011610
87.000          -13.000        -20.000        -0.012531      0.0069052      -0.013221
89.000          -13.000        -20.000        -0.0096003     0.0051921      -0.013766
91.000          -13.000        -20.000        -0.0070191     0.0038488      -0.013676
93.000          -13.000        -20.000        -0.0048628     0.0028430      -0.013154
95.000          -13.000        -20.000        -0.0031402     0.0020901      -0.012336
97.000          -13.000        -20.000        -0.0017792     0.0015543      -0.011421
99.000          -13.000        -20.000        -7.5034E-4     0.0011677      -0.010476
-99.000         -11.000        -20.000        0.0025881      0.0018282      -3.8186E-5
-97.000         -11.000        -20.000        0.0028233      0.0020680      4.1472E-5
-95.000         -11.000        -20.000        0.0030854      0.0023463      1.4194E-4
-93.000         -11.000        -20.000        0.0033673      0.0026780      2.8567E-4
-91.000         -11.000        -20.000        0.0036748      0.0030610      4.5236E-4
-89.000         -11.000        -20.000        0.0039978      0.0035136      6.6597E-4
-87.000         -11.000        -20.000        0.0043408      0.0040491      9.2521E-4
-85.000         -11.000        -20.000        0.0046675      0.0046729      0.0012691
-83.000         -11.000        -20.000        0.0049848      0.0054003      0.0016855
-81.000         -11.000        -20.000        0.0052567      0.0062471      0.0021637
-79.000         -11.000        -20.000        0.0054434      0.0072152      0.0027536
-77.000         -11.000        -20.000        0.0055225      0.0082886      0.0034005
-75.000         -11.000        -20.000        0.0053928      0.0094648      0.0041269
-73.000         -11.000        -20.000        0.0050319      0.010741       0.0048468
-71.000         -11.000        -20.000        0.0043958      0.011977       0.0055443
-69.000         -11.000        -20.000        0.0034007      0.013147       0.0060439
-67.000         -11.000        -20.000        0.0021436      0.014145       0.0063250
-65.000         -11.000        -20.000        6.7530E-4      0.014800       0.0062856
-63.000         -11.000        -20.000        -8.5317E-4     0.015072       0.0057839
-61.000         -11.000        -20.000        -0.0022706     0.014949       0.0047357
-59.000         -11.000        -20.000        -0.0032598     0.014324       0.0035099
-57.000         -11.000        -20.000        -0.0038114     0.013418       0.0020302
-55.000         -11.000        -20.000        -0.0037637     0.012318       4.4851E-4
-53.000         -11.000        -20.000        -0.0032423     0.011140       -7.5671E-4
-51.000         -11.000        -20.000        -0.0023038     0.010039       -0.0017972
-49.000         -11.000        -20.000        -0.0010529     0.0091107      -0.0024546
-47.000         -11.000        -20.000        3.4938E-4      0.0083834      -0.0027873
-45.000         -11.000        -20.000        0.0017756      0.0079455      -0.0026999
-43.000         -11.000        -20.000        0.0032037      0.0077403      -0.0023857
-41.000         -11.000        -20.000        0.0045772      0.0077888      -0.0018273
-39.000         -11.000        -20.000        0.0058811      0.0080700      -0.0010655
-37.000         -11.000        -20.000        0.0070959      0.0086013      -8.7032E-5
-35.000         -11.000        -20.000        0.0082356      0.0093779      0.0011028
-33.000         -11.000        -20.000        0.0092156      0.010396       0.0024568
-31.000         -11.000        -20.000        0.010068       0.011671       0.0040238
-29.000         -11.000        -20.000        0.010681       0.013223       0.0057879
-27.000         -11.000        -20.000        0.010942       0.014997       0.0078069
-25.000         -11.000        -20.000        0.010792       0.016952       0.0098559
-23.000         -11.000        -20.000        0.010001       0.019051       0.012088
-21.000         -11.000        -20.000        0.0086106      0.021104       0.013904
-19.000         -11.000        -20.000        0.0066860      0.022917       0.015420
-17.000         -11.000        -20.000        0.0044456      0.024457       0.016262
-15.000         -11.000        -20.000        0.0021371      0.025624       0.016425
-13.000         -11.000        -20.000        1.5803E-6      0.026357       0.016088
-11.000         -11.000        -20.000        -0.0018499     0.026802       0.015259
-9.0000         -11.000        -20.000        -0.0034171     0.027023       0.014264
-7.0000         -11.000        -20.000        -0.0047423     0.026999       0.013101
-5.0000         -11.000        -20.000        -0.0058619     0.026831       0.012072
-3.0000         -11.000        -20.000        -0.0067729     0.026486       0.010789
-1.0000         -11.000        -20.000        -0.0075721     0.025997       0.0095815
1.0000          -11.000        -20.000        -0.0083021     0.025387       0.0083538
3.0000          -11.000        -20.000        -0.0089432     0.024623       0.0069790
5.0000          -11.000        -20.000        -0.0094654     0.023693       0.0056005
7.0000          -11.000        -20.000        -0.0099058     0.022585       0.0041901
9.0000          -11.000        -20.000        -0.010191      0.021302       0.0024539
11.000          -11.000        -20.000        -0.010250      0.019825       7.1013E-4
13.000          -11.000        -20.000        -0.0099873     0.018115       -0.0011665
15.000          -11.000        -20.000        -0.0092582     0.016377       -0.0032916
17.000          -11.000        -20.000        -0.0079088     0.014488       -0.0051353
19.000          -11.000        -20.000        -0.0059696     0.012739       -0.0067201
21.000          -11.000        -20.000        -0.0034996     0.011252       -0.0078014
23.000          -11.000        -20.000        -6.5330E-4     0.010118       -0.0081710
25.000          -11.000        -20.000        0.0022005      0.0094634      -0.0077869
27.000          -11.000        -20.000        0.0049349      0.0092436      -0.0067866
29.000          -11.000        -20.000        0.0074417      0.0094282      -0.0051965
31.000          -11.000        -20.000        0.0096184      0.0099717      -0.0031831
33.000          -11.000        -20.000        0.011504       0.010822       -8.4623E-4
35.000          -11.000        -20.000        0.013084       0.011939       0.0017584
37.000          -11.000        -20.000        0.014252       0.013250       0.0049502
39.000          -11.000        -20.000        0.014975       0.014730       0.0084095
41.000          -11.000        -20.000        0.015078       0.016257       0.012131
43.000          -11.000        -20.000        0.014332       0.017605       0.016179
45.000          -11.000        -20.000        0.012716       0.018680       0.020095
47.000          -11.000        -20.000        0.010160       0.019300       0.023895
49.000          -11.000        -20.000        0.0067487      0.019141       0.026543
51.000          -11.000        -20.000        0.0030186      0.018428       0.028340
53.000          -11.000        -20.000        -5.4260E-4     0.017258       0.028853
55.000          -11.000        -20.000        -0.0037016     0.015852       0.028531
57.000          -11.000        -20.000        -0.0060985     0.014508       0.027535
59.000          -11.000        -20.000        -0.0078170     0.013452       0.026255
61.000          -11.000        -20.000        -0.0091230     0.012822       0.025191
63.000          -11.000        -20.000        -0.010116      0.012756       0.024165
65.000          -11.000        -20.000        -0.011260      0.013170       0.023314
67.000          -11.000        -20.000        -0.012763      0.013946       0.022551
69.000          -11.000        -20.000        -0.014743      0.015064       0.021318
71.000          -11.000        -20.000        -0.017066      0.016082       0.019393
73.000          -11.000        -20.000        -0.019601      0.016887       0.016585
75.000          -11.000        -20.000        -0.021880      0.017181       0.012699
77.000          -11.000        -20.000        -0.023457      0.016775       0.0080805
79.000          -11.000        -20.000        -0.023821      0.015691       0.0027067
81.000          -11.000        -20.000        -0.022991      0.014012       -0.0025094
83.000          -11.000        -20.000        -0.020833      0.011867       -0.0070808
85.000          -11.000        -20.000        -0.017805      0.0096439      -0.010291
87.000          -11.000        -20.000        -0.014482      0.0076322      -0.012548
89.000          -11.000        -20.000        -0.011160      0.0058711      -0.013571
91.000          -11.000        -20.000        -0.0082139     0.0044798      -0.013757
93.000          -11.000        -20.000        -0.0057443     0.0034202      -0.013346
95.000          -11.000        -20.000        -0.0038042     0.0026053      -0.012662
97.000          -11.000        -20.000        -0.0022526     0.0020231      -0.011759
99.000          -11.000        -20.000        -0.0011012     0.0015819      -0.010737
-99.000         -9.0000        -20.000        0.0028044      0.0017534      4.3293E-5
-97.000         -9.0000        -20.000        0.0030792      0.0019845      1.4361E-4
-95.000         -9.0000        -20.000        0.0033869      0.0022568      2.7524E-4
-93.000         -9.0000        -20.000        0.0037248      0.0025838      4.5031E-4
-91.000         -9.0000        -20.000        0.0040922      0.0029625      6.6223E-4
-89.000         -9.0000        -20.000        0.0044914      0.0034136      9.3427E-4
-87.000         -9.0000        -20.000        0.0049041      0.0039524      0.0012730
-85.000         -9.0000        -20.000        0.0053523      0.0045861      0.0017216
-83.000         -9.0000        -20.000        0.0057886      0.0053344      0.0022663
-81.000         -9.0000        -20.000        0.0061796      0.0062241      0.0029549
-79.000         -9.0000        -20.000        0.0065073      0.0072372      0.0037271
-77.000         -9.0000        -20.000        0.0067057      0.0083904      0.0046584
-75.000         -9.0000        -20.000        0.0066791      0.0096897      0.0057422
-73.000         -9.0000        -20.000        0.0063763      0.011077       0.0068231
-71.000         -9.0000        -20.000        0.0057338      0.012516       0.0079907
-69.000         -9.0000        -20.000        0.0045932      0.013901       0.0089765
-67.000         -9.0000        -20.000        0.0030986      0.015092       0.0096669
-65.000         -9.0000        -20.000        0.0012448      0.015950       0.0097840
-63.000         -9.0000        -20.000        -7.4088E-4     0.016381       0.0094485
-61.000         -9.0000        -20.000        -0.0025974     0.016317       0.0084064
-59.000         -9.0000        -20.000        -0.0040433     0.015703       0.0068082
-57.000         -9.0000        -20.000        -0.0049225     0.014693       0.0048584
-55.000         -9.0000        -20.000        -0.0050520     0.013442       0.0029069
-53.000         -9.0000        -20.000        -0.0044864     0.012097       0.0010680
-51.000         -9.0000        -20.000        -0.0034354     0.010811       -4.1251E-4
-49.000         -9.0000        -20.000        -0.0019597     0.0096909      -0.0014351
-47.000         -9.0000        -20.000        -3.2712E-4     0.0088478      -0.0019825
-45.000         -9.0000        -20.000        0.0013863      0.0082405      -0.0021441
-43.000         -9.0000        -20.000        0.0030736      0.0079029      -0.0018947
-41.000         -9.0000        -20.000        0.0047159      0.0078556      -0.0013638
-39.000         -9.0000        -20.000        0.0062495      0.0080444      -5.1081E-4
-37.000         -9.0000        -20.000        0.0077089      0.0084820      5.4969E-4
-35.000         -9.0000        -20.000        0.0090555      0.0091924      0.0018394
-33.000         -9.0000        -20.000        0.010344       0.010150       0.0034254
-31.000         -9.0000        -20.000        0.011459       0.011375       0.0053256
-29.000         -9.0000        -20.000        0.012323       0.012909       0.0075547
-27.000         -9.0000        -20.000        0.012841       0.014649       0.0099695
-25.000         -9.0000        -20.000        0.012870       0.016635       0.012834
-23.000         -9.0000        -20.000        0.012132       0.018753       0.015573
-21.000         -9.0000        -20.000        0.010640       0.020870       0.018135
-19.000         -9.0000        -20.000        0.0084509      0.022777       0.020457
-17.000         -9.0000        -20.000        0.0058064      0.024416       0.021654
-15.000         -9.0000        -20.000        0.0031461      0.025690       0.022353
-13.000         -9.0000        -20.000        6.7690E-4      0.026495       0.021808
-11.000         -9.0000        -20.000        -0.0014812     0.027044       0.021178
-9.0000         -9.0000        -20.000        -0.0033233     0.027400       0.020277
-7.0000         -9.0000        -20.000        -0.0048250     0.027468       0.019180
-5.0000         -9.0000        -20.000        -0.0060601     0.027359       0.017899
-3.0000         -9.0000        -20.000        -0.0071293     0.027082       0.016544
-1.0000         -9.0000        -20.000        -0.0080971     0.026657       0.015181
1.0000          -9.0000        -20.000        -0.0089620     0.026107       0.013892
3.0000          -9.0000        -20.000        -0.0097604     0.025406       0.012440
5.0000          -9.0000        -20.000        -0.010456      0.024509       0.010669
7.0000          -9.0000        -20.000        -0.011087      0.023459       0.0089815
9.0000          -9.0000        -20.000        -0.011592      0.022214       0.0069894
11.000          -9.0000        -20.000        -0.011848      0.020705       0.0048676
13.000          -9.0000        -20.000        -0.011739      0.019010       0.0024521
15.000          -9.0000        -20.000        -0.011146      0.017242       -1.2534E-4
17.000          -9.0000        -20.000        -0.0097896     0.015307       -0.0027337
19.000          -9.0000        -20.000        -0.0077138     0.013453       -0.0051067
21.000          -9.0000        -20.000        -0.0048594     0.011819       -0.0067409
23.000          -9.0000        -20.000        -0.0016413     0.010602       -0.0075604
25.000          -9.0000        -20.000        0.0017218      0.0098093      -0.0073684
27.000          -9.0000        -20.000        0.0048739      0.0094466      -0.0063771
29.000          -9.0000        -20.000        0.0077502      0.0095351      -0.0048095
31.000          -9.0000        -20.000        0.010269       0.0099239      -0.0026405
33.000          -9.0000        -20.000        0.012422       0.010640       5.8618E-5
35.000          -9.0000        -20.000        0.014279       0.011630       0.0030040
37.000          -9.0000        -20.000        0.015594       0.012805       0.0065476
39.000          -9.0000        -20.000        0.016405       0.014098       0.010462
41.000          -9.0000        -20.000        0.016449       0.015449       0.014773
43.000          -9.0000        -20.000        0.015476       0.016572       0.019305
45.000          -9.0000        -20.000        0.013398       0.017287       0.023498
47.000          -9.0000        -20.000        0.010163       0.017511       0.027399
49.000          -9.0000        -20.000        0.0061389      0.017008       0.029907
51.000          -9.0000        -20.000        0.0018362      0.015862       0.030925
53.000          -9.0000        -20.000        -0.0020552     0.014326       0.030701
55.000          -9.0000        -20.000        -0.0052608     0.012610       0.029520
57.000          -9.0000        -20.000        -0.0074062     0.011158       0.027754
59.000          -9.0000        -20.000        -0.0086950     0.0099669      0.025952
61.000          -9.0000        -20.000        -0.0094334     0.0092745      0.024494
63.000          -9.0000        -20.000        -0.0099290     0.0092410      0.023599
65.000          -9.0000        -20.000        -0.010600      0.0096822      0.023157
67.000          -9.0000        -20.000        -0.011711      0.010533       0.022916
69.000          -9.0000        -20.000        -0.013519      0.011793       0.022412
71.000          -9.0000        -20.000        -0.015897      0.013136       0.021394
73.000          -9.0000        -20.000        -0.018788      0.014413       0.019378
75.000          -9.0000        -20.000        -0.021593      0.015173       0.016270
77.000          -9.0000        -20.000        -0.023913      0.015329       0.011710
79.000          -9.0000        -20.000        -0.025006      0.014834       0.0062053
81.000          -9.0000        -20.000        -0.024710      0.013613       8.5314E-4
83.000          -9.0000        -20.000        -0.022840      0.011880       -0.0044500
85.000          -9.0000        -20.000        -0.019891      0.0099755      -0.0086982
87.000          -9.0000        -20.000        -0.016288      0.0080480      -0.011621
89.000          -9.0000        -20.000        -0.012721      0.0063530      -0.013093
91.000          -9.0000        -20.000        -0.0094418     0.0049773      -0.013667
93.000          -9.0000        -20.000        -0.0067131     0.0039154      -0.013402
95.000          -9.0000        -20.000        -0.0045124     0.0030791      -0.012767
97.000          -9.0000        -20.000        -0.0027775     0.0024534      -0.011916
99.000          -9.0000        -20.000        -0.0014838     0.0019874      -0.010916
-99.000         -7.0000        -20.000        0.0030126      0.0016469      1.2421E-4
-97.000         -7.0000        -20.000        0.0033258      0.0018661      2.4659E-4
-95.000         -7.0000        -20.000        0.0036764      0.0021230      4.0815E-4
-93.000         -7.0000        -20.000        0.0040653      0.0024297      6.1087E-4
-91.000         -7.0000        -20.000        0.0045017      0.0027973      8.7367E-4
-89.000         -7.0000        -20.000        0.0049757      0.0032274      0.0012146
-87.000         -7.0000        -20.000        0.0054802      0.0037416      0.0016397
-85.000         -7.0000        -20.000        0.0060377      0.0043668      0.0021896
-83.000         -7.0000        -20.000        0.0065843      0.0050954      0.0028529
-81.000         -7.0000        -20.000        0.0071268      0.0059638      0.0037356
-79.000         -7.0000        -20.000        0.0076059      0.0069881      0.0047843
-77.000         -7.0000        -20.000        0.0079604      0.0081682      0.0059886
-75.000         -7.0000        -20.000        0.0080655      0.0095011      0.0074394
-73.000         -7.0000        -20.000        0.0078632      0.010958       0.0090762
-71.000         -7.0000        -20.000        0.0072283      0.012502       0.010689
-69.000         -7.0000        -20.000        0.0059775      0.014003       0.012305
-67.000         -7.0000        -20.000        0.0042569      0.015332       0.013518
-65.000         -7.0000        -20.000        0.0019957      0.016392       0.013912
-63.000         -7.0000        -20.000        -5.4098E-4     0.016949       0.013812
-61.000         -7.0000        -20.000        -0.0029137     0.016940       0.012704
-59.000         -7.0000        -20.000        -0.0048354     0.016424       0.010913
-57.000         -7.0000        -20.000        -0.0061305     0.015392       0.0084470
-55.000         -7.0000        -20.000        -0.0064337     0.014046       0.0057524
-53.000         -7.0000        -20.000        -0.0058747     0.012618       0.0034643
-51.000         -7.0000        -20.000        -0.0047112     0.011227       0.0013507
-49.000         -7.0000        -20.000        -0.0030278     0.010011       -8.9508E-5
-47.000         -7.0000        -20.000        -0.0011139     0.0090363      -0.0010284
-45.000         -7.0000        -20.000        8.7685E-4      0.0083300      -0.0013547
-43.000         -7.0000        -20.000        0.0028320      0.0078767      -0.0012870
-41.000         -7.0000        -20.000        0.0047204      0.0077199      -7.5098E-4
-39.000         -7.0000        -20.000        0.0065195      0.0078167      8.2460E-5
-37.000         -7.0000        -20.000        0.0082370      0.0081430      0.0012303
-35.000         -7.0000        -20.000        0.0098443      0.0087334      0.0026725
-33.000         -7.0000        -20.000        0.011384       0.0095940      0.0044690
-31.000         -7.0000        -20.000        0.012773       0.010702       0.0066421
-29.000         -7.0000        -20.000        0.013905       0.012072       0.0092902
-27.000         -7.0000        -20.000        0.014674       0.013713       0.012303
-25.000         -7.0000        -20.000        0.014895       0.015571       0.015618
-23.000         -7.0000        -20.000        0.014210       0.017566       0.019278
-21.000         -7.0000        -20.000        0.012653       0.019560       0.022627
-19.000         -7.0000        -20.000        0.010249       0.021427       0.025377
-17.000         -7.0000        -20.000        0.0072460      0.022990       0.027080
-15.000         -7.0000        -20.000        0.0041811      0.024223       0.027862
-13.000         -7.0000        -20.000        0.0014212      0.025177       0.027822
-11.000         -7.0000        -20.000        -0.0010566     0.025788       0.027301
-9.0000         -7.0000        -20.000        -0.0030932     0.026119       0.026283
-7.0000         -7.0000        -20.000        -0.0047581     0.026262       0.025224
-5.0000         -7.0000        -20.000        -0.0061929     0.026213       0.023766
-3.0000         -7.0000        -20.000        -0.0074546     0.026055       0.022423
-1.0000         -7.0000        -20.000        -0.0085395     0.025726       0.021071
1.0000          -7.0000        -20.000        -0.0095392     0.025265       0.019481
3.0000          -7.0000        -20.000        -0.010495      0.024640       0.017905
5.0000          -7.0000        -20.000        -0.011386      0.023898       0.016086
7.0000          -7.0000        -20.000        -0.012222      0.022952       0.014124
9.0000          -7.0000        -20.000        -0.012888      0.021811       0.011927
11.000          -7.0000        -20.000        -0.013345      0.020438       0.0092962
13.000          -7.0000        -20.000        -0.013481      0.018894       0.0063274
15.000          -7.0000        -20.000        -0.012993      0.017163       0.0031967
17.000          -7.0000        -20.000        -0.011640      0.015364       -1.2772E-4
19.000          -7.0000        -20.000        -0.0094530     0.013588       -0.0030394
21.000          -7.0000        -20.000        -0.0063391     0.012022       -0.0053941
23.000          -7.0000        -20.000        -0.0026772     0.010773       -0.0066253
25.000          -7.0000        -20.000        0.0011074      0.0099290      -0.0067298
27.000          -7.0000        -20.000        0.0046683      0.0094600      -0.0058409
29.000          -7.0000        -20.000        0.0079273      0.0094025      -0.0042775
31.000          -7.0000        -20.000        0.010777       0.0096817      -0.0019410
33.000          -7.0000        -20.000        0.013217       0.010208       8.6249E-4
35.000          -7.0000        -20.000        0.015278       0.011025       0.0041876
37.000          -7.0000        -20.000        0.016774       0.012038       0.0081217
39.000          -7.0000        -20.000        0.017626       0.013113       0.012438
41.000          -7.0000        -20.000        0.017581       0.014176       0.017246
43.000          -7.0000        -20.000        0.016319       0.015103       0.022185
45.000          -7.0000        -20.000        0.013755       0.015508       0.026524
47.000          -7.0000        -20.000        0.0098197      0.015414       0.030338
49.000          -7.0000        -20.000        0.0051903      0.014685       0.032364
51.000          -7.0000        -20.000        3.9492E-4      0.013376       0.032751
53.000          -7.0000        -20.000        -0.0037613     0.011703       0.031685
55.000          -7.0000        -20.000        -0.0068998     0.0099847      0.029330
57.000          -7.0000        -20.000        -0.0088066     0.0084151      0.027015
59.000          -7.0000        -20.000        -0.0095994     0.0073009      0.024500
61.000          -7.0000        -20.000        -0.0098043     0.0067168      0.022861
63.000          -7.0000        -20.000        -0.0097732     0.0066044      0.022264
65.000          -7.0000        -20.000        -0.0099015     0.0070026      0.021774
67.000          -7.0000        -20.000        -0.010640      0.0078625      0.021979
69.000          -7.0000        -20.000        -0.012193      0.0090299      0.022281
71.000          -7.0000        -20.000        -0.014472      0.010385       0.022251
73.000          -7.0000        -20.000        -0.017601      0.011791       0.021165
75.000          -7.0000        -20.000        -0.020873      0.012855       0.018685
77.000          -7.0000        -20.000        -0.023887      0.013431       0.014695
79.000          -7.0000        -20.000        -0.025638      0.013389       0.0097624
81.000          -7.0000        -20.000        -0.025973      0.012644       0.0037486
83.000          -7.0000        -20.000        -0.024580      0.011364       -0.0021540
85.000          -7.0000        -20.000        -0.021722      0.0098294      -0.0070860
87.000          -7.0000        -20.000        -0.018065      0.0081379      -0.010413
89.000          -7.0000        -20.000        -0.014226      0.0066093      -0.012451
91.000          -7.0000        -20.000        -0.010654      0.0053345      -0.013349
93.000          -7.0000        -20.000        -0.0076335     0.0042931      -0.013289
95.000          -7.0000        -20.000        -0.0052316     0.0034773      -0.012791
97.000          -7.0000        -20.000        -0.0033139     0.0028595      -0.011958
99.000          -7.0000        -20.000        -0.0019010     0.0023757      -0.011004
-99.000         -5.0000        -20.000        0.0032052      0.0015099      2.0376E-4
-97.000         -5.0000        -20.000        0.0035509      0.0017057      3.4077E-4
-95.000         -5.0000        -20.000        0.0039445      0.0019439      5.3089E-4
-93.000         -5.0000        -20.000        0.0043827      0.0022214      7.7065E-4
-91.000         -5.0000        -20.000        0.0048791      0.0025479      0.0010773
-89.000         -5.0000        -20.000        0.0054304      0.0029477      0.0014686
-87.000         -5.0000        -20.000        0.0060289      0.0034190      0.0019855
-85.000         -5.0000        -20.000        0.0066860      0.0039887      0.0026492
-83.000         -5.0000        -20.000        0.0073687      0.0046533      0.0034285
-81.000         -5.0000        -20.000        0.0080492      0.0054673      0.0045142
-79.000         -5.0000        -20.000        0.0086799      0.0064283      0.0058108
-77.000         -5.0000        -20.000        0.0091967      0.0075132      0.0072730
-75.000         -5.0000        -20.000        0.0094597      0.0088050      0.0092471
-73.000         -5.0000        -20.000        0.0093650      0.010218       0.011339
-71.000         -5.0000        -20.000        0.0087770      0.011753       0.013623
-69.000         -5.0000        -20.000        0.0074639      0.013256       0.015624
-67.000         -5.0000        -20.000        0.0055075      0.014606       0.017479
-65.000         -5.0000        -20.000        0.0028782      0.015771       0.018459
-63.000         -5.0000        -20.000        -1.7323E-4     0.016428       0.018588
-61.000         -5.0000        -20.000        -0.0031679     0.016484       0.017563
-59.000         -5.0000        -20.000        -0.0056362     0.016080       0.015211
-57.000         -5.0000        -20.000        -0.0073097     0.015176       0.012394
-55.000         -5.0000        -20.000        -0.0078373     0.013872       0.0090862
-53.000         -5.0000        -20.000        -0.0073127     0.012478       0.0060934
-51.000         -5.0000        -20.000        -0.0060444     0.011102       0.0034475
-49.000         -5.0000        -20.000        -0.0041386     0.0098779      0.0013970
-47.000         -5.0000        -20.000        -0.0019866     0.0088796      1.7109E-4
-45.000         -5.0000        -20.000        2.5798E-4      0.0081054      -4.8168E-4
-43.000         -5.0000        -20.000        0.0024802      0.0076162      -5.1872E-4
-41.000         -5.0000        -20.000        0.0046206      0.0073606      -1.0750E-4
-39.000         -5.0000        -20.000        0.0066794      0.0073435      7.4981E-4
-37.000         -5.0000        -20.000        0.0086324      0.0075560      0.0019277
-35.000         -5.0000        -20.000        0.010501       0.0080063      0.0034801
-33.000         -5.0000        -20.000        0.012281       0.0086939      0.0054669
-31.000         -5.0000        -20.000        0.013933       0.0095965      0.0078776
-29.000         -5.0000        -20.000        0.015321       0.010776       0.010846
-27.000         -5.0000        -20.000        0.016313       0.012169       0.014289
-25.000         -5.0000        -20.000        0.016743       0.013774       0.018210
-23.000         -5.0000        -20.000        0.016112       0.015490       0.022498
-21.000         -5.0000        -20.000        0.014490       0.017217       0.026485
-19.000         -5.0000        -20.000        0.011892       0.018894       0.029852
-17.000         -5.0000        -20.000        0.0086267      0.020309       0.032108
-15.000         -5.0000        -20.000        0.0052298      0.021438       0.033142
-13.000         -5.0000        -20.000        0.0021404      0.022381       0.033397
-11.000         -5.0000        -20.000        -5.6549E-4     0.022996       0.032851
-9.0000         -5.0000        -20.000        -0.0028200     0.023355       0.031865
-7.0000         -5.0000        -20.000        -0.0046702     0.023599       0.030759
-5.0000         -5.0000        -20.000        -0.0062702     0.023692       0.029399
-3.0000         -5.0000        -20.000        -0.0076380     0.023640       0.028068
-1.0000         -5.0000        -20.000        -0.0088593     0.023411       0.026466
1.0000          -5.0000        -20.000        -0.010016      0.023058       0.024904
3.0000          -5.0000        -20.000        -0.011132      0.022570       0.023155
5.0000          -5.0000        -20.000        -0.012149      0.022007       0.021342
7.0000          -5.0000        -20.000        -0.013186      0.021191       0.019132
9.0000          -5.0000        -20.000        -0.014053      0.020166       0.016528
11.000          -5.0000        -20.000        -0.014737      0.019063       0.013571
13.000          -5.0000        -20.000        -0.015018      0.017699       0.010280
15.000          -5.0000        -20.000        -0.014660      0.016186       0.0064978
17.000          -5.0000        -20.000        -0.013353      0.014654       0.0026015
19.000          -5.0000        -20.000        -0.011035      0.013070       -9.8002E-4
21.000          -5.0000        -20.000        -0.0076803     0.011688       -0.0038758
23.000          -5.0000        -20.000        -0.0037063     0.010553       -0.0055268
25.000          -5.0000        -20.000        4.4262E-4      0.0096591      -0.0059382
27.000          -5.0000        -20.000        0.0043681      0.0092113      -0.0051782
29.000          -5.0000        -20.000        0.0079565      0.0090460      -0.0035943
31.000          -5.0000        -20.000        0.011093       0.0091364      -0.0011883
33.000          -5.0000        -20.000        0.013801       0.0095368      0.0017769
35.000          -5.0000        -20.000        0.016058       0.010120       0.0052272
37.000          -5.0000        -20.000        0.017712       0.010901       0.0095899
39.000          -5.0000        -20.000        0.018622       0.011770       0.014155
41.000          -5.0000        -20.000        0.018493       0.012583       0.019426
43.000          -5.0000        -20.000        0.016887       0.013224       0.024627
45.000          -5.0000        -20.000        0.013814       0.013543       0.029240
47.000          -5.0000        -20.000        0.0093591      0.013223       0.032590
49.000          -5.0000        -20.000        0.0040988      0.012464       0.034207
51.000          -5.0000        -20.000        -0.0011326     0.011190       0.033777
53.000          -5.0000        -20.000        -0.0054285     0.0096830      0.031773
55.000          -5.0000        -20.000        -0.0085108     0.0081354      0.028785
57.000          -5.0000        -20.000        -0.010083      0.0067435      0.025364
59.000          -5.0000        -20.000        -0.010442      0.0057759      0.022678
61.000          -5.0000        -20.000        -0.010115      0.0052716      0.020921
63.000          -5.0000        -20.000        -0.0096069     0.0051440      0.020160
65.000          -5.0000        -20.000        -0.0093484     0.0054047      0.019971
67.000          -5.0000        -20.000        -0.0097100     0.0061095      0.020756
69.000          -5.0000        -20.000        -0.010967      0.0070672      0.021805
71.000          -5.0000        -20.000        -0.013154      0.0082353      0.022233
73.000          -5.0000        -20.000        -0.016325      0.0095175      0.022139
75.000          -5.0000        -20.000        -0.019959      0.010625       0.020409
77.000          -5.0000        -20.000        -0.023426      0.011478       0.016959
79.000          -5.0000        -20.000        -0.025825      0.011597       0.012283
81.000          -5.0000        -20.000        -0.026782      0.011254       0.0062775
83.000          -5.0000        -20.000        -0.025833      0.010472       -1.9230E-5
85.000          -5.0000        -20.000        -0.023176      0.0092334      -0.0052455
87.000          -5.0000        -20.000        -0.019517      0.0078898      -0.0092568
89.000          -5.0000        -20.000        -0.015529      0.0066247      -0.011828
91.000          -5.0000        -20.000        -0.011731      0.0054736      -0.012928
93.000          -5.0000        -20.000        -0.0085059     0.0045569      -0.013068
95.000          -5.0000        -20.000        -0.0059165     0.0038009      -0.012640
97.000          -5.0000        -20.000        -0.0038515     0.0031876      -0.011923
99.000          -5.0000        -20.000        -0.0023232     0.0027186      -0.010983
-99.000         -3.0000        -20.000        0.0033764      0.0013464      2.7754E-4
-97.000         -3.0000        -20.000        0.0037500      0.0015192      4.3614E-4
-95.000         -3.0000        -20.000        0.0041832      0.0017246      6.4543E-4
-93.000         -3.0000        -20.000        0.0046653      0.0019607      9.1670E-4
-91.000         -3.0000        -20.000        0.0052175      0.0022435      0.0012726
-89.000         -3.0000        -20.000        0.0058333      0.0025890      0.0017248
-87.000         -3.0000        -20.000        0.0065119      0.0029879      0.0022927
-85.000         -3.0000        -20.000        0.0072636      0.0034704      0.0030548
-83.000         -3.0000        -20.000        0.0080590      0.0040604      0.0040214
-81.000         -3.0000        -20.000        0.0088732      0.0047453      0.0052280
-79.000         -3.0000        -20.000        0.0096483      0.0055498      0.0067587
-77.000         -3.0000        -20.000        0.010328       0.0065197      0.0086365
-75.000         -3.0000        -20.000        0.010739       0.0076175      0.010828
-73.000         -3.0000        -20.000        0.010756       0.0088233      0.013407
-71.000         -3.0000        -20.000        0.010212       0.010163       0.016201
-69.000         -3.0000        -20.000        0.0088942      0.011539       0.018807
-67.000         -3.0000        -20.000        0.0067167      0.012759       0.021120
-65.000         -3.0000        -20.000        0.0037316      0.013828       0.022991
-63.000         -3.0000        -20.000        3.0335E-4      0.014524       0.023246
-61.000         -3.0000        -20.000        -0.0032722     0.014689       0.022230
-59.000         -3.0000        -20.000        -0.0062839     0.014474       0.019579
-57.000         -3.0000        -20.000        -0.0083022     0.013750       0.016513
-55.000         -3.0000        -20.000        -0.0091116     0.012695       0.012494
-53.000         -3.0000        -20.000        -0.0086563     0.011556       0.0087667
-51.000         -3.0000        -20.000        -0.0072654     0.010329       0.0056272
-49.000         -3.0000        -20.000        -0.0052213     0.0092288      0.0031469
-47.000         -3.0000        -20.000        -0.0028521     0.0083132      0.0014707
-45.000         -3.0000        -20.000        -3.8691E-4     0.0075930      5.5586E-4
-43.000         -3.0000        -20.000        0.0020805      0.0070697      3.1324E-4
-41.000         -3.0000        -20.000        0.0044486      0.0067633      6.1559E-4
-39.000         -3.0000        -20.000        0.0067132      0.0066624      0.0013732
-37.000         -3.0000        -20.000        0.0088876      0.0067617      0.0026223
-35.000         -3.0000        -20.000        0.010987       0.0070302      0.0042480
-33.000         -3.0000        -20.000        0.012982       0.0074987      0.0064021
-31.000         -3.0000        -20.000        0.014835       0.0081993      0.0090257
-29.000         -3.0000        -20.000        0.016459       0.0090786      0.012259
-27.000         -3.0000        -20.000        0.017649       0.010115       0.016062
-25.000         -3.0000        -20.000        0.018231       0.011347       0.020448
-23.000         -3.0000        -20.000        0.017685       0.012704       0.024998
-21.000         -3.0000        -20.000        0.016021       0.014050       0.029756
-19.000         -3.0000        -20.000        0.013317       0.015379       0.033582
-17.000         -3.0000        -20.000        0.0098467      0.016583       0.036081
-15.000         -3.0000        -20.000        0.0062434      0.017557       0.037604
-13.000         -3.0000        -20.000        0.0028705      0.018396       0.038005
-11.000         -3.0000        -20.000        -1.8852E-5     0.019015       0.037675
-9.0000         -3.0000        -20.000        -0.0024650     0.019420       0.036646
-7.0000         -3.0000        -20.000        -0.0045082     0.019712       0.035570
-5.0000         -3.0000        -20.000        -0.0062045     0.019857       0.034214
-3.0000         -3.0000        -20.000        -0.0077206     0.019890       0.032820
-1.0000         -3.0000        -20.000        -0.0090797     0.019838       0.031376
1.0000          -3.0000        -20.000        -0.010361      0.019620       0.029643
3.0000          -3.0000        -20.000        -0.011608      0.019317       0.027724
5.0000          -3.0000        -20.000        -0.012781      0.018842       0.025689
7.0000          -3.0000        -20.000        -0.013926      0.018253       0.023347
9.0000          -3.0000        -20.000        -0.015003      0.017531       0.020679
11.000          -3.0000        -20.000        -0.015847      0.016724       0.017449
13.000          -3.0000        -20.000        -0.016271      0.015623       0.013709
15.000          -3.0000        -20.000        -0.016016      0.014477       0.0093484
17.000          -3.0000        -20.000        -0.014778      0.013297       0.0051035
19.000          -3.0000        -20.000        -0.012418      0.012028       0.0010823
21.000          -3.0000        -20.000        -0.0088711     0.010916       -0.0022496
23.000          -3.0000        -20.000        -0.0046478     0.0099569      -0.0042880
25.000          -3.0000        -20.000        -2.1552E-4     0.0091948      -0.0049391
27.000          -3.0000        -20.000        0.0040245      0.0087051      -0.0043682
29.000          -3.0000        -20.000        0.0078657      0.0084475      -0.0028256
31.000          -3.0000        -20.000        0.011256       0.0084316      -4.2781E-4
33.000          -3.0000        -20.000        0.014200       0.0086468      0.0026733
35.000          -3.0000        -20.000        0.016645       0.0089929      0.0063412
37.000          -3.0000        -20.000        0.018402       0.0095053      0.010842
39.000          -3.0000        -20.000        0.019354       0.010110       0.015929
41.000          -3.0000        -20.000        0.019122       0.010693       0.021291
43.000          -3.0000        -20.000        0.017264       0.011127       0.026618
45.000          -3.0000        -20.000        0.013845       0.011276       0.031298
47.000          -3.0000        -20.000        0.0088657      0.011064       0.034575
49.000          -3.0000        -20.000        0.0031504      0.010471       0.035567
51.000          -3.0000        -20.000        -0.0023868     0.0094772      0.034637
53.000          -3.0000        -20.000        -0.0068619     0.0082938      0.031986
55.000          -3.0000        -20.000        -0.0098485     0.0071528      0.028045
57.000          -3.0000        -20.000        -0.011137      0.0060791      0.024115
59.000          -3.0000        -20.000        -0.011172      0.0052860      0.021089
61.000          -3.0000        -20.000        -0.010452      0.0048649      0.019080
63.000          -3.0000        -20.000        -0.0095513     0.0047035      0.018272
65.000          -3.0000        -20.000        -0.0089548     0.0048629      0.018407
67.000          -3.0000        -20.000        -0.0090080     0.0053117      0.019444
69.000          -3.0000        -20.000        -0.0099970     0.0059158      0.020721
71.000          -3.0000        -20.000        -0.012046      0.0067969      0.021862
73.000          -3.0000        -20.000        -0.015212      0.0077704      0.022347
75.000          -3.0000        -20.000        -0.019026      0.0086433      0.021408
77.000          -3.0000        -20.000        -0.022872      0.0093568      0.018558
79.000          -3.0000        -20.000        -0.025779      0.0096974      0.014025
81.000          -3.0000        -20.000        -0.027224      0.0096036      0.0083249
83.000          -3.0000        -20.000        -0.026647      0.0091257      0.0021006
85.000          -3.0000        -20.000        -0.024271      0.0082906      -0.0036034
87.000          -3.0000        -20.000        -0.020701      0.0073705      -0.0080726
89.000          -3.0000        -20.000        -0.016624      0.0064140      -0.010910
91.000          -3.0000        -20.000        -0.012717      0.0054716      -0.012235
93.000          -3.0000        -20.000        -0.0092823     0.0046917      -0.012670
95.000          -3.0000        -20.000        -0.0065566     0.0040257      -0.012400
97.000          -3.0000        -20.000        -0.0043769     0.0034689      -0.011784
99.000          -3.0000        -20.000        -0.0027555     0.0030069      -0.010850
-99.000         -1.0000        -20.000        0.0035219      0.0011582      3.4000E-4
-97.000         -1.0000        -20.000        0.0039190      0.0012988      5.1415E-4
-95.000         -1.0000        -20.000        0.0043811      0.0014630      7.4670E-4
-93.000         -1.0000        -20.000        0.0049014      0.0016529      0.0010444
-91.000         -1.0000        -20.000        0.0054914      0.0018773      0.0014263
-89.000         -1.0000        -20.000        0.0061631      0.0021446      0.0019310
-87.000         -1.0000        -20.000        0.0069146      0.0024624      0.0025753
-85.000         -1.0000        -20.000        0.0077299      0.0028290      0.0034090
-83.000         -1.0000        -20.000        0.0086107      0.0032731      0.0044722
-81.000         -1.0000        -20.000        0.0095443      0.0038111      0.0058202
-79.000         -1.0000        -20.000        0.010424       0.0043971      0.0075239
-77.000         -1.0000        -20.000        0.011221       0.0051144      0.0095880
-75.000         -1.0000        -20.000        0.011759       0.0059432      0.012183
-73.000         -1.0000        -20.000        0.011900       0.0068422      0.015054
-71.000         -1.0000        -20.000        0.011393       0.0078186      0.018273
-69.000         -1.0000        -20.000        0.010066       0.0088576      0.021569
-67.000         -1.0000        -20.000        0.0078050      0.0098150      0.024300
-65.000         -1.0000        -20.000        0.0045791      0.010633       0.026483
-63.000         -1.0000        -20.000        7.3547E-4      0.011222       0.027075
-61.000         -1.0000        -20.000        -0.0032263     0.011553       0.026229
-59.000         -1.0000        -20.000        -0.0066408     0.011499       0.023780
-57.000         -1.0000        -20.000        -0.0090209     0.011106       0.020079
-55.000         -1.0000        -20.000        -0.010031      0.010497       0.015486
-53.000         -1.0000        -20.000        -0.0096895     0.0097090      0.011497
-51.000         -1.0000        -20.000        -0.0082923     0.0088434      0.0077044
-49.000         -1.0000        -20.000        -0.0061552     0.0080041      0.0048036
-47.000         -1.0000        -20.000        -0.0036116     0.0073034      0.0027563
-45.000         -1.0000        -20.000        -9.4985E-4     0.0066996      0.0015118
-43.000         -1.0000        -20.000        0.0016716      0.0062298      0.0011598
-41.000         -1.0000        -20.000        0.0042171      0.0059244      0.0013204
-39.000         -1.0000        -20.000        0.0066637      0.0057399      0.0020345
-37.000         -1.0000        -20.000        0.0090004      0.0057066      0.0032422
-35.000         -1.0000        -20.000        0.011269       0.0058201      0.0048968
-33.000         -1.0000        -20.000        0.013419       0.0060635      0.0070890
-31.000         -1.0000        -20.000        0.015461       0.0064620      0.0098638
-29.000         -1.0000        -20.000        0.017282       0.0070191      0.013247
-27.000         -1.0000        -20.000        0.018598       0.0076484      0.017318
-25.000         -1.0000        -20.000        0.019286       0.0084521      0.021975
-23.000         -1.0000        -20.000        0.018836       0.0093619      0.027249
-21.000         -1.0000        -20.000        0.017197       0.010266       0.031845
-19.000         -1.0000        -20.000        0.014348       0.011203       0.036079
-17.000         -1.0000        -20.000        0.010809       0.012062       0.039166
-15.000         -1.0000        -20.000        0.0070330      0.012887       0.040831
-13.000         -1.0000        -20.000        0.0035401      0.013559       0.041426
-11.000         -1.0000        -20.000        4.8795E-4      0.014122       0.041194
-9.0000         -1.0000        -20.000        -0.0020887     0.014566       0.040388
-7.0000         -1.0000        -20.000        -0.0042551     0.014870       0.039284
-5.0000         -1.0000        -20.000        -0.0060752     0.015111       0.038141
-3.0000         -1.0000        -20.000        -0.0076732     0.015264       0.036573
-1.0000         -1.0000        -20.000        -0.0091660     0.015308       0.035039
1.0000          -1.0000        -20.000        -0.010505      0.015241       0.033246
3.0000          -1.0000        -20.000        -0.011886      0.015097       0.031433
5.0000          -1.0000        -20.000        -0.013162      0.014849       0.029237
7.0000          -1.0000        -20.000        -0.014445      0.014531       0.026800
9.0000          -1.0000        -20.000        -0.015705      0.014113       0.023955
11.000          -1.0000        -20.000        -0.016621      0.013552       0.020505
13.000          -1.0000        -20.000        -0.017170      0.012883       0.016548
15.000          -1.0000        -20.000        -0.017042      0.012166       0.011957
17.000          -1.0000        -20.000        -0.015814      0.011355       0.0073177
19.000          -1.0000        -20.000        -0.013388      0.010509       0.0028011
21.000          -1.0000        -20.000        -0.0098206     0.0096911      -7.5169E-4
23.000          -1.0000        -20.000        -0.0054184     0.0089888      -0.0030028
25.000          -1.0000        -20.000        -8.1140E-4     0.0083697      -0.0039810
27.000          -1.0000        -20.000        0.0036248      0.0079039      -0.0034747
29.000          -1.0000        -20.000        0.0076813      0.0076096      -0.0020119
31.000          -1.0000        -20.000        0.011279       0.0074609      3.4261E-4
33.000          -1.0000        -20.000        0.014371       0.0074630      0.0035213
35.000          -1.0000        -20.000        0.016969       0.0075979      0.0073065
37.000          -1.0000        -20.000        0.018837       0.0078544      0.011874
39.000          -1.0000        -20.000        0.019825       0.0081733      0.016964
41.000          -1.0000        -20.000        0.019568       0.0085432      0.022703
43.000          -1.0000        -20.000        0.017553       0.0088292      0.028152
45.000          -1.0000        -20.000        0.013843       0.0089810      0.032800
47.000          -1.0000        -20.000        0.0085719      0.0089777      0.035998
49.000          -1.0000        -20.000        0.0025112      0.0086590      0.036844
51.000          -1.0000        -20.000        -0.0032490     0.0081821      0.035338
53.000          -1.0000        -20.000        -0.0078290     0.0075173      0.031863
55.000          -1.0000        -20.000        -0.010759      0.0068356      0.027600
57.000          -1.0000        -20.000        -0.011907      0.0061868      0.023542
59.000          -1.0000        -20.000        -0.011693      0.0056361      0.020194
61.000          -1.0000        -20.000        -0.010746      0.0052584      0.017897
63.000          -1.0000        -20.000        -0.0096059     0.0050830      0.017126
65.000          -1.0000        -20.000        -0.0087848     0.0050820      0.017374
67.000          -1.0000        -20.000        -0.0086154     0.0052271      0.018420
69.000          -1.0000        -20.000        -0.0094234     0.0055133      0.020038
71.000          -1.0000        -20.000        -0.011351      0.0059857      0.021598
73.000          -1.0000        -20.000        -0.014430      0.0065405      0.022496
75.000          -1.0000        -20.000        -0.018371      0.0070470      0.021976
77.000          -1.0000        -20.000        -0.022434      0.0075029      0.019664
79.000          -1.0000        -20.000        -0.025642      0.0077963      0.015308
81.000          -1.0000        -20.000        -0.027410      0.0078182      0.0097108
83.000          -1.0000        -20.000        -0.027138      0.0076136      0.0035196
85.000          -1.0000        -20.000        -0.024969      0.0071851      -0.0022558
87.000          -1.0000        -20.000        -0.021531      0.0066062      -0.0070283
89.000          -1.0000        -20.000        -0.017431      0.0059678      -0.0099972
91.000          -1.0000        -20.000        -0.013444      0.0052998      -0.011676
93.000          -1.0000        -20.000        -0.0099744     0.0046937      -0.012213
95.000          -1.0000        -20.000        -0.0071333     0.0041635      -0.012081
97.000          -1.0000        -20.000        -0.0048568     0.0036625      -0.011503
99.000          -1.0000        -20.000        -0.0031671     0.0032343      -0.010646
-99.000         1.0000         -20.000        0.0036343      9.5577E-4      3.9453E-4
-97.000         1.0000         -20.000        0.0040490      0.0010562      5.7874E-4
-95.000         1.0000         -20.000        0.0045340      0.0011726      8.2634E-4
-93.000         1.0000         -20.000        0.0050794      0.0013118      0.0011425
-91.000         1.0000         -20.000        0.0056985      0.0014662      0.0015525
-89.000         1.0000         -20.000        0.0064048      0.0016425      0.0020831
-87.000         1.0000         -20.000        0.0071868      0.0018506      0.0027687
-85.000         1.0000         -20.000        0.0080643      0.0020979      0.0036649
-83.000         1.0000         -20.000        0.0089995      0.0023652      0.0047937
-81.000         1.0000         -20.000        0.0099879      0.0026773      0.0062470
-79.000         1.0000         -20.000        0.010958       0.0030606      0.0080683
-77.000         1.0000         -20.000        0.011812       0.0034476      0.010316
-75.000         1.0000         -20.000        0.012434       0.0038892      0.013084
-73.000         1.0000         -20.000        0.012642       0.0044439      0.016098
-71.000         1.0000         -20.000        0.012193       0.0049442      0.019690
-69.000         1.0000         -20.000        0.010845       0.0054668      0.023251
-67.000         1.0000         -20.000        0.0085601      0.0060557      0.026637
-65.000         1.0000         -20.000        0.0052178      0.0065594      0.028665
-63.000         1.0000         -20.000        0.0011622      0.0069793      0.029533
-61.000         1.0000         -20.000        -0.0030342     0.0073312      0.029126
-59.000         1.0000         -20.000        -0.0066935     0.0074717      0.026348
-57.000         1.0000         -20.000        -0.0093180     0.0075292      0.022632
-55.000         1.0000         -20.000        -0.010523      0.0074304      0.017886
-53.000         1.0000         -20.000        -0.010265      0.0070921      0.013448
-51.000         1.0000         -20.000        -0.0089243     0.0067535      0.0093826
-49.000         1.0000         -20.000        -0.0067645     0.0063649      0.0061568
-47.000         1.0000         -20.000        -0.0041694     0.0059067      0.0039248
-45.000         1.0000         -20.000        -0.0014334     0.0054972      0.0025180
-43.000         1.0000         -20.000        0.0013087      0.0051498      0.0019556
-41.000         1.0000         -20.000        0.0039845      0.0048587      0.0019829
-39.000         1.0000         -20.000        0.0065182      0.0046249      0.0025920
-37.000         1.0000         -20.000        0.0089674      0.0044778      0.0037643
-35.000         1.0000         -20.000        0.011340       0.0044131      0.0054607
-33.000         1.0000         -20.000        0.013612       0.0044393      0.0076551
-31.000         1.0000         -20.000        0.015741       0.0045109      0.010433
-29.000         1.0000         -20.000        0.017672       0.0046609      0.013993
-27.000         1.0000         -20.000        0.019100       0.0049405      0.017978
-25.000         1.0000         -20.000        0.019872       0.0052259      0.022922
-23.000         1.0000         -20.000        0.019515       0.0056052      0.028296
-21.000         1.0000         -20.000        0.017908       0.0061024      0.033329
-19.000         1.0000         -20.000        0.015122       0.0065849      0.037812
-17.000         1.0000         -20.000        0.011498       0.0071150      0.040957
-15.000         1.0000         -20.000        0.0077152      0.0076905      0.042952
-13.000         1.0000         -20.000        0.0041196      0.0081502      0.043529
-11.000         1.0000         -20.000        9.5166E-4      0.0086328      0.043468
-9.0000         1.0000         -20.000        -0.0016932     0.0090532      0.042778
-7.0000         1.0000         -20.000        -0.0039581     0.0094075      0.041810
-5.0000         1.0000         -20.000        -0.0058721     0.0096809      0.040543
-3.0000         1.0000         -20.000        -0.0075414     0.0099424      0.039229
-1.0000         1.0000         -20.000        -0.0090929     0.010104       0.037587
1.0000          1.0000         -20.000        -0.010540      0.010209       0.035881
3.0000          1.0000         -20.000        -0.011952      0.010253       0.034077
5.0000          1.0000         -20.000        -0.013344      0.010226       0.031842
7.0000          1.0000         -20.000        -0.014709      0.010176       0.029220
9.0000          1.0000         -20.000        -0.015951      0.010088       0.026386
11.000          1.0000         -20.000        -0.017023      0.0098614      0.022796
13.000          1.0000         -20.000        -0.017648      0.0096398      0.018599
15.000          1.0000         -20.000        -0.017595      0.0093686      0.014164
17.000          1.0000         -20.000        -0.016406      0.0089666      0.0091452
19.000          1.0000         -20.000        -0.014036      0.0085746      0.0045725
21.000          1.0000         -20.000        -0.010423      0.0081669      6.8572E-4
23.000          1.0000         -20.000        -0.0059703     0.0077208      -0.0018241
25.000          1.0000         -20.000        -0.0012989     0.0072739      -0.0029836
27.000          1.0000         -20.000        0.0032529      0.0068900      -0.0026196
29.000          1.0000         -20.000        0.0074513      0.0065557      -0.0012511
31.000          1.0000         -20.000        0.011134       0.0062893      0.0010862
33.000          1.0000         -20.000        0.014332       0.0061042      0.0042192
35.000          1.0000         -20.000        0.017041       0.0060055      0.0080478
37.000          1.0000         -20.000        0.018992       0.0059966      0.012635
39.000          1.0000         -20.000        0.020034       0.0060428      0.017822
41.000          1.0000         -20.000        0.019808       0.0061744      0.023789
43.000          1.0000         -20.000        0.017772       0.0063731      0.029298
45.000          1.0000         -20.000        0.013991       0.0065678      0.033895
47.000          1.0000         -20.000        0.0085702      0.0068192      0.037102
49.000          1.0000         -20.000        0.0023932      0.0069548      0.037831
51.000          1.0000         -20.000        -0.0035076     0.0070424      0.036044
53.000          1.0000         -20.000        -0.0081943     0.0070715      0.032609
55.000          1.0000         -20.000        -0.011231      0.0068782      0.028115
57.000          1.0000         -20.000        -0.012319      0.0067239      0.023756
59.000          1.0000         -20.000        -0.012030      0.0064572      0.020200
61.000          1.0000         -20.000        -0.010972      0.0062009      0.017809
63.000          1.0000         -20.000        -0.0097797     0.0059551      0.016889
65.000          1.0000         -20.000        -0.0088243     0.0057737      0.017148
67.000          1.0000         -20.000        -0.0085316     0.0056263      0.018156
69.000          1.0000         -20.000        -0.0092573     0.0055776      0.019777
71.000          1.0000         -20.000        -0.011075      0.0055645      0.021555
73.000          1.0000         -20.000        -0.014109      0.0055787      0.022759
75.000          1.0000         -20.000        -0.018044      0.0057156      0.022456
77.000          1.0000         -20.000        -0.022168      0.0058214      0.020214
79.000          1.0000         -20.000        -0.025501      0.0059504      0.016123
81.000          1.0000         -20.000        -0.027440      0.0059780      0.010800
83.000          1.0000         -20.000        -0.027308      0.0059969      0.0045526
85.000          1.0000         -20.000        -0.025311      0.0058856      -0.0014444
87.000          1.0000         -20.000        -0.021966      0.0056615      -0.0059974
89.000          1.0000         -20.000        -0.017922      0.0053570      -0.0092302
91.000          1.0000         -20.000        -0.013948      0.0050023      -0.011026
93.000          1.0000         -20.000        -0.010459      0.0046033      -0.011658
95.000          1.0000         -20.000        -0.0075887     0.0041660      -0.011552
97.000          1.0000         -20.000        -0.0052853     0.0037718      -0.011117
99.000          1.0000         -20.000        -0.0035427     0.0034016      -0.010351
-99.000         3.0000         -20.000        0.0037114      7.3571E-4      4.3666E-4
-97.000         3.0000         -20.000        0.0041383      7.9838E-4      6.3256E-4
-95.000         3.0000         -20.000        0.0046331      8.6257E-4      8.8961E-4
-93.000         3.0000         -20.000        0.0051892      9.4233E-4      0.0012160
-91.000         3.0000         -20.000        0.0058269      0.0010269      0.0016379
-89.000         3.0000         -20.000        0.0065507      0.0011026      0.0021951
-87.000         3.0000         -20.000        0.0073498      0.0012050      0.0028930
-85.000         3.0000         -20.000        0.0082484      0.0013131      0.0038190
-83.000         3.0000         -20.000        0.0092040      0.0013906      0.0049560
-81.000         3.0000         -20.000        0.010195       0.0014881      0.0064527
-79.000         3.0000         -20.000        0.011188       0.0016019      0.0083452
-77.000         3.0000         -20.000        0.012076       0.0016533      0.010605
-75.000         3.0000         -20.000        0.012700       0.0017151      0.013326
-73.000         3.0000         -20.000        0.012908       0.0018010      0.016603
-71.000         3.0000         -20.000        0.012504       0.0018422      0.020186
-69.000         3.0000         -20.000        0.011161       0.0018290      0.023631
-67.000         3.0000         -20.000        0.0088399      0.0019263      0.026859
-65.000         3.0000         -20.000        0.0055771      0.0021202      0.029314
-63.000         3.0000         -20.000        0.0015398      0.0022743      0.030531
-61.000         3.0000         -20.000        -0.0027002     0.0026584      0.029738
-59.000         3.0000         -20.000        -0.0064237     0.0030181      0.027314
-57.000         3.0000         -20.000        -0.0091036     0.0034563      0.023582
-55.000         3.0000         -20.000        -0.010448      0.0038804      0.019242
-53.000         3.0000         -20.000        -0.010303      0.0041107      0.014630
-51.000         3.0000         -20.000        -0.0090681     0.0042899      0.010538
-49.000         3.0000         -20.000        -0.0069847     0.0043333      0.0072621
-47.000         3.0000         -20.000        -0.0044308     0.0042225      0.0048509
-45.000         3.0000         -20.000        -0.0017092     0.0040654      0.0033430
-43.000         3.0000         -20.000        0.0010324      0.0038468      0.0026589
-41.000         3.0000         -20.000        0.0037110      0.0036126      0.0025715
-39.000         3.0000         -20.000        0.0063024      0.0033747      0.0031221
-37.000         3.0000         -20.000        0.0087937      0.0031261      0.0041944
-35.000         3.0000         -20.000        0.011206       0.0028937      0.0057961
-33.000         3.0000         -20.000        0.013526       0.0026867      0.0079923
-31.000         3.0000         -20.000        0.015722       0.0024420      0.010733
-29.000         3.0000         -20.000        0.017654       0.0022392      0.014209
-27.000         3.0000         -20.000        0.019164       0.0020671      0.018490
-25.000         3.0000         -20.000        0.019949       0.0018511      0.023332
-23.000         3.0000         -20.000        0.019666       0.0016865      0.028681
-21.000         3.0000         -20.000        0.018138       0.0016976      0.033699
-19.000         3.0000         -20.000        0.015422       0.0017279      0.038315
-17.000         3.0000         -20.000        0.011877       0.0018240      0.041477
-15.000         3.0000         -20.000        0.0081021      0.0021220      0.043454
-13.000         3.0000         -20.000        0.0045601      0.0024694      0.044360
-11.000         3.0000         -20.000        0.0013893      0.0027425      0.044352
-9.0000         3.0000         -20.000        -0.0013461     0.0031733      0.043805
-7.0000         3.0000         -20.000        -0.0035989     0.0035424      0.042878
-5.0000         3.0000         -20.000        -0.0055645     0.0038537      0.041710
-3.0000         3.0000         -20.000        -0.0072929     0.0041751      0.040353
-1.0000         3.0000         -20.000        -0.0088856     0.0044849      0.039061
1.0000          3.0000         -20.000        -0.010385      0.0047187      0.037244
3.0000          3.0000         -20.000        -0.011826      0.0049526      0.035431
5.0000          3.0000         -20.000        -0.013239      0.0051595      0.033193
7.0000          3.0000         -20.000        -0.014654      0.0054013      0.030664
9.0000          3.0000         -20.000        -0.015928      0.0055903      0.027705
11.000          3.0000         -20.000        -0.017030      0.0057647      0.024167
13.000          3.0000         -20.000        -0.017720      0.0059985      0.020031
15.000          3.0000         -20.000        -0.017676      0.0061564      0.015417
17.000          3.0000         -20.000        -0.016541      0.0062564      0.010576
19.000          3.0000         -20.000        -0.014257      0.0063661      0.0058687
21.000          3.0000         -20.000        -0.010691      0.0063285      0.0019320
23.000          3.0000         -20.000        -0.0062994     0.0061655      -7.2814E-4
25.000          3.0000         -20.000        -0.0016448     0.0059516      -0.0019713
27.000          3.0000         -20.000        0.0029080      0.0056452      -0.0017023
29.000          3.0000         -20.000        0.0071178      0.0053069      -5.0769E-4
31.000          3.0000         -20.000        0.010848       0.0049593      0.0017108
33.000          3.0000         -20.000        0.014099       0.0046102      0.0047927
35.000          3.0000         -20.000        0.016844       0.0042947      0.0084758
37.000          3.0000         -20.000        0.018874       0.0040206      0.013100
39.000          3.0000         -20.000        0.020034       0.0037724      0.018339
41.000          3.0000         -20.000        0.019851       0.0037098      0.023951
43.000          3.0000         -20.000        0.017946       0.0037400      0.029729
45.000          3.0000         -20.000        0.014283       0.0040070      0.034475
47.000          3.0000         -20.000        0.0089554      0.0045013      0.037774
49.000          3.0000         -20.000        0.0028409      0.0050973      0.038693
51.000          3.0000         -20.000        -0.0031205     0.0058100      0.037154
53.000          3.0000         -20.000        -0.0079339     0.0065252      0.033820
55.000          3.0000         -20.000        -0.011056      0.0069971      0.029323
57.000          3.0000         -20.000        -0.012353      0.0073088      0.024917
59.000          3.0000         -20.000        -0.012225      0.0073958      0.021205
61.000          3.0000         -20.000        -0.011217      0.0072323      0.018818
63.000          3.0000         -20.000        -0.010037      0.0069757      0.017774
65.000          3.0000         -20.000        -0.0091055     0.0066262      0.017757
67.000          3.0000         -20.000        -0.0088124     0.0062044      0.018870
69.000          3.0000         -20.000        -0.0095073     0.0057892      0.020515
71.000          3.0000         -20.000        -0.011277      0.0053044      0.022005
73.000          3.0000         -20.000        -0.014329      0.0048383      0.022933
75.000          3.0000         -20.000        -0.018147      0.0045043      0.022610
77.000          3.0000         -20.000        -0.022175      0.0042217      0.020533
79.000          3.0000         -20.000        -0.025470      0.0041441      0.016460
81.000          3.0000         -20.000        -0.027340      0.0042086      0.011006
83.000          3.0000         -20.000        -0.027267      0.0043415      0.0049754
85.000          3.0000         -20.000        -0.025316      0.0045628      -6.4226E-4
87.000          3.0000         -20.000        -0.022040      0.0046685      -0.0053372
89.000          3.0000         -20.000        -0.018096      0.0046772      -0.0085440
91.000          3.0000         -20.000        -0.014224      0.0046020      -0.010348
93.000          3.0000         -20.000        -0.010781      0.0043895      -0.011038
95.000          3.0000         -20.000        -0.0079457     0.0041084      -0.011060
97.000          3.0000         -20.000        -0.0056358     0.0038175      -0.010705
99.000          3.0000         -20.000        -0.0038796     0.0035019      -0.0099837
-99.000         5.0000         -20.000        0.0037524      5.0848E-4      4.6833E-4
-97.000         5.0000         -20.000        0.0041832      5.2988E-4      6.6255E-4
-95.000         5.0000         -20.000        0.0046763      5.5004E-4      9.2228E-4
-93.000         5.0000         -20.000        0.0052316      5.6345E-4      0.0012597
-91.000         5.0000         -20.000        0.0058713      5.7069E-4      0.0016937
-89.000         5.0000         -20.000        0.0065879      5.6308E-4      0.0022416
-87.000         5.0000         -20.000        0.0073687      5.4185E-4      0.0029293
-85.000         5.0000         -20.000        0.0082619      4.9528E-4      0.0038572
-83.000         5.0000         -20.000        0.0092083      4.2207E-4      0.0049767
-81.000         5.0000         -20.000        0.010170       2.9893E-4      0.0064460
-79.000         5.0000         -20.000        0.011127       1.2462E-4      0.0083040
-77.000         5.0000         -20.000        0.011978       -1.0277E-4     0.010385
-75.000         5.0000         -20.000        0.012548       -4.1149E-4     0.013212
-73.000         5.0000         -20.000        0.012712       -7.7983E-4     0.016190
-71.000         5.0000         -20.000        0.012312       -0.0012098     0.019680
-69.000         5.0000         -20.000        0.010941       -0.0016147     0.022874
-67.000         5.0000         -20.000        0.0087308      -0.0019489     0.026021
-65.000         5.0000         -20.000        0.0055966      -0.0021785     0.028390
-63.000         5.0000         -20.000        0.0017260      -0.0021278     0.029333
-61.000         5.0000         -20.000        -0.0022826     -0.0018247     0.028918
-59.000         5.0000         -20.000        -0.0058548     -0.0012821     0.026652
-57.000         5.0000         -20.000        -0.0085205     -4.9958E-4     0.023347
-55.000         5.0000         -20.000        -0.0098488     3.2603E-4      0.019083
-53.000         5.0000         -20.000        -0.0098258     0.0010758      0.014883
-51.000         5.0000         -20.000        -0.0087812     0.0017420      0.011089
-49.000         5.0000         -20.000        -0.0068264     0.0021614      0.0077736
-47.000         5.0000         -20.000        -0.0044233     0.0024067      0.0054865
-45.000         5.0000         -20.000        -0.0018235     0.0024945      0.0038992
-43.000         5.0000         -20.000        8.5793E-4      0.0024387      0.0031573
-41.000         5.0000         -20.000        0.0034863      0.0022718      0.0030146
-39.000         5.0000         -20.000        0.0060352      0.0020191      0.0035031
-37.000         5.0000         -20.000        0.0085057      0.0017044      0.0044900
-35.000         5.0000         -20.000        0.010883       0.0013270      0.0059997
-33.000         5.0000         -20.000        0.013177       8.8798E-4      0.0080957
-31.000         5.0000         -20.000        0.015336       3.8322E-4      0.010641
-29.000         5.0000         -20.000        0.017243       -1.9269E-4     0.014157
-27.000         5.0000         -20.000        0.018715       -8.3198E-4     0.018186
-25.000         5.0000         -20.000        0.019594       -0.0015295     0.022801
-23.000         5.0000         -20.000        0.019293       -0.0021556     0.027937
-21.000         5.0000         -20.000        0.017867       -0.0027272     0.032905
-19.000         5.0000         -20.000        0.015336       -0.0032315     0.037513
-17.000         5.0000         -20.000        0.011885       -0.0034308     0.040643
-15.000         5.0000         -20.000        0.0082633      -0.0034840     0.042672
-13.000         5.0000         -20.000        0.0047963      -0.0033896     0.043727
-11.000         5.0000         -20.000        0.0016878      -0.0031326     0.043773
-9.0000         5.0000         -20.000        -9.7627E-4     -0.0028330     0.043293
-7.0000         5.0000         -20.000        -0.0032428     -0.0024880     0.042458
-5.0000         5.0000         -20.000        -0.0052482     -0.0020899     0.041416
-3.0000         5.0000         -20.000        -0.0069726     -0.0017219     0.040135
-1.0000         5.0000         -20.000        -0.0085418     -0.0013368     0.038796
1.0000          5.0000         -20.000        -0.010053      -9.4798E-4     0.037147
3.0000          5.0000         -20.000        -0.011508      -4.9850E-4     0.035433
5.0000          5.0000         -20.000        -0.012957      -1.3192E-4     0.033338
7.0000          5.0000         -20.000        -0.014311      3.5816E-4      0.030885
9.0000          5.0000         -20.000        -0.015543      8.8550E-4      0.027809
11.000          5.0000         -20.000        -0.016627      0.0014448      0.024491
13.000          5.0000         -20.000        -0.017306      0.0020770      0.020632
15.000          5.0000         -20.000        -0.017255      0.0027040      0.016026
17.000          5.0000         -20.000        -0.016199      0.0033240      0.011189
19.000          5.0000         -20.000        -0.013987      0.0038815      0.0069370
21.000          5.0000         -20.000        -0.010555      0.0042512      0.0028220
23.000          5.0000         -20.000        -0.0063361     0.0044348      3.3027E-4
25.000          5.0000         -20.000        -0.0017795     0.0044472      -0.0012241
27.000          5.0000         -20.000        0.0026109      0.0042423      -8.9248E-4
29.000          5.0000         -20.000        0.0067273      0.0039255      2.6489E-4
31.000          5.0000         -20.000        0.010441       0.0034904      0.0023625
33.000          5.0000         -20.000        0.013662       0.0029979      0.0050766
35.000          5.0000         -20.000        0.016422       0.0024825      0.0088455
37.000          5.0000         -20.000        0.018499       0.0019518      0.013330
39.000          5.0000         -20.000        0.019733       0.0014819      0.018214
41.000          5.0000         -20.000        0.019729       0.0011457      0.023837
43.000          5.0000         -20.000        0.018050       0.0010657      0.029627
45.000          5.0000         -20.000        0.014685       0.0012164      0.034615
47.000          5.0000         -20.000        0.0096670      0.0019291      0.038022
49.000          5.0000         -20.000        0.0037733      0.0029274      0.039347
51.000          5.0000         -20.000        -0.0021058     0.0041786      0.038402
53.000          5.0000         -20.000        -0.0069411     0.0054601      0.035745
55.000          5.0000         -20.000        -0.010339      0.0065844      0.031632
57.000          5.0000         -20.000        -0.011968      0.0074690      0.027238
59.000          5.0000         -20.000        -0.012115      0.0079269      0.023419
61.000          5.0000         -20.000        -0.011406      0.0079868      0.020954
63.000          5.0000         -20.000        -0.010384      0.0077543      0.019703
65.000          5.0000         -20.000        -0.0095728     0.0072416      0.019581
67.000          5.0000         -20.000        -0.0093977     0.0065876      0.020359
69.000          5.0000         -20.000        -0.010173      0.0058028      0.021652
71.000          5.0000         -20.000        -0.011972      0.0048807      0.022865
73.000          5.0000         -20.000        -0.014995      0.0039664      0.023545
75.000          5.0000         -20.000        -0.018681      0.0031805      0.022903
77.000          5.0000         -20.000        -0.022500      0.0025611      0.020576
79.000          5.0000         -20.000        -0.025512      0.0023568      0.016394
81.000          5.0000         -20.000        -0.027205      0.0024277      0.011063
83.000          5.0000         -20.000        -0.026989      0.0027225      0.0050100
85.000          5.0000         -20.000        -0.024984      0.0032154      -3.7442E-4
87.000          5.0000         -20.000        -0.021796      0.0036459      -0.0048878
89.000          5.0000         -20.000        -0.018010      0.0039547      -0.0078697
91.000          5.0000         -20.000        -0.014263      0.0041391      -0.0096625
93.000          5.0000         -20.000        -0.010939      0.0041149      -0.010395
95.000          5.0000         -20.000        -0.0081731     0.0039828      -0.010481
97.000          5.0000         -20.000        -0.0059081     0.0037956      -0.010186
99.000          5.0000         -20.000        -0.0041631     0.0035385      -0.0095658
-99.000         7.0000         -20.000        0.0037580      2.7995E-4      4.8386E-4
-97.000         7.0000         -20.000        0.0041801      2.6311E-4      6.8370E-4
-95.000         7.0000         -20.000        0.0046668      2.3753E-4      9.3435E-4
-93.000         7.0000         -20.000        0.0052105      1.8934E-4      0.0012700
-91.000         7.0000         -20.000        0.0058325      1.1869E-4      0.0016960
-89.000         7.0000         -20.000        0.0065255      3.5507E-5      0.0022361
-87.000         7.0000         -20.000        0.0072796      -9.7997E-5     0.0029157
-85.000         7.0000         -20.000        0.0081278      -2.8489E-4     0.0037610
-83.000         7.0000         -20.000        0.0090070      -5.1133E-4     0.0048632
-81.000         7.0000         -20.000        0.0099162      -8.2246E-4     0.0062887
-79.000         7.0000         -20.000        0.010793       -0.0012395     0.0079876
-77.000         7.0000         -20.000        0.011553       -0.0017396     0.010044
-75.000         7.0000         -20.000        0.012033       -0.0023503     0.012536
-73.000         7.0000         -20.000        0.012136       -0.0030561     0.015266
-71.000         7.0000         -20.000        0.011671       -0.0038302     0.018337
-69.000         7.0000         -20.000        0.010392       -0.0045931     0.021431
-67.000         7.0000         -20.000        0.0083109      -0.0052877     0.024279
-65.000         7.0000         -20.000        0.0053912      -0.0057685     0.026195
-63.000         7.0000         -20.000        0.0018331      -0.0058715     0.027023
-61.000         7.0000         -20.000        -0.0018110     -0.0055885     0.026729
-59.000         7.0000         -20.000        -0.0050794     -0.0049014     0.024667
-57.000         7.0000         -20.000        -0.0075706     -0.0039726     0.021869
-55.000         7.0000         -20.000        -0.0088560     -0.0028169     0.018149
-53.000         7.0000         -20.000        -0.0089246     -0.0016696     0.014388
-51.000         7.0000         -20.000        -0.0080495     -6.9102E-4     0.010872
-49.000         7.0000         -20.000        -0.0063213     6.9803E-5      0.0079037
-47.000         7.0000         -20.000        -0.0041402     6.1930E-4      0.0056791
-45.000         7.0000         -20.000        -0.0017197     9.1308E-4      0.0042306
-43.000         7.0000         -20.000        7.9802E-4      9.8930E-4      0.0034956
-41.000         7.0000         -20.000        0.0032972      9.0379E-4      0.0033260
-39.000         7.0000         -20.000        0.0057402      6.5845E-4      0.0037339
-37.000         7.0000         -20.000        0.0081095      2.9083E-4      0.0046515
-35.000         7.0000         -20.000        0.010380       -2.1062E-4     0.0060297
-33.000         7.0000         -20.000        0.012588       -8.5393E-4     0.0079559
-31.000         7.0000         -20.000        0.014646       -0.0016029     0.010445
-29.000         7.0000         -20.000        0.016445       -0.0024969     0.013601
-27.000         7.0000         -20.000        0.017858       -0.0035465     0.017405
-25.000         7.0000         -20.000        0.018625       -0.0046212     0.021629
-23.000         7.0000         -20.000        0.018396       -0.0057747     0.026482
-21.000         7.0000         -20.000        0.017094       -0.0068755     0.031074
-19.000         7.0000         -20.000        0.014717       -0.0077674     0.035330
-17.000         7.0000         -20.000        0.011551       -0.0083896     0.038439
-15.000         7.0000         -20.000        0.0081307      -0.0087647     0.040414
-13.000         7.0000         -20.000        0.0048964      -0.0089011     0.041456
-11.000         7.0000         -20.000        0.0018979      -0.0088002     0.041534
-9.0000         7.0000         -20.000        -6.8246E-4     -0.0085528     0.041420
-7.0000         7.0000         -20.000        -0.0028822     -0.0082065     0.040529
-5.0000         7.0000         -20.000        -0.0047779     -0.0078261     0.039559
-3.0000         7.0000         -20.000        -0.0065417     -0.0073867     0.038471
-1.0000         7.0000         -20.000        -0.0081040     -0.0069155     0.037073
1.0000          7.0000         -20.000        -0.0095943     -0.0064088     0.035586
3.0000          7.0000         -20.000        -0.010996      -0.0058337     0.033888
5.0000          7.0000         -20.000        -0.012351      -0.0052337     0.031976
7.0000          7.0000         -20.000        -0.013665      -0.0045227     0.029607
9.0000          7.0000         -20.000        -0.014889      -0.0037297     0.026929
11.000          7.0000         -20.000        -0.015846      -0.0028244     0.023784
13.000          7.0000         -20.000        -0.016455      -0.0018560     0.020008
15.000          7.0000         -20.000        -0.016385      -7.7048E-4     0.015729
17.000          7.0000         -20.000        -0.015382      3.1592E-4      0.011464
19.000          7.0000         -20.000        -0.013314      0.0012832      0.0071901
21.000          7.0000         -20.000        -0.010088      0.0020690      0.0035394
23.000          7.0000         -20.000        -0.0061153     0.0026063      9.6687E-4
25.000          7.0000         -20.000        -0.0018279     0.0028186      -1.9160E-4
27.000          7.0000         -20.000        0.0023880      0.0027536      -1.9057E-4
29.000          7.0000         -20.000        0.0063620      0.0024563      8.3310E-4
31.000          7.0000         -20.000        0.0099394      0.0019892      0.0027606
33.000          7.0000         -20.000        0.013093       0.0013853      0.0054416
35.000          7.0000         -20.000        0.015807       6.7448E-4      0.0088378
37.000          7.0000         -20.000        0.017868       -8.7918E-5     0.013073
39.000          7.0000         -20.000        0.019171       -7.8932E-4     0.017974
41.000          7.0000         -20.000        0.019388       -0.0013800     0.023331
43.000          7.0000         -20.000        0.018054       -0.0017309     0.028823
45.000          7.0000         -20.000        0.015134       -0.0015720     0.033819
47.000          7.0000         -20.000        0.010593       -9.1361E-4     0.037868
49.000          7.0000         -20.000        0.0050749      3.2270E-4      0.039698
51.000          7.0000         -20.000        -5.5692E-4     0.0019266      0.039577
53.000          7.0000         -20.000        -0.0054287     0.0037089      0.037457
55.000          7.0000         -20.000        -0.0090686     0.0054079      0.033957
57.000          7.0000         -20.000        -0.011080      0.0067772      0.030338
59.000          7.0000         -20.000        -0.011654      0.0076196      0.026564
61.000          7.0000         -20.000        -0.011418      0.0079245      0.024144
63.000          7.0000         -20.000        -0.010797      0.0078236      0.022624
65.000          7.0000         -20.000        -0.010197      0.0072809      0.022219
67.000          7.0000         -20.000        -0.010278      0.0063807      0.022561
69.000          7.0000         -20.000        -0.011230      0.0052599      0.023514
71.000          7.0000         -20.000        -0.013118      0.0040068      0.024345
73.000          7.0000         -20.000        -0.016025      0.0027275      0.024380
75.000          7.0000         -20.000        -0.019511      0.0016013      0.023104
77.000          7.0000         -20.000        -0.023000      8.8416E-4      0.020301
79.000          7.0000         -20.000        -0.025615      5.4336E-4      0.016060
81.000          7.0000         -20.000        -0.026894      7.1639E-4      0.010540
83.000          7.0000         -20.000        -0.026463      0.0012643      0.0047915
85.000          7.0000         -20.000        -0.024362      0.0019475      -3.3199E-4
87.000          7.0000         -20.000        -0.021251      0.0026843      -0.0045333
89.000          7.0000         -20.000        -0.017656      0.0032752      -0.0073597
91.000          7.0000         -20.000        -0.014102      0.0036178      -0.0089869
93.000          7.0000         -20.000        -0.010929      0.0037902      -0.0097314
95.000          7.0000         -20.000        -0.0082930     0.0038096      -0.0098829
97.000          7.0000         -20.000        -0.0060975     0.0036922      -0.0096002
99.000          7.0000         -20.000        -0.0043928     0.0035152      -0.0090695
-99.000         9.0000         -20.000        0.0037274      6.0477E-5      4.8633E-4
-97.000         9.0000         -20.000        0.0041355      5.8057E-6      6.8154E-4
-95.000         9.0000         -20.000        0.0046055      -6.7139E-5     9.3940E-4
-93.000         9.0000         -20.000        0.0051317      -1.7010E-4     0.0012588
-91.000         9.0000         -20.000        0.0057138      -2.9737E-4     0.0016553
-89.000         9.0000         -20.000        0.0063698      -4.6582E-4     0.0021749
-87.000         9.0000         -20.000        0.0070772      -6.9260E-4     0.0028032
-85.000         9.0000         -20.000        0.0078564      -9.8135E-4     0.0036398
-83.000         9.0000         -20.000        0.0086664      -0.0013453     0.0046642
-81.000         9.0000         -20.000        0.0094754      -0.0018170     0.0059598
-79.000         9.0000         -20.000        0.010239       -0.0023983     0.0074395
-77.000         9.0000         -20.000        0.010878       -0.0030932     0.0093673
-75.000         9.0000         -20.000        0.011262       -0.0039163     0.011599
-73.000         9.0000         -20.000        0.011269       -0.0048887     0.013970
-71.000         9.0000         -20.000        0.010763       -0.0058630     0.016697
-69.000         9.0000         -20.000        0.0095200      -0.0068721     0.019202
-67.000         9.0000         -20.000        0.0076145      -0.0077752     0.021503
-65.000         9.0000         -20.000        0.0049801      -0.0083401     0.023025
-63.000         9.0000         -20.000        0.0018747      -0.0085621     0.023863
-61.000         9.0000         -20.000        -0.0013266     -0.0083660     0.023601
-59.000         9.0000         -20.000        -0.0042036     -0.0076139     0.021884
-57.000         9.0000         -20.000        -0.0063828     -0.0065316     0.019328
-55.000         9.0000         -20.000        -0.0076145     -0.0052938     0.016439
-53.000         9.0000         -20.000        -0.0077395     -0.0039222     0.013237
-51.000         9.0000         -20.000        -0.0070217     -0.0027271     0.010131
-49.000         9.0000         -20.000        -0.0055466     -0.0017590     0.0076732
-47.000         9.0000         -20.000        -0.0036402     -0.0010077     0.0056878
-45.000         9.0000         -20.000        -0.0014511     -5.7301E-4     0.0043631
-43.000         9.0000         -20.000        8.3733E-4      -3.8699E-4     0.0036867
-41.000         9.0000         -20.000        0.0031479      -4.1253E-4     0.0034875
-39.000         9.0000         -20.000        0.0054152      -6.4640E-4     0.0038387
-37.000         9.0000         -20.000        0.0076297      -0.0010600     0.0046214
-35.000         9.0000         -20.000        0.0097451      -0.0016600     0.0058567
-33.000         9.0000         -20.000        0.011799       -0.0024373     0.0075902
-31.000         9.0000         -20.000        0.013699       -0.0033924     0.0098676
-29.000         9.0000         -20.000        0.015354       -0.0045432     0.012767
-27.000         9.0000         -20.000        0.016613       -0.0058919     0.016067
-25.000         9.0000         -20.000        0.017292       -0.0073360     0.019884
-23.000         9.0000         -20.000        0.017055       -0.0088760     0.024355
-21.000         9.0000         -20.000        0.015895       -0.010425      0.028322
-19.000         9.0000         -20.000        0.013742       -0.011638      0.032168
-17.000         9.0000         -20.000        0.010909       -0.012640      0.034886
-15.000         9.0000         -20.000        0.0078506      -0.013360      0.036877
-13.000         9.0000         -20.000        0.0047991      -0.013573      0.037670
-11.000         9.0000         -20.000        0.0020171      -0.013613      0.037968
-9.0000         9.0000         -20.000        -4.3023E-4     -0.013570      0.037885
-7.0000         9.0000         -20.000        -0.0025391     -0.013210      0.037115
-5.0000         9.0000         -20.000        -0.0043942     -0.012875      0.036336
-3.0000         9.0000         -20.000        -0.0060534     -0.012414      0.035398
-1.0000         9.0000         -20.000        -0.0075871     -0.011837      0.034050
1.0000          9.0000         -20.000        -0.0089984     -0.011223      0.032651
3.0000          9.0000         -20.000        -0.010346      -0.010565      0.031225
5.0000          9.0000         -20.000        -0.011609      -0.0098061     0.029392
7.0000          9.0000         -20.000        -0.012823      -0.0089131     0.027269
9.0000          9.0000         -20.000        -0.013960      -0.0078461     0.024736
11.000          9.0000         -20.000        -0.014741      -0.0066541     0.021706
13.000          9.0000         -20.000        -0.015226      -0.0053753     0.018352
15.000          9.0000         -20.000        -0.015156      -0.0040289     0.014728
17.000          9.0000         -20.000        -0.014137      -0.0025204     0.010812
19.000          9.0000         -20.000        -0.012210      -0.0011696     0.0069631
21.000          9.0000         -20.000        -0.0092637     -4.9136E-5     0.0037042
23.000          9.0000         -20.000        -0.0056348     7.7856E-4      0.0015096
25.000          9.0000         -20.000        -0.0016699     0.0011827      4.1260E-4
27.000          9.0000         -20.000        0.0022464      0.0012450      4.1901E-4
29.000          9.0000         -20.000        0.0059491      9.8335E-4      0.0013303
31.000          9.0000         -20.000        0.0093382      4.7173E-4      0.0030655
33.000          9.0000         -20.000        0.012350       -2.2690E-4     0.0055559
35.000          9.0000         -20.000        0.014995       -0.0010839     0.0087027
37.000          9.0000         -20.000        0.017002       -0.0020197     0.012477
39.000          9.0000         -20.000        0.018379       -0.0029584     0.017071
41.000          9.0000         -20.000        0.018772       -0.0038275     0.022224
43.000          9.0000         -20.000        0.017805       -0.0044197     0.027445
45.000          9.0000         -20.000        0.015428       -0.0045161     0.032454
47.000          9.0000         -20.000        0.011480       -0.0040116     0.037101
49.000          9.0000         -20.000        0.0065840      -0.0028189     0.039378
51.000          9.0000         -20.000        0.0013148      -0.0010727     0.040107
53.000          9.0000         -20.000        -0.0034836     9.6837E-4      0.038942
55.000          9.0000         -20.000        -0.0073305     0.0030907      0.036627
57.000          9.0000         -20.000        -0.0097466     0.0047779      0.033500
59.000          9.0000         -20.000        -0.010890      0.0060150      0.030289
61.000          9.0000         -20.000        -0.011235      0.0067419      0.027768
63.000          9.0000         -20.000        -0.011075      0.0066683      0.026183
65.000          9.0000         -20.000        -0.011005      0.0061244      0.025617
67.000          9.0000         -20.000        -0.011340      0.0052032      0.025317
69.000          9.0000         -20.000        -0.012557      0.0038476      0.025570
71.000          9.0000         -20.000        -0.014548      0.0023324      0.025599
73.000          9.0000         -20.000        -0.017356      8.9379E-4      0.024916
75.000          9.0000         -20.000        -0.020522      -3.2565E-4     0.022946
77.000          9.0000         -20.000        -0.023520      -0.0010814     0.019660
79.000          9.0000         -20.000        -0.025620      -0.0012893     0.015176
81.000          9.0000         -20.000        -0.026403      -9.4140E-4     0.0096910
83.000          9.0000         -20.000        -0.025651      -1.4496E-4     0.0042608
85.000          9.0000         -20.000        -0.023497      8.2021E-4      -5.7988E-4
87.000          9.0000         -20.000        -0.020496      0.0017922      -0.0043098
89.000          9.0000         -20.000        -0.017069      0.0025860      -0.0068510
91.000          9.0000         -20.000        -0.013758      0.0031242      -0.0083888
93.000          9.0000         -20.000        -0.010800      0.0034446      -0.0090981
95.000          9.0000         -20.000        -0.0082900     0.0035696      -0.0091964
97.000          9.0000         -20.000        -0.0062111     0.0035484      -0.0089894
99.000          9.0000         -20.000        -0.0045721     0.0034359      -0.0085175
-99.000         11.000         -20.000        0.0036651      -1.4722E-4     4.8067E-4
-97.000         11.000         -20.000        0.0040527      -2.3644E-4     6.6495E-4
-95.000         11.000         -20.000        0.0044978      -3.5176E-4     9.0772E-4
-93.000         11.000         -20.000        0.0049897      -4.9463E-4     0.0012091
-91.000         11.000         -20.000        0.0055346      -6.7901E-4     0.0015875
-89.000         11.000         -20.000        0.0061385      -9.1533E-4     0.0020670
-87.000         11.000         -20.000        0.0067944      -0.0012148     0.0026691
-85.000         11.000         -20.000        0.0074827      -0.0015859     0.0034153
-83.000         11.000         -20.000        0.0081991      -0.0020518     0.0043592
-81.000         11.000         -20.000        0.0089090      -0.0026388     0.0054937
-79.000         11.000         -20.000        0.0095361      -0.0033281     0.0068567
-77.000         11.000         -20.000        0.010042       -0.0041535     0.0084719
-75.000         11.000         -20.000        0.010305       -0.0051245     0.010355
-73.000         11.000         -20.000        0.010210       -0.0061778     0.012424
-71.000         11.000         -20.000        0.0096774      -0.0072888     0.014603
-69.000         11.000         -20.000        0.0085377      -0.0083883     0.016667
-67.000         11.000         -20.000        0.0068141      -0.0093417     0.018270
-65.000         11.000         -20.000        0.0045316      -0.0099583     0.019795
-63.000         11.000         -20.000        0.0018627      -0.010217      0.020250
-61.000         11.000         -20.000        -8.8615E-4     -0.010034      0.019715
-59.000         11.000         -20.000        -0.0032909     -0.0093006     0.018640
-57.000         11.000         -20.000        -0.0051658     -0.0082549     0.016750
-55.000         11.000         -20.000        -0.0062161     -0.0069848     0.014269
-53.000         11.000         -20.000        -0.0064158     -0.0055875     0.011679
-51.000         11.000         -20.000        -0.0058600     -0.0043049     0.0092128
-49.000         11.000         -20.000        -0.0046362     -0.0032318     0.0070976
-47.000         11.000         -20.000        -0.0029957     -0.0024153     0.0054496
-45.000         11.000         -20.000        -0.0010926     -0.0018826     0.0042982
-43.000         11.000         -20.000        9.4330E-4      -0.0016174     0.0036641
-41.000         11.000         -20.000        0.0030188      -0.0016254     0.0035042
-39.000         11.000         -20.000        0.0050803      -0.0018399     0.0038052
-37.000         11.000         -20.000        0.0070956      -0.0022892     0.0044956
-35.000         11.000         -20.000        0.0090657      -0.0029513     0.0056448
-33.000         11.000         -20.000        0.010871       -0.0038100     0.0071446
-31.000         11.000         -20.000        0.012564       -0.0049077     0.0091130
-29.000         11.000         -20.000        0.014025       -0.0062525     0.011603
-27.000         11.000         -20.000        0.015083       -0.0077554     0.014506
-25.000         11.000         -20.000        0.015636       -0.0094550     0.017793
-23.000         11.000         -20.000        0.015401       -0.011278      0.021428
-21.000         11.000         -20.000        0.014323       -0.013039      0.024956
-19.000         11.000         -20.000        0.012460       -0.014530      0.028093
-17.000         11.000         -20.000        0.0099940      -0.015779      0.030476
-15.000         11.000         -20.000        0.0072294      -0.016656      0.032005
-13.000         11.000         -20.000        0.0045446      -0.017090      0.032949
-11.000         11.000         -20.000        0.0020356      -0.017244      0.033097
-9.0000         11.000         -20.000        -2.1594E-4     -0.017185      0.032982
-7.0000         11.000         -20.000        -0.0022399     -0.016946      0.032631
-5.0000         11.000         -20.000        -0.0039710     -0.016584      0.031884
-3.0000         11.000         -20.000        -0.0055345     -0.016096      0.030893
-1.0000         11.000         -20.000        -0.0069861     -0.015508      0.029850
1.0000          11.000         -20.000        -0.0082993     -0.014844      0.028726
3.0000          11.000         -20.000        -0.0095774     -0.014095      0.027191
5.0000          11.000         -20.000        -0.010739      -0.013199      0.025493
7.0000          11.000         -20.000        -0.011788      -0.012181      0.023650
9.0000          11.000         -20.000        -0.012718      -0.011010      0.021468
11.000          11.000         -20.000        -0.013428      -0.0096546     0.018928
13.000          11.000         -20.000        -0.013737      -0.0081551     0.015993
15.000          11.000         -20.000        -0.013562      -0.0065645     0.012780
17.000          11.000         -20.000        -0.012578      -0.0048606     0.0094508
19.000          11.000         -20.000        -0.010788      -0.0032708     0.0063002
21.000          11.000         -20.000        -0.0081728     -0.0019183     0.0035816
23.000          11.000         -20.000        -0.0049116     -9.3633E-4     0.0017542
25.000          11.000         -20.000        -0.0013967     -3.8355E-4     7.8897E-4
27.000          11.000         -20.000        0.0021600      -2.3762E-4     8.4821E-4
29.000          11.000         -20.000        0.0055672      -4.6636E-4     0.0016939
31.000          11.000         -20.000        0.0087113      -9.7810E-4     0.0032054
33.000          11.000         -20.000        0.011523       -0.0017412     0.0054661
35.000          11.000         -20.000        0.013977       -0.0027061     0.0081420
37.000          11.000         -20.000        0.015954       -0.0037949     0.011878
39.000          11.000         -20.000        0.017329       -0.0049583     0.015891
41.000          11.000         -20.000        0.017877       -0.0060495     0.020486
43.000          11.000         -20.000        0.017257       -0.0069195     0.025699
45.000          11.000         -20.000        0.015432       -0.0073401     0.030418
47.000          11.000         -20.000        0.012286       -0.0072258     0.035103
49.000          11.000         -20.000        0.0079599      -0.0062474     0.038102
51.000          11.000         -20.000        0.0032248      -0.0046489     0.039716
53.000          11.000         -20.000        -0.0013447     -0.0026229     0.039678
55.000          11.000         -20.000        -0.0052020     -4.1656E-4     0.038453
57.000          11.000         -20.000        -0.0080722     0.0014669      0.036190
59.000          11.000         -20.000        -0.0098307     0.0029720      0.033724
61.000          11.000         -20.000        -0.010824      0.0039163      0.031860
63.000          11.000         -20.000        -0.011279      0.0040583      0.029860
65.000          11.000         -20.000        -0.011743      0.0036438      0.028792
67.000          11.000         -20.000        -0.012564      0.0027324      0.028223
69.000          11.000         -20.000        -0.014006      0.0013648      0.027670
71.000          11.000         -20.000        -0.016077      -1.1500E-4     0.026707
73.000          11.000         -20.000        -0.018681      -0.0014641     0.025095
75.000          11.000         -20.000        -0.021485      -0.0026121     0.022597
77.000          11.000         -20.000        -0.023869      -0.0031062     0.018552
79.000          11.000         -20.000        -0.025382      -0.0030461     0.013933
81.000          11.000         -20.000        -0.025699      -0.0024371     0.0086672
83.000          11.000         -20.000        -0.024607      -0.0013690     0.0036082
85.000          11.000         -20.000        -0.022373      -1.5117E-4     -7.7100E-4
87.000          11.000         -20.000        -0.019502      0.0010056      -0.0041074
89.000          11.000         -20.000        -0.016311      0.0019616      -0.0064090
91.000          11.000         -20.000        -0.013255      0.0026521      -0.0078140
93.000          11.000         -20.000        -0.010524      0.0030845      -0.0084136
95.000          11.000         -20.000        -0.0081968     0.0033069      -0.0085922
97.000          11.000         -20.000        -0.0062353     0.0033659      -0.0084154
99.000          11.000         -20.000        -0.0046868     0.0033267      -0.0080184
-99.000         13.000         -20.000        0.0035733      -3.4211E-4     4.5994E-4
-97.000         13.000         -20.000        0.0039385      -4.5984E-4     6.3398E-4
-95.000         13.000         -20.000        0.0043516      -6.0734E-4     8.6153E-4
-93.000         13.000         -20.000        0.0048033      -7.8744E-4     0.0011425
-91.000         13.000         -20.000        0.0053034      -0.0010160     0.0014856
-89.000         13.000         -20.000        0.0058494      -0.0013051     0.0019268
-87.000         13.000         -20.000        0.0064256      -0.0016487     0.0024631
-85.000         13.000         -20.000        0.0070330      -0.0020850     0.0031366
-83.000         13.000         -20.000        0.0076460      -0.0026188     0.0039545
-81.000         13.000         -20.000        0.0082298      -0.0032580     0.0049469
-79.000         13.000         -20.000        0.0087321      -0.0040174     0.0061234
-77.000         13.000         -20.000        0.0091175      -0.0049061     0.0074935
-75.000         13.000         -20.000        0.0092604      -0.0059104     0.0089884
-73.000         13.000         -20.000        0.0091045      -0.0069945     0.010718
-71.000         13.000         -20.000        0.0085465      -0.0081244     0.012480
-69.000         13.000         -20.000        0.0075049      -0.0091959     0.014014
-67.000         13.000         -20.000        0.0059941      -0.010103      0.015344
-65.000         13.000         -20.000        0.0040483      -0.010746      0.016467
-63.000         13.000         -20.000        0.0018530      -0.011006      0.016899
-61.000         13.000         -20.000        -4.2964E-4     -0.010811      0.016519
-59.000         13.000         -20.000        -0.0024546     -0.010200      0.015433
-57.000         13.000         -20.000        -0.0039747     -0.0092040     0.013996
-55.000         13.000         -20.000        -0.0048925     -0.0079625     0.011935
-53.000         13.000         -20.000        -0.0050897     -0.0066770     0.0099638
-51.000         13.000         -20.000        -0.0046480     -0.0054405     0.0080691
-49.000         13.000         -20.000        -0.0036777     -0.0043682     0.0063559
-47.000         13.000         -20.000        -0.0023016     -0.0035362     0.0050166
-45.000         13.000         -20.000        -6.9631E-4     -0.0029820     0.0040419
-43.000         13.000         -20.000        0.0010885      -0.0026873     0.0035474
-41.000         13.000         -20.000        0.0029202      -0.0026574     0.0034026
-39.000         13.000         -20.000        0.0047347      -0.0028875     0.0036397
-37.000         13.000         -20.000        0.0065267      -0.0033388     0.0042571
-35.000         13.000         -20.000        0.0082594      -0.0040254     0.0052033
-33.000         13.000         -20.000        0.0098659      -0.0049416     0.0065716
-31.000         13.000         -20.000        0.011320       -0.0061152     0.0082420
-29.000         13.000         -20.000        0.012538       -0.0075058     0.010309
-27.000         13.000         -20.000        0.013391       -0.0091242     0.012728
-25.000         13.000         -20.000        0.013821       -0.010910      0.015451
-23.000         13.000         -20.000        0.013558       -0.012791      0.018296
-21.000         13.000         -20.000        0.012593       -0.014607      0.021042
-19.000         13.000         -20.000        0.010984       -0.016268      0.023740
-17.000         13.000         -20.000        0.0089048      -0.017615      0.025777
-15.000         13.000         -20.000        0.0065438      -0.018530      0.027119
-13.000         13.000         -20.000        0.0041553      -0.019132      0.027901
-11.000         13.000         -20.000        0.0019343      -0.019370      0.028109
-9.0000         13.000         -20.000        -9.3369E-5     -0.019383      0.027938
-7.0000         13.000         -20.000        -0.0019106     -0.019217      0.027561
-5.0000         13.000         -20.000        -0.0035515     -0.018860      0.027016
-3.0000         13.000         -20.000        -0.0050246     -0.018394      0.026019
-1.0000         13.000         -20.000        -0.0063456     -0.017810      0.025218
1.0000          13.000         -20.000        -0.0075629     -0.017105      0.024090
3.0000          13.000         -20.000        -0.0086898     -0.016289      0.022833
5.0000          13.000         -20.000        -0.0097237     -0.015339      0.021429
7.0000          13.000         -20.000        -0.010663      -0.014253      0.019696
9.0000          13.000         -20.000        -0.011423      -0.012999      0.017740
11.000          13.000         -20.000        -0.011946      -0.011563      0.015582
13.000          13.000         -20.000        -0.012114      -0.0099701     0.013245
15.000          13.000         -20.000        -0.011837      -0.0082685     0.010503
17.000          13.000         -20.000        -0.010878      -0.0065332     0.0077802
19.000          13.000         -20.000        -0.0092600     -0.0048725     0.0053727
21.000          13.000         -20.000        -0.0069275     -0.0034670     0.0032061
23.000          13.000         -20.000        -0.0040976     -0.0024095     0.0017723
25.000          13.000         -20.000        -0.0010303     -0.0017859     0.0010319
27.000          13.000         -20.000        0.0021388      -0.0015874     0.0011158
29.000          13.000         -20.000        0.0051971      -0.0017860     0.0018557
31.000          13.000         -20.000        0.0080438      -0.0023066     0.0032425
33.000          13.000         -20.000        0.010614       -0.0031151     0.0052231
35.000          13.000         -20.000        0.012896       -0.0041498     0.0077225
37.000          13.000         -20.000        0.014738       -0.0053668     0.010855
39.000          13.000         -20.000        0.016091       -0.0066955     0.014612
41.000          13.000         -20.000        0.016727       -0.0079853     0.018700
43.000          13.000         -20.000        0.016426       -0.0091106     0.023287
45.000          13.000         -20.000        0.015137       -0.0099395     0.028006
47.000          13.000         -20.000        0.012585       -0.010152      0.032251
49.000          13.000         -20.000        0.0090573      -0.0096582     0.035968
51.000          13.000         -20.000        0.0049069      -0.0085265     0.038298
53.000          13.000         -20.000        7.2540E-4      -0.0068646     0.039285
55.000          13.000         -20.000        -0.0031844     -0.0048280     0.039086
57.000          13.000         -20.000        -0.0062435     -0.0028928     0.037777
59.000          13.000         -20.000        -0.0085788     -0.0013317     0.036289
61.000          13.000         -20.000        -0.010164      -3.3041E-4     0.034324
63.000          13.000         -20.000        -0.011293      5.8992E-5      0.032705
65.000          13.000         -20.000        -0.012413      -1.3832E-4     0.031302
67.000          13.000         -20.000        -0.013674      -9.1081E-4     0.030061
69.000          13.000         -20.000        -0.015335      -0.0020369     0.028813
71.000          13.000         -20.000        -0.017445      -0.0032391     0.027034
73.000          13.000         -20.000        -0.019814      -0.0042961     0.024612
75.000          13.000         -20.000        -0.022129      -0.0050309     0.021140
77.000          13.000         -20.000        -0.023967      -0.0051607     0.017027
79.000          13.000         -20.000        -0.024822      -0.0046831     0.012151
81.000          13.000         -20.000        -0.024645      -0.0037231     0.0072863
83.000          13.000         -20.000        -0.023314      -0.0023977     0.0026518
85.000          13.000         -20.000        -0.021063      -9.6525E-4     -0.0012385
87.000          13.000         -20.000        -0.018340      3.4946E-4      -0.0041157
89.000          13.000         -20.000        -0.015420      0.0014214      -0.0060667
91.000          13.000         -20.000        -0.012663      0.0022034      -0.0072427
93.000          13.000         -20.000        -0.010169      0.0027197      -0.0077912
95.000          13.000         -20.000        -0.0080277     0.0030126      -0.0079210
97.000          13.000         -20.000        -0.0062118     0.0031524      -0.0077989
99.000          13.000         -20.000        -0.0047437     0.0031627      -0.0074777
-99.000         15.000         -20.000        0.0034577      -5.1840E-4     4.3427E-4
-97.000         15.000         -20.000        0.0037978      -6.5329E-4     5.9705E-4
-95.000         15.000         -20.000        0.0041754      -8.2935E-4     8.0593E-4
-93.000         15.000         -20.000        0.0045862      -0.0010387     0.0010633
-91.000         15.000         -20.000        0.0050350      -0.0012955     0.0013804
-89.000         15.000         -20.000        0.0055150      -0.0016139     0.0017698
-87.000         15.000         -20.000        0.0060179      -0.0019984     0.0022439
-85.000         15.000         -20.000        0.0065332      -0.0024635     0.0028256
-83.000         15.000         -20.000        0.0070430      -0.0030274     0.0035303
-81.000         15.000         -20.000        0.0075145      -0.0036946     0.0043714
-79.000         15.000         -20.000        0.0079007      -0.0044717     0.0053533
-77.000         15.000         -20.000        0.0081674      -0.0053568     0.0064598
-75.000         15.000         -20.000        0.0082124      -0.0063437     0.0077348
-73.000         15.000         -20.000        0.0079982      -0.0073911     0.0090633
-71.000         15.000         -20.000        0.0074548      -0.0084635     0.010399
-69.000         15.000         -20.000        0.0065214      -0.0094431     0.011632
-67.000         15.000         -20.000        0.0052489      -0.010267      0.012736
-65.000         15.000         -20.000        0.0036188      -0.010874      0.013349
-63.000         15.000         -20.000        0.0017930      -0.011100      0.013660
-61.000         15.000         -20.000        -4.5967E-5     -0.010914      0.013437
-59.000         15.000         -20.000        -0.0016568     -0.010379      0.012560
-57.000         15.000         -20.000        -0.0029165     -0.0095266     0.011459
-55.000         15.000         -20.000        -0.0036806     -0.0084211     0.0099577
-53.000         15.000         -20.000        -0.0038600     -0.0072577     0.0084038
-51.000         15.000         -20.000        -0.0035446     -0.0061266     0.0068724
-49.000         15.000         -20.000        -0.0027425     -0.0051502     0.0055717
-47.000         15.000         -20.000        -0.0016184     -0.0043683     0.0044907
-45.000         15.000         -20.000        -2.6044E-4     -0.0038176     0.0037290
-43.000         15.000         -20.000        0.0012503      -0.0035484     0.0033073
-41.000         15.000         -20.000        0.0028173      -0.0035200     0.0032031
-39.000         15.000         -20.000        0.0044052      -0.0037280     0.0034078
-37.000         15.000         -20.000        0.0059507      -0.0041906     0.0039261
-35.000         15.000         -20.000        0.0074372      -0.0048833     0.0047476
-33.000         15.000         -20.000        0.0088093      -0.0058088     0.0058523
-31.000         15.000         -20.000        0.010025       -0.0069602     0.0072062
-29.000         15.000         -20.000        0.011028       -0.0083554     0.0089818
-27.000         15.000         -20.000        0.011693       -0.0099486     0.010873
-25.000         15.000         -20.000        0.011966       -0.011690      0.013090
-23.000         15.000         -20.000        0.011677       -0.013525      0.015347
-21.000         15.000         -20.000        0.010860       -0.015287      0.017584
-19.000         15.000         -20.000        0.0094865      -0.016943      0.019540
-17.000         15.000         -20.000        0.0077448      -0.018236      0.020941
-15.000         15.000         -20.000        0.0057599      -0.019188      0.022058
-13.000         15.000         -20.000        0.0037194      -0.019840      0.022763
-11.000         15.000         -20.000        0.0017764      -0.020188      0.022900
-9.0000         15.000         -20.000        -2.3178E-5     -0.020245      0.022813
-7.0000         15.000         -20.000        -0.0016683     -0.020101      0.022488
-5.0000         15.000         -20.000        -0.0031433     -0.019777      0.022017
-3.0000         15.000         -20.000        -0.0044899     -0.019323      0.021231
-1.0000         15.000         -20.000        -0.0057157     -0.018768      0.020441
1.0000          15.000         -20.000        -0.0068052     -0.018035      0.019420
3.0000          15.000         -20.000        -0.0078007     -0.017198      0.018391
5.0000          15.000         -20.000        -0.0086971     -0.016227      0.017144
7.0000          15.000         -20.000        -0.0094652     -0.015125      0.015655
9.0000          15.000         -20.000        -0.010065      -0.013883      0.014064
11.000          15.000         -20.000        -0.010432      -0.012431      0.012171
13.000          15.000         -20.000        -0.010471      -0.010863      0.010270
15.000          15.000         -20.000        -0.010144      -0.0091774     0.0083110
17.000          15.000         -20.000        -0.0091841     -0.0075219     0.0061912
19.000          15.000         -20.000        -0.0077069     -0.0059188     0.0042967
21.000          15.000         -20.000        -0.0056933     -0.0045874     0.0026721
23.000          15.000         -20.000        -0.0032597     -0.0035749     0.0016166
25.000          15.000         -20.000        -5.9266E-4     -0.0029110     0.0010895
27.000          15.000         -20.000        0.0021456      -0.0027647     0.0012307
29.000          15.000         -20.000        0.0048364      -0.0029523     0.0019035
31.000          15.000         -20.000        0.0073593      -0.0034539     0.0031394
33.000          15.000         -20.000        0.0096667      -0.0043048     0.0048082
35.000          15.000         -20.000        0.011734       -0.0053788     0.0070426
37.000          15.000         -20.000        0.013420       -0.0066599     0.0098566
39.000          15.000         -20.000        0.014678       -0.0080929     0.013033
41.000          15.000         -20.000        0.015367       -0.0095423     0.016766
43.000          15.000         -20.000        0.015283       -0.010917      0.020753
45.000          15.000         -20.000        0.014360       -0.012085      0.024814
47.000          15.000         -20.000        0.012427       -0.012710      0.029257
49.000          15.000         -20.000        0.0095946      -0.012780      0.032678
51.000          15.000         -20.000        0.0061457      -0.012258      0.035648
53.000          15.000         -20.000        0.0023481      -0.011073      0.037390
55.000          15.000         -20.000        -0.0013039     -0.0095241     0.038057
57.000          15.000         -20.000        -0.0045717     -0.0078699     0.037861
59.000          15.000         -20.000        -0.0072441     -0.0064475     0.036825
61.000          15.000         -20.000        -0.0093881     -0.0054191     0.035560
63.000          15.000         -20.000        -0.011142      -0.0048454     0.033958
65.000          15.000         -20.000        -0.012769      -0.0048565     0.032393
67.000          15.000         -20.000        -0.014437      -0.0053090     0.030670
69.000          15.000         -20.000        -0.016328      -0.0059828     0.028673
71.000          15.000         -20.000        -0.018421      -0.0067866     0.026285
73.000          15.000         -20.000        -0.020451      -0.0072487     0.023051
75.000          15.000         -20.000        -0.022286      -0.0073843     0.019264
77.000          15.000         -20.000        -0.023569      -0.0070704     0.014757
79.000          15.000         -20.000        -0.023896      -0.0060694     0.010310
81.000          15.000         -20.000        -0.023298      -0.0047238     0.0057261
83.000          15.000         -20.000        -0.021794      -0.0031553     0.0016938
85.000          15.000         -20.000        -0.019608      -0.0015948     -0.0014836
87.000          15.000         -20.000        -0.017088      -1.8925E-4     -0.0040718
89.000          15.000         -20.000        -0.014472      9.5593E-4      -0.0056733
91.000          15.000         -20.000        -0.011981      0.0018075      -0.0066902
93.000          15.000         -20.000        -0.0097326     0.0023660      -0.0071833
95.000          15.000         -20.000        -0.0077920     0.0027216      -0.0073037
97.000          15.000         -20.000        -0.0061286     0.0029299      -0.0072617
99.000          15.000         -20.000        -0.0047540     0.0029743      -0.0069582
-99.000         17.000         -20.000        0.0033241      -6.7285E-4     4.0099E-4
-97.000         17.000         -20.000        0.0036352      -8.2844E-4     5.5025E-4
-95.000         17.000         -20.000        0.0039760      -0.0010176     7.3633E-4
-93.000         17.000         -20.000        0.0043430      -0.0012485     9.6582E-4
-91.000         17.000         -20.000        0.0047380      -0.0015277     0.0012472
-89.000         17.000         -20.000        0.0051538      -0.0018636     0.0015950
-87.000         17.000         -20.000        0.0055820      -0.0022635     0.0020070
-85.000         17.000         -20.000        0.0060141      -0.0027471     0.0025038
-83.000         17.000         -20.000        0.0064231      -0.0033153     0.0031091
-81.000         17.000         -20.000        0.0067918      -0.0039711     0.0038017
-79.000         17.000         -20.000        0.0070765      -0.0047277     0.0046025
-77.000         17.000         -20.000        0.0072430      -0.0055799     0.0054926
-75.000         17.000         -20.000        0.0072232      -0.0065009     0.0065197
-73.000         17.000         -20.000        0.0069823      -0.0074591     0.0075211
-71.000         17.000         -20.000        0.0064737      -0.0084199     0.0085580
-69.000         17.000         -20.000        0.0056451      -0.0093118     0.0095036
-67.000         17.000         -20.000        0.0045590      -0.010024      0.010244
-65.000         17.000         -20.000        0.0032314      -0.010527      0.010680
-63.000         17.000         -20.000        0.0017503      -0.010729      0.010834
-61.000         17.000         -20.000        2.9560E-4      -0.010585      0.010685
-59.000         17.000         -20.000        -9.7978E-4     -0.010139      0.010086
-57.000         17.000         -20.000        -0.0020020     -0.0093899     0.0091672
-55.000         17.000         -20.000        -0.0026182     -0.0084679     0.0080917
-53.000         17.000         -20.000        -0.0027719     -0.0074879     0.0069153
-51.000         17.000         -20.000        -0.0025482     -0.0065049     0.0057798
-49.000         17.000         -20.000        -0.0019060     -0.0056326     0.0047239
-47.000         17.000         -20.000        -9.8896E-4     -0.0049526     0.0039268
-45.000         17.000         -20.000        1.3452E-4      -0.0044678     0.0033266
-43.000         17.000         -20.000        0.0014017      -0.0042124     0.0030192
-41.000         17.000         -20.000        0.0027259      -0.0042014     0.0029513
-39.000         17.000         -20.000        0.0040663      -0.0044229     0.0031324
-37.000         17.000         -20.000        0.0053863      -0.0048708     0.0035687
-35.000         17.000         -20.000        0.0066319      -0.0055361     0.0042115
-33.000         17.000         -20.000        0.0077768      -0.0064247     0.0051291
-31.000         17.000         -20.000        0.0087772      -0.0075469     0.0062757
-29.000         17.000         -20.000        0.0095643      -0.0088519     0.0076452
-27.000         17.000         -20.000        0.010064       -0.010333      0.0091751
-25.000         17.000         -20.000        0.010220       -0.011963      0.010823
-23.000         17.000         -20.000        0.0099275      -0.013638      0.012561
-21.000         17.000         -20.000        0.0092138      -0.015248      0.014235
-19.000         17.000         -20.000        0.0080839      -0.016734      0.015694
-17.000         17.000         -20.000        0.0065852      -0.017968      0.016879
-15.000         17.000         -20.000        0.0049769      -0.018877      0.017711
-13.000         17.000         -20.000        0.0032718      -0.019507      0.018142
-11.000         17.000         -20.000        0.0015866      -0.019850      0.018371
-9.0000         17.000         -20.000        6.6051E-7      -0.019944      0.018293
-7.0000         17.000         -20.000        -0.0014537     -0.019835      0.018020
-5.0000         17.000         -20.000        -0.0027782     -0.019557      0.017491
-3.0000         17.000         -20.000        -0.0039734     -0.019137      0.016960
-1.0000         17.000         -20.000        -0.0050523     -0.018578      0.016237
1.0000          17.000         -20.000        -0.0060417     -0.017882      0.015409
3.0000          17.000         -20.000        -0.0069116     -0.017056      0.014311
5.0000          17.000         -20.000        -0.0076810     -0.016128      0.013313
7.0000          17.000         -20.000        -0.0082974     -0.015056      0.012179
9.0000          17.000         -20.000        -0.0087524     -0.013832      0.010934
11.000          17.000         -20.000        -0.0089772     -0.012488      0.0093861
13.000          17.000         -20.000        -0.0089182     -0.011028      0.0078313
15.000          17.000         -20.000        -0.0084836     -0.0094855     0.0062787
17.000          17.000         -20.000        -0.0076188     -0.0079713     0.0047177
19.000          17.000         -20.000        -0.0063207     -0.0065499     0.0033068
21.000          17.000         -20.000        -0.0045579     -0.0053445     0.0021250
23.000          17.000         -20.000        -0.0024822     -0.0044576     0.0013743
25.000          17.000         -20.000        -1.9815E-4     -0.0039038     0.0010688
27.000          17.000         -20.000        0.0021485      -0.0037339     0.0012233
29.000          17.000         -20.000        0.0044761      -0.0039364     0.0018312
31.000          17.000         -20.000        0.0066829      -0.0044741     0.0029799
33.000          17.000         -20.000        0.0087202      -0.0052968     0.0044569
35.000          17.000         -20.000        0.010546       -0.0063795     0.0063642
37.000          17.000         -20.000        0.012033       -0.0076930     0.0086929
39.000          17.000         -20.000        0.013173       -0.0091582     0.011446
41.000          17.000         -20.000        0.013841       -0.010713      0.014665
43.000          17.000         -20.000        0.013891       -0.012258      0.018157
45.000          17.000         -20.000        0.013269       -0.013629      0.021738
47.000          17.000         -20.000        0.011792       -0.014688      0.025550
49.000          17.000         -20.000        0.0095750      -0.015317      0.029164
51.000          17.000         -20.000        0.0067338      -0.015354      0.031986
53.000          17.000         -20.000        0.0034113      -0.014785      0.034247
55.000          17.000         -20.000        4.7940E-5      -0.013887      0.035403
57.000          17.000         -20.000        -0.0031687     -0.012711      0.035817
59.000          17.000         -20.000        -0.0060600     -0.011534      0.035523
61.000          17.000         -20.000        -0.0085780     -0.010603      0.034722
63.000          17.000         -20.000        -0.010796      -0.0099852     0.033226
65.000          17.000         -20.000        -0.012844      -0.0097509     0.031641
67.000          17.000         -20.000        -0.014800      -0.0097447     0.029464
69.000          17.000         -20.000        -0.016800      -0.0098911     0.027065
71.000          17.000         -20.000        -0.018744      -0.010049      0.024172
73.000          17.000         -20.000        -0.020500      -0.0099268     0.020636
75.000          17.000         -20.000        -0.021845      -0.0093932     0.016735
77.000          17.000         -20.000        -0.022613      -0.0084422     0.012370
79.000          17.000         -20.000        -0.022536      -0.0070922     0.0083186
81.000          17.000         -20.000        -0.021674      -0.0054336     0.0043312
83.000          17.000         -20.000        -0.020119      -0.0037025     9.2062E-4
85.000          17.000         -20.000        -0.018076      -0.0020667     -0.0018406
87.000          17.000         -20.000        -0.015777      -6.1674E-4     -0.0039575
89.000          17.000         -20.000        -0.013473      5.3077E-4      -0.0052834
91.000          17.000         -20.000        -0.011266      0.0013995      -0.0061150
93.000          17.000         -20.000        -0.0092590     0.0020220      -0.0065871
95.000          17.000         -20.000        -0.0075079     0.0024313      -0.0067247
97.000          17.000         -20.000        -0.0059865     0.0026595      -0.0066395
99.000          17.000         -20.000        -0.0047167     0.0027660      -0.0064186
-99.000         19.000         -20.000        0.0031760      -8.0315E-4     3.6051E-4
-97.000         19.000         -20.000        0.0034564      -9.7146E-4     4.9498E-4
-95.000         19.000         -20.000        0.0037604      -0.0011730     6.6313E-4
-93.000         19.000         -20.000        0.0040857      -0.0014163     8.6538E-4
-91.000         19.000         -20.000        0.0044266      -0.0017020     0.0011116
-89.000         19.000         -20.000        0.0047834      -0.0020431     0.0014098
-87.000         19.000         -20.000        0.0051390      -0.0024510     0.0017717
-85.000         19.000         -20.000        0.0054953      -0.0029223     0.0021877
-83.000         19.000         -20.000        0.0058234      -0.0034731     0.0026691
-81.000         19.000         -20.000        0.0060947      -0.0041125     0.0032552
-79.000         19.000         -20.000        0.0062994      -0.0048160     0.0039021
-77.000         19.000         -20.000        0.0063937      -0.0055977     0.0046132
-75.000         19.000         -20.000        0.0063206      -0.0064412     0.0053767
-73.000         19.000         -20.000        0.0060683      -0.0072932     0.0061421
-71.000         19.000         -20.000        0.0056085      -0.0081265     0.0069233
-69.000         19.000         -20.000        0.0048879      -0.0088954     0.0076295
-67.000         19.000         -20.000        0.0039771      -0.0095017     0.0081382
-65.000         19.000         -20.000        0.0029004      -0.0099181     0.0084768
-63.000         19.000         -20.000        0.0017306      -0.010089      0.0085902
-61.000         19.000         -20.000        5.9412E-4      -0.0099844     0.0084259
-59.000         19.000         -20.000        -4.3703E-4     -0.0096060     0.0079578
-57.000         19.000         -20.000        -0.0012412     -0.0089991     0.0073043
-55.000         19.000         -20.000        -0.0017140     -0.0082457     0.0064792
-53.000         19.000         -20.000        -0.0018572     -0.0074323     0.0056247
-51.000         19.000         -20.000        -0.0016917     -0.0066123     0.0047469
-49.000         19.000         -20.000        -0.0011757     -0.0058801     0.0039931
-47.000         19.000         -20.000        -4.4428E-4     -0.0052958     0.0033621
-45.000         19.000         -20.000        4.6993E-4      -0.0048977     0.0029315
-43.000         19.000         -20.000        0.0015171      -0.0046905     0.0026684
-41.000         19.000         -20.000        0.0026344      -0.0047056     0.0026104
-39.000         19.000         -20.000        0.0037385      -0.0049154     0.0028085
-37.000         19.000         -20.000        0.0048404      -0.0053430     0.0031703
-35.000         19.000         -20.000        0.0058673      -0.0059841     0.0036876
-33.000         19.000         -20.000        0.0068153      -0.0068073     0.0044450
-31.000         19.000         -20.000        0.0076228      -0.0078324     0.0053462
-29.000         19.000         -20.000        0.0082054      -0.0090500     0.0064094
-27.000         19.000         -20.000        0.0085738      -0.010373      0.0075602
-25.000         19.000         -20.000        0.0086538      -0.011821      0.0088829
-23.000         19.000         -20.000        0.0083422      -0.013315      0.010158
-21.000         19.000         -20.000        0.0077274      -0.014723      0.011389
-19.000         19.000         -20.000        0.0067834      -0.016042      0.012465
-17.000         19.000         -20.000        0.0055847      -0.017145      0.013398
-15.000         19.000         -20.000        0.0042100      -0.017994      0.013998
-13.000         19.000         -20.000        0.0027761      -0.018553      0.014305
-11.000         19.000         -20.000        0.0013653      -0.018905      0.014470
-9.0000         19.000         -20.000        5.5731E-6      -0.019005      0.014409
-7.0000         19.000         -20.000        -0.0012698     -0.018923      0.014161
-5.0000         19.000         -20.000        -0.0024435     -0.018687      0.013804
-3.0000         19.000         -20.000        -0.0035048     -0.018296      0.013230
-1.0000         19.000         -20.000        -0.0044606     -0.017771      0.012638
1.0000          19.000         -20.000        -0.0053081     -0.017109      0.011939
3.0000          19.000         -20.000        -0.0060551     -0.016342      0.011147
5.0000          19.000         -20.000        -0.0066864     -0.015461      0.010292
7.0000          19.000         -20.000        -0.0071873     -0.014452      0.0092678
9.0000          19.000         -20.000        -0.0075052     -0.013315      0.0081594
11.000          19.000         -20.000        -0.0076200     -0.012074      0.0070220
13.000          19.000         -20.000        -0.0074898     -0.010754      0.0058236
15.000          19.000         -20.000        -0.0070106     -0.0093946     0.0045950
17.000          19.000         -20.000        -0.0062279     -0.0080922     0.0034468
19.000          19.000         -20.000        -0.0050700     -0.0068450     0.0024102
21.000          19.000         -20.000        -0.0035589     -0.0057900     0.0016191
23.000          19.000         -20.000        -0.0018215     -0.0050673     0.0011480
25.000          19.000         -20.000        1.1151E-4      -0.0046121     9.3278E-4
27.000          19.000         -20.000        0.0021078      -0.0045010     0.0011616
29.000          19.000         -20.000        0.0040970      -0.0047281     0.0017094
31.000          19.000         -20.000        0.0059995      -0.0052541     0.0026373
33.000          19.000         -20.000        0.0077532      -0.0060648     0.0039590
35.000          19.000         -20.000        0.0093437      -0.0071381     0.0055946
37.000          19.000         -20.000        0.010637       -0.0084208     0.0075467
39.000          19.000         -20.000        0.011646       -0.0098824     0.0098720
41.000          19.000         -20.000        0.012243       -0.011488      0.012581
43.000          19.000         -20.000        0.012345       -0.013082      0.015543
45.000          19.000         -20.000        0.011884       -0.014612      0.018653
47.000          19.000         -20.000        0.010766       -0.015957      0.021869
49.000          19.000         -20.000        0.0090240      -0.016998      0.024862
51.000          19.000         -20.000        0.0066295      -0.017490      0.027717
53.000          19.000         -20.000        0.0038621      -0.017586      0.029974
55.000          19.000         -20.000        8.9162E-4      -0.017351      0.031621
57.000          19.000         -20.000        -0.0021883     -0.016607      0.032200
59.000          19.000         -20.000        -0.0051101     -0.015814      0.032310
61.000          19.000         -20.000        -0.0078087     -0.015086      0.031992
63.000          19.000         -20.000        -0.010283      -0.014406      0.030577
65.000          19.000         -20.000        -0.012569      -0.013905      0.029039
67.000          19.000         -20.000        -0.014739      -0.013570      0.027041
69.000          19.000         -20.000        -0.016686      -0.013129      0.024283
71.000          19.000         -20.000        -0.018433      -0.012630      0.021127
73.000          19.000         -20.000        -0.019907      -0.011943      0.017656
75.000          19.000         -20.000        -0.020839      -0.010802      0.013948
77.000          19.000         -20.000        -0.021217      -0.0093569     0.0099248
79.000          19.000         -20.000        -0.020845      -0.0076581     0.0063054
81.000          19.000         -20.000        -0.019894      -0.0058550     0.0030263
83.000          19.000         -20.000        -0.018377      -0.0040252     1.3081E-4
85.000          19.000         -20.000        -0.016515      -0.0023728     -0.0021353
87.000          19.000         -20.000        -0.014486      -9.4977E-4     -0.0038042
89.000          19.000         -20.000        -0.012460      1.9971E-4      -0.0049422
91.000          19.000         -20.000        -0.010519      0.0010691      -0.0056441
93.000          19.000         -20.000        -0.0087492     0.0017071      -0.0060433
95.000          19.000         -20.000        -0.0071780     0.0021392      -0.0061650
97.000          19.000         -20.000        -0.0058049     0.0024045      -0.0060913
99.000          19.000         -20.000        -0.0046434     0.0025490      -0.0059026
-99.000         21.000         -20.000        0.0030193      -9.1181E-4     3.1717E-4
-97.000         21.000         -20.000        0.0032680      -0.0010877     4.3519E-4
-95.000         21.000         -20.000        0.0035362      -0.0012945     5.8404E-4
-93.000         21.000         -20.000        0.0038155      -0.0015419     7.6431E-4
-91.000         21.000         -20.000        0.0041125      -0.0018291     9.7448E-4
-89.000         21.000         -20.000        0.0044131      -0.0021664     0.0012281
-87.000         21.000         -20.000        0.0047170      -0.0025638     0.0015302
-85.000         21.000         -20.000        0.0049966      -0.0030179     0.0018843
-83.000         21.000         -20.000        0.0052520      -0.0035366     0.0022878
-81.000         21.000         -20.000        0.0054571      -0.0041299     0.0027519
-79.000         21.000         -20.000        0.0055854      -0.0047810     0.0032672
-77.000         21.000         -20.000        0.0056267      -0.0054821     0.0038224
-75.000         21.000         -20.000        0.0055157      -0.0062164     0.0044025
-73.000         21.000         -20.000        0.0052637      -0.0069749     0.0050165
-71.000         21.000         -20.000        0.0048581      -0.0076879     0.0055798
-69.000         21.000         -20.000        0.0042549      -0.0083301     0.0060681
-67.000         21.000         -20.000        0.0035058      -0.0088387     0.0063941
-65.000         21.000         -20.000        0.0026333      -0.0091875     0.0066850
-63.000         21.000         -20.000        0.0017075      -0.0093294     0.0066980
-61.000         21.000         -20.000        7.8914E-4      -0.0092529     0.0065566
-59.000         21.000         -20.000        3.6311E-6      -0.0089460     0.0062354
-57.000         21.000         -20.000        -6.1924E-4     -0.0084743     0.0057631
-55.000         21.000         -20.000        -9.9985E-4     -0.0078758     0.0051506
-53.000         21.000         -20.000        -0.0011092     -0.0072025     0.0045086
-51.000         21.000         -20.000        -9.8225E-4     -0.0065534     0.0038864
-49.000         21.000         -20.000        -5.8089E-4     -0.0059650     0.0033179
-47.000         21.000         -20.000        1.2214E-5      -0.0054812     0.0028632
-45.000         21.000         -20.000        7.4100E-4      -0.0051607     0.0025232
-43.000         21.000         -20.000        0.0015929      -0.0050065     0.0023517
-41.000         21.000         -20.000        0.0024890      -0.0050427     0.0023324
-39.000         21.000         -20.000        0.0034272      -0.0052495     0.0024733
-37.000         21.000         -20.000        0.0043244      -0.0056488     0.0027613
-35.000         21.000         -20.000        0.0051943      -0.0062384     0.0031979
-33.000         21.000         -20.000        0.0059319      -0.0069930     0.0037905
-31.000         21.000         -20.000        0.0065625      -0.0079116     0.0044884
-29.000         21.000         -20.000        0.0070189      -0.0089844     0.0053269
-27.000         21.000         -20.000        0.0072610      -0.010169      0.0061987
-25.000         21.000         -20.000        0.0072904      -0.011419      0.0071982
-23.000         21.000         -20.000        0.0069893      -0.012681      0.0081254
-21.000         21.000         -20.000        0.0064509      -0.013925      0.0090088
-19.000         21.000         -20.000        0.0056697      -0.015047      0.0098146
-17.000         21.000         -20.000        0.0046737      -0.015990      0.010486
-15.000         21.000         -20.000        0.0035401      -0.016730      0.010937
-13.000         21.000         -20.000        0.0023439      -0.017262      0.011190
-11.000         21.000         -20.000        0.0011380      -0.017568      0.011170
-9.0000         21.000         -20.000        -9.5611E-6     -0.017691      0.011195
-7.0000         21.000         -20.000        -0.0011098     -0.017626      0.011016
-5.0000         21.000         -20.000        -0.0021271     -0.017408      0.010675
-3.0000         21.000         -20.000        -0.0030578     -0.017050      0.010252
-1.0000         21.000         -20.000        -0.0038865     -0.016572      0.0097350
1.0000          21.000         -20.000        -0.0046257     -0.015972      0.0091545
3.0000          21.000         -20.000        -0.0052555     -0.015248      0.0084706
5.0000          21.000         -20.000        -0.0057720     -0.014436      0.0077250
7.0000          21.000         -20.000        -0.0061622     -0.013512      0.0069201
9.0000          21.000         -20.000        -0.0063853     -0.012492      0.0060263
11.000          21.000         -20.000        -0.0064166     -0.011400      0.0051396
13.000          21.000         -20.000        -0.0062241     -0.010242      0.0042234
15.000          21.000         -20.000        -0.0057742     -0.0090715     0.0032855
17.000          21.000         -20.000        -0.0050348     -0.0079510     0.0024570
19.000          21.000         -20.000        -0.0040176     -0.0069373     0.0017095
21.000          21.000         -20.000        -0.0027521     -0.0060995     0.0011502
23.000          21.000         -20.000        -0.0012684     -0.0054672     8.4041E-4
25.000          21.000         -20.000        3.3876E-4      -0.0051258     7.7831E-4
27.000          21.000         -20.000        0.0020231      -0.0050769     0.0010186
29.000          21.000         -20.000        0.0037062      -0.0053265     0.0015341
31.000          21.000         -20.000        0.0053264      -0.0058431     0.0023431
33.000          21.000         -20.000        0.0068189      -0.0066236     0.0034347
35.000          21.000         -20.000        0.0081431      -0.0076599     0.0047716
37.000          21.000         -20.000        0.0092763      -0.0088987     0.0064585
39.000          21.000         -20.000        0.010128       -0.010310      0.0084000
41.000          21.000         -20.000        0.010649       -0.011864      0.010565
43.000          21.000         -20.000        0.010729       -0.013462      0.012992
45.000          21.000         -20.000        0.010378       -0.015035      0.015548
47.000          21.000         -20.000        0.0094913      -0.016519      0.018301
49.000          21.000         -20.000        0.0080452      -0.017747      0.020780
51.000          21.000         -20.000        0.0060999      -0.018632      0.023271
53.000          21.000         -20.000        0.0037676      -0.019210      0.025368
55.000          21.000         -20.000        0.0011064      -0.019367      0.026714
57.000          21.000         -20.000        -0.0016895     -0.019134      0.027673
59.000          21.000         -20.000        -0.0044592     -0.018740      0.027948
61.000          21.000         -20.000        -0.0071823     -0.018216      0.027549
63.000          21.000         -20.000        -0.0096726     -0.017532      0.026648
65.000          21.000         -20.000        -0.011996      -0.016814      0.025055
67.000          21.000         -20.000        -0.014104      -0.016167      0.022815
69.000          21.000         -20.000        -0.016025      -0.015322      0.020529
71.000          21.000         -20.000        -0.017564      -0.014256      0.017604
73.000          21.000         -20.000        -0.018718      -0.013019      0.014395
75.000          21.000         -20.000        -0.019397      -0.011532      0.011123
77.000          21.000         -20.000        -0.019488      -0.0097458     0.0076839
79.000          21.000         -20.000        -0.018987      -0.0078702     0.0046291
81.000          21.000         -20.000        -0.018016      -0.0059721     0.0018387
83.000          21.000         -20.000        -0.016627      -0.0041735     -4.8476E-4
85.000          21.000         -20.000        -0.014993      -0.0025580     -0.0023044
87.000          21.000         -20.000        -0.013244      -0.0011894     -0.0036596
89.000          21.000         -20.000        -0.011457      -8.0899E-5     -0.0046106
91.000          21.000         -20.000        -0.0097706     7.7551E-4      -0.0051920
93.000          21.000         -20.000        -0.0082060     0.0014085      -0.0055043
95.000          21.000         -20.000        -0.0068184     0.0018603      -0.0056345
97.000          21.000         -20.000        -0.0055852     0.0021524      -0.0055948
99.000          21.000         -20.000        -0.0045375     0.0023306      -0.0054409
-99.000         23.000         -20.000        0.0028565      -0.0010012     2.7116E-4
-97.000         23.000         -20.000        0.0030759      -0.0011794     3.7566E-4
-95.000         23.000         -20.000        0.0033101      -0.0013864     5.0388E-4
-93.000         23.000         -20.000        0.0035542      -0.0016298     6.5945E-4
-91.000         23.000         -20.000        0.0038032      -0.0019133     8.4274E-4
-89.000         23.000         -20.000        0.0040542      -0.0022396     0.0010563
-87.000         23.000         -20.000        0.0043006      -0.0026148     0.0013099
-85.000         23.000         -20.000        0.0045216      -0.0030486     0.0015988
-83.000         23.000         -20.000        0.0047183      -0.0035269     0.0019246
-81.000         23.000         -20.000        0.0048656      -0.0040622     0.0022947
-79.000         23.000         -20.000        0.0049407      -0.0046565     0.0027121
-77.000         23.000         -20.000        0.0049415      -0.0052705     0.0031325
-75.000         23.000         -20.000        0.0048225      -0.0059141     0.0035779
-73.000         23.000         -20.000        0.0045852      -0.0065591     0.0040022
-71.000         23.000         -20.000        0.0042226      -0.0071677     0.0044422
-69.000         23.000         -20.000        0.0037166      -0.0076943     0.0047893
-67.000         23.000         -20.000        0.0031051      -0.0081306     0.0050529
-65.000         23.000         -20.000        0.0024069      -0.0084083     0.0052055
-63.000         23.000         -20.000        0.0016769      -0.0085274     0.0052160
-61.000         23.000         -20.000        9.5817E-4      -0.0084744     0.0051067
-59.000         23.000         -20.000        3.4811E-4      -0.0082360     0.0048145
-57.000         23.000         -20.000        -1.3308E-4     -0.0078781     0.0045001
-55.000         23.000         -20.000        -4.3018E-4     -0.0074113     0.0040685
-53.000         23.000         -20.000        -5.1785E-4     -0.0068814     0.0035850
-51.000         23.000         -20.000        -4.1593E-4     -0.0063750     0.0031423
-49.000         23.000         -20.000        -9.7569E-5     -0.0059180     0.0027342
-47.000         23.000         -20.000        3.6210E-4      -0.0055387     0.0023804
-45.000         23.000         -20.000        9.5326E-4      -0.0052897     0.0021481
-43.000         23.000         -20.000        0.0016399      -0.0051854     0.0020259
-41.000         23.000         -20.000        0.0023718      -0.0052340     0.0020182
-39.000         23.000         -20.000        0.0031255      -0.0054478     0.0021259
-37.000         23.000         -20.000        0.0038534      -0.0058161     0.0023644
-35.000         23.000         -20.000        0.0045452      -0.0063385     0.0027140
-33.000         23.000         -20.000        0.0051355      -0.0070262     0.0031826
-31.000         23.000         -20.000        0.0056259      -0.0078307     0.0037162
-29.000         23.000         -20.000        0.0059624      -0.0087609     0.0043513
-27.000         23.000         -20.000        0.0061228      -0.0097895     0.0050228
-25.000         23.000         -20.000        0.0060950      -0.010862      0.0057523
-23.000         23.000         -20.000        0.0058264      -0.011933      0.0064573
-21.000         23.000         -20.000        0.0053669      -0.012975      0.0071143
-19.000         23.000         -20.000        0.0046915      -0.013924      0.0077043
-17.000         23.000         -20.000        0.0038705      -0.014731      0.0081323
-15.000         23.000         -20.000        0.0029473      -0.015362      0.0084530
-13.000         23.000         -20.000        0.0019609      -0.015830      0.0086747
-11.000         23.000         -20.000        9.5764E-4      -0.016109      0.0087534
-9.0000         23.000         -20.000        -5.4960E-5     -0.016216      0.0086653
-7.0000         23.000         -20.000        -9.8436E-4     -0.016156      0.0084802
-5.0000         23.000         -20.000        -0.0018581     -0.015968      0.0082121
-3.0000         23.000         -20.000        -0.0026546     -0.015646      0.0078424
-1.0000         23.000         -20.000        -0.0033675     -0.015215      0.0074567
1.0000          23.000         -20.000        -0.0040061     -0.014670      0.0069275
3.0000          23.000         -20.000        -0.0045363     -0.014025      0.0063636
5.0000          23.000         -20.000        -0.0049448     -0.013282      0.0057558
7.0000          23.000         -20.000        -0.0052406     -0.012459      0.0051078
9.0000          23.000         -20.000        -0.0053866     -0.011567      0.0044046
11.000          23.000         -20.000        -0.0053643     -0.010606      0.0036795
13.000          23.000         -20.000        -0.0051442     -0.0096169     0.0029905
15.000          23.000         -20.000        -0.0047169     -0.0086392     0.0023112
17.000          23.000         -20.000        -0.0040602     -0.0077089     0.0016983
19.000          23.000         -20.000        -0.0031784     -0.0068737     0.0011626
21.000          23.000         -20.000        -0.0020946     -0.0061998     7.8869E-4
23.000          23.000         -20.000        -8.4023E-4     -0.0057180     6.0741E-4
25.000          23.000         -20.000        5.1773E-4      -0.0054805     5.9322E-4
27.000          23.000         -20.000        0.0019083      -0.0054847     8.4849E-4
29.000          23.000         -20.000        0.0033201      -0.0057454     0.0013147
31.000          23.000         -20.000        0.0046694      -0.0062604     0.0020011
33.000          23.000         -20.000        0.0059282      -0.0069991     0.0029315
35.000          23.000         -20.000        0.0070642      -0.0079661     0.0040652
37.000          23.000         -20.000        0.0079785      -0.0091459     0.0054516
39.000          23.000         -20.000        0.0086797      -0.010460      0.0070173
41.000          23.000         -20.000        0.0090996      -0.011926      0.0088282
43.000          23.000         -20.000        0.0091377      -0.013466      0.010774
45.000          23.000         -20.000        0.0088450      -0.014999      0.012796
47.000          23.000         -20.000        0.0080869      -0.016465      0.014874
49.000          23.000         -20.000        0.0068620      -0.017793      0.017068
51.000          23.000         -20.000        0.0052800      -0.018877      0.019015
53.000          23.000         -20.000        0.0032658      -0.019677      0.020485
55.000          23.000         -20.000        9.3719E-4      -0.020109      0.021832
57.000          23.000         -20.000        -0.0015294     -0.020250      0.022841
59.000          23.000         -20.000        -0.0040441     -0.020129      0.023007
61.000          23.000         -20.000        -0.0066102     -0.019666      0.022846
63.000          23.000         -20.000        -0.0090025     -0.019093      0.022003
65.000          23.000         -20.000        -0.011199      -0.018303      0.020666
67.000          23.000         -20.000        -0.013192      -0.017324      0.018601
69.000          23.000         -20.000        -0.014916      -0.016210      0.016516
71.000          23.000         -20.000        -0.016270      -0.014846      0.013970
73.000          23.000         -20.000        -0.017160      -0.013285      0.011043
75.000          23.000         -20.000        -0.017653      -0.011574      0.0083399
77.000          23.000         -20.000        -0.017617      -0.0096821     0.0056524
79.000          23.000         -20.000        -0.017077      -0.0077700     0.0030558
81.000          23.000         -20.000        -0.016181      -0.0059075     8.9963E-4
83.000          23.000         -20.000        -0.014957      -0.0041838     -9.8776E-4
85.000          23.000         -20.000        -0.013531      -0.0026705     -0.0024013
87.000          23.000         -20.000        -0.012035      -0.0013604     -0.0035237
89.000          23.000         -20.000        -0.010495      -3.0523E-4     -0.0042882
91.000          23.000         -20.000        -0.0090371     5.1829E-4      -0.0047936
93.000          23.000         -20.000        -0.0076769     0.0011437      -0.0050381
95.000          23.000         -20.000        -0.0064483     0.0015962      -0.0051362
97.000          23.000         -20.000        -0.0053492     0.0019060      -0.0051302
99.000          23.000         -20.000        -0.0044020     0.0021019      -0.0049942
-99.000         25.000         -20.000        0.0026921      -0.0010693     2.2710E-4
-97.000         25.000         -20.000        0.0028861      -0.0012429     3.1458E-4
-95.000         25.000         -20.000        0.0030890      -0.0014500     4.3221E-4
-93.000         25.000         -20.000        0.0032980      -0.0016861     5.6337E-4
-91.000         25.000         -20.000        0.0035060      -0.0019547     7.1218E-4
-89.000         25.000         -20.000        0.0037135      -0.0022688     8.9625E-4
-87.000         25.000         -20.000        0.0039100      -0.0026200     0.0011017
-85.000         25.000         -20.000        0.0040841      -0.0030168     0.0013379
-83.000         25.000         -20.000        0.0042296      -0.0034562     0.0016001
-81.000         25.000         -20.000        0.0043340      -0.0039401     0.0018939
-79.000         25.000         -20.000        0.0043740      -0.0044587     0.0022127
-77.000         25.000         -20.000        0.0043437      -0.0050039     0.0025316
-75.000         25.000         -20.000        0.0042232      -0.0055578     0.0028797
-73.000         25.000         -20.000        0.0040061      -0.0061004     0.0032080
-71.000         25.000         -20.000        0.0036896      -0.0066146     0.0035036
-69.000         25.000         -20.000        0.0032715      -0.0070571     0.0037517
-67.000         25.000         -20.000        0.0027750      -0.0074084     0.0039511
-65.000         25.000         -20.000        0.0022173      -0.0076526     0.0040436
-63.000         25.000         -20.000        0.0016458      -0.0077546     0.0040577
-61.000         25.000         -20.000        0.0010926      -0.0077154     0.0039648
-59.000         25.000         -20.000        6.1830E-4      -0.0075488     0.0037729
-57.000         25.000         -20.000        2.4385E-4      -0.0072724     0.0034962
-55.000         25.000         -20.000        9.5558E-6      -0.0069109     0.0031710
-53.000         25.000         -20.000        -5.5498E-5     -0.0065174     0.0028496
-51.000         25.000         -20.000        2.7593E-5      -0.0061196     0.0025149
-49.000         25.000         -20.000        2.6866E-4      -0.0057684     0.0022125
-47.000         25.000         -20.000        6.3870E-4      -0.0054895     0.0019705
-45.000         25.000         -20.000        0.0011075      -0.0052988     0.0017965
-43.000         25.000         -20.000        0.0016561      -0.0052468     0.0017134
-41.000         25.000         -20.000        0.0022435      -0.0053149     0.0017193
-39.000         25.000         -20.000        0.0028417      -0.0055097     0.0017991
-37.000         25.000         -20.000        0.0034264      -0.0058515     0.0019956
-35.000         25.000         -20.000        0.0039706      -0.0063264     0.0022620
-33.000         25.000         -20.000        0.0044318      -0.0069224     0.0026229
-31.000         25.000         -20.000        0.0048030      -0.0076276     0.0030506
-29.000         25.000         -20.000        0.0050551      -0.0084348     0.0035281
-27.000         25.000         -20.000        0.0051487      -0.0092997     0.0040318
-25.000         25.000         -20.000        0.0050913      -0.010188      0.0045357
-23.000         25.000         -20.000        0.0048535      -0.011123      0.0050898
-21.000         25.000         -20.000        0.0044450      -0.011988      0.0055667
-19.000         25.000         -20.000        0.0038913      -0.012772      0.0059827
-17.000         25.000         -20.000        0.0032119      -0.013450      0.0063032
-15.000         25.000         -20.000        0.0024294      -0.013992      0.0064557
-13.000         25.000         -20.000        0.0016115      -0.014396      0.0066691
-11.000         25.000         -20.000        7.6831E-4      -0.014623      0.0066996
-9.0000         25.000         -20.000        -6.4167E-5     -0.014720      0.0066092
-7.0000         25.000         -20.000        -8.6694E-4     -0.014687      0.0064662
-5.0000         25.000         -20.000        -0.0016111     -0.014523      0.0062201
-3.0000         25.000         -20.000        -0.0022947     -0.014219      0.0059295
-1.0000         25.000         -20.000        -0.0029056     -0.013836      0.0055668
1.0000          25.000         -20.000        -0.0034339     -0.013348      0.0051528
3.0000          25.000         -20.000        -0.0038735     -0.012782      0.0047172
5.0000          25.000         -20.000        -0.0042034     -0.012121      0.0041688
7.0000          25.000         -20.000        -0.0044326     -0.011402      0.0036889
9.0000          25.000         -20.000        -0.0045192     -0.010626      0.0031390
11.000          25.000         -20.000        -0.0044581     -0.0098070     0.0025977
13.000          25.000         -20.000        -0.0042402     -0.0089854     0.0020680
15.000          25.000         -20.000        -0.0038173     -0.0081541     0.0015167
17.000          25.000         -20.000        -0.0032564     -0.0073867     0.0010800
19.000          25.000         -20.000        -0.0024922     -0.0067411     7.2417E-4
21.000          25.000         -20.000        -0.0015774     -0.0062226     5.0044E-4
23.000          25.000         -20.000        -5.4135E-4     -0.0058570     3.8845E-4
25.000          25.000         -20.000        6.0474E-4      -0.0056933     4.3419E-4
27.000          25.000         -20.000        0.0017624      -0.0057356     6.5178E-4
29.000          25.000         -20.000        0.0029349      -0.0060097     0.0010485
31.000          25.000         -20.000        0.0040668      -0.0064913     0.0016581
33.000          25.000         -20.000        0.0051036      -0.0071975     0.0024187
35.000          25.000         -20.000        0.0060330      -0.0080925     0.0033567
37.000          25.000         -20.000        0.0067744      -0.0091645     0.0044776
39.000          25.000         -20.000        0.0073266      -0.010384      0.0057355
41.000          25.000         -20.000        0.0076442      -0.011728      0.0071839
43.000          25.000         -20.000        0.0076513      -0.013149      0.0087358
45.000          25.000         -20.000        0.0073617      -0.014598      0.010310
47.000          25.000         -20.000        0.0066961      -0.015981      0.012019
49.000          25.000         -20.000        0.0056596      -0.017268      0.013650
51.000          25.000         -20.000        0.0042894      -0.018425      0.015161
53.000          25.000         -20.000        0.0025562      -0.019250      0.016531
55.000          25.000         -20.000        5.7586E-4      -0.019831      0.017495
57.000          25.000         -20.000        -0.0015905     -0.020158      0.018196
59.000          25.000         -20.000        -0.0038499     -0.020122      0.018317
61.000          25.000         -20.000        -0.0061054     -0.019783      0.018208
63.000          25.000         -20.000        -0.0082785     -0.019240      0.017421
65.000          25.000         -20.000        -0.010313      -0.018434      0.016199
67.000          25.000         -20.000        -0.012089      -0.017337      0.014657
69.000          25.000         -20.000        -0.013587      -0.016076      0.012783
71.000          25.000         -20.000        -0.014743      -0.014634      0.010701
73.000          25.000         -20.000        -0.015470      -0.012919      0.0083118
75.000          25.000         -20.000        -0.015793      -0.011130      0.0060996
77.000          25.000         -20.000        -0.015704      -0.0092743     0.0039009
79.000          25.000         -20.000        -0.015221      -0.0074476     0.0018988
81.000          25.000         -20.000        -0.014426      -0.0056934     1.5284E-4
83.000          25.000         -20.000        -0.013376      -0.0040812     -0.0013116
85.000          25.000         -20.000        -0.012164      -0.0026655     -0.0024855
87.000          25.000         -20.000        -0.010888      -0.0014686     -0.0033564
89.000          25.000         -20.000        -0.0095877     -4.7789E-4     -0.0039785
91.000          25.000         -20.000        -0.0083300     3.1209E-4      -0.0043763
93.000          25.000         -20.000        -0.0071481     9.0758E-4      -0.0046069
95.000          25.000         -20.000        -0.0060727     0.0013565      -0.0046967
97.000          25.000         -20.000        -0.0050962     0.0016859      -0.0046938
99.000          25.000         -20.000        -0.0042439     0.0018842      -0.0045877
-99.000         27.000         -20.000        0.0025292      -0.0011190     1.8429E-4
-97.000         27.000         -20.000        0.0026996      -0.0012926     2.6150E-4
-95.000         27.000         -20.000        0.0028731      -0.0014905     3.5826E-4
-93.000         27.000         -20.000        0.0030500      -0.0017160     4.6834E-4
-91.000         27.000         -20.000        0.0032248      -0.0019735     5.9922E-4
-89.000         27.000         -20.000        0.0033932      -0.0022663     7.4777E-4
-87.000         27.000         -20.000        0.0035486      -0.0025900     9.1286E-4
-85.000         27.000         -20.000        0.0036836      -0.0029504     0.0011006
-83.000         27.000         -20.000        0.0037924      -0.0033522     0.0013170
-81.000         27.000         -20.000        0.0038588      -0.0037803     0.0015489
-79.000         27.000         -20.000        0.0038731      -0.0042291     0.0017865
-77.000         27.000         -20.000        0.0038340      -0.0047059     0.0020443
-75.000         27.000         -20.000        0.0037105      -0.0051814     0.0022986
-73.000         27.000         -20.000        0.0035194      -0.0056340     0.0025365
-71.000         27.000         -20.000        0.0032500      -0.0060626     0.0027593
-69.000         27.000         -20.000        0.0029007      -0.0064375     0.0029407
-67.000         27.000         -20.000        0.0024989      -0.0067268     0.0030668
-65.000         27.000         -20.000        0.0020596      -0.0069216     0.0031228
-63.000         27.000         -20.000        0.0016055      -0.0070187     0.0031306
-61.000         27.000         -20.000        0.0011814      -0.0070044     0.0030595
-59.000         27.000         -20.000        8.1574E-4      -0.0068935     0.0029093
-57.000         27.000         -20.000        5.2254E-4      -0.0066790     0.0027134
-55.000         27.000         -20.000        3.4458E-4      -0.0064147     0.0024796
-53.000         27.000         -20.000        2.9373E-4      -0.0061299     0.0022426
-51.000         27.000         -20.000        3.5424E-4      -0.0058294     0.0020050
-49.000         27.000         -20.000        5.4887E-4      -0.0055650     0.0017768
-47.000         27.000         -20.000        8.3692E-4      -0.0053716     0.0016076
-45.000         27.000         -20.000        0.0012075      -0.0052479     0.0014793
-43.000         27.000         -20.000        0.0016451      -0.0052188     0.0014179
-41.000         27.000         -20.000        0.0021115      -0.0053043     0.0014296
-39.000         27.000         -20.000        0.0025823      -0.0054993     0.0015122
-37.000         27.000         -20.000        0.0030450      -0.0058099     0.0016634
-35.000         27.000         -20.000        0.0034753      -0.0062234     0.0018738
-33.000         27.000         -20.000        0.0038177      -0.0067362     0.0021402
-31.000         27.000         -20.000        0.0041034      -0.0073577     0.0024720
-29.000         27.000         -20.000        0.0042749      -0.0080389     0.0028311
-27.000         27.000         -20.000        0.0043291      -0.0087730     0.0032047
-25.000         27.000         -20.000        0.0042499      -0.0095306     0.0035880
-23.000         27.000         -20.000        0.0040333      -0.010291      0.0039911
-21.000         27.000         -20.000        0.0036848      -0.011013      0.0043432
-19.000         27.000         -20.000        0.0032230      -0.011665      0.0046364
-17.000         27.000         -20.000        0.0026561      -0.012228      0.0048717
-15.000         27.000         -20.000        0.0020041      -0.012682      0.0050347
-13.000         27.000         -20.000        0.0013135      -0.013017      0.0051093
-11.000         27.000         -20.000        6.0447E-4      -0.013223      0.0051153
-9.0000         27.000         -20.000        -8.2525E-5     -0.013301      0.0050538
-7.0000         27.000         -20.000        -7.5847E-4     -0.013262      0.0048990
-5.0000         27.000         -20.000        -0.0013968     -0.013113      0.0047115
-3.0000         27.000         -20.000        -0.0019839     -0.012861      0.0044651
-1.0000         27.000         -20.000        -0.0024956     -0.012520      0.0041419
1.0000          27.000         -20.000        -0.0029370     -0.012095      0.0038294
3.0000          27.000         -20.000        -0.0032967     -0.011591      0.0034438
5.0000          27.000         -20.000        -0.0035652     -0.011021      0.0030500
7.0000          27.000         -20.000        -0.0037357     -0.010400      0.0026225
9.0000          27.000         -20.000        -0.0037818     -0.0097335     0.0021908
11.000          27.000         -20.000        -0.0037012     -0.0090449     0.0017762
13.000          27.000         -20.000        -0.0034870     -0.0083510     0.0013375
15.000          27.000         -20.000        -0.0031183     -0.0076817     9.7095E-4
17.000          27.000         -20.000        -0.0026068     -0.0070654     6.4089E-4
19.000          27.000         -20.000        -0.0019557     -0.0065381     3.8242E-4
21.000          27.000         -20.000        -0.0011905     -0.0061333     2.3635E-4
23.000          27.000         -20.000        -3.2387E-4     -0.0058701     1.7831E-4
25.000          27.000         -20.000        6.2624E-4      -0.0057764     2.4821E-4
27.000          27.000         -20.000        0.0015903      -0.0058680     4.7027E-4
29.000          27.000         -20.000        0.0025594      -0.0061473     8.2182E-4
31.000          27.000         -20.000        0.0034873      -0.0066089     0.0013188
33.000          27.000         -20.000        0.0043402      -0.0072598     0.0019585
35.000          27.000         -20.000        0.0050969      -0.0080718     0.0027181
37.000          27.000         -20.000        0.0056781      -0.0090428     0.0036004
39.000          27.000         -20.000        0.0061080      -0.010153      0.0046376
41.000          27.000         -20.000        0.0063284      -0.011352      0.0057582
43.000          27.000         -20.000        0.0062825      -0.012611      0.0069844
45.000          27.000         -20.000        0.0059955      -0.013924      0.0081765
47.000          27.000         -20.000        0.0053895      -0.015195      0.0095489
49.000          27.000         -20.000        0.0044877      -0.016366      0.010783
51.000          27.000         -20.000        0.0032983      -0.017420      0.011966
53.000          27.000         -20.000        0.0018014      -0.018263      0.012950
55.000          27.000         -20.000        1.1720E-4      -0.018859      0.013650
57.000          27.000         -20.000        -0.0017423     -0.019197      0.014096
59.000          27.000         -20.000        -0.0037285     -0.019242      0.014271
61.000          27.000         -20.000        -0.0056895     -0.018965      0.013996
63.000          27.000         -20.000        -0.0075765     -0.018427      0.013253
65.000          27.000         -20.000        -0.0093554     -0.017620      0.012392
67.000          27.000         -20.000        -0.010904      -0.016532      0.011046
69.000          27.000         -20.000        -0.012172      -0.015255      0.0095744
71.000          27.000         -20.000        -0.013157      -0.013751      0.0078776
73.000          27.000         -20.000        -0.013748      -0.012133      0.0060296
75.000          27.000         -20.000        -0.014002      -0.010435      0.0042541
77.000          27.000         -20.000        -0.013924      -0.0086944     0.0025202
79.000          27.000         -20.000        -0.013479      -0.0069793     9.2761E-4
81.000          27.000         -20.000        -0.012815      -0.0053926     -4.0136E-4
83.000          27.000         -20.000        -0.011930      -0.0039342     -0.0015929
85.000          27.000         -20.000        -0.010907      -0.0026302     -0.0024775
87.000          27.000         -20.000        -0.0098214     -0.0015316     -0.0032086
89.000          27.000         -20.000        -0.0087387     -6.2229E-4     -0.0036730
91.000          27.000         -20.000        -0.0076615     1.1666E-4      -0.0039962
93.000          27.000         -20.000        -0.0066386     6.9868E-4      -0.0042198
95.000          27.000         -20.000        -0.0056987     0.0011375      -0.0042892
97.000          27.000         -20.000        -0.0048393     0.0014556      -0.0042793
99.000          27.000         -20.000        -0.0040708     0.0016769      -0.0042007
-99.000         29.000         -20.000        0.0023700      -0.0011522     1.4182E-4
-97.000         29.000         -20.000        0.0025180      -0.0013197     2.0924E-4
-95.000         29.000         -20.000        0.0026666      -0.0015095     2.9050E-4
-93.000         29.000         -20.000        0.0028156      -0.0017236     3.8159E-4
-91.000         29.000         -20.000        0.0029604      -0.0019641     4.8921E-4
-89.000         29.000         -20.000        0.0030976      -0.0022339     6.1139E-4
-87.000         29.000         -20.000        0.0032186      -0.0025328     7.3782E-4
-85.000         29.000         -20.000        0.0033255      -0.0028585     9.0262E-4
-83.000         29.000         -20.000        0.0034033      -0.0032142     0.0010691
-81.000         29.000         -20.000        0.0034418      -0.0035940     0.0012477
-79.000         29.000         -20.000        0.0034410      -0.0039869     0.0014323
-77.000         29.000         -20.000        0.0033938      -0.0043948     0.0016278
-75.000         29.000         -20.000        0.0032769      -0.0048016     0.0018178
-73.000         29.000         -20.000        0.0031089      -0.0051840     0.0019961
-71.000         29.000         -20.000        0.0028841      -0.0055428     0.0021557
-69.000         29.000         -20.000        0.0025951      -0.0058538     0.0022815
-67.000         29.000         -20.000        0.0022688      -0.0060951     0.0023583
-65.000         29.000         -20.000        0.0019221      -0.0062657     0.0024103
-63.000         29.000         -20.000        0.0015686      -0.0063524     0.0024041
-61.000         29.000         -20.000        0.0012390      -0.0063521     0.0023355
-59.000         29.000         -20.000        9.4800E-4      -0.0062774     0.0022363
-57.000         29.000         -20.000        7.2427E-4      -0.0061335     0.0020988
-55.000         29.000         -20.000        5.9235E-4      -0.0059367     0.0019177
-53.000         29.000         -20.000        5.4763E-4      -0.0057336     0.0017468
-51.000         29.000         -20.000        5.9361E-4      -0.0055214     0.0015768
-49.000         29.000         -20.000        7.4960E-4      -0.0053299     0.0014149
-47.000         29.000         -20.000        9.7234E-4      -0.0051973     0.0012883
-45.000         29.000         -20.000        0.0012610      -0.0051250     0.0012009
-43.000         29.000         -20.000        0.0016033      -0.0051289     0.0011642
-41.000         29.000         -20.000        0.0019717      -0.0052247     0.0011769
-39.000         29.000         -20.000        0.0023415      -0.0054083     0.0012409
-37.000         29.000         -20.000        0.0027005      -0.0056863     0.0013577
-35.000         29.000         -20.000        0.0030327      -0.0060541     0.0015201
-33.000         29.000         -20.000        0.0032977      -0.0065002     0.0017373
-31.000         29.000         -20.000        0.0035011      -0.0070233     0.0019739
-29.000         29.000         -20.000        0.0036234      -0.0075944     0.0022501
-27.000         29.000         -20.000        0.0036390      -0.0082196     0.0025357
-25.000         29.000         -20.000        0.0035522      -0.0088535     0.0028103
-23.000         29.000         -20.000        0.0033603      -0.0094821     0.0030993
-21.000         29.000         -20.000        0.0030615      -0.010079      0.0033419
-19.000         29.000         -20.000        0.0026591      -0.010615      0.0035540
-17.000         29.000         -20.000        0.0021824      -0.011084      0.0037244
-15.000         29.000         -20.000        0.0016479      -0.011457      0.0038332
-13.000         29.000         -20.000        0.0010769      -0.011737      0.0038783
-11.000         29.000         -20.000        4.8830E-4      -0.011907      0.0038741
-9.0000         29.000         -20.000        -1.1365E-4     -0.011972      0.0037983
-7.0000         29.000         -20.000        -6.7774E-4     -0.011937      0.0036735
-5.0000         29.000         -20.000        -0.0012110     -0.011812      0.0035115
-3.0000         29.000         -20.000        -0.0016987     -0.011586      0.0032907
-1.0000         29.000         -20.000        -0.0021330     -0.011290      0.0030380
1.0000          29.000         -20.000        -0.0025103     -0.010934      0.0027566
3.0000          29.000         -20.000        -0.0028007     -0.010488      0.0024678
5.0000          29.000         -20.000        -0.0030128     -0.0099970     0.0021425
7.0000          29.000         -20.000        -0.0031349     -0.0094655     0.0018155
9.0000          29.000         -20.000        -0.0031595     -0.0089054     0.0014579
11.000          29.000         -20.000        -0.0030705     -0.0083311     0.0011342
13.000          29.000         -20.000        -0.0028620     -0.0077601     8.1596E-4
15.000          29.000         -20.000        -0.0025373     -0.0072166     5.3773E-4
17.000          29.000         -20.000        -0.0020989     -0.0067231     2.9735E-4
19.000          29.000         -20.000        -0.0015548     -0.0063097     1.1294E-4
21.000          29.000         -20.000        -8.8897E-4     -0.0060025     2.3364E-5
23.000          29.000         -20.000        -1.6932E-4     -0.0058263     1.0393E-5
25.000          29.000         -20.000        6.0377E-4      -0.0057881     1.0559E-4
27.000          29.000         -20.000        0.0013982      -0.0059001     2.8838E-4
29.000          29.000         -20.000        0.0021976      -0.0061719     5.7604E-4
31.000          29.000         -20.000        0.0029503      -0.0066040     0.0010061
33.000          29.000         -20.000        0.0036377      -0.0071958     0.0015210
35.000          29.000         -20.000        0.0042410      -0.0079303     0.0021418
37.000          29.000         -20.000        0.0046992      -0.0087906     0.0028742
39.000          29.000         -20.000        0.0050147      -0.0097729     0.0036851
41.000          29.000         -20.000        0.0051431      -0.010844      0.0045701
43.000          29.000         -20.000        0.0050728      -0.011948      0.0055120
45.000          29.000         -20.000        0.0047960      -0.013091      0.0064908
47.000          29.000         -20.000        0.0042208      -0.014215      0.0074518
49.000          29.000         -20.000        0.0034302      -0.015253      0.0083506
51.000          29.000         -20.000        0.0023971      -0.016172      0.0092544
53.000          29.000         -20.000        0.0011124      -0.016929      0.0099521
55.000          29.000         -20.000        -3.3010E-4     -0.017479      0.010478
57.000          29.000         -20.000        -0.0019275     -0.017768      0.010761
59.000          29.000         -20.000        -0.0036076     -0.017809      0.010813
61.000          29.000         -20.000        -0.0053033     -0.017581      0.010577
63.000          29.000         -20.000        -0.0069179     -0.017048      0.0099770
65.000          29.000         -20.000        -0.0084227     -0.016270      0.0092714
67.000          29.000         -20.000        -0.0097383     -0.015258      0.0081795
69.000          29.000         -20.000        -0.010815      -0.014051      0.0069181
71.000          29.000         -20.000        -0.011649      -0.012660      0.0056351
73.000          29.000         -20.000        -0.012135      -0.011151      0.0041927
75.000          29.000         -20.000        -0.012333      -0.0095829     0.0028065
77.000          29.000         -20.000        -0.012262      -0.0080063     0.0014743
79.000          29.000         -20.000        -0.011898      -0.0064617     2.6121E-4
81.000          29.000         -20.000        -0.011344      -0.0050431     -8.1943E-4
83.000          29.000         -20.000        -0.010621      -0.0037228     -0.0017325
85.000          29.000         -20.000        -0.0097731     -0.0025523     -0.0024521
87.000          29.000         -20.000        -0.0088585     -0.0015538     -0.0030251
89.000          29.000         -20.000        -0.0079402     -7.1763E-4     -0.0034138
91.000          29.000         -20.000        -0.0070228     -2.7918E-5     -0.0037001
93.000          29.000         -20.000        -0.0061479     5.1765E-4      -0.0038573
95.000          29.000         -20.000        -0.0053246     9.4196E-4      -0.0039217
97.000          29.000         -20.000        -0.0045671     0.0012570      -0.0039211
99.000          29.000         -20.000        -0.0038869     0.0014838      -0.0038388
-99.000         31.000         -20.000        0.0022179      -0.0011726     1.0287E-4
-97.000         31.000         -20.000        0.0023444      -0.0013323     1.6000E-4
-95.000         31.000         -20.000        0.0024699      -0.0015106     2.2573E-4
-93.000         31.000         -20.000        0.0025944      -0.0017132     3.0478E-4
-91.000         31.000         -20.000        0.0027156      -0.0019358     3.9267E-4
-89.000         31.000         -20.000        0.0028261      -0.0021824     4.9073E-4
-87.000         31.000         -20.000        0.0029255      -0.0024534     6.0509E-4
-85.000         31.000         -20.000        0.0030027      -0.0027476     7.2634E-4
-83.000         31.000         -20.000        0.0030579      -0.0030621     8.5169E-4
-81.000         31.000         -20.000        0.0030797      -0.0033908     9.9475E-4
-79.000         31.000         -20.000        0.0030667      -0.0037406     0.0011406
-77.000         31.000         -20.000        0.0030166      -0.0040882     0.0012834
-75.000         31.000         -20.000        0.0029114      -0.0044295     0.0014223
-73.000         31.000         -20.000        0.0027646      -0.0047620     0.0015627
-71.000         31.000         -20.000        0.0025761      -0.0050592     0.0016718
-69.000         31.000         -20.000        0.0023418      -0.0053186     0.0017568
-67.000         31.000         -20.000        0.0020809      -0.0055259     0.0018211
-65.000         31.000         -20.000        0.0018009      -0.0056731     0.0018482
-63.000         31.000         -20.000        0.0015236      -0.0057547     0.0018384
-61.000         31.000         -20.000        0.0012577      -0.0057717     0.0017901
-59.000         31.000         -20.000        0.0010384      -0.0057245     0.0017112
-57.000         31.000         -20.000        8.6529E-4      -0.0056308     0.0016062
-55.000         31.000         -20.000        7.6208E-4      -0.0055034     0.0014680
-53.000         31.000         -20.000        7.2930E-4      -0.0053521     0.0013466
-51.000         31.000         -20.000        7.6414E-4      -0.0052088     0.0012314
-49.000         31.000         -20.000        8.8150E-4      -0.0050829     0.0011109
-47.000         31.000         -20.000        0.0010584      -0.0049929     0.0010159
-45.000         31.000         -20.000        0.0012810      -0.0049611     9.5791E-4
-43.000         31.000         -20.000        0.0015459      -0.0049895     9.3403E-4
-41.000         31.000         -20.000        0.0018267      -0.0050918     9.4511E-4
-39.000         31.000         -20.000        0.0021201      -0.0052639     9.9911E-4
-37.000         31.000         -20.000        0.0023957      -0.0055118     0.0010878
-35.000         31.000         -20.000        0.0026443      -0.0058317     0.0012115
-33.000         31.000         -20.000        0.0028476      -0.0062201     0.0013667
-31.000         31.000         -20.000        0.0029914      -0.0066657     0.0015559
-29.000         31.000         -20.000        0.0030686      -0.0071509     0.0017574
-27.000         31.000         -20.000        0.0030658      -0.0076678     0.0019708
-25.000         31.000         -20.000        0.0029696      -0.0081971     0.0021756
-23.000         31.000         -20.000        0.0027987      -0.0087194     0.0023827
-21.000         31.000         -20.000        0.0025358      -0.0092090     0.0025530
-19.000         31.000         -20.000        0.0021985      -0.0096521     0.0027026
-17.000         31.000         -20.000        0.0017971      -0.010040      0.0028136
-15.000         31.000         -20.000        0.0013457      -0.010352      0.0029003
-13.000         31.000         -20.000        8.7304E-4      -0.010580      0.0029169
-11.000         31.000         -20.000        3.7624E-4      -0.010718      0.0028960
-9.0000         31.000         -20.000        -1.2044E-4     -0.010770      0.0028297
-7.0000         31.000         -20.000        -6.0121E-4     -0.010740      0.0027286
-5.0000         31.000         -20.000        -0.0010476     -0.010629      0.0025593
-3.0000         31.000         -20.000        -0.0014576     -0.010438      0.0023973
-1.0000         31.000         -20.000        -0.0018223     -0.010178      0.0022017
1.0000          31.000         -20.000        -0.0021290     -0.0098631     0.0019635
3.0000          31.000         -20.000        -0.0023749     -0.0094923     0.0017293
5.0000          31.000         -20.000        -0.0025365     -0.0090779     0.0014553
7.0000          31.000         -20.000        -0.0026314     -0.0086244     0.0011904
9.0000          31.000         -20.000        -0.0026316     -0.0081543     9.2782E-4
11.000          31.000         -20.000        -0.0025422     -0.0076775     6.6335E-4
13.000          31.000         -20.000        -0.0023558     -0.0072122     4.1747E-4
15.000          31.000         -20.000        -0.0020655     -0.0067705     2.1505E-4
17.000          31.000         -20.000        -0.0016956     -0.0063835     2.9750E-5
19.000          31.000         -20.000        -0.0012259     -0.0060701     -7.1374E-5
21.000          31.000         -20.000        -6.8369E-4     -0.0058422     -1.4159E-4
23.000          31.000         -20.000        -8.0701E-5     -0.0057183     -1.3669E-4
25.000          31.000         -20.000        5.5472E-4      -0.0057144     -3.7812E-5
27.000          31.000         -20.000        0.0012028      -0.0058457     1.2051E-4
29.000          31.000         -20.000        0.0018505      -0.0061137     3.8384E-4
31.000          31.000         -20.000        0.0024613      -0.0065083     7.1829E-4
33.000          31.000         -20.000        0.0030069      -0.0070330     0.0011320
35.000          31.000         -20.000        0.0034682      -0.0076936     0.0016372
37.000          31.000         -20.000        0.0038311      -0.0084555     0.0022111
39.000          31.000         -20.000        0.0040575      -0.0093025     0.0028588
41.000          31.000         -20.000        0.0041272      -0.010231      0.0035274
43.000          31.000         -20.000        0.0040139      -0.011199      0.0042843
45.000          31.000         -20.000        0.0037240      -0.012178      0.0050125
47.000          31.000         -20.000        0.0032217      -0.013132      0.0057416
49.000          31.000         -20.000        0.0025051      -0.014034      0.0064323
51.000          31.000         -20.000        0.0016190      -0.014815      0.0070785
53.000          31.000         -20.000        5.1015E-4      -0.015452      0.0075668
55.000          31.000         -20.000        -7.2423E-4     -0.015906      0.0078001
57.000          31.000         -20.000        -0.0020789     -0.016154      0.0081116
59.000          31.000         -20.000        -0.0034918     -0.016166      0.0080707
61.000          31.000         -20.000        -0.0049195     -0.015933      0.0077852
63.000          31.000         -20.000        -0.0062958     -0.015440      0.0073676
65.000          31.000         -20.000        -0.0075639     -0.014731      0.0067446
67.000          31.000         -20.000        -0.0086771     -0.013804      0.0058795
69.000          31.000         -20.000        -0.0095689     -0.012692      0.0049460
71.000          31.000         -20.000        -0.010259      -0.011441      0.0038906
73.000          31.000         -20.000        -0.010665      -0.010096      0.0027955
75.000          31.000         -20.000        -0.010841      -0.0086791     0.0016548
77.000          31.000         -20.000        -0.010796      -0.0072878     6.6579E-4
79.000          31.000         -20.000        -0.010500      -0.0059395     -2.7355E-4
81.000          31.000         -20.000        -0.010044      -0.0046540     -0.0010908
83.000          31.000         -20.000        -0.0094495     -0.0034902     -0.0018334
85.000          31.000         -20.000        -0.0087490     -0.0024491     -0.0023874
87.000          31.000         -20.000        -0.0079970     -0.0015451     -0.0028406
89.000          31.000         -20.000        -0.0072092     -7.7851E-4     -0.0031776
91.000          31.000         -20.000        -0.0064330     -1.4741E-4     -0.0033944
93.000          31.000         -20.000        -0.0056732     3.6411E-4      -0.0035323
95.000          31.000         -20.000        -0.0049630     7.6971E-4      -0.0035917
97.000          31.000         -20.000        -0.0042986     0.0010763      -0.0035930
99.000          31.000         -20.000        -0.0036991     0.0013059      -0.0035357
-99.000         33.000         -20.000        0.0020712      -0.0011817     6.4092E-5
-97.000         33.000         -20.000        0.0021787      -0.0013325     1.1285E-4
-95.000         33.000         -20.000        0.0022866      -0.0015001     1.6956E-4
-93.000         33.000         -20.000        0.0023913      -0.0016872     2.3353E-4
-91.000         33.000         -20.000        0.0024900      -0.0018937     3.0598E-4
-89.000         33.000         -20.000        0.0025781      -0.0021163     3.8196E-4
-87.000         33.000         -20.000        0.0026572      -0.0023621     4.7386E-4
-85.000         33.000         -20.000        0.0027135      -0.0026275     5.7078E-4
-83.000         33.000         -20.000        0.0027523      -0.0029017     6.7077E-4
-81.000         33.000         -20.000        0.0027645      -0.0031940     7.8183E-4
-79.000         33.000         -20.000        0.0027432      -0.0034945     8.9204E-4
-77.000         33.000         -20.000        0.0026917      -0.0037925     0.0010017
-75.000         33.000         -20.000        0.0026008      -0.0040850     0.0011061
-73.000         33.000         -20.000        0.0024755      -0.0043648     0.0012022
-71.000         33.000         -20.000        0.0023172      -0.0046176     0.0012794
-69.000         33.000         -20.000        0.0021248      -0.0048368     0.0013488
-67.000         33.000         -20.000        0.0019147      -0.0050166     0.0013886
-65.000         33.000         -20.000        0.0016924      -0.0051452     0.0014033
-63.000         33.000         -20.000        0.0014715      -0.0052213     0.0013897
-61.000         33.000         -20.000        0.0012639      -0.0052523     0.0013572
-59.000         33.000         -20.000        0.0010930      -0.0052302     0.0012976
-57.000         33.000         -20.000        9.5857E-4      -0.0051740     0.0012145
-55.000         33.000         -20.000        8.7603E-4      -0.0050918     0.0011251
-53.000         33.000         -20.000        8.5117E-4      -0.0049932     0.0010328
-51.000         33.000         -20.000        8.7855E-4      -0.0048993     9.3815E-4
-49.000         33.000         -20.000        9.6693E-4      -0.0048254     8.5971E-4
-47.000         33.000         -20.000        0.0011014      -0.0047759     7.8964E-4
-45.000         33.000         -20.000        0.0012732      -0.0047701     7.4680E-4
-43.000         33.000         -20.000        0.0014778      -0.0048169     7.3305E-4
-41.000         33.000         -20.000        0.0016959      -0.0049190     7.4362E-4
-39.000         33.000         -20.000        0.0019177      -0.0050831     7.7579E-4
-37.000         33.000         -20.000        0.0021236      -0.0052994     8.5106E-4
-35.000         33.000         -20.000        0.0023149      -0.0055842     9.4549E-4
-33.000         33.000         -20.000        0.0024628      -0.0059166     0.0010716
-31.000         33.000         -20.000        0.0025624      -0.0062929     0.0012004
-29.000         33.000         -20.000        0.0026030      -0.0067027     0.0013499
-27.000         33.000         -20.000        0.0025825      -0.0071343     0.0014952
-25.000         33.000         -20.000        0.0024903      -0.0075749     0.0016541
-23.000         33.000         -20.000        0.0023299      -0.0080079     0.0018094
-21.000         33.000         -20.000        0.0021050      -0.0084116     0.0019296
-19.000         33.000         -20.000        0.0018201      -0.0087777     0.0020381
-17.000         33.000         -20.000        0.0014862      -0.0090963     0.0021176
-15.000         33.000         -20.000        0.0011023      -0.0093522     0.0021536
-13.000         33.000         -20.000        6.9536E-4      -0.0095422     0.0021612
-11.000         33.000         -20.000        2.8561E-4      -0.0096557     0.0021349
-9.0000         33.000         -20.000        -1.2505E-4     -0.0096966     0.0020748
-7.0000         33.000         -20.000        -5.2363E-4     -0.0096687     0.0019866
-5.0000         33.000         -20.000        -9.0522E-4     -0.0095694     0.0018553
-3.0000         33.000         -20.000        -0.0012565     -0.0094071     0.0017059
-1.0000         33.000         -20.000        -0.0015556     -0.0091872     0.0015397
1.0000          33.000         -20.000        -0.0018084     -0.0089157     0.0013479
3.0000          33.000         -20.000        -0.0020042     -0.0086009     0.0011474
5.0000          33.000         -20.000        -0.0021393     -0.0082498     9.2397E-4
7.0000          33.000         -20.000        -0.0022081     -0.0078702     7.1878E-4
9.0000          33.000         -20.000        -0.0021981     -0.0074803     5.1003E-4
11.000          33.000         -20.000        -0.0021114     -0.0070868     3.0628E-4
13.000          33.000         -20.000        -0.0019451     -0.0067105     1.1358E-4
15.000          33.000         -20.000        -0.0016966     -0.0063562     -4.2751E-5
17.000          33.000         -20.000        -0.0013726     -0.0060478     -1.6719E-4
19.000          33.000         -20.000        -9.8429E-4     -0.0058085     -2.4332E-4
21.000          33.000         -20.000        -5.3765E-4     -0.0056437     -2.7922E-4
23.000          33.000         -20.000        -4.8559E-5     -0.0055671     -2.7184E-4
25.000          33.000         -20.000        4.8167E-4      -0.0055941     -1.8076E-4
27.000          33.000         -20.000        0.0010188      -0.0057300     -2.0892E-5
29.000          33.000         -20.000        0.0015337      -0.0059825     1.8952E-4
31.000          33.000         -20.000        0.0020168      -0.0063446     4.6812E-4
33.000          33.000         -20.000        0.0024524      -0.0068176     8.0857E-4
35.000          33.000         -20.000        0.0028114      -0.0073891     0.0011896
37.000          33.000         -20.000        0.0030703      -0.0080574     0.0016589
39.000          33.000         -20.000        0.0032248      -0.0087804     0.0021495
41.000          33.000         -20.000        0.0032482      -0.0095764     0.0026995
43.000          33.000         -20.000        0.0031076      -0.010416      0.0032616
45.000          33.000         -20.000        0.0028250      -0.011234      0.0038063
47.000          33.000         -20.000        0.0023668      -0.012038      0.0043506
49.000          33.000         -20.000        0.0017389      -0.012787      0.0048518
51.000          33.000         -20.000        9.5545E-4      -0.013441      0.0053172
53.000          33.000         -20.000        1.7440E-5      -0.013961      0.0056496
55.000          33.000         -20.000        -0.0010356     -0.014325      0.0058847
57.000          33.000         -20.000        -0.0021873     -0.014505      0.0059866
59.000          33.000         -20.000        -0.0033696     -0.014483      0.0058781
61.000          33.000         -20.000        -0.0045721     -0.014254      0.0057027
63.000          33.000         -20.000        -0.0057203     -0.013794      0.0053168
65.000          33.000         -20.000        -0.0067781     -0.013147      0.0047947
67.000          33.000         -20.000        -0.0077074     -0.012324      0.0041436
69.000          33.000         -20.000        -0.0084567     -0.011334      0.0033632
71.000          33.000         -20.000        -0.0090266     -0.010228      0.0025457
73.000          33.000         -20.000        -0.0093772     -0.0090436     0.0017189
75.000          33.000         -20.000        -0.0095247     -0.0078035     8.7201E-4
77.000          33.000         -20.000        -0.0094847     -0.0065789     6.5879E-5
79.000          33.000         -20.000        -0.0092574     -0.0054069     -6.4909E-4
81.000          33.000         -20.000        -0.0088956     -0.0042742     -0.0012927
83.000          33.000         -20.000        -0.0084039     -0.0032395     -0.0018757
85.000          33.000         -20.000        -0.0078272     -0.0023311     -0.0023174
87.000          33.000         -20.000        -0.0072026     -0.0015115     -0.0026791
89.000          33.000         -20.000        -0.0065383     -8.1629E-4     -0.0029573
91.000          33.000         -20.000        -0.0058790     -2.4363E-4     -0.0031322
93.000          33.000         -20.000        -0.0052326     2.3506E-4      -0.0032289
95.000          33.000         -20.000        -0.0046172     6.1788E-4      -0.0032897
97.000          33.000         -20.000        -0.0040359     9.1312E-4      -0.0032889
99.000          33.000         -20.000        -0.0035063     0.0011390      -0.0032485
-99.000         35.000         -20.000        0.0019329      -0.0011799     3.0326E-5
-97.000         35.000         -20.000        0.0020252      -0.0013198     7.1109E-5
-95.000         35.000         -20.000        0.0021163      -0.0014783     1.1759E-4
-93.000         35.000         -20.000        0.0022041      -0.0016506     1.6915E-4
-91.000         35.000         -20.000        0.0022835      -0.0018377     2.2511E-4
-89.000         35.000         -20.000        0.0023552      -0.0020432     2.9273E-4
-87.000         35.000         -20.000        0.0024167      -0.0022631     3.6585E-4
-85.000         35.000         -20.000        0.0024588      -0.0024963     4.3992E-4
-83.000         35.000         -20.000        0.0024838      -0.0027427     5.2104E-4
-81.000         35.000         -20.000        0.0024883      -0.0029981     6.0561E-4
-79.000         35.000         -20.000        0.0024645      -0.0032569     6.8833E-4
-77.000         35.000         -20.000        0.0024134      -0.0035162     7.6988E-4
-75.000         35.000         -20.000        0.0023359      -0.0037671     8.4452E-4
-73.000         35.000         -20.000        0.0022285      -0.0040042     9.1630E-4
-71.000         35.000         -20.000        0.0020937      -0.0042219     9.7458E-4
-69.000         35.000         -20.000        0.0019384      -0.0044084     0.0010181
-67.000         35.000         -20.000        0.0017694      -0.0045628     0.0010501
-65.000         35.000         -20.000        0.0015921      -0.0046815     0.0010522
-63.000         35.000         -20.000        0.0014181      -0.0047550     0.0010505
-61.000         35.000         -20.000        0.0012556      -0.0047919     0.0010170
-59.000         35.000         -20.000        0.0011205      -0.0047925     9.7108E-4
-57.000         35.000         -20.000        0.0010157      -0.0047635     9.1086E-4
-55.000         35.000         -20.000        9.4810E-4      -0.0047161     8.4406E-4
-53.000         35.000         -20.000        9.2725E-4      -0.0046600     7.7239E-4
-51.000         35.000         -20.000        9.4921E-4      -0.0046013     7.0110E-4
-49.000         35.000         -20.000        0.0010128      -0.0045636     6.4692E-4
-47.000         35.000         -20.000        0.0011151      -0.0045472     5.9832E-4
-45.000         35.000         -20.000        0.0012473      -0.0045589     5.6519E-4
-43.000         35.000         -20.000        0.0014019      -0.0046200     5.5632E-4
-41.000         35.000         -20.000        0.0015678      -0.0047230     5.6577E-4
-39.000         35.000         -20.000        0.0017333      -0.0048715     5.9408E-4
-37.000         35.000         -20.000        0.0018927      -0.0050712     6.5124E-4
-35.000         35.000         -20.000        0.0020283      -0.0053161     7.1915E-4
-33.000         35.000         -20.000        0.0021310      -0.0056029     8.1033E-4
-31.000         35.000         -20.000        0.0021974      -0.0059241     9.0609E-4
-29.000         35.000         -20.000        0.0022189      -0.0062610     0.0010081
-27.000         35.000         -20.000        0.0021821      -0.0066219     0.0011181
-25.000         35.000         -20.000        0.0020921      -0.0069891     0.0012374
-23.000         35.000         -20.000        0.0019482      -0.0073461     0.0013406
-21.000         35.000         -20.000        0.0017535      -0.0076818     0.0014258
-19.000         35.000         -20.000        0.0015066      -0.0079784     0.0014889
-17.000         35.000         -20.000        0.0012200      -0.0082404     0.0015496
-15.000         35.000         -20.000        9.0203E-4      -0.0084468     0.0015621
-13.000         35.000         -20.000        5.6526E-4      -0.0086024     0.0015672
-11.000         35.000         -20.000        2.1702E-4      -0.0087000     0.0015289
-9.0000         35.000         -20.000        -1.3207E-4     -0.0087321     0.0014722
-7.0000         35.000         -20.000        -4.6762E-4     -0.0087023     0.0013712
-5.0000         35.000         -20.000        -7.8493E-4     -0.0086194     0.0012923
-3.0000         35.000         -20.000        -0.0010726     -0.0084777     0.0011606
-1.0000         35.000         -20.000        -0.0013280     -0.0082938     0.0010230
1.0000          35.000         -20.000        -0.0015394     -0.0080696     8.6729E-4
3.0000          35.000         -20.000        -0.0016980     -0.0077992     6.9887E-4
5.0000          35.000         -20.000        -0.0018054     -0.0075059     5.3724E-4
7.0000          35.000         -20.000        -0.0018539     -0.0071890     3.6444E-4
9.0000          35.000         -20.000        -0.0018417     -0.0068634     1.8901E-4
11.000          35.000         -20.000        -0.0017615     -0.0065521     3.5989E-5
13.000          35.000         -20.000        -0.0016149     -0.0062478     -1.0330E-4
15.000          35.000         -20.000        -0.0014028     -0.0059685     -2.1933E-4
17.000          35.000         -20.000        -0.0011340     -0.0057275     -3.1881E-4
19.000          35.000         -20.000        -8.0855E-4     -0.0055385     -3.7232E-4
21.000          35.000         -20.000        -4.3465E-4     -0.0054288     -3.9066E-4
23.000          35.000         -20.000        -2.9408E-5     -0.0053916     -3.6589E-4
25.000          35.000         -20.000        3.9518E-4      -0.0054380     -2.8586E-4
27.000          35.000         -20.000        8.2325E-4      -0.0055764     -1.6755E-4
29.000          35.000         -20.000        0.0012396      -0.0058041     8.4532E-6
31.000          35.000         -20.000        0.0016271      -0.0061276     2.3957E-4
33.000          35.000         -20.000        0.0019620      -0.0065446     5.1308E-4
35.000          35.000         -20.000        0.0022352      -0.0070403     8.2459E-4
37.000          35.000         -20.000        0.0024204      -0.0076055     0.0011878
39.000          35.000         -20.000        0.0025120      -0.0082363     0.0015779
41.000          35.000         -20.000        0.0025027      -0.0089130     0.0019976
43.000          35.000         -20.000        0.0023464      -0.0096061     0.0024084
45.000          35.000         -20.000        0.0020698      -0.010299      0.0028335
47.000          35.000         -20.000        0.0016554      -0.010966      0.0032434
49.000          35.000         -20.000        0.0010970      -0.011579      0.0036004
51.000          35.000         -20.000        4.1634E-4      -0.012119      0.0039168
53.000          35.000         -20.000        -3.8393E-4     -0.012522      0.0041569
55.000          35.000         -20.000        -0.0012805     -0.012803      0.0042982
57.000          35.000         -20.000        -0.0022489     -0.012936      0.0043457
59.000          35.000         -20.000        -0.0032430     -0.012874      0.0042468
61.000          35.000         -20.000        -0.0042349     -0.012648      0.0040841
63.000          35.000         -20.000        -0.0051973     -0.012237      0.0037512
65.000          35.000         -20.000        -0.0060687     -0.011653      0.0033178
67.000          35.000         -20.000        -0.0068446     -0.010915      0.0028034
69.000          35.000         -20.000        -0.0074662     -0.010049      0.0022200
71.000          35.000         -20.000        -0.0079333     -0.0090856     0.0015616
73.000          35.000         -20.000        -0.0082416     -0.0080515     9.1641E-4
75.000          35.000         -20.000        -0.0083759     -0.0069873     2.6132E-4
77.000          35.000         -20.000        -0.0083523     -0.0059172     -3.6266E-4
79.000          35.000         -20.000        -0.0081760     -0.0048845     -9.3657E-4
81.000          35.000         -20.000        -0.0078856     -0.0039075     -0.0014543
83.000          35.000         -20.000        -0.0074797     -0.0029927     -0.0018787
85.000          35.000         -20.000        -0.0070107     -0.0021816     -0.0022520
87.000          35.000         -20.000        -0.0064941     -0.0014630     -0.0025263
89.000          35.000         -20.000        -0.0059354     -8.3608E-4     -0.0027349
91.000          35.000         -20.000        -0.0053774     -3.0245E-4     -0.0028973
93.000          35.000         -20.000        -0.0048245     1.3036E-4      -0.0029810
95.000          35.000         -20.000        -0.0042909     4.8844E-4      -0.0030196
97.000          35.000         -20.000        -0.0037845     7.7917E-4      -0.0030324
99.000          35.000         -20.000        -0.0033132     9.9051E-4      -0.0029822
-99.000         37.000         -20.000        0.0018021      -0.0011701     -1.3097E-6
-97.000         37.000         -20.000        0.0018821      -0.0013028     3.3252E-5
-95.000         37.000         -20.000        0.0019581      -0.0014491     7.1459E-5
-93.000         37.000         -20.000        0.0020311      -0.0016063     1.1308E-4
-91.000         37.000         -20.000        0.0020967      -0.0017779     1.6023E-4
-89.000         37.000         -20.000        0.0021535      -0.0019650     2.1218E-4
-87.000         37.000         -20.000        0.0022021      -0.0021608     2.6660E-4
-85.000         37.000         -20.000        0.0022318      -0.0023664     3.2878E-4
-83.000         37.000         -20.000        0.0022492      -0.0025866     3.9171E-4
-81.000         37.000         -20.000        0.0022476      -0.0028096     4.5206E-4
-79.000         37.000         -20.000        0.0022215      -0.0030317     5.1713E-4
-77.000         37.000         -20.000        0.0021780      -0.0032576     5.7993E-4
-75.000         37.000         -20.000        0.0021076      -0.0034743     6.3857E-4
-73.000         37.000         -20.000        0.0020160      -0.0036759     6.8738E-4
-71.000         37.000         -20.000        0.0019044      -0.0038621     7.3033E-4
-69.000         37.000         -20.000        0.0017784      -0.0040260     7.5751E-4
-67.000         37.000         -20.000        0.0016414      -0.0041618     7.7986E-4
-65.000         37.000         -20.000        0.0014985      -0.0042653     7.8088E-4
-63.000         37.000         -20.000        0.0013616      -0.0043385     7.7205E-4
-61.000         37.000         -20.000        0.0012322      -0.0043847     7.5027E-4
-59.000         37.000         -20.000        0.0011254      -0.0044011     7.1229E-4
-57.000         37.000         -20.000        0.0010418      -0.0043934     6.6791E-4
-55.000         37.000         -20.000        9.8768E-4      -0.0043744     6.1332E-4
-53.000         37.000         -20.000        9.6961E-4      -0.0043492     5.6231E-4
-51.000         37.000         -20.000        9.8209E-4      -0.0043224     5.1753E-4
-49.000         37.000         -20.000        0.0010312      -0.0043078     4.7040E-4
-47.000         37.000         -20.000        0.0011055      -0.0043155     4.3353E-4
-45.000         37.000         -20.000        0.0012057      -0.0043475     4.1560E-4
-43.000         37.000         -20.000        0.0013219      -0.0044126     4.0746E-4
-41.000         37.000         -20.000        0.0014458      -0.0045137     4.1275E-4
-39.000         37.000         -20.000        0.0015679      -0.0046520     4.3523E-4
-37.000         37.000         -20.000        0.0016843      -0.0048288     4.7613E-4
-35.000         37.000         -20.000        0.0017785      -0.0050405     5.3032E-4
-33.000         37.000         -20.000        0.0018498      -0.0052854     5.9083E-4
-31.000         37.000         -20.000        0.0018896      -0.0055577     6.6547E-4
-29.000         37.000         -20.000        0.0018903      -0.0058490     7.4516E-4
-27.000         37.000         -20.000        0.0018506      -0.0061506     8.2850E-4
-25.000         37.000         -20.000        0.0017609      -0.0064523     9.0266E-4
-23.000         37.000         -20.000        0.0016353      -0.0067472     9.7512E-4
-21.000         37.000         -20.000        0.0014601      -0.0070242     0.0010379
-19.000         37.000         -20.000        0.0012487      -0.0072734     0.0010764
-17.000         37.000         -20.000        0.0010047      -0.0074889     0.0011130
-15.000         37.000         -20.000        7.3781E-4      -0.0076607     0.0011197
-13.000         37.000         -20.000        4.5693E-4      -0.0077874     0.0011092
-11.000         37.000         -20.000        1.6097E-4      -0.0078612     0.0010666
-9.0000         37.000         -20.000        -1.3348E-4     -0.0078861     0.0010229
-7.0000         37.000         -20.000        -4.1839E-4     -0.0078632     9.5467E-4
-5.0000         37.000         -20.000        -6.8219E-4     -0.0077897     8.5852E-4
-3.0000         37.000         -20.000        -9.2163E-4     -0.0076718     7.5001E-4
-1.0000         37.000         -20.000        -0.0011333     -0.0075141     6.2929E-4
1.0000          37.000         -20.000        -0.0013084     -0.0073195     5.0531E-4
3.0000          37.000         -20.000        -0.0014432     -0.0070969     3.7103E-4
5.0000          37.000         -20.000        -0.0015259     -0.0068534     2.3344E-4
7.0000          37.000         -20.000        -0.0015638     -0.0065950     8.6666E-5
9.0000          37.000         -20.000        -0.0015477     -0.0063286     -3.6855E-5
11.000          37.000         -20.000        -0.0014763     -0.0060680     -1.5895E-4
13.000          37.000         -20.000        -0.0013517     -0.0058220     -2.7041E-4
15.000          37.000         -20.000        -0.0011719     -0.0056015     -3.5717E-4
17.000          37.000         -20.000        -9.5035E-4     -0.0054164     -4.2801E-4
19.000          37.000         -20.000        -6.7762E-4     -0.0052805     -4.6865E-4
21.000          37.000         -20.000        -3.7102E-4     -0.0052011     -4.7455E-4
23.000          37.000         -20.000        -3.7507E-5     -0.0051834     -4.5155E-4
25.000          37.000         -20.000        3.0128E-4      -0.0052408     -3.8628E-4
27.000          37.000         -20.000        6.3982E-4      -0.0053726     -2.8597E-4
29.000          37.000         -20.000        9.7494E-4      -0.0055866     -1.3589E-4
31.000          37.000         -20.000        0.0012802      -0.0058738     4.6856E-5
33.000          37.000         -20.000        0.0015373      -0.0062358     2.6550E-4
35.000          37.000         -20.000        0.0017319      -0.0066593     5.1351E-4
37.000          37.000         -20.000        0.0018670      -0.0071498     7.9320E-4
39.000          37.000         -20.000        0.0019133      -0.0076891     0.0010962
41.000          37.000         -20.000        0.0018696      -0.0082498     0.0014101
43.000          37.000         -20.000        0.0017070      -0.0088201     0.0017201
45.000          37.000         -20.000        0.0014529      -0.0094024     0.0020454
47.000          37.000         -20.000        0.0010729      -0.0099491     0.0023445
49.000          37.000         -20.000        5.7915E-4      -0.010434      0.0025894
51.000          37.000         -20.000        -6.9869E-6     -0.010864      0.0028182
53.000          37.000         -20.000        -6.9473E-4     -0.011186      0.0029671
55.000          37.000         -20.000        -0.0014581     -0.011385      0.0030585
57.000          37.000         -20.000        -0.0022662     -0.011463      0.0030648
59.000          37.000         -20.000        -0.0031019     -0.011388      0.0029805
61.000          37.000         -20.000        -0.0039366     -0.011168      0.0028221
63.000          37.000         -20.000        -0.0047166     -0.010791      0.0025550
65.000          37.000         -20.000        -0.0054518     -0.010267      0.0021995
67.000          37.000         -20.000        -0.0060889     -0.0096271     0.0017929
69.000          37.000         -20.000        -0.0066050     -0.0088776     0.0013344
71.000          37.000         -20.000        -0.0070049     -0.0080347     8.3539E-4
73.000          37.000         -20.000        -0.0072584     -0.0071405     3.0879E-4
75.000          37.000         -20.000        -0.0073776     -0.0062316     -1.8262E-4
77.000          37.000         -20.000        -0.0073690     -0.0053056     -6.6262E-4
79.000          37.000         -20.000        -0.0072283     -0.0043990     -0.0011297
81.000          37.000         -20.000        -0.0069979     -0.0035587     -0.0015155
83.000          37.000         -20.000        -0.0066746     -0.0027663     -0.0018651
85.000          37.000         -20.000        -0.0062811     -0.0020380     -0.0021420
87.000          37.000         -20.000        -0.0058503     -0.0014003     -0.0023827
89.000          37.000         -20.000        -0.0053908     -8.4423E-4     -0.0025455
91.000          37.000         -20.000        -0.0049150     -3.5868E-4     -0.0026671
93.000          37.000         -20.000        -0.0044440     4.3834E-5      -0.0027451
95.000          37.000         -20.000        -0.0039833     3.7614E-4      -0.0027757
97.000          37.000         -20.000        -0.0035413     6.4614E-4      -0.0027749
99.000          37.000         -20.000        -0.0031252     8.5760E-4      -0.0027456
-99.000         39.000         -20.000        0.0016795      -0.0011536     -2.9443E-5
-97.000         39.000         -20.000        0.0017482      -0.0012775     -1.2069E-6
-95.000         39.000         -20.000        0.0018125      -0.0014121     2.8489E-5
-93.000         39.000         -20.000        0.0018731      -0.0015576     6.4633E-5
-91.000         39.000         -20.000        0.0019271      -0.0017135     1.0244E-4
-89.000         39.000         -20.000        0.0019728      -0.0018811     1.4306E-4
-87.000         39.000         -20.000        0.0020086      -0.0020575     1.8643E-4
-85.000         39.000         -20.000        0.0020322      -0.0022419     2.3488E-4
-83.000         39.000         -20.000        0.0020426      -0.0024347     2.8230E-4
-81.000         39.000         -20.000        0.0020353      -0.0026304     3.3010E-4
-79.000         39.000         -20.000        0.0020121      -0.0028249     3.8052E-4
-77.000         39.000         -20.000        0.0019724      -0.0030206     4.2527E-4
-75.000         39.000         -20.000        0.0019108      -0.0032083     4.6728E-4
-73.000         39.000         -20.000        0.0018342      -0.0033828     5.0511E-4
-71.000         39.000         -20.000        0.0017434      -0.0035451     5.3021E-4
-69.000         39.000         -20.000        0.0016379      -0.0036870     5.5342E-4
-67.000         39.000         -20.000        0.0015244      -0.0038046     5.5996E-4
-65.000         39.000         -20.000        0.0014120      -0.0039036     5.6599E-4
-63.000         39.000         -20.000        0.0013013      -0.0039754     5.5628E-4
-61.000         39.000         -20.000        0.0012005      -0.0040222     5.3633E-4
-59.000         39.000         -20.000        0.0011132      -0.0040527     5.1115E-4
-57.000         39.000         -20.000        0.0010454      -0.0040631     4.7624E-4
-55.000         39.000         -20.000        0.0010027      -0.0040611     4.3674E-4
-53.000         39.000         -20.000        9.8463E-4      -0.0040592     3.9770E-4
-51.000         39.000         -20.000        9.9049E-4      -0.0040567     3.5992E-4
-49.000         39.000         -20.000        0.0010262      -0.0040622     3.2718E-4
-47.000         39.000         -20.000        0.0010802      -0.0040848     2.9822E-4
-45.000         39.000         -20.000        0.0011528      -0.0041291     2.8283E-4
-43.000         39.000         -20.000        0.0012386      -0.0041981     2.7739E-4
-41.000         39.000         -20.000        0.0013283      -0.0042936     2.8410E-4
-39.000         39.000         -20.000        0.0014181      -0.0044227     3.0084E-4
-37.000         39.000         -20.000        0.0014982      -0.0045798     3.2591E-4
-35.000         39.000         -20.000        0.0015643      -0.0047650     3.5770E-4
-33.000         39.000         -20.000        0.0016129      -0.0049750     4.1053E-4
-31.000         39.000         -20.000        0.0016308      -0.0052065     4.5799E-4
-29.000         39.000         -20.000        0.0016174      -0.0054512     5.2058E-4
-27.000         39.000         -20.000        0.0015720      -0.0057045     5.7608E-4
-25.000         39.000         -20.000        0.0014865      -0.0059555     6.2563E-4
-23.000         39.000         -20.000        0.0013713      -0.0062005     6.8156E-4
-21.000         39.000         -20.000        0.0012198      -0.0064278     7.1945E-4
-19.000         39.000         -20.000        0.0010381      -0.0066346     7.4662E-4
-17.000         39.000         -20.000        8.3245E-4      -0.0068112     7.5887E-4
-15.000         39.000         -20.000        6.0099E-4      -0.0069535     7.4984E-4
-13.000         39.000         -20.000        3.5983E-4      -0.0070545     7.4040E-4
-11.000         39.000         -20.000        1.1401E-4      -0.0071145     7.0847E-4
-9.0000         39.000         -20.000        -1.3031E-4     -0.0071356     6.6649E-4
-7.0000         39.000         -20.000        -3.6798E-4     -0.0071123     5.9751E-4
-5.0000         39.000         -20.000        -5.9263E-4     -0.0070521     5.2204E-4
-3.0000         39.000         -20.000        -7.9728E-4     -0.0069515     4.2632E-4
-1.0000         39.000         -20.000        -9.7230E-4     -0.0068177     3.2609E-4
1.0000          39.000         -20.000        -0.0011171     -0.0066572     2.2644E-4
3.0000          39.000         -20.000        -0.0012269     -0.0064710     1.1247E-4
5.0000          39.000         -20.000        -0.0012944     -0.0062685     -1.5671E-6
7.0000          39.000         -20.000        -0.0013263     -0.0060570     -1.1162E-4
9.0000          39.000         -20.000        -0.0013084     -0.0058401     -2.1526E-4
11.000          39.000         -20.000        -0.0012472     -0.0056297     -3.1084E-4
13.000          39.000         -20.000        -0.0011436     -0.0054308     -3.9896E-4
15.000          39.000         -20.000        -9.8995E-4     -0.0052574     -4.7101E-4
17.000          39.000         -20.000        -8.0344E-4     -0.0051168     -5.1810E-4
19.000          39.000         -20.000        -5.8296E-4     -0.0050178     -5.4430E-4
21.000          39.000         -20.000        -3.3554E-4     -0.0049651     -5.4675E-4
23.000          39.000         -20.000        -7.0768E-5     -0.0049667     -5.1969E-4
25.000          39.000         -20.000        2.0819E-4      -0.0050275     -4.6970E-4
27.000          39.000         -20.000        4.8479E-4      -0.0051542     -3.8425E-4
29.000          39.000         -20.000        7.4163E-4      -0.0053451     -2.6663E-4
31.000          39.000         -20.000        9.7191E-4      -0.0055989     -1.1659E-4
33.000          39.000         -20.000        0.0011653      -0.0059103     5.2735E-5
35.000          39.000         -20.000        0.0013131      -0.0062783     2.5350E-4
37.000          39.000         -20.000        0.0013968      -0.0066901     4.6791E-4
39.000          39.000         -20.000        0.0014070      -0.0071382     7.0421E-4
41.000          39.000         -20.000        0.0013378      -0.0076066     9.3663E-4
43.000          39.000         -20.000        0.0011837      -0.0080844     0.0011762
45.000          39.000         -20.000        9.4554E-4      -0.0085569     0.0014168
47.000          39.000         -20.000        5.9503E-4      -0.0090025     0.0016356
49.000          39.000         -20.000        1.6915E-4      -0.0093899     0.0018153
51.000          39.000         -20.000        -3.3524E-4     -0.0097249     0.0019756
53.000          39.000         -20.000        -9.2814E-4     -0.0099687     0.0020695
55.000          39.000         -20.000        -0.0015768     -0.010098      0.0021005
57.000          39.000         -20.000        -0.0022500     -0.010145      0.0021123
59.000          39.000         -20.000        -0.0029493     -0.010054      0.0020160
61.000          39.000         -20.000        -0.0036514     -0.0098348     0.0018322
63.000          39.000         -20.000        -0.0042970     -0.0094984     0.0016393
65.000          39.000         -20.000        -0.0049020     -0.0090376     0.0013715
67.000          39.000         -20.000        -0.0054221     -0.0084623     0.0010049
69.000          39.000         -20.000        -0.0058624     -0.0078286     6.7371E-4
71.000          39.000         -20.000        -0.0062002     -0.0071012     2.8332E-4
73.000          39.000         -20.000        -0.0064115     -0.0063283     -1.2909E-4
75.000          39.000         -20.000        -0.0065175     -0.0055482     -5.0480E-4
77.000          39.000         -20.000        -0.0065240     -0.0047464     -8.8659E-4
79.000          39.000         -20.000        -0.0064122     -0.0039632     -0.0012384
81.000          39.000         -20.000        -0.0062247     -0.0032318     -0.0015656
83.000          39.000         -20.000        -0.0059669     -0.0025371     -0.0018276
85.000          39.000         -20.000        -0.0056444     -0.0018996     -0.0020563
87.000          39.000         -20.000        -0.0052794     -0.0013306     -0.0022418
89.000          39.000         -20.000        -0.0048960     -8.3069E-4     -0.0023776
91.000          39.000         -20.000        -0.0044947     -3.9479E-4     -0.0024755
93.000          39.000         -20.000        -0.0040907     -2.4537E-5     -0.0025350
95.000          39.000         -20.000        -0.0036924     2.8424E-4      -0.0025615
97.000          39.000         -20.000        -0.0033089     5.3700E-4      -0.0025570
99.000          39.000         -20.000        -0.0029421     7.4077E-4      -0.0025343
-99.000         41.000         -20.000        0.0015660      -0.0011333     -5.3233E-5
-97.000         41.000         -20.000        0.0016238      -0.0012479     -3.2508E-5
-95.000         41.000         -20.000        0.0016781      -0.0013710     -8.1063E-6
-93.000         41.000         -20.000        0.0017282      -0.0015051     2.0718E-5
-91.000         41.000         -20.000        0.0017728      -0.0016470     5.2184E-5
-89.000         41.000         -20.000        0.0018094      -0.0017966     8.3453E-5
-87.000         41.000         -20.000        0.0018378      -0.0019556     1.1983E-4
-85.000         41.000         -20.000        0.0018545      -0.0021208     1.5525E-4
-83.000         41.000         -20.000        0.0018604      -0.0022895     1.9160E-4
-81.000         41.000         -20.000        0.0018510      -0.0024600     2.2867E-4
-79.000         41.000         -20.000        0.0018288      -0.0026347     2.6489E-4
-77.000         41.000         -20.000        0.0017934      -0.0028031     2.9887E-4
-75.000         41.000         -20.000        0.0017407      -0.0029649     3.2585E-4
-73.000         41.000         -20.000        0.0016754      -0.0031206     3.5532E-4
-71.000         41.000         -20.000        0.0016011      -0.0032609     3.7400E-4
-69.000         41.000         -20.000        0.0015141      -0.0033858     3.8605E-4
-67.000         41.000         -20.000        0.0014236      -0.0034935     3.9657E-4
-65.000         41.000         -20.000        0.0013310      -0.0035836     3.9583E-4
-63.000         41.000         -20.000        0.0012408      -0.0036534     3.8499E-4
-61.000         41.000         -20.000        0.0011570      -0.0037040     3.6638E-4
-59.000         41.000         -20.000        0.0010889      -0.0037414     3.4499E-4
-57.000         41.000         -20.000        0.0010329      -0.0037656     3.1989E-4
-55.000         41.000         -20.000        9.9598E-4      -0.0037793     2.9082E-4
-53.000         41.000         -20.000        9.8061E-4      -0.0037912     2.6152E-4
-51.000         41.000         -20.000        9.8184E-4      -0.0038063     2.3260E-4
-49.000         41.000         -20.000        0.0010046      -0.0038281     2.0373E-4
-47.000         41.000         -20.000        0.0010440      -0.0038609     1.8764E-4
-45.000         41.000         -20.000        0.0010938      -0.0039127     1.6905E-4
-43.000         41.000         -20.000        0.0011550      -0.0039831     1.6653E-4
-41.000         41.000         -20.000        0.0012198      -0.0040762     1.7088E-4
-39.000         41.000         -20.000        0.0012833      -0.0041936     1.8280E-4
-37.000         41.000         -20.000        0.0013379      -0.0043342     2.0092E-4
-35.000         41.000         -20.000        0.0013805      -0.0044956     2.2579E-4
-33.000         41.000         -20.000        0.0014065      -0.0046755     2.6046E-4
-31.000         41.000         -20.000        0.0014111      -0.0048695     2.9359E-4
-29.000         41.000         -20.000        0.0013905      -0.0050791     3.3410E-4
-27.000         41.000         -20.000        0.0013397      -0.0052909     3.7417E-4
-25.000         41.000         -20.000        0.0012608      -0.0054995     4.1055E-4
-23.000         41.000         -20.000        0.0011546      -0.0057016     4.3916E-4
-21.000         41.000         -20.000        0.0010217      -0.0058895     4.6760E-4
-19.000         41.000         -20.000        8.6542E-4      -0.0060624     4.8251E-4
-17.000         41.000         -20.000        6.8551E-4      -0.0062053     4.8544E-4
-15.000         41.000         -20.000        4.9136E-4      -0.0063210     4.7937E-4
-13.000         41.000         -20.000        2.8721E-4      -0.0064050     4.6315E-4
-11.000         41.000         -20.000        7.7076E-5      -0.0064555     4.3115E-4
-9.0000         41.000         -20.000        -1.2917E-4     -0.0064704     3.8049E-4
-7.0000         41.000         -20.000        -3.2929E-4     -0.0064508     3.2641E-4
-5.0000         41.000         -20.000        -5.1838E-4     -0.0063973     2.6045E-4
-3.0000         41.000         -20.000        -6.8917E-4     -0.0063158     1.8330E-4
-1.0000         41.000         -20.000        -8.3826E-4     -0.0062065     9.9460E-5
1.0000          41.000         -20.000        -9.5877E-4     -0.0060697     1.2701E-5
3.0000          41.000         -20.000        -0.0010490     -0.0059172     -7.6257E-5
5.0000          41.000         -20.000        -0.0011064     -0.0057493     -1.6904E-4
7.0000          41.000         -20.000        -0.0011288     -0.0055762     -2.5583E-4
9.0000          41.000         -20.000        -0.0011164     -0.0054015     -3.4467E-4
11.000          41.000         -20.000        -0.0010653     -0.0052288     -4.2473E-4
13.000          41.000         -20.000        -9.7505E-4     -0.0050740     -4.9601E-4
15.000          41.000         -20.000        -8.5202E-4     -0.0049389     -5.4451E-4
17.000          41.000         -20.000        -6.9878E-4     -0.0048327     -5.8171E-4
19.000          41.000         -20.000        -5.1809E-4     -0.0047584     -6.0385E-4
21.000          41.000         -20.000        -3.1948E-4     -0.0047239     -6.0745E-4
23.000          41.000         -20.000        -1.0440E-4     -0.0047412     -5.7807E-4
25.000          41.000         -20.000        1.1563E-4      -0.0048065     -5.3293E-4
27.000          41.000         -20.000        3.3147E-4      -0.0049206     -4.6588E-4
29.000          41.000         -20.000        5.3360E-4      -0.0050867     -3.7130E-4
31.000          41.000         -20.000        7.0949E-4      -0.0053113     -2.5557E-4
33.000          41.000         -20.000        8.5200E-4      -0.0055790     -1.2237E-4
35.000          41.000         -20.000        9.5184E-4      -0.0058889     3.5644E-5
37.000          41.000         -20.000        0.0010020      -0.0062335     2.0475E-4
39.000          41.000         -20.000        9.8164E-4      -0.0066076     3.8249E-4
41.000          41.000         -20.000        9.0929E-4      -0.0069982     5.6515E-4
43.000          41.000         -20.000        7.5250E-4      -0.0073926     7.4560E-4
45.000          41.000         -20.000        5.2882E-4      -0.0077691     9.1888E-4
47.000          41.000         -20.000        2.2065E-4      -0.0081198     0.0010679
49.000          41.000         -20.000        -1.5400E-4     -0.0084369     0.0012057
51.000          41.000         -20.000        -5.9006E-4     -0.0086900     0.0013087
53.000          41.000         -20.000        -0.0010945     -0.0088685     0.0013615
55.000          41.000         -20.000        -0.0016317     -0.0089621     0.0013855
57.000          41.000         -20.000        -0.0022099     -0.0089676     0.0013612
59.000          41.000         -20.000        -0.0027937     -0.0088680     0.0012690
61.000          41.000         -20.000        -0.0033625     -0.0086574     0.0011405
63.000          41.000         -20.000        -0.0039181     -0.0083526     9.6389E-4
65.000          41.000         -20.000        -0.0044220     -0.0079507     7.4203E-4
67.000          41.000         -20.000        -0.0048657     -0.0074569     4.7196E-4
69.000          41.000         -20.000        -0.0052209     -0.0068896     1.8602E-4
71.000          41.000         -20.000        -0.0055048     -0.0062718     -1.0956E-4
73.000          41.000         -20.000        -0.0056838     -0.0056126     -4.3211E-4
75.000          41.000         -20.000        -0.0057753     -0.0049182     -7.4660E-4
77.000          41.000         -20.000        -0.0057899     -0.0042412     -0.0010408
79.000          41.000         -20.000        -0.0057055     -0.0035708     -0.0013095
81.000          41.000         -20.000        -0.0055529     -0.0029208     -0.0015496
83.000          41.000         -20.000        -0.0053433     -0.0023199     -0.0017813
85.000          41.000         -20.000        -0.0050783     -0.0017645     -0.0019566
87.000          41.000         -20.000        -0.0047809     -0.0012573     -0.0020971
89.000          41.000         -20.000        -0.0044505     -8.0714E-4     -0.0022161
91.000          41.000         -20.000        -0.0041116     -4.1676E-4     -0.0022952
93.000          41.000         -20.000        -0.0037624     -8.0642E-5     -0.0023388
95.000          41.000         -20.000        -0.0034205     2.0710E-4      -0.0023605
97.000          41.000         -20.000        -0.0030868     4.4346E-4      -0.0023608
99.000          41.000         -20.000        -0.0027674     6.3665E-4      -0.0023369
-99.000         43.000         -20.000        0.0014601      -0.0011089     -7.5606E-5
-97.000         43.000         -20.000        0.0015094      -0.0012146     -5.8732E-5
-95.000         43.000         -20.000        0.0015549      -0.0013276     -3.7426E-5
-93.000         43.000         -20.000        0.0015972      -0.0014501     -1.5464E-5
-91.000         43.000         -20.000        0.0016329      -0.0015795     8.0307E-6
-89.000         43.000         -20.000        0.0016622      -0.0017137     3.2342E-5
-87.000         43.000         -20.000        0.0016851      -0.0018566     6.1655E-5
-85.000         43.000         -20.000        0.0016965      -0.0020047     8.5980E-5
-83.000         43.000         -20.000        0.0016984      -0.0021524     1.1393E-4
-81.000         43.000         -20.000        0.0016902      -0.0023052     1.4306E-4
-79.000         43.000         -20.000        0.0016688      -0.0024576     1.7097E-4
-77.000         43.000         -20.000        0.0016361      -0.0026042     1.9301E-4
-75.000         43.000         -20.000        0.0015922      -0.0027472     2.1620E-4
-73.000         43.000         -20.000        0.0015378      -0.0028833     2.3763E-4
-71.000         43.000         -20.000        0.0014750      -0.0030070     2.4909E-4
-69.000         43.000         -20.000        0.0014030      -0.0031185     2.5995E-4
-67.000         43.000         -20.000        0.0013289      -0.0032177     2.6239E-4
-65.000         43.000         -20.000        0.0012533      -0.0032998     2.5972E-4
-63.000         43.000         -20.000        0.0011798      -0.0033668     2.4914E-4
-61.000         43.000         -20.000        0.0011123      -0.0034228     2.3891E-4
-59.000         43.000         -20.000        0.0010554      -0.0034639     2.1891E-4
-57.000         43.000         -20.000        0.0010092      -0.0034961     1.9635E-4
-55.000         43.000         -20.000        9.7750E-4      -0.0035229     1.7610E-4
-53.000         43.000         -20.000        9.6209E-4      -0.0035457     1.5313E-4
-51.000         43.000         -20.000        9.5963E-4      -0.0035725     1.2771E-4
-49.000         43.000         -20.000        9.7258E-4      -0.0036041     1.0731E-4
-47.000         43.000         -20.000        9.9841E-4      -0.0036459     9.2752E-5
-45.000         43.000         -20.000        0.0010328      -0.0037007     7.4624E-5
-43.000         43.000         -20.000        0.0010736      -0.0037708     7.3443E-5
-41.000         43.000         -20.000        0.0011186      -0.0038596     7.6079E-5
-39.000         43.000         -20.000        0.0011609      -0.0039666     7.9121E-5
-37.000         43.000         -20.000        0.0011972      -0.0040907     9.4238E-5
-35.000         43.000         -20.000        0.0012205      -0.0042322     1.1369E-4
-33.000         43.000         -20.000        0.0012303      -0.0043878     1.3367E-4
-31.000         43.000         -20.000        0.0012236      -0.0045559     1.6028E-4
-29.000         43.000         -20.000        0.0011955      -0.0047313     1.8582E-4
-27.000         43.000         -20.000        0.0011453      -0.0049088     2.1013E-4
-25.000         43.000         -20.000        0.0010715      -0.0050846     2.3335E-4
-23.000         43.000         -20.000        9.7617E-4      -0.0052530     2.5221E-4
-21.000         43.000         -20.000        8.5784E-4      -0.0054102     2.6725E-4
-19.000         43.000         -20.000        7.1978E-4      -0.0055513     2.7451E-4
-17.000         43.000         -20.000        5.6535E-4      -0.0056712     2.7072E-4
-15.000         43.000         -20.000        4.0040E-4      -0.0057662     2.5872E-4
-13.000         43.000         -20.000        2.2714E-4      -0.0058351     2.3598E-4
-11.000         43.000         -20.000        4.9249E-5      -0.0058759     2.0426E-4
-9.0000         43.000         -20.000        -1.2837E-4     -0.0058882     1.6118E-4
-7.0000         43.000         -20.000        -2.9940E-4     -0.0058720     1.1455E-4
-5.0000         43.000         -20.000        -4.5643E-4     -0.0058272     5.7754E-5
-3.0000         43.000         -20.000        -5.9791E-4     -0.0057587     -6.1012E-6
-1.0000         43.000         -20.000        -7.2368E-4     -0.0056653     -7.4442E-5
1.0000          43.000         -20.000        -8.2610E-4     -0.0055537     -1.5522E-4
3.0000          43.000         -20.000        -9.0371E-4     -0.0054274     -2.2608E-4
5.0000          43.000         -20.000        -9.5039E-4     -0.0052896     -3.0032E-4
7.0000          43.000         -20.000        -9.6923E-4     -0.0051489     -3.7363E-4
9.0000          43.000         -20.000        -9.5779E-4     -0.0050058     -4.4867E-4
11.000          43.000         -20.000        -9.1629E-4     -0.0048695     -5.0688E-4
13.000          43.000         -20.000        -8.4382E-4     -0.0047448     -5.5962E-4
15.000          43.000         -20.000        -7.4379E-4     -0.0046396     -6.0150E-4
17.000          43.000         -20.000        -6.2130E-4     -0.0045581     -6.3356E-4
19.000          43.000         -20.000        -4.7498E-4     -0.0045062     -6.5105E-4
21.000          43.000         -20.000        -3.1313E-4     -0.0044885     -6.4529E-4
23.000          43.000         -20.000        -1.4077E-4     -0.0045093     -6.2521E-4
25.000          43.000         -20.000        2.8391E-5      -0.0045723     -5.8654E-4
27.000          43.000         -20.000        1.9326E-4      -0.0046773     -5.2742E-4
29.000          43.000         -20.000        3.4757E-4      -0.0048255     -4.6004E-4
31.000          43.000         -20.000        4.8360E-4      -0.0050160     -3.6709E-4
33.000          43.000         -20.000        5.8666E-4      -0.0052450     -2.5596E-4
35.000          43.000         -20.000        6.5047E-4      -0.0055067     -1.4169E-4
37.000          43.000         -20.000        6.6936E-4      -0.0057949     -1.2143E-5
39.000          43.000         -20.000        6.3835E-4      -0.0061050     1.1644E-4
41.000          43.000         -20.000        5.5314E-4      -0.0064252     2.6423E-4
43.000          43.000         -20.000        3.9954E-4      -0.0067495     3.8394E-4
45.000          43.000         -20.000        1.9485E-4      -0.0070448     5.2188E-4
47.000          43.000         -20.000        -7.5227E-5     -0.0073266     6.3156E-4
49.000          43.000         -20.000        -4.0528E-4     -0.0075724     7.1571E-4
51.000          43.000         -20.000        -7.7890E-4     -0.0077624     7.9155E-4
53.000          43.000         -20.000        -0.0012123     -0.0078896     8.2564E-4
55.000          43.000         -20.000        -0.0016719     -0.0079529     8.3012E-4
57.000          43.000         -20.000        -0.0021515     -0.0079283     7.9473E-4
59.000          43.000         -20.000        -0.0026411     -0.0078231     7.1412E-4
61.000          43.000         -20.000        -0.0031246     -0.0076327     6.0681E-4
63.000          43.000         -20.000        -0.0035806     -0.0073483     4.5535E-4
65.000          43.000         -20.000        -0.0040006     -0.0069929     2.7056E-4
67.000          43.000         -20.000        -0.0043686     -0.0065678     6.7149E-5
69.000          43.000         -20.000        -0.0046668     -0.0060725     -1.7007E-4
71.000          43.000         -20.000        -0.0049026     -0.0055392     -4.0731E-4
73.000          43.000         -20.000        -0.0050608     -0.0049699     -6.5669E-4
75.000          43.000         -20.000        -0.0051393     -0.0043754     -8.9648E-4
77.000          43.000         -20.000        -0.0051534     -0.0037866     -0.0011365
79.000          43.000         -20.000        -0.0050908     -0.0032123     -0.0013442
81.000          43.000         -20.000        -0.0049709     -0.0026465     -0.0015500
83.000          43.000         -20.000        -0.0047953     -0.0021169     -0.0017220
85.000          43.000         -20.000        -0.0045780     -0.0016334     -0.0018573
87.000          43.000         -20.000        -0.0043312     -0.0011821     -0.0019739
89.000          43.000         -20.000        -0.0040507     -7.7744E-4     -0.0020780
91.000          43.000         -20.000        -0.0037635     -4.2955E-4     -0.0021357
93.000          43.000         -20.000        -0.0034673     -1.2084E-4     -0.0021723
95.000          43.000         -20.000        -0.0031694     1.4318E-4      -0.0021858
97.000          43.000         -20.000        -0.0028787     3.6227E-4      -0.0021831
99.000          43.000         -20.000        -0.0025987     5.4399E-4      -0.0021641
-99.000         45.000         -20.000        0.0013618      -0.0010810     -9.5654E-5
-97.000         45.000         -20.000        0.0014035      -0.0011781     -8.1975E-5
-95.000         45.000         -20.000        0.0014426      -0.0012835     -6.4387E-5
-93.000         45.000         -20.000        0.0014780      -0.0013946     -4.7033E-5
-91.000         45.000         -20.000        0.0015068      -0.0015112     -2.9844E-5
-89.000         45.000         -20.000        0.0015305      -0.0016342     -8.2811E-6
-87.000         45.000         -20.000        0.0015483      -0.0017618     1.2269E-5
-85.000         45.000         -20.000        0.0015560      -0.0018931     3.2717E-5
-83.000         45.000         -20.000        0.0015560      -0.0020266     5.3370E-5
-81.000         45.000         -20.000        0.0015473      -0.0021612     7.5408E-5
-79.000         45.000         -20.000        0.0015278      -0.0022947     9.3846E-5
-77.000         45.000         -20.000        0.0014992      -0.0024260     1.1312E-4
-75.000         45.000         -20.000        0.0014616      -0.0025517     1.2794E-4
-73.000         45.000         -20.000        0.0014151      -0.0026710     1.3934E-4
-71.000         45.000         -20.000        0.0013614      -0.0027822     1.4921E-4
-69.000         45.000         -20.000        0.0013030      -0.0028825     1.5294E-4
-67.000         45.000         -20.000        0.0012418      -0.0029720     1.5501E-4
-65.000         45.000         -20.000        0.0011793      -0.0030491     1.5058E-4
-63.000         45.000         -20.000        0.0011194      -0.0031155     1.4228E-4
-61.000         45.000         -20.000        0.0010638      -0.0031709     1.2959E-4
-59.000         45.000         -20.000        0.0010164      -0.0032158     1.1580E-4
-57.000         45.000         -20.000        9.7747E-4      -0.0032543     9.8198E-5
-55.000         45.000         -20.000        9.4930E-4      -0.0032883     8.0201E-5
-53.000         45.000         -20.000        9.3299E-4      -0.0033204     6.1750E-5
-51.000         45.000         -20.000        9.2756E-4      -0.0033531     4.1235E-5
-49.000         45.000         -20.000        9.3304E-4      -0.0033930     2.5171E-5
-47.000         45.000         -20.000        9.4863E-4      -0.0034395     1.2464E-5
-45.000         45.000         -20.000        9.7006E-4      -0.0034956     -1.0865E-6
-43.000         45.000         -20.000        9.9770E-4      -0.0035652     -5.4329E-6
-41.000         45.000         -20.000        0.0010254      -0.0036491     -3.6421E-6
-39.000         45.000         -20.000        0.0010504      -0.0037458     -2.6260E-6
-37.000         45.000         -20.000        0.0010704      -0.0038565     6.3741E-6
-35.000         45.000         -20.000        0.0010797      -0.0039805     1.0294E-5
-33.000         45.000         -20.000        0.0010806      -0.0041141     3.2281E-5
-31.000         45.000         -20.000        0.0010645      -0.0042574     4.4298E-5
-29.000         45.000         -20.000        0.0010322      -0.0044062     6.1285E-5
-27.000         45.000         -20.000        9.8218E-4      -0.0045569     7.8229E-5
-25.000         45.000         -20.000        9.1062E-4      -0.0047035     8.8193E-5
-23.000         45.000         -20.000        8.2598E-4      -0.0048418     1.0059E-4
-21.000         45.000         -20.000        7.2059E-4      -0.0049729     1.0570E-4
-19.000         45.000         -20.000        6.0075E-4      -0.0050905     1.0276E-4
-17.000         45.000         -20.000        4.6883E-4      -0.0051906     9.9176E-5
-15.000         45.000         -20.000        3.2296E-4      -0.0052690     8.1823E-5
-13.000         45.000         -20.000        1.7553E-4      -0.0053247     5.9528E-5
-11.000         45.000         -20.000        2.4320E-5      -0.0053576     2.8514E-5
-9.0000         45.000         -20.000        -1.2454E-4     -0.0053678     -1.1886E-5
-7.0000         45.000         -20.000        -2.6844E-4     -0.0053538     -5.0122E-5
-5.0000         45.000         -20.000        -4.0264E-4     -0.0053180     -9.8872E-5
-3.0000         45.000         -20.000        -5.2609E-4     -0.0052598     -1.5684E-4
-1.0000         45.000         -20.000        -6.3063E-4     -0.0051828     -2.1335E-4
1.0000          45.000         -20.000        -7.1715E-4     -0.0050910     -2.7475E-4
3.0000          45.000         -20.000        -7.8230E-4     -0.0049874     -3.3627E-4
5.0000          45.000         -20.000        -8.2322E-4     -0.0048772     -4.0954E-4
7.0000          45.000         -20.000        -8.4098E-4     -0.0047609     -4.6231E-4
9.0000          45.000         -20.000        -8.3179E-4     -0.0046470     -5.1639E-4
11.000          45.000         -20.000        -7.9847E-4     -0.0045366     -5.6914E-4
13.000          45.000         -20.000        -7.4200E-4     -0.0044379     -6.1492E-4
15.000          45.000         -20.000        -6.5991E-4     -0.0043568     -6.4705E-4
17.000          45.000         -20.000        -5.6148E-4     -0.0042973     -6.6970E-4
19.000          45.000         -20.000        -4.4592E-4     -0.0042624     -6.7848E-4
21.000          45.000         -20.000        -3.1900E-4     -0.0042555     -6.7649E-4
23.000          45.000         -20.000        -1.8626E-4     -0.0042783     -6.6340E-4
25.000          45.000         -20.000        -5.1156E-5     -0.0043373     -6.3319E-4
27.000          45.000         -20.000        7.7070E-5      -0.0044325     -5.8625E-4
29.000          45.000         -20.000        1.9237E-4      -0.0045621     -5.2797E-4
31.000          45.000         -20.000        2.8732E-4      -0.0047249     -4.5847E-4
33.000          45.000         -20.000        3.5887E-4      -0.0049185     -3.7566E-4
35.000          45.000         -20.000        3.9087E-4      -0.0051338     -2.9025E-4
37.000          45.000         -20.000        3.9720E-4      -0.0053737     -1.9256E-4
39.000          45.000         -20.000        3.5266E-4      -0.0056280     -9.0540E-5
41.000          45.000         -20.000        2.6216E-4      -0.0058896     1.8153E-5
43.000          45.000         -20.000        1.2461E-4      -0.0061477     1.1440E-4
45.000          45.000         -20.000        -6.6176E-5     -0.0063937     2.0504E-4
47.000          45.000         -20.000        -3.0779E-4     -0.0066100     2.8595E-4
49.000          45.000         -20.000        -5.9467E-4     -0.0067956     3.4541E-4
51.000          45.000         -20.000        -9.2457E-4     -0.0069418     3.9108E-4
53.000          45.000         -20.000        -0.0012896     -0.0070288     4.1311E-4
55.000          45.000         -20.000        -0.0016792     -0.0070580     4.0382E-4
57.000          45.000         -20.000        -0.0020855     -0.0070226     3.6656E-4
59.000          45.000         -20.000        -0.0024959     -0.0069111     2.9738E-4
61.000          45.000         -20.000        -0.0028998     -0.0067332     2.0617E-4
63.000          45.000         -20.000        -0.0032775     -0.0064814     7.5269E-5
65.000          45.000         -20.000        -0.0036275     -0.0061646     -7.7558E-5
67.000          45.000         -20.000        -0.0039349     -0.0057887     -2.4257E-4
69.000          45.000         -20.000        -0.0041863     -0.0053630     -4.1942E-4
71.000          45.000         -20.000        -0.0043829     -0.0048958     -6.1902E-4
73.000          45.000         -20.000        -0.0045198     -0.0044059     -8.1456E-4
75.000          45.000         -20.000        -0.0045917     -0.0038991     -0.0010043
77.000          45.000         -20.000        -0.0046015     -0.0033867     -0.0011903
79.000          45.000         -20.000        -0.0045566     -0.0028824     -0.0013611
81.000          45.000         -20.000        -0.0044634     -0.0023970     -0.0015233
83.000          45.000         -20.000        -0.0043159     -0.0019318     -0.0016504
85.000          45.000         -20.000        -0.0041360     -0.0014998     -0.0017707
87.000          45.000         -20.000        -0.0039312     -0.0011057     -0.0018634
89.000          45.000         -20.000        -0.0036952     -7.4679E-4     -0.0019320
91.000          45.000         -20.000        -0.0034490     -4.2785E-4     -0.0019885
93.000          45.000         -20.000        -0.0031959     -1.5142E-4     -0.0020156
95.000          45.000         -20.000        -0.0029394     8.9779E-5      -0.0020280
97.000          45.000         -20.000        -0.0026850     2.9755E-4      -0.0020267
99.000          45.000         -20.000        -0.0024390     4.6532E-4      -0.0020085
-99.000         47.000         -20.000        0.0012707      -0.0010516     -1.1217E-4
-97.000         47.000         -20.000        0.0013069      -0.0011421     -1.0060E-4
-95.000         47.000         -20.000        0.0013394      -0.0012386     -8.8348E-5
-93.000         47.000         -20.000        0.0013686      -0.0013392     -7.4898E-5
-91.000         47.000         -20.000        0.0013927      -0.0014454     -6.0238E-5
-89.000         47.000         -20.000        0.0014117      -0.0015574     -4.5353E-5
-87.000         47.000         -20.000        0.0014256      -0.0016714     -2.9911E-5
-85.000         47.000         -20.000        0.0014302      -0.0017878     -1.3856E-5
-83.000         47.000         -20.000        0.0014295      -0.0019083     2.3535E-6
-81.000         47.000         -20.000        0.0014206      -0.0020281     1.5495E-5
-79.000         47.000         -20.000        0.0014027      -0.0021453     3.0775E-5
-77.000         47.000         -20.000        0.0013783      -0.0022624     4.3746E-5
-75.000         47.000         -20.000        0.0013453      -0.0023747     5.4326E-5
-73.000         47.000         -20.000        0.0013059      -0.0024798     6.1222E-5
-71.000         47.000         -20.000        0.0012612      -0.0025795     6.7919E-5
-69.000         47.000         -20.000        0.0012123      -0.0026710     7.0820E-5
-67.000         47.000         -20.000        0.0011610      -0.0027530     6.9977E-5
-65.000         47.000         -20.000        0.0011093      -0.0028251     6.5133E-5
-63.000         47.000         -20.000        0.0010598      -0.0028890     5.7589E-5
-61.000         47.000         -20.000        0.0010140      -0.0029446     4.6905E-5
-59.000         47.000         -20.000        9.7313E-4      -0.0029926     3.3881E-5
-57.000         47.000         -20.000        9.3968E-4      -0.0030344     2.0722E-5
-55.000         47.000         -20.000        9.1389E-4      -0.0030735     3.0192E-6
-53.000         47.000         -20.000        8.9723E-4      -0.0031112     -1.2993E-5
-51.000         47.000         -20.000        8.8889E-4      -0.0031506     -2.6663E-5
-49.000         47.000         -20.000        8.8840E-4      -0.0031941     -4.3619E-5
-47.000         47.000         -20.000        8.9629E-4      -0.0032431     -5.2810E-5
-45.000         47.000         -20.000        9.0829E-4      -0.0033002     -6.3077E-5
-43.000         47.000         -20.000        9.2367E-4      -0.0033669     -6.8796E-5
-41.000         47.000         -20.000        9.3868E-4      -0.0034445     -7.1389E-5
-39.000         47.000         -20.000        9.5134E-4      -0.0035328     -6.8938E-5
-37.000         47.000         -20.000        9.5971E-4      -0.0036320     -6.6773E-5
-35.000         47.000         -20.000        9.6039E-4      -0.0037410     -6.1314E-5
-33.000         47.000         -20.000        9.5147E-4      -0.0038574     -5.3336E-5
-31.000         47.000         -20.000        9.2883E-4      -0.0039808     -4.2931E-5
-29.000         47.000         -20.000        8.9376E-4      -0.0041063     -3.4017E-5
-27.000         47.000         -20.000        8.4500E-4      -0.0042339     -2.6179E-5
-25.000         47.000         -20.000        7.8001E-4      -0.0043577     -2.0283E-5
-23.000         47.000         -20.000        7.0028E-4      -0.0044758     -1.7779E-5
-21.000         47.000         -20.000        6.0579E-4      -0.0045856     -1.9034E-5
-19.000         47.000         -20.000        5.0238E-4      -0.0046822     -2.2093E-5
-17.000         47.000         -20.000        3.8665E-4      -0.0047638     -3.4123E-5
-15.000         47.000         -20.000        2.6281E-4      -0.0048296     -4.8396E-5
-13.000         47.000         -20.000        1.3437E-4      -0.0048767     -7.1177E-5
-11.000         47.000         -20.000        4.0973E-6      -0.0049049     -9.8105E-5
-9.0000         47.000         -20.000        -1.2156E-4     -0.0049125     -1.3315E-4
-7.0000         47.000         -20.000        -2.4474E-4     -0.0049003     -1.7195E-4
-5.0000         47.000         -20.000        -3.6022E-4     -0.0048692     -2.1625E-4
-3.0000         47.000         -20.000        -4.6439E-4     -0.0048221     -2.6398E-4
-1.0000         47.000         -20.000        -5.5370E-4     -0.0047586     -3.1723E-4
1.0000          47.000         -20.000        -6.2728E-4     -0.0046845     -3.6794E-4
3.0000          47.000         -20.000        -6.8392E-4     -0.0045987     -4.1856E-4
5.0000          47.000         -20.000        -7.2032E-4     -0.0045080     -4.6862E-4
7.0000          47.000         -20.000        -7.3637E-4     -0.0044144     -5.2110E-4
9.0000          47.000         -20.000        -7.3035E-4     -0.0043208     -5.6894E-4
11.000          47.000         -20.000        -7.0497E-4     -0.0042354     -6.0821E-4
13.000          47.000         -20.000        -6.6132E-4     -0.0041584     -6.4381E-4
15.000          47.000         -20.000        -5.9837E-4     -0.0040950     -6.7284E-4
17.000          47.000         -20.000        -5.1960E-4     -0.0040501     -6.9135E-4
19.000          47.000         -20.000        -4.2784E-4     -0.0040247     -7.0088E-4
21.000          47.000         -20.000        -3.3103E-4     -0.0040248     -7.0031E-4
23.000          47.000         -20.000        -2.2774E-4     -0.0040515     -6.8847E-4
25.000          47.000         -20.000        -1.2422E-4     -0.0041066     -6.6489E-4
27.000          47.000         -20.000        -2.6307E-5     -0.0041888     -6.3135E-4
29.000          47.000         -20.000        5.7473E-5      -0.0043000     -5.8475E-4
31.000          47.000         -20.000        1.2188E-4      -0.0044365     -5.3068E-4
33.000          47.000         -20.000        1.6857E-4      -0.0045996     -4.6913E-4
35.000          47.000         -20.000        1.8579E-4      -0.0047823     -4.0164E-4
37.000          47.000         -20.000        1.7171E-4      -0.0049791     -3.2090E-4
39.000          47.000         -20.000        1.1781E-4      -0.0051875     -2.4476E-4
41.000          47.000         -20.000        2.7575E-5      -0.0053961     -1.7088E-4
43.000          47.000         -20.000        -1.0100E-4     -0.0056013     -9.9297E-5
45.000          47.000         -20.000        -2.7520E-4     -0.0057930     -3.2239E-5
47.000          47.000         -20.000        -4.8904E-4     -0.0059615     1.9575E-5
49.000          47.000         -20.000        -7.4053E-4     -0.0061015     6.0716E-5
51.000          47.000         -20.000        -0.0010246     -0.0062060     8.8352E-5
53.000          47.000         -20.000        -0.0013363     -0.0062661     9.4851E-5
55.000          47.000         -20.000        -0.0016691     -0.0062699     6.8550E-5
57.000          47.000         -20.000        -0.0020113     -0.0062190     4.1820E-5
59.000          47.000         -20.000        -0.0023568     -0.0061131     -2.4836E-5
61.000          47.000         -20.000        -0.0026960     -0.0059456     -9.7995E-5
63.000          47.000         -20.000        -0.0030086     -0.0057188     -1.9838E-4
65.000          47.000         -20.000        -0.0033003     -0.0054340     -3.2597E-4
67.000          47.000         -20.000        -0.0035580     -0.0051095     -4.6720E-4
69.000          47.000         -20.000        -0.0037693     -0.0047439     -6.0983E-4
71.000          47.000         -20.000        -0.0039370     -0.0043372     -7.6060E-4
73.000          47.000         -20.000        -0.0040507     -0.0039098     -9.2229E-4
75.000          47.000         -20.000        -0.0041154     -0.0034754     -0.0010683
77.000          47.000         -20.000        -0.0041293     -0.0030308     -0.0012233
79.000          47.000         -20.000        -0.0040915     -0.0025900     -0.0013539
81.000          47.000         -20.000        -0.0040163     -0.0021684     -0.0014794
83.000          47.000         -20.000        -0.0038969     -0.0017649     -0.0015849
85.000          47.000         -20.000        -0.0037461     -0.0013795     -0.0016765
87.000          47.000         -20.000        -0.0035733     -0.0010315     -0.0017563
89.000          47.000         -20.000        -0.0033749     -7.1597E-4     -0.0018103
91.000          47.000         -20.000        -0.0031659     -4.2604E-4     -0.0018504
93.000          47.000         -20.000        -0.0029476     -1.7327E-4     -0.0018755
95.000          47.000         -20.000        -0.0027264     4.5682E-5      -0.0018835
97.000          47.000         -20.000        -0.0025060     2.3639E-4      -0.0018782
99.000          47.000         -20.000        -0.0022879     3.9658E-4      -0.0018635
-99.000         49.000         -20.000        0.0011863      -0.0010208     -1.2659E-4
-97.000         49.000         -20.000        0.0012175      -0.0011046     -1.1782E-4
-95.000         49.000         -20.000        0.0012450      -0.0011929     -1.0843E-4
-93.000         49.000         -20.000        0.0012690      -0.0012849     -9.9269E-5
-91.000         49.000         -20.000        0.0012896      -0.0013820     -8.6825E-5
-89.000         49.000         -20.000        0.0013046      -0.0014825     -7.6014E-5
-87.000         49.000         -20.000        0.0013149      -0.0015853     -6.5161E-5
-85.000         49.000         -20.000        0.0013185      -0.0016909     -5.2328E-5
-83.000         49.000         -20.000        0.0013165      -0.0017982     -4.1236E-5
-81.000         49.000         -20.000        0.0013076      -0.0019045     -3.1771E-5
-79.000         49.000         -20.000        0.0012919      -0.0020102     -2.0011E-5
-77.000         49.000         -20.000        0.0012705      -0.0021145     -1.1749E-5
-75.000         49.000         -20.000        0.0012416      -0.0022150     -5.6728E-6
-73.000         49.000         -20.000        0.0012082      -0.0023091     -5.2709E-7
-71.000         49.000         -20.000        0.0011707      -0.0023994     3.6380E-6
-69.000         49.000         -20.000        0.0011293      -0.0024822     2.9565E-6
-67.000         49.000         -20.000        0.0010859      -0.0025567     -4.3383E-7
-65.000         49.000         -20.000        0.0010431      -0.0026262     -3.6132E-6
-63.000         49.000         -20.000        0.0010011      -0.0026877     -1.1353E-5
-61.000         49.000         -20.000        9.6268E-4      -0.0027411     -2.0289E-5
-59.000         49.000         -20.000        9.2729E-4      -0.0027909     -3.1728E-5
-57.000         49.000         -20.000        8.9758E-4      -0.0028358     -4.3257E-5
-55.000         49.000         -20.000        8.7455E-4      -0.0028764     -5.9275E-5
-53.000         49.000         -20.000        8.5747E-4      -0.0029190     -6.9975E-5
-51.000         49.000         -20.000        8.4661E-4      -0.0029613     -8.4228E-5
-49.000         49.000         -20.000        8.4234E-4      -0.0030067     -9.6186E-5
-47.000         49.000         -20.000        8.4350E-4      -0.0030570     -1.0874E-4
-45.000         49.000         -20.000        8.4714E-4      -0.0031136     -1.1483E-4
-43.000         49.000         -20.000        8.5297E-4      -0.0031774     -1.2249E-4
-41.000         49.000         -20.000        8.5852E-4      -0.0032491     -1.2734E-4
-39.000         49.000         -20.000        8.6247E-4      -0.0033298     -1.2929E-4
-37.000         49.000         -20.000        8.6217E-4      -0.0034184     -1.2682E-4
-35.000         49.000         -20.000        8.5455E-4      -0.0035140     -1.2673E-4
-33.000         49.000         -20.000        8.3903E-4      -0.0036156     -1.2221E-4
-31.000         49.000         -20.000        8.1274E-4      -0.0037211     -1.2170E-4
-29.000         49.000         -20.000        7.7699E-4      -0.0038298     -1.1438E-4
-27.000         49.000         -20.000        7.2882E-4      -0.0039371     -1.1335E-4
-25.000         49.000         -20.000        6.6823E-4      -0.0040420     -1.1153E-4
-23.000         49.000         -20.000        5.9652E-4      -0.0041417     -1.1441E-4
-21.000         49.000         -20.000        5.1322E-4      -0.0042331     -1.1738E-4
-19.000         49.000         -20.000        4.1830E-4      -0.0043152     -1.2779E-4
-17.000         49.000         -20.000        3.1826E-4      -0.0043828     -1.3893E-4
-15.000         49.000         -20.000        2.1154E-4      -0.0044376     -1.5485E-4
-13.000         49.000         -20.000        1.0126E-4      -0.0044763     -1.7526E-4
-11.000         49.000         -20.000        -1.0063E-5     -0.0044995     -2.0293E-4
-9.0000         49.000         -20.000        -1.2140E-4     -0.0045064     -2.3322E-4
-7.0000         49.000         -20.000        -2.2671E-4     -0.0044964     -2.7064E-4
-5.0000         49.000         -20.000        -3.2475E-4     -0.0044710     -3.0761E-4
-3.0000         49.000         -20.000        -4.1305E-4     -0.0044323     -3.4853E-4
-1.0000         49.000         -20.000        -4.9045E-4     -0.0043809     -3.9077E-4
1.0000          49.000         -20.000        -5.5452E-4     -0.0043190     -4.3739E-4
3.0000          49.000         -20.000        -6.0439E-4     -0.0042500     -4.7953E-4
5.0000          49.000         -20.000        -6.3626E-4     -0.0041757     -5.2424E-4
7.0000          49.000         -20.000        -6.5254E-4     -0.0041000     -5.6689E-4
9.0000          49.000         -20.000        -6.5011E-4     -0.0040262     -6.0643E-4
11.000          49.000         -20.000        -6.3182E-4     -0.0039566     -6.4144E-4
13.000          49.000         -20.000        -5.9828E-4     -0.0038967     -6.6908E-4
15.000          49.000         -20.000        -5.5022E-4     -0.0038483     -6.9208E-4
17.000          49.000         -20.000        -4.9062E-4     -0.0038147     -7.0837E-4
19.000          49.000         -20.000        -4.2025E-4     -0.0037986     -7.1707E-4
21.000          49.000         -20.000        -3.4367E-4     -0.0038024     -7.1682E-4
23.000          49.000         -20.000        -2.6465E-4     -0.0038293     -7.0394E-4
25.000          49.000         -20.000        -1.8887E-4     -0.0038784     -6.8763E-4
27.000          49.000         -20.000        -1.1888E-4     -0.0039503     -6.6471E-4
29.000          49.000         -20.000        -5.9375E-5     -0.0040442     -6.2759E-4
31.000          49.000         -20.000        -1.3131E-5     -0.0041608     -5.8665E-4
33.000          49.000         -20.000        1.2414E-5      -0.0042961     -5.3715E-4
35.000          49.000         -20.000        1.2902E-5      -0.0044462     -4.8811E-4
37.000          49.000         -20.000        -1.2706E-5     -0.0046075     -4.2957E-4
39.000          49.000         -20.000        -6.9553E-5     -0.0047746     -3.7768E-4
41.000          49.000         -20.000        -1.5953E-4     -0.0049445     -3.2092E-4
43.000          49.000         -20.000        -2.8027E-4     -0.0051054     -2.6963E-4
45.000          49.000         -20.000        -4.3612E-4     -0.0052558     -2.2112E-4
47.000          49.000         -20.000        -6.2238E-4     -0.0053870     -1.8175E-4
49.000          49.000         -20.000        -8.4412E-4     -0.0054881     -1.5758E-4
51.000          49.000         -20.000        -0.0010866     -0.0055617     -1.4299E-4
53.000          49.000         -20.000        -0.0013574     -0.0055937     -1.4530E-4
55.000          49.000         -20.000        -0.0016432     -0.0055761     -1.6802E-4
57.000          49.000         -20.000        -0.0019303     -0.0055248     -2.0091E-4
59.000          49.000         -20.000        -0.0022204     -0.0054183     -2.5081E-4
61.000          49.000         -20.000        -0.0025068     -0.0052615     -3.1768E-4
63.000          49.000         -20.000        -0.0027708     -0.0050596     -4.0629E-4
65.000          49.000         -20.000        -0.0030148     -0.0048103     -5.0633E-4
67.000          49.000         -20.000        -0.0032273     -0.0045168     -6.2408E-4
69.000          49.000         -20.000        -0.0034079     -0.0042005     -7.3827E-4
71.000          49.000         -20.000        -0.0035503     -0.0038507     -8.5289E-4
73.000          49.000         -20.000        -0.0036459     -0.0034774     -9.8385E-4
75.000          49.000         -20.000        -0.0037017     -0.0031013     -0.0011093
77.000          49.000         -20.000        -0.0037191     -0.0027149     -0.0012251
79.000          49.000         -20.000        -0.0036875     -0.0023310     -0.0013303
81.000          49.000         -20.000        -0.0036244     -0.0019630     -0.0014327
83.000          49.000         -20.000        -0.0035290     -0.0016077     -0.0015197
85.000          49.000         -20.000        -0.0034032     -0.0012707     -0.0015902
87.000          49.000         -20.000        -0.0032541     -9.5971E-4     -0.0016517
89.000          49.000         -20.000        -0.0030893     -6.7714E-4     -0.0016950
91.000          49.000         -20.000        -0.0029102     -4.1773E-4     -0.0017294
93.000          49.000         -20.000        -0.0027214     -1.8815E-4     -0.0017480
95.000          49.000         -20.000        -0.0025298     1.2007E-5      -0.0017513
97.000          49.000         -20.000        -0.0023373     1.8750E-4      -0.0017494
99.000          49.000         -20.000        -0.0021458     3.3823E-4      -0.0017331
-99.000         51.000         -20.000        0.0011086      -9.9010E-4     -1.3867E-4
-97.000         51.000         -20.000        0.0011351      -0.0010669     -1.3258E-4
-95.000         51.000         -20.000        0.0011582      -0.0011474     -1.2626E-4
-93.000         51.000         -20.000        0.0011785      -0.0012327     -1.1783E-4
-91.000         51.000         -20.000        0.0011954      -0.0013208     -1.0923E-4
-89.000         51.000         -20.000        0.0012076      -0.0014114     -1.0155E-4
-87.000         51.000         -20.000        0.0012152      -0.0015047     -9.2975E-5
-85.000         51.000         -20.000        0.0012178      -0.0016002     -8.4739E-5
-83.000         51.000         -20.000        0.0012150      -0.0016958     -7.7500E-5
-81.000         51.000         -20.000        0.0012060      -0.0017910     -6.8610E-5
-79.000         51.000         -20.000        0.0011925      -0.0018869     -6.3113E-5
-77.000         51.000         -20.000        0.0011739      -0.0019798     -5.6738E-5
-75.000         51.000         -20.000        0.0011489      -0.0020692     -5.3367E-5
-73.000         51.000         -20.000        0.0011202      -0.0021556     -4.9134E-5
-71.000         51.000         -20.000        0.0010886      -0.0022369     -4.9062E-5
-69.000         51.000         -20.000        0.0010533      -0.0023126     -5.0697E-5
-67.000         51.000         -20.000        0.0010170      -0.0023821     -5.3061E-5
-65.000         51.000         -20.000        9.8043E-4      -0.0024472     -5.9219E-5
-63.000         51.000         -20.000        9.4419E-4      -0.0025058     -6.6775E-5
-61.000         51.000         -20.000        9.0989E-4      -0.0025587     -7.5493E-5
-59.000         51.000         -20.000        8.8029E-4      -0.0026081     -8.5202E-5
-57.000         51.000         -20.000        8.5350E-4      -0.0026542     -9.6408E-5
-55.000         51.000         -20.000        8.3152E-4      -0.0026972     -1.0758E-4
-53.000         51.000         -20.000        8.1507E-4      -0.0027407     -1.1970E-4
-51.000         51.000         -20.000        8.0258E-4      -0.0027850     -1.3184E-4
-49.000         51.000         -20.000        7.9487E-4      -0.0028311     -1.4247E-4
-47.000         51.000         -20.000        7.9050E-4      -0.0028810     -1.5074E-4
-45.000         51.000         -20.000        7.8809E-4      -0.0029359     -1.6003E-4
-43.000         51.000         -20.000        7.8749E-4      -0.0029972     -1.6629E-4
-41.000         51.000         -20.000        7.8599E-4      -0.0030636     -1.7106E-4
-39.000         51.000         -20.000        7.8241E-4      -0.0031366     -1.7394E-4
-37.000         51.000         -20.000        7.7495E-4      -0.0032152     -1.7523E-4
-35.000         51.000         -20.000        7.6061E-4      -0.0032999     -1.7864E-4
-33.000         51.000         -20.000        7.4200E-4      -0.0033893     -1.7947E-4
-31.000         51.000         -20.000        7.1377E-4      -0.0034801     -1.7921E-4
-29.000         51.000         -20.000        6.7674E-4      -0.0035724     -1.7905E-4
-27.000         51.000         -20.000        6.3037E-4      -0.0036636     -1.7967E-4
-25.000         51.000         -20.000        5.7256E-4      -0.0037531     -1.8200E-4
-23.000         51.000         -20.000        5.0801E-4      -0.0038377     -1.8845E-4
-21.000         51.000         -20.000        4.3285E-4      -0.0039137     -1.9461E-4
-19.000         51.000         -20.000        3.5055E-4      -0.0039813     -2.0375E-4
-17.000         51.000         -20.000        2.6151E-4      -0.0040394     -2.2063E-4
-15.000         51.000         -20.000        1.6765E-4      -0.0040862     -2.3624E-4
-13.000         51.000         -20.000        7.2876E-5      -0.0041177     -2.5553E-4
-11.000         51.000         -20.000        -2.4219E-5     -0.0041370     -2.7961E-4
-9.0000         51.000         -20.000        -1.1927E-4     -0.0041426     -3.0910E-4
-7.0000         51.000         -20.000        -2.1046E-4     -0.0041357     -3.3912E-4
-5.0000         51.000         -20.000        -2.9506E-4     -0.0041150     -3.7442E-4
-3.0000         51.000         -20.000        -3.7222E-4     -0.0040820     -4.1042E-4
-1.0000         51.000         -20.000        -4.3915E-4     -0.0040410     -4.4862E-4
1.0000          51.000         -20.000        -4.9522E-4     -0.0039907     -4.8559E-4
3.0000          51.000         -20.000        -5.3870E-4     -0.0039352     -5.2245E-4
5.0000          51.000         -20.000        -5.6727E-4     -0.0038752     -5.5870E-4
7.0000          51.000         -20.000        -5.8435E-4     -0.0038135     -5.9438E-4
9.0000          51.000         -20.000        -5.8603E-4     -0.0037548     -6.2828E-4
11.000          51.000         -20.000        -5.7405E-4     -0.0037009     -6.5639E-4
13.000          51.000         -20.000        -5.4980E-4     -0.0036534     -6.8302E-4
15.000          51.000         -20.000        -5.1336E-4     -0.0036156     -7.0050E-4
17.000          51.000         -20.000        -4.6892E-4     -0.0035914     -7.1436E-4
19.000          51.000         -20.000        -4.1605E-4     -0.0035823     -7.2186E-4
21.000          51.000         -20.000        -3.5920E-4     -0.0035888     -7.2454E-4
23.000          51.000         -20.000        -3.0139E-4     -0.0036134     -7.2020E-4
25.000          51.000         -20.000        -2.4650E-4     -0.0036558     -7.0585E-4
27.000          51.000         -20.000        -1.9572E-4     -0.0037189     -6.8507E-4
29.000          51.000         -20.000        -1.5555E-4     -0.0037996     -6.5982E-4
31.000          51.000         -20.000        -1.2827E-4     -0.0038951     -6.2895E-4
33.000          51.000         -20.000        -1.1805E-4     -0.0040053     -5.9552E-4
35.000          51.000         -20.000        -1.3022E-4     -0.0041292     -5.5271E-4
37.000          51.000         -20.000        -1.6128E-4     -0.0042610     -5.1319E-4
39.000          51.000         -20.000        -2.2098E-4     -0.0043947     -4.6854E-4
41.000          51.000         -20.000        -3.0641E-4     -0.0045263     -4.3172E-4
43.000          51.000         -20.000        -4.1829E-4     -0.0046523     -3.9495E-4
45.000          51.000         -20.000        -5.6342E-4     -0.0047701     -3.6206E-4
47.000          51.000         -20.000        -7.2789E-4     -0.0048661     -3.3869E-4
49.000          51.000         -20.000        -9.1874E-4     -0.0049400     -3.2438E-4
51.000          51.000         -20.000        -0.0011310     -0.0049866     -3.2322E-4
53.000          51.000         -20.000        -0.0013595     -0.0050015     -3.2762E-4
55.000          51.000         -20.000        -0.0015984     -0.0049767     -3.4958E-4
57.000          51.000         -20.000        -0.0018460     -0.0049166     -3.8022E-4
59.000          51.000         -20.000        -0.0020923     -0.0048142     -4.2546E-4
61.000          51.000         -20.000        -0.0023285     -0.0046673     -4.8723E-4
63.000          51.000         -20.000        -0.0025563     -0.0044855     -5.5585E-4
65.000          51.000         -20.000        -0.0027621     -0.0042658     -6.3637E-4
67.000          51.000         -20.000        -0.0029444     -0.0040084     -7.3058E-4
69.000          51.000         -20.000        -0.0030930     -0.0037269     -8.2634E-4
71.000          51.000         -20.000        -0.0032149     -0.0034244     -9.2601E-4
73.000          51.000         -20.000        -0.0032948     -0.0031037     -0.0010223
75.000          51.000         -20.000        -0.0033426     -0.0027682     -0.0011233
77.000          51.000         -20.000        -0.0033594     -0.0024352     -0.0012141
79.000          51.000         -20.000        -0.0033355     -0.0021032     -0.0013013
81.000          51.000         -20.000        -0.0032827     -0.0017745     -0.0013781
83.000          51.000         -20.000        -0.0032043     -0.0014645     -0.0014522
85.000          51.000         -20.000        -0.0030989     -0.0011692     -0.0015098
87.000          51.000         -20.000        -0.0029749     -8.9178E-4     -0.0015572
89.000          51.000         -20.000        -0.0028322     -6.3719E-4     -0.0015931
91.000          51.000         -20.000        -0.0026786     -4.0688E-4     -0.0016164
93.000          51.000         -20.000        -0.0025150     -1.9922E-4     -0.0016305
95.000          51.000         -20.000        -0.0023489     -1.3608E-5     -0.0016352
97.000          51.000         -20.000        -0.0021813     1.4654E-4      -0.0016314
99.000          51.000         -20.000        -0.0020134     2.8599E-4      -0.0016153
-99.000         53.000         -20.000        0.0010366      -9.5871E-4     -1.4971E-4
-97.000         53.000         -20.000        0.0010590      -0.0010296     -1.4547E-4
-95.000         53.000         -20.000        0.0010789      -0.0011036     -1.3959E-4
-93.000         53.000         -20.000        0.0010963      -0.0011815     -1.3424E-4
-91.000         53.000         -20.000        0.0011098      -0.0012620     -1.2896E-4
-89.000         53.000         -20.000        0.0011193      -0.0013437     -1.2307E-4
-87.000         53.000         -20.000        0.0011258      -0.0014291     -1.1639E-4
-85.000         53.000         -20.000        0.0011266      -0.0015154     -1.1097E-4
-83.000         53.000         -20.000        0.0011237      -0.0016011     -1.0548E-4
-81.000         53.000         -20.000        0.0011159      -0.0016876     -1.0022E-4
-79.000         53.000         -20.000        0.0011034      -0.0017735     -9.6812E-5
-77.000         53.000         -20.000        0.0010864      -0.0018566     -9.4324E-5
-75.000         53.000         -20.000        0.0010651      -0.0019378     -9.1306E-5
-73.000         53.000         -20.000        0.0010408      -0.0020163     -9.0703E-5
-71.000         53.000         -20.000        0.0010133      -0.0020904     -9.3800E-5
-69.000         53.000         -20.000        9.8294E-4      -0.0021599     -9.3728E-5
-67.000         53.000         -20.000        9.5208E-4      -0.0022254     -9.7289E-5
-65.000         53.000         -20.000        9.2045E-4      -0.0022855     -1.0409E-4
-63.000         53.000         -20.000        8.8925E-4      -0.0023414     -1.1003E-4
-61.000         53.000         -20.000        8.5974E-4      -0.0023940     -1.1880E-4
-59.000         53.000         -20.000        8.3286E-4      -0.0024424     -1.2716E-4
-57.000         53.000         -20.000        8.0864E-4      -0.0024879     -1.3833E-4
-55.000         53.000         -20.000        7.8814E-4      -0.0025327     -1.4752E-4
-53.000         53.000         -20.000        7.7106E-4      -0.0025767     -1.5846E-4
-51.000         53.000         -20.000        7.5748E-4      -0.0026211     -1.6869E-4
-49.000         53.000         -20.000        7.4667E-4      -0.0026676     -1.7776E-4
-47.000         53.000         -20.000        7.3835E-4      -0.0027165     -1.8808E-4
-45.000         53.000         -20.000        7.3233E-4      -0.0027696     -1.9568E-4
-43.000         53.000         -20.000        7.2615E-4      -0.0028267     -2.0473E-4
-41.000         53.000         -20.000        7.1915E-4      -0.0028883     -2.0882E-4
-39.000         53.000         -20.000        7.0984E-4      -0.0029546     -2.1379E-4
-37.000         53.000         -20.000        6.9741E-4      -0.0030253     -2.1845E-4
-35.000         53.000         -20.000        6.8048E-4      -0.0031004     -2.2133E-4
-33.000         53.000         -20.000        6.5780E-4      -0.0031783     -2.2571E-4
-31.000         53.000         -20.000        6.2806E-4      -0.0032577     -2.2805E-4
-29.000         53.000         -20.000        5.9094E-4      -0.0033372     -2.2888E-4
-27.000         53.000         -20.000        5.4668E-4      -0.0034160     -2.3627E-4
-25.000         53.000         -20.000        4.9360E-4      -0.0034917     -2.4055E-4
-23.000         53.000         -20.000        4.3296E-4      -0.0035634     -2.4566E-4
-21.000         53.000         -20.000        3.6561E-4      -0.0036285     -2.5495E-4
-19.000         53.000         -20.000        2.9292E-4      -0.0036859     -2.6659E-4
-17.000         53.000         -20.000        2.1452E-4      -0.0037342     -2.8046E-4
-15.000         53.000         -20.000        1.3192E-4      -0.0037733     -3.0057E-4
-13.000         53.000         -20.000        4.7676E-5      -0.0038008     -3.1864E-4
-11.000         53.000         -20.000        -3.6453E-5     -0.0038175     -3.4176E-4
-9.0000         53.000         -20.000        -1.1810E-4     -0.0038227     -3.6607E-4
-7.0000         53.000         -20.000        -1.9689E-4     -0.0038169     -3.9382E-4
-5.0000         53.000         -20.000        -2.7125E-4     -0.0038000     -4.2257E-4
-3.0000         53.000         -20.000        -3.3901E-4     -0.0037740     -4.5558E-4
-1.0000         53.000         -20.000        -3.9760E-4     -0.0037399     -4.8751E-4
1.0000          53.000         -20.000        -4.4682E-4     -0.0036995     -5.2025E-4
3.0000          53.000         -20.000        -4.8592E-4     -0.0036536     -5.5518E-4
5.0000          53.000         -20.000        -5.1362E-4     -0.0036050     -5.8519E-4
7.0000          53.000         -20.000        -5.3001E-4     -0.0035559     -6.1528E-4
9.0000          53.000         -20.000        -5.3464E-4     -0.0035082     -6.4340E-4
11.000          53.000         -20.000        -5.2854E-4     -0.0034652     -6.6789E-4
13.000          53.000         -20.000        -5.1276E-4     -0.0034280     -6.9014E-4
15.000          53.000         -20.000        -4.8661E-4     -0.0033995     -7.0753E-4
17.000          53.000         -20.000        -4.5333E-4     -0.0033811     -7.1978E-4
19.000          53.000         -20.000        -4.1507E-4     -0.0033754     -7.2503E-4
21.000          53.000         -20.000        -3.7506E-4     -0.0033835     -7.2849E-4
23.000          53.000         -20.000        -3.3383E-4     -0.0034061     -7.2519E-4
25.000          53.000         -20.000        -2.9456E-4     -0.0034438     -7.1627E-4
27.000          53.000         -20.000        -2.6012E-4     -0.0034965     -7.0483E-4
29.000          53.000         -20.000        -2.3620E-4     -0.0035635     -6.8170E-4
31.000          53.000         -20.000        -2.2428E-4     -0.0036427     -6.5976E-4
33.000          53.000         -20.000        -2.2567E-4     -0.0037337     -6.3629E-4
35.000          53.000         -20.000        -2.4376E-4     -0.0038338     -6.0456E-4
37.000          53.000         -20.000        -2.8165E-4     -0.0039396     -5.7862E-4
39.000          53.000         -20.000        -3.4124E-4     -0.0040467     -5.4477E-4
41.000          53.000         -20.000        -4.2192E-4     -0.0041506     -5.1625E-4
43.000          53.000         -20.000        -5.2544E-4     -0.0042489     -4.9367E-4
45.000          53.000         -20.000        -6.5289E-4     -0.0043363     -4.7034E-4
47.000          53.000         -20.000        -8.0179E-4     -0.0044081     -4.5801E-4
49.000          53.000         -20.000        -9.6887E-4     -0.0044592     -4.4451E-4
51.000          53.000         -20.000        -0.0011499     -0.0044859     -4.4939E-4
53.000          53.000         -20.000        -0.0013493     -0.0044826     -4.5882E-4
55.000          53.000         -20.000        -0.0015541     -0.0044509     -4.7824E-4
57.000          53.000         -20.000        -0.0017629     -0.0043848     -5.0792E-4
59.000          53.000         -20.000        -0.0019713     -0.0042872     -5.4952E-4
61.000          53.000         -20.000        -0.0021738     -0.0041540     -5.9944E-4
63.000          53.000         -20.000        -0.0023626     -0.0039834     -6.6591E-4
65.000          53.000         -20.000        -0.0025386     -0.0037905     -7.3500E-4
67.000          53.000         -20.000        -0.0026913     -0.0035670     -7.9912E-4
69.000          53.000         -20.000        -0.0028166     -0.0033154     -8.7751E-4
71.000          53.000         -20.000        -0.0029206     -0.0030513     -9.6511E-4
73.000          53.000         -20.000        -0.0029904     -0.0027709     -0.0010408
75.000          53.000         -20.000        -0.0030310     -0.0024793     -0.0011205
77.000          53.000         -20.000        -0.0030444     -0.0021868     -0.0011995
79.000          53.000         -20.000        -0.0030267     -0.0018971     -0.0012622
81.000          53.000         -20.000        -0.0029846     -0.0016101     -0.0013223
83.000          53.000         -20.000        -0.0029169     -0.0013338     -0.0013849
85.000          53.000         -20.000        -0.0028280     -0.0010762     -0.0014313
87.000          53.000         -20.000        -0.0027241     -8.2724E-4     -0.0014684
89.000          53.000         -20.000        -0.0026008     -5.9903E-4     -0.0014978
91.000          53.000         -20.000        -0.0024694     -3.9339E-4     -0.0015157
93.000          53.000         -20.000        -0.0023300     -2.0413E-4     -0.0015258
95.000          53.000         -20.000        -0.0021842     -3.5117E-5     -0.0015265
97.000          53.000         -20.000        -0.0020361     1.1197E-4      -0.0015242
99.000          53.000         -20.000        -0.0018894     2.4072E-4      -0.0015086
-99.000         55.000         -20.000        9.7004E-4      -9.2719E-4     -1.5920E-4
-97.000         55.000         -20.000        9.8906E-4      -9.9229E-4     -1.5617E-4
-95.000         55.000         -20.000        0.0010062      -0.0010612     -1.5151E-4
-93.000         55.000         -20.000        0.0010208      -0.0011323     -1.4841E-4
-91.000         55.000         -20.000        0.0010316      -0.0012054     -1.4505E-4
-89.000         55.000         -20.000        0.0010396      -0.0012811     -1.4069E-4
-87.000         55.000         -20.000        0.0010445      -0.0013580     -1.3617E-4
-85.000         55.000         -20.000        0.0010446      -0.0014357     -1.3255E-4
-83.000         55.000         -20.000        0.0010412      -0.0015140     -1.2931E-4
-81.000         55.000         -20.000        0.0010343      -0.0015923     -1.2723E-4
-79.000         55.000         -20.000        0.0010227      -0.0016694     -1.2442E-4
-77.000         55.000         -20.000        0.0010076      -0.0017455     -1.2351E-4
-75.000         55.000         -20.000        9.8939E-4      -0.0018192     -1.2312E-4
-73.000         55.000         -20.000        9.6783E-4      -0.0018902     -1.2452E-4
-71.000         55.000         -20.000        9.4351E-4      -0.0019581     -1.2560E-4
-69.000         55.000         -20.000        9.1794E-4      -0.0020225     -1.2857E-4
-67.000         55.000         -20.000        8.9109E-4      -0.0020833     -1.3225E-4
-65.000         55.000         -20.000        8.6350E-4      -0.0021402     -1.3788E-4
-63.000         55.000         -20.000        8.3651E-4      -0.0021935     -1.4447E-4
-61.000         55.000         -20.000        8.1041E-4      -0.0022440     -1.5214E-4
-59.000         55.000         -20.000        7.8622E-4      -0.0022910     -1.6133E-4
-57.000         55.000         -20.000        7.6397E-4      -0.0023365     -1.7007E-4
-55.000         55.000         -20.000        7.4421E-4      -0.0023808     -1.8076E-4
-53.000         55.000         -20.000        7.2712E-4      -0.0024243     -1.9015E-4
-51.000         55.000         -20.000        7.1232E-4      -0.0024684     -1.9934E-4
-49.000         55.000         -20.000        6.9981E-4      -0.0025137     -2.0957E-4
-47.000         55.000         -20.000        6.8883E-4      -0.0025615     -2.1788E-4
-45.000         55.000         -20.000        6.7870E-4      -0.0026118     -2.2624E-4
-43.000         55.000         -20.000        6.6858E-4      -0.0026655     -2.3300E-4
-41.000         55.000         -20.000        6.5763E-4      -0.0027223     -2.4023E-4
-39.000         55.000         -20.000        6.4494E-4      -0.0027824     -2.4690E-4
-37.000         55.000         -20.000        6.2877E-4      -0.0028465     -2.5037E-4
-35.000         55.000         -20.000        6.0876E-4      -0.0029127     -2.5630E-4
-33.000         55.000         -20.000        5.8391E-4      -0.0029811     -2.6003E-4
-31.000         55.000         -20.000        5.5404E-4      -0.0030504     -2.6493E-4
-29.000         55.000         -20.000        5.1775E-4      -0.0031187     -2.7191E-4
-27.000         55.000         -20.000        4.7444E-4      -0.0031863     -2.7772E-4
-25.000         55.000         -20.000        4.2530E-4      -0.0032520     -2.8277E-4
-23.000         55.000         -20.000        3.7030E-4      -0.0033124     -2.9184E-4
-21.000         55.000         -20.000        3.0965E-4      -0.0033677     -3.0278E-4
-19.000         55.000         -20.000        2.4322E-4      -0.0034168     -3.1482E-4
-17.000         55.000         -20.000        1.7380E-4      -0.0034574     -3.2942E-4
-15.000         55.000         -20.000        1.0157E-4      -0.0034900     -3.4765E-4
-13.000         55.000         -20.000        2.7702E-5      -0.0035136     -3.6491E-4
-11.000         55.000         -20.000        -4.5593E-5     -0.0035286     -3.8698E-4
-9.0000         55.000         -20.000        -1.1874E-4     -0.0035330     -4.0987E-4
-7.0000         55.000         -20.000        -1.8768E-4     -0.0035284     -4.3539E-4
-5.0000         55.000         -20.000        -2.5223E-4     -0.0035156     -4.5973E-4
-3.0000         55.000         -20.000        -3.1118E-4     -0.0034945     -4.8982E-4
-1.0000         55.000         -20.000        -3.6357E-4     -0.0034670     -5.1527E-4
1.0000          55.000         -20.000        -4.0827E-4     -0.0034344     -5.4585E-4
3.0000          55.000         -20.000        -4.4318E-4     -0.0033973     -5.7436E-4
5.0000          55.000         -20.000        -4.6940E-4     -0.0033578     -6.0243E-4
7.0000          55.000         -20.000        -4.8661E-4     -0.0033184     -6.2702E-4
9.0000          55.000         -20.000        -4.9438E-4     -0.0032805     -6.5208E-4
11.000          55.000         -20.000        -4.9253E-4     -0.0032465     -6.7245E-4
13.000          55.000         -20.000        -4.8270E-4     -0.0032177     -6.9263E-4
15.000          55.000         -20.000        -4.6616E-4     -0.0031956     -7.0680E-4
17.000          55.000         -20.000        -4.4414E-4     -0.0031826     -7.1716E-4
19.000          55.000         -20.000        -4.1818E-4     -0.0031790     -7.2490E-4
21.000          55.000         -20.000        -3.8891E-4     -0.0031871     -7.2644E-4
23.000          55.000         -20.000        -3.6104E-4     -0.0032071     -7.2721E-4
25.000          55.000         -20.000        -3.3609E-4     -0.0032397     -7.2162E-4
27.000          55.000         -20.000        -3.1603E-4     -0.0032836     -7.1198E-4
29.000          55.000         -20.000        -3.0349E-4     -0.0033388     -6.9929E-4
31.000          55.000         -20.000        -2.9991E-4     -0.0034030     -6.8238E-4
33.000          55.000         -20.000        -3.1094E-4     -0.0034778     -6.6175E-4
35.000          55.000         -20.000        -3.3570E-4     -0.0035577     -6.4278E-4
37.000          55.000         -20.000        -3.7645E-4     -0.0036414     -6.2117E-4
39.000          55.000         -20.000        -4.3440E-4     -0.0037251     -6.0068E-4
41.000          55.000         -20.000        -5.1159E-4     -0.0038050     -5.8327E-4
43.000          55.000         -20.000        -6.0783E-4     -0.0038797     -5.6419E-4
45.000          55.000         -20.000        -7.2161E-4     -0.0039437     -5.5201E-4
47.000          55.000         -20.000        -8.5167E-4     -0.0039957     -5.4211E-4
49.000          55.000         -20.000        -9.9743E-4     -0.0040285     -5.4157E-4
51.000          55.000         -20.000        -0.0011594     -0.0040388     -5.4247E-4
53.000          55.000         -20.000        -0.0013284     -0.0040254     -5.5609E-4
55.000          55.000         -20.000        -0.0015047     -0.0039876     -5.7525E-4
57.000          55.000         -20.000        -0.0016820     -0.0039240     -6.0404E-4
59.000          55.000         -20.000        -0.0018596     -0.0038273     -6.4191E-4
61.000          55.000         -20.000        -0.0020315     -0.0037058     -6.8102E-4
63.000          55.000         -20.000        -0.0021915     -0.0035545     -7.3350E-4
65.000          55.000         -20.000        -0.0023378     -0.0033785     -7.8905E-4
67.000          55.000         -20.000        -0.0024679     -0.0031797     -8.4811E-4
69.000          55.000         -20.000        -0.0025749     -0.0029597     -9.1176E-4
71.000          55.000         -20.000        -0.0026601     -0.0027266     -9.8191E-4
73.000          55.000         -20.000        -0.0027221     -0.0024796     -0.0010450
75.000          55.000         -20.000        -0.0027582     -0.0022257     -0.0011043
77.000          55.000         -20.000        -0.0027679     -0.0019682     -0.0011665
79.000          55.000         -20.000        -0.0027556     -0.0017129     -0.0012214
81.000          55.000         -20.000        -0.0027219     -0.0014618     -0.0012751
83.000          55.000         -20.000        -0.0026638     -0.0012176     -0.0013160
85.000          55.000         -20.000        -0.0025888     -9.8558E-4     -0.0013571
87.000          55.000         -20.000        -0.0025006     -7.6735E-4     -0.0013845
89.000          55.000         -20.000        -0.0023946     -5.6316E-4     -0.0014079
91.000          55.000         -20.000        -0.0022806     -3.7482E-4     -0.0014240
93.000          55.000         -20.000        -0.0021605     -2.0543E-4     -0.0014296
95.000          55.000         -20.000        -0.0020333     -5.2326E-5     -0.0014291
97.000          55.000         -20.000        -0.0019034     8.5326E-5      -0.0014232
99.000          55.000         -20.000        -0.0017735     2.0335E-4      -0.0014131
-99.000         57.000         -20.000        9.0828E-4      -8.9610E-4     -1.6680E-4
-97.000         57.000         -20.000        9.2502E-4      -9.5683E-4     -1.6382E-4
-95.000         57.000         -20.000        9.3922E-4      -0.0010202     -1.6206E-4
-93.000         57.000         -20.000        9.5143E-4      -0.0010851     -1.5987E-4
-91.000         57.000         -20.000        9.6054E-4      -0.0011521     -1.5752E-4
-89.000         57.000         -20.000        9.6695E-4      -0.0012215     -1.5501E-4
-87.000         57.000         -20.000        9.7055E-4      -0.0012913     -1.5305E-4
-85.000         57.000         -20.000        9.6998E-4      -0.0013615     -1.5024E-4
-83.000         57.000         -20.000        9.6682E-4      -0.0014333     -1.4867E-4
-81.000         57.000         -20.000        9.6005E-4      -0.0015042     -1.4786E-4
-79.000         57.000         -20.000        9.4957E-4      -0.0015739     -1.4694E-4
-77.000         57.000         -20.000        9.3654E-4      -0.0016433     -1.4694E-4
-75.000         57.000         -20.000        9.2005E-4      -0.0017106     -1.4814E-4
-73.000         57.000         -20.000        9.0111E-4      -0.0017752     -1.5057E-4
-71.000         57.000         -20.000        8.8007E-4      -0.0018378     -1.5157E-4
-69.000         57.000         -20.000        8.5755E-4      -0.0018977     -1.5590E-4
-67.000         57.000         -20.000        8.3392E-4      -0.0019541     -1.6208E-4
-65.000         57.000         -20.000        8.0976E-4      -0.0020075     -1.6543E-4
-63.000         57.000         -20.000        7.8597E-4      -0.0020584     -1.7261E-4
-61.000         57.000         -20.000        7.6236E-4      -0.0021068     -1.8041E-4
-59.000         57.000         -20.000        7.4028E-4      -0.0021525     -1.8791E-4
-57.000         57.000         -20.000        7.2002E-4      -0.0021969     -1.9643E-4
-55.000         57.000         -20.000        7.0076E-4      -0.0022403     -2.0577E-4
-53.000         57.000         -20.000        6.8366E-4      -0.0022833     -2.1467E-4
-51.000         57.000         -20.000        6.6821E-4      -0.0023265     -2.2461E-4
-49.000         57.000         -20.000        6.5414E-4      -0.0023706     -2.3252E-4
-47.000         57.000         -20.000        6.4112E-4      -0.0024165     -2.4063E-4
-45.000         57.000         -20.000        6.2811E-4      -0.0024641     -2.4851E-4
-43.000         57.000         -20.000        6.1532E-4      -0.0025143     -2.5737E-4
-41.000         57.000         -20.000        6.0137E-4      -0.0025667     -2.6418E-4
-39.000         57.000         -20.000        5.8567E-4      -0.0026216     -2.7033E-4
-37.000         57.000         -20.000        5.6738E-4      -0.0026787     -2.7675E-4
-35.000         57.000         -20.000        5.4491E-4      -0.0027378     -2.8344E-4
-33.000         57.000         -20.000        5.1964E-4      -0.0027982     -2.8977E-4
-31.000         57.000         -20.000        4.8882E-4      -0.0028585     -2.9581E-4
-29.000         57.000         -20.000        4.5342E-4      -0.0029184     -3.0104E-4
-27.000         57.000         -20.000        4.1268E-4      -0.0029768     -3.0977E-4
-25.000         57.000         -20.000        3.6660E-4      -0.0030328     -3.1638E-4
-23.000         57.000         -20.000        3.1652E-4      -0.0030849     -3.2715E-4
-21.000         57.000         -20.000        2.6096E-4      -0.0031323     -3.3673E-4
-19.000         57.000         -20.000        2.0165E-4      -0.0031738     -3.5136E-4
-17.000         57.000         -20.000        1.3931E-4      -0.0032092     -3.6513E-4
-15.000         57.000         -20.000        7.5034E-5      -0.0032373     -3.8045E-4
-13.000         57.000         -20.000        1.0473E-5      -0.0032577     -3.9971E-4
-11.000         57.000         -20.000        -5.4977E-5     -0.0032696     -4.1910E-4
-9.0000         57.000         -20.000        -1.1882E-4     -0.0032744     -4.4049E-4
-7.0000         57.000         -20.000        -1.8004E-4     -0.0032714     -4.6121E-4
-5.0000         57.000         -20.000        -2.3695E-4     -0.0032608     -4.8522E-4
-3.0000         57.000         -20.000        -2.8925E-4     -0.0032440     -5.0984E-4
-1.0000         57.000         -20.000        -3.3582E-4     -0.0032215     -5.3494E-4
1.0000          57.000         -20.000        -3.7578E-4     -0.0031950     -5.6091E-4
3.0000          57.000         -20.000        -4.0900E-4     -0.0031656     -5.8590E-4
5.0000          57.000         -20.000        -4.3344E-4     -0.0031337     -6.0922E-4
7.0000          57.000         -20.000        -4.5155E-4     -0.0031018     -6.3135E-4
9.0000          57.000         -20.000        -4.6131E-4     -0.0030717     -6.5264E-4
11.000          57.000         -20.000        -4.6385E-4     -0.0030446     -6.7128E-4
13.000          57.000         -20.000        -4.5990E-4     -0.0030217     -6.8743E-4
15.000          57.000         -20.000        -4.5053E-4     -0.0030045     -7.0151E-4
17.000          57.000         -20.000        -4.3726E-4     -0.0029948     -7.1327E-4
19.000          57.000         -20.000        -4.2032E-4     -0.0029936     -7.2019E-4
21.000          57.000         -20.000        -4.0232E-4     -0.0030012     -7.2331E-4
23.000          57.000         -20.000        -3.8522E-4     -0.0030184     -7.2232E-4
25.000          57.000         -20.000        -3.7110E-4     -0.0030449     -7.2079E-4
27.000          57.000         -20.000        -3.6124E-4     -0.0030813     -7.1563E-4
29.000          57.000         -20.000        -3.5804E-4     -0.0031267     -7.0639E-4
31.000          57.000         -20.000        -3.6373E-4     -0.0031790     -6.9408E-4
33.000          57.000         -20.000        -3.7951E-4     -0.0032380     -6.8076E-4
35.000          57.000         -20.000        -4.0933E-4     -0.0033015     -6.6681E-4
37.000          57.000         -20.000        -4.5084E-4     -0.0033672     -6.5304E-4
39.000          57.000         -20.000        -5.0799E-4     -0.0034320     -6.3800E-4
41.000          57.000         -20.000        -5.8029E-4     -0.0034927     -6.2692E-4
43.000          57.000         -20.000        -6.6754E-4     -0.0035482     -6.1381E-4
45.000          57.000         -20.000        -7.7083E-4     -0.0035943     -6.0707E-4
47.000          57.000         -20.000        -8.8575E-4     -0.0036275     -6.0568E-4
49.000          57.000         -20.000        -0.0010146     -0.0036454     -6.0723E-4
51.000          57.000         -20.000        -0.0011538     -0.0036446     -6.1308E-4
53.000          57.000         -20.000        -0.0013006     -0.0036244     -6.2176E-4
55.000          57.000         -20.000        -0.0014504     -0.0035827     -6.4546E-4
57.000          57.000         -20.000        -0.0016052     -0.0035150     -6.6844E-4
59.000          57.000         -20.000        -0.0017547     -0.0034255     -7.0332E-4
61.000          57.000         -20.000        -0.0019015     -0.0033127     -7.4045E-4
63.000          57.000         -20.000        -0.0020360     -0.0031754     -7.7820E-4
65.000          57.000         -20.000        -0.0021596     -0.0030162     -8.2649E-4
67.000          57.000         -20.000        -0.0022701     -0.0028412     -8.7612E-4
69.000          57.000         -20.000        -0.0023612     -0.0026486     -9.2538E-4
71.000          57.000         -20.000        -0.0024342     -0.0024404     -9.8077E-4
73.000          57.000         -20.000        -0.0024861     -0.0022232     -0.0010347
75.000          57.000         -20.000        -0.0025177     -0.0020022     -0.0010859
77.000          57.000         -20.000        -0.0025288     -0.0017750     -0.0011317
79.000          57.000         -20.000        -0.0025159     -0.0015475     -0.0011793
81.000          57.000         -20.000        -0.0024878     -0.0013282     -0.0012183
83.000          57.000         -20.000        -0.0024395     -0.0011128     -0.0012529
85.000          57.000         -20.000        -0.0023747     -9.0375E-4     -0.0012827
87.000          57.000         -20.000        -0.0022993     -7.1057E-4     -0.0013083
89.000          57.000         -20.000        -0.0022091     -5.2945E-4     -0.0013236
91.000          57.000         -20.000        -0.0021106     -3.5808E-4     -0.0013354
93.000          57.000         -20.000        -0.0020057     -2.0413E-4     -0.0013421
95.000          57.000         -20.000        -0.0018948     -6.5360E-5     -0.0013408
97.000          57.000         -20.000        -0.0017816     6.0758E-5      -0.0013344
99.000          57.000         -20.000        -0.0016658     1.7151E-4      -0.0013243
-99.000         59.000         -20.000        8.5102E-4      -8.6555E-4     -1.7230E-4
-97.000         59.000         -20.000        8.6564E-4      -9.2199E-4     -1.7162E-4
-95.000         59.000         -20.000        8.7764E-4      -9.8024E-4     -1.7052E-4
-93.000         59.000         -20.000        8.8764E-4      -0.0010399     -1.6991E-4
-91.000         59.000         -20.000        8.9562E-4      -0.0011017     -1.6767E-4
-89.000         59.000         -20.000        9.0054E-4      -0.0011649     -1.6709E-4
-87.000         59.000         -20.000        9.0302E-4      -0.0012286     -1.6653E-4
-85.000         59.000         -20.000        9.0231E-4      -0.0012932     -1.6528E-4
-83.000         59.000         -20.000        8.9899E-4      -0.0013583     -1.6468E-4
-81.000         59.000         -20.000        8.9253E-4      -0.0014229     -1.6554E-4
-79.000         59.000         -20.000        8.8302E-4      -0.0014866     -1.6484E-4
-77.000         59.000         -20.000        8.7156E-4      -0.0015500     -1.6606E-4
-75.000         59.000         -20.000        8.5660E-4      -0.0016115     -1.6825E-4
-73.000         59.000         -20.000        8.3992E-4      -0.0016708     -1.7025E-4
-71.000         59.000         -20.000        8.2147E-4      -0.0017287     -1.7320E-4
-69.000         59.000         -20.000        8.0157E-4      -0.0017841     -1.7781E-4
-67.000         59.000         -20.000        7.8012E-4      -0.0018363     -1.8324E-4
-65.000         59.000         -20.000        7.5906E-4      -0.0018872     -1.8848E-4
-63.000         59.000         -20.000        7.3773E-4      -0.0019355     -1.9494E-4
-61.000         59.000         -20.000        7.1677E-4      -0.0019812     -2.0326E-4
-59.000         59.000         -20.000        6.9622E-4      -0.0020260     -2.1035E-4
-57.000         59.000         -20.000        6.7676E-4      -0.0020688     -2.1807E-4
-55.000         59.000         -20.000        6.5845E-4      -0.0021109     -2.2659E-4
-53.000         59.000         -20.000        6.4138E-4      -0.0021527     -2.3472E-4
-51.000         59.000         -20.000        6.2535E-4      -0.0021945     -2.4353E-4
-49.000         59.000         -20.000        6.1019E-4      -0.0022370     -2.5149E-4
-47.000         59.000         -20.000        5.9541E-4      -0.0022806     -2.6107E-4
-45.000         59.000         -20.000        5.8086E-4      -0.0023255     -2.6805E-4
-43.000         59.000         -20.000        5.6610E-4      -0.0023723     -2.7543E-4
-41.000         59.000         -20.000        5.4998E-4      -0.0024207     -2.8327E-4
-39.000         59.000         -20.000        5.3213E-4      -0.0024707     -2.9061E-4
-37.000         59.000         -20.000        5.1184E-4      -0.0025220     -2.9762E-4
-35.000         59.000         -20.000        4.8908E-4      -0.0025750     -3.0364E-4
-33.000         59.000         -20.000        4.6251E-4      -0.0026284     -3.1115E-4
-31.000         59.000         -20.000        4.3235E-4      -0.0026815     -3.1826E-4
-29.000         59.000         -20.000        3.9812E-4      -0.0027337     -3.2571E-4
-27.000         59.000         -20.000        3.5950E-4      -0.0027844     -3.3508E-4
-25.000         59.000         -20.000        3.1621E-4      -0.0028330     -3.4510E-4
-23.000         59.000         -20.000        2.6951E-4      -0.0028782     -3.5210E-4
-21.000         59.000         -20.000        2.1932E-4      -0.0029186     -3.6507E-4
-19.000         59.000         -20.000        1.6613E-4      -0.0029545     -3.7736E-4
-17.000         59.000         -20.000        1.1040E-4      -0.0029845     -3.9275E-4
-15.000         59.000         -20.000        5.2736E-5      -0.0030087     -4.0604E-4
-13.000         59.000         -20.000        -5.8231E-6     -0.0030264     -4.2527E-4
-11.000         59.000         -20.000        -6.3345E-5     -0.0030372     -4.4100E-4
-9.0000         59.000         -20.000        -1.1923E-4     -0.0030416     -4.5998E-4
-7.0000         59.000         -20.000        -1.7318E-4     -0.0030397     -4.8098E-4
-5.0000         59.000         -20.000        -2.2440E-4     -0.0030314     -5.0270E-4
-3.0000         59.000         -20.000        -2.7212E-4     -0.0030183     -5.2413E-4
-1.0000         59.000         -20.000        -3.1369E-4     -0.0030001     -5.4795E-4
1.0000          59.000         -20.000        -3.5020E-4     -0.0029786     -5.7008E-4
3.0000          59.000         -20.000        -3.8078E-4     -0.0029546     -5.9122E-4
5.0000          59.000         -20.000        -4.0516E-4     -0.0029291     -6.1210E-4
7.0000          59.000         -20.000        -4.2318E-4     -0.0029032     -6.3270E-4
9.0000          59.000         -20.000        -4.3514E-4     -0.0028791     -6.4998E-4
11.000          59.000         -20.000        -4.4140E-4     -0.0028574     -6.6772E-4
13.000          59.000         -20.000        -4.4263E-4     -0.0028390     -6.8249E-4
15.000          59.000         -20.000        -4.3857E-4     -0.0028260     -6.9633E-4
17.000          59.000         -20.000        -4.3156E-4     -0.0028186     -7.0656E-4
19.000          59.000         -20.000        -4.2303E-4     -0.0028180     -7.1079E-4
21.000          59.000         -20.000        -4.1412E-4     -0.0028246     -7.1603E-4
23.000          59.000         -20.000        -4.0609E-4     -0.0028387     -7.1977E-4
25.000          59.000         -20.000        -3.9937E-4     -0.0028610     -7.1669E-4
27.000          59.000         -20.000        -3.9713E-4     -0.0028905     -7.1310E-4
29.000          59.000         -20.000        -4.0192E-4     -0.0029265     -7.0854E-4
31.000          59.000         -20.000        -4.1429E-4     -0.0029688     -6.9995E-4
33.000          59.000         -20.000        -4.3543E-4     -0.0030147     -6.9465E-4
35.000          59.000         -20.000        -4.6664E-4     -0.0030647     -6.8599E-4
37.000          59.000         -20.000        -5.0880E-4     -0.0031158     -6.7310E-4
39.000          59.000         -20.000        -5.6370E-4     -0.0031642     -6.6544E-4
41.000          59.000         -20.000        -6.3079E-4     -0.0032098     -6.5879E-4
43.000          59.000         -20.000        -7.1008E-4     -0.0032492     -6.5170E-4
45.000          59.000         -20.000        -8.0269E-4     -0.0032803     -6.4906E-4
47.000          59.000         -20.000        -9.0660E-4     -0.0033010     -6.5029E-4
49.000          59.000         -20.000        -0.0010187     -0.0033066     -6.5287E-4
51.000          59.000         -20.000        -0.0011388     -0.0032975     -6.6013E-4
53.000          59.000         -20.000        -0.0012650     -0.0032715     -6.7352E-4
55.000          59.000         -20.000        -0.0013966     -0.0032258     -6.9144E-4
57.000          59.000         -20.000        -0.0015280     -0.0031603     -7.1273E-4
59.000          59.000         -20.000        -0.0016562     -0.0030751     -7.4021E-4
61.000          59.000         -20.000        -0.0017817     -0.0029686     -7.7693E-4
63.000          59.000         -20.000        -0.0018960     -0.0028462     -8.0653E-4
65.000          59.000         -20.000        -0.0020018     -0.0027041     -8.4580E-4
67.000          59.000         -20.000        -0.0020926     -0.0025437     -8.8771E-4
69.000          59.000         -20.000        -0.0021723     -0.0023748     -9.3009E-4
71.000          59.000         -20.000        -0.0022354     -0.0021919     -9.7025E-4
73.000          59.000         -20.000        -0.0022785     -0.0019993     -0.0010156
75.000          59.000         -20.000        -0.0023054     -0.0018034     -0.0010581
77.000          59.000         -20.000        -0.0023161     -0.0016036     -0.0010975
79.000          59.000         -20.000        -0.0023055     -0.0014033     -0.0011330
81.000          59.000         -20.000        -0.0022799     -0.0012080     -0.0011653
83.000          59.000         -20.000        -0.0022411     -0.0010166     -0.0011930
85.000          59.000         -20.000        -0.0021857     -8.3204E-4     -0.0012162
87.000          59.000         -20.000        -0.0021188     -6.5791E-4     -0.0012373
89.000          59.000         -20.000        -0.0020425     -4.9452E-4     -0.0012493
91.000          59.000         -20.000        -0.0019571     -3.4139E-4     -0.0012578
93.000          59.000         -20.000        -0.0018651     -2.0080E-4     -0.0012611
95.000          59.000         -20.000        -0.0017681     -7.3952E-5     -0.0012595
97.000          59.000         -20.000        -0.0016685     4.1134E-5      -0.0012531
99.000          59.000         -20.000        -0.0015655     1.4454E-4      -0.0012429
-99.000         61.000         -20.000        7.9818E-4      -8.3644E-4     -1.7746E-4
-97.000         61.000         -20.000        8.1068E-4      -8.8830E-4     -1.7769E-4
-95.000         61.000         -20.000        8.2083E-4      -9.4186E-4     -1.7707E-4
-93.000         61.000         -20.000        8.2928E-4      -9.9732E-4     -1.7663E-4
-91.000         61.000         -20.000        8.3582E-4      -0.0010540     -1.7681E-4
-89.000         61.000         -20.000        8.3969E-4      -0.0011115     -1.7685E-4
-87.000         61.000         -20.000        8.4114E-4      -0.0011701     -1.7630E-4
-85.000         61.000         -20.000        8.4036E-4      -0.0012295     -1.7675E-4
-83.000         61.000         -20.000        8.3695E-4      -0.0012887     -1.7792E-4
-81.000         61.000         -20.000        8.3063E-4      -0.0013474     -1.7778E-4
-79.000         61.000         -20.000        8.2229E-4      -0.0014065     -1.7967E-4
-77.000         61.000         -20.000        8.1176E-4      -0.0014642     -1.8130E-4
-75.000         61.000         -20.000        7.9837E-4      -0.0015203     -1.8411E-4
-73.000         61.000         -20.000        7.8345E-4      -0.0015757     -1.8751E-4
-71.000         61.000         -20.000        7.6726E-4      -0.0016290     -1.9158E-4
-69.000         61.000         -20.000        7.4923E-4      -0.0016801     -1.9573E-4
-67.000         61.000         -20.000        7.3058E-4      -0.0017299     -2.0012E-4
-65.000         61.000         -20.000        7.1139E-4      -0.0017773     -2.0566E-4
-63.000         61.000         -20.000        6.9187E-4      -0.0018229     -2.1194E-4
-61.000         61.000         -20.000        6.7210E-4      -0.0018670     -2.1922E-4
-59.000         61.000         -20.000        6.5326E-4      -0.0019089     -2.2638E-4
-57.000         61.000         -20.000        6.3502E-4      -0.0019500     -2.3505E-4
-55.000         61.000         -20.000        6.1740E-4      -0.0019908     -2.4213E-4
-53.000         61.000         -20.000        6.0052E-4      -0.0020307     -2.5078E-4
-51.000         61.000         -20.000        5.8406E-4      -0.0020710     -2.5858E-4
-49.000         61.000         -20.000        5.6819E-4      -0.0021116     -2.6661E-4
-47.000         61.000         -20.000        5.5255E-4      -0.0021529     -2.7580E-4
-45.000         61.000         -20.000        5.3669E-4      -0.0021952     -2.8410E-4
-43.000         61.000         -20.000        5.2030E-4      -0.0022388     -2.9020E-4
-41.000         61.000         -20.000        5.0274E-4      -0.0022832     -2.9889E-4
-39.000         61.000         -20.000        4.8373E-4      -0.0023283     -3.0650E-4
-37.000         61.000         -20.000        4.6250E-4      -0.0023750     -3.1339E-4
-35.000         61.000         -20.000        4.3880E-4      -0.0024224     -3.2122E-4
-33.000         61.000         -20.000        4.1241E-4      -0.0024698     -3.2852E-4
-31.000         61.000         -20.000        3.8273E-4      -0.0025170     -3.3670E-4
-29.000         61.000         -20.000        3.4962E-4      -0.0025622     -3.4369E-4
-27.000         61.000         -20.000        3.1291E-4      -0.0026063     -3.5422E-4
-25.000         61.000         -20.000        2.7291E-4      -0.0026484     -3.6305E-4
-23.000         61.000         -20.000        2.2982E-4      -0.0026876     -3.7292E-4
-21.000         61.000         -20.000        1.8358E-4      -0.0027225     -3.8509E-4
-19.000         61.000         -20.000        1.3516E-4      -0.0027534     -3.9643E-4
-17.000         61.000         -20.000        8.4891E-5      -0.0027790     -4.1083E-4
-15.000         61.000         -20.000        3.3353E-5      -0.0028002     -4.2451E-4
-13.000         61.000         -20.000        -1.8822E-5     -0.0028152     -4.4149E-4
-11.000         61.000         -20.000        -7.0289E-5     -0.0028257     -4.5725E-4
-9.0000         61.000         -20.000        -1.2087E-4     -0.0028296     -4.7733E-4
-7.0000         61.000         -20.000        -1.6923E-4     -0.0028283     -4.9592E-4
-5.0000         61.000         -20.000        -2.1510E-4     -0.0028223     -5.1270E-4
-3.0000         61.000         -20.000        -2.5741E-4     -0.0028116     -5.3421E-4
-1.0000         61.000         -20.000        -2.9609E-4     -0.0027971     -5.5302E-4
1.0000          61.000         -20.000        -3.2963E-4     -0.0027806     -5.7330E-4
3.0000          61.000         -20.000        -3.5836E-4     -0.0027609     -5.9255E-4
5.0000          61.000         -20.000        -3.8189E-4     -0.0027401     -6.1113E-4
7.0000          61.000         -20.000        -4.0065E-4     -0.0027197     -6.2778E-4
9.0000          61.000         -20.000        -4.1428E-4     -0.0026996     -6.4536E-4
11.000          61.000         -20.000        -4.2323E-4     -0.0026829     -6.5977E-4
13.000          61.000         -20.000        -4.2789E-4     -0.0026687     -6.7284E-4
15.000          61.000         -20.000        -4.2959E-4     -0.0026579     -6.8584E-4
17.000          61.000         -20.000        -4.2840E-4     -0.0026521     -6.9509E-4
19.000          61.000         -20.000        -4.2624E-4     -0.0026517     -7.0232E-4
21.000          61.000         -20.000        -4.2325E-4     -0.0026569     -7.0800E-4
23.000          61.000         -20.000        -4.2190E-4     -0.0026688     -7.1050E-4
25.000          61.000         -20.000        -4.2264E-4     -0.0026866     -7.1040E-4
27.000          61.000         -20.000        -4.2742E-4     -0.0027101     -7.0900E-4
29.000          61.000         -20.000        -4.3694E-4     -0.0027386     -7.0785E-4
31.000          61.000         -20.000        -4.5316E-4     -0.0027703     -7.0535E-4
33.000          61.000         -20.000        -4.7760E-4     -0.0028065     -7.0043E-4
35.000          61.000         -20.000        -5.1038E-4     -0.0028444     -6.9270E-4
37.000          61.000         -20.000        -5.5249E-4     -0.0028824     -6.8779E-4
39.000          61.000         -20.000        -6.0469E-4     -0.0029193     -6.8283E-4
41.000          61.000         -20.000        -6.6694E-4     -0.0029499     -6.7988E-4
43.000          61.000         -20.000        -7.4014E-4     -0.0029765     -6.7707E-4
45.000          61.000         -20.000        -8.2298E-4     -0.0029955     -6.7633E-4
47.000          61.000         -20.000        -9.1413E-4     -0.0030058     -6.7997E-4
49.000          61.000         -20.000        -0.0010131     -0.0030039     -6.8452E-4
51.000          61.000         -20.000        -0.0011189     -0.0029870     -6.9436E-4
53.000          61.000         -20.000        -0.0012289     -0.0029556     -7.0723E-4
55.000          61.000         -20.000        -0.0013414     -0.0029080     -7.2068E-4
57.000          61.000         -20.000        -0.0014538     -0.0028453     -7.3930E-4
59.000          61.000         -20.000        -0.0015647     -0.0027645     -7.6583E-4
61.000          61.000         -20.000        -0.0016687     -0.0026695     -7.8791E-4
63.000          61.000         -20.000        -0.0017691     -0.0025565     -8.2132E-4
65.000          61.000         -20.000        -0.0018600     -0.0024296     -8.5072E-4
67.000          61.000         -20.000        -0.0019392     -0.0022872     -8.8463E-4
69.000          61.000         -20.000        -0.0020044     -0.0021338     -9.2297E-4
71.000          61.000         -20.000        -0.0020587     -0.0019727     -9.5586E-4
73.000          61.000         -20.000        -0.0020949     -0.0018033     -9.9110E-4
75.000          61.000         -20.000        -0.0021181     -0.0016264     -0.0010268
77.000          61.000         -20.000        -0.0021278     -0.0014513     -0.0010582
79.000          61.000         -20.000        -0.0021188     -0.0012753     -0.0010858
81.000          61.000         -20.000        -0.0020974     -0.0010987     -0.0011117
83.000          61.000         -20.000        -0.0020635     -9.2944E-4     -0.0011355
85.000          61.000         -20.000        -0.0020161     -7.6626E-4     -0.0011539
87.000          61.000         -20.000        -0.0019591     -6.0882E-4     -0.0011688
89.000          61.000         -20.000        -0.0018918     -4.6143E-4     -0.0011795
91.000          61.000         -20.000        -0.0018178     -3.2416E-4     -0.0011847
93.000          61.000         -20.000        -0.0017367     -1.9700E-4     -0.0011860
95.000          61.000         -20.000        -0.0016516     -7.9705E-5     -0.0011856
97.000          61.000         -20.000        -0.0015638     2.5451E-5      -0.0011786
99.000          61.000         -20.000        -0.0014735     1.2045E-4      -0.0011687
-99.000         63.000         -20.000        7.4916E-4      -8.0763E-4     -1.8174E-4
-97.000         63.000         -20.000        7.5967E-4      -8.5564E-4     -1.8217E-4
-95.000         63.000         -20.000        7.6842E-4      -9.0513E-4     -1.8231E-4
-93.000         63.000         -20.000        7.7571E-4      -9.5642E-4     -1.8300E-4
-91.000         63.000         -20.000        7.8073E-4      -0.0010087     -1.8386E-4
-89.000         63.000         -20.000        7.8368E-4      -0.0010613     -1.8422E-4
-87.000         63.000         -20.000        7.8501E-4      -0.0011155     -1.8450E-4
-85.000         63.000         -20.000        7.8347E-4      -0.0011700     -1.8624E-4
-83.000         63.000         -20.000        7.8003E-4      -0.0012239     -1.8798E-4
-81.000         63.000         -20.000        7.7443E-4      -0.0012783     -1.8883E-4
-79.000         63.000         -20.000        7.6657E-4      -0.0013323     -1.9124E-4
-77.000         63.000         -20.000        7.5669E-4      -0.0013850     -1.9353E-4
-75.000         63.000         -20.000        7.4492E-4      -0.0014370     -1.9680E-4
-73.000         63.000         -20.000        7.3161E-4      -0.0014881     -2.0024E-4
-71.000         63.000         -20.000        7.1685E-4      -0.0015374     -2.0516E-4
-69.000         63.000         -20.000        7.0052E-4      -0.0015852     -2.0830E-4
-67.000         63.000         -20.000        6.8377E-4      -0.0016316     -2.1448E-4
-65.000         63.000         -20.000        6.6619E-4      -0.0016763     -2.1949E-4
-63.000         63.000         -20.000        6.4793E-4      -0.0017191     -2.2713E-4
-61.000         63.000         -20.000        6.3025E-4      -0.0017611     -2.3304E-4
-59.000         63.000         -20.000        6.1254E-4      -0.0018015     -2.3959E-4
-57.000         63.000         -20.000        5.9494E-4      -0.0018412     -2.4690E-4
-55.000         63.000         -20.000        5.7785E-4      -0.0018800     -2.5476E-4
-53.000         63.000         -20.000        5.6110E-4      -0.0019183     -2.6249E-4
-51.000         63.000         -20.000        5.4478E-4      -0.0019567     -2.6976E-4
-49.000         63.000         -20.000        5.2847E-4      -0.0019954     -2.7756E-4
-47.000         63.000         -20.000        5.1215E-4      -0.0020344     -2.8560E-4
-45.000         63.000         -20.000        4.9524E-4      -0.0020740     -2.9322E-4
-43.000         63.000         -20.000        4.7794E-4      -0.0021142     -3.0190E-4
-41.000         63.000         -20.000        4.5950E-4      -0.0021553     -3.1002E-4
-39.000         63.000         -20.000        4.3964E-4      -0.0021970     -3.1701E-4
-37.000         63.000         -20.000        4.1797E-4      -0.0022391     -3.2449E-4
-35.000         63.000         -20.000        3.9392E-4      -0.0022815     -3.3187E-4
-33.000         63.000         -20.000        3.6800E-4      -0.0023236     -3.4038E-4
-31.000         63.000         -20.000        3.3891E-4      -0.0023652     -3.4940E-4
-29.000         63.000         -20.000        3.0712E-4      -0.0024057     -3.5753E-4
-27.000         63.000         -20.000        2.7253E-4      -0.0024446     -3.6614E-4
-25.000         63.000         -20.000        2.3499E-4      -0.0024812     -3.7563E-4
-23.000         63.000         -20.000        1.9549E-4      -0.0025151     -3.8598E-4
-21.000         63.000         -20.000        1.5303E-4      -0.0025457     -3.9776E-4
-19.000         63.000         -20.000        1.0858E-4      -0.0025724     -4.1007E-4
-17.000         63.000         -20.000        6.2662E-5      -0.0025953     -4.2204E-4
-15.000         63.000         -20.000        1.6308E-5      -0.0026134     -4.3669E-4
-13.000         63.000         -20.000        -3.0025E-5     -0.0026271     -4.5233E-4
-11.000         63.000         -20.000        -7.6940E-5     -0.0026357     -4.6697E-4
-9.0000         63.000         -20.000        -1.2262E-4     -0.0026398     -4.8451E-4
-7.0000         63.000         -20.000        -1.6659E-4     -0.0026395     -4.9973E-4
-5.0000         63.000         -20.000        -2.0772E-4     -0.0026347     -5.1784E-4
-3.0000         63.000         -20.000        -2.4610E-4     -0.0026265     -5.3507E-4
-1.0000         63.000         -20.000        -2.8136E-4     -0.0026149     -5.5350E-4
1.0000          63.000         -20.000        -3.1276E-4     -0.0026008     -5.7096E-4
3.0000          63.000         -20.000        -3.4043E-4     -0.0025852     -5.8803E-4
5.0000          63.000         -20.000        -3.6323E-4     -0.0025685     -6.0477E-4
7.0000          63.000         -20.000        -3.8249E-4     -0.0025518     -6.2066E-4
9.0000          63.000         -20.000        -3.9740E-4     -0.0025358     -6.3623E-4
11.000          63.000         -20.000        -4.0860E-4     -0.0025216     -6.4958E-4
13.000          63.000         -20.000        -4.1646E-4     -0.0025097     -6.6201E-4
15.000          63.000         -20.000        -4.2219E-4     -0.0025012     -6.7139E-4
17.000          63.000         -20.000        -4.2603E-4     -0.0024964     -6.8166E-4
19.000          63.000         -20.000        -4.2839E-4     -0.0024961     -6.8917E-4
21.000          63.000         -20.000        -4.3075E-4     -0.0025003     -6.9415E-4
23.000          63.000         -20.000        -4.3444E-4     -0.0025091     -6.9786E-4
25.000          63.000         -20.000        -4.4097E-4     -0.0025227     -7.0041E-4
27.000          63.000         -20.000        -4.5026E-4     -0.0025408     -7.0112E-4
29.000          63.000         -20.000        -4.6429E-4     -0.0025628     -7.0065E-4
31.000          63.000         -20.000        -4.8347E-4     -0.0025878     -6.9800E-4
33.000          63.000         -20.000        -5.0936E-4     -0.0026150     -6.9573E-4
35.000          63.000         -20.000        -5.4305E-4     -0.0026429     -6.9390E-4
37.000          63.000         -20.000        -5.8381E-4     -0.0026705     -6.9123E-4
39.000          63.000         -20.000        -6.3380E-4     -0.0026961     -6.8882E-4
41.000          63.000         -20.000        -6.9181E-4     -0.0027180     -6.8734E-4
43.000          63.000         -20.000        -7.5866E-4     -0.0027351     -6.8961E-4
45.000          63.000         -20.000        -8.3268E-4     -0.0027444     -6.8925E-4
47.000          63.000         -20.000        -9.1326E-4     -0.0027453     -6.9403E-4
49.000          63.000         -20.000        -0.0010011     -0.0027359     -7.0112E-4
51.000          63.000         -20.000        -0.0010935     -0.0027147     -7.0808E-4
53.000          63.000         -20.000        -0.0011901     -0.0026814     -7.2046E-4
55.000          63.000         -20.000        -0.0012866     -0.0026340     -7.3629E-4
57.000          63.000         -20.000        -0.0013827     -0.0025730     -7.5279E-4
59.000          63.000         -20.000        -0.0014785     -0.0024968     -7.7354E-4
61.000          63.000         -20.000        -0.0015697     -0.0024071     -7.9777E-4
63.000          63.000         -20.000        -0.0016547     -0.0023041     -8.2120E-4
65.000          63.000         -20.000        -0.0017319     -0.0021873     -8.5161E-4
67.000          63.000         -20.000        -0.0017994     -0.0020610     -8.7752E-4
69.000          63.000         -20.000        -0.0018552     -0.0019231     -9.0575E-4
71.000          63.000         -20.000        -0.0019014     -0.0017789     -9.3589E-4
73.000          63.000         -20.000        -0.0019332     -0.0016287     -9.6387E-4
75.000          63.000         -20.000        -0.0019526     -0.0014724     -9.9164E-4
77.000          63.000         -20.000        -0.0019594     -0.0013155     -0.0010186
79.000          63.000         -20.000        -0.0019531     -0.0011593     -0.0010413
81.000          63.000         -20.000        -0.0019351     -0.0010030     -0.0010625
83.000          63.000         -20.000        -0.0019048     -8.5070E-4     -0.0010798
85.000          63.000         -20.000        -0.0018639     -7.0578E-4     -0.0010944
87.000          63.000         -20.000        -0.0018154     -5.6418E-4     -0.0011050
89.000          63.000         -20.000        -0.0017558     -4.3049E-4     -0.0011139
91.000          63.000         -20.000        -0.0016910     -3.0729E-4     -0.0011196
93.000          63.000         -20.000        -0.0016208     -1.9095E-4     -0.0011189
95.000          63.000         -20.000        -0.0015453     -8.4139E-5     -0.0011164
97.000          63.000         -20.000        -0.0014672     1.2458E-5      -0.0011099
99.000          63.000         -20.000        -0.0013873     9.9658E-5      -0.0011009
-99.000         65.000         -20.000        7.0353E-4      -7.7960E-4     -1.8499E-4
-97.000         65.000         -20.000        7.1243E-4      -8.2411E-4     -1.8641E-4
-95.000         65.000         -20.000        7.2001E-4      -8.7029E-4     -1.8683E-4
-93.000         65.000         -20.000        7.2607E-4      -9.1751E-4     -1.8806E-4
-91.000         65.000         -20.000        7.3005E-4      -9.6555E-4     -1.8941E-4
-89.000         65.000         -20.000        7.3239E-4      -0.0010146     -1.9038E-4
-87.000         65.000         -20.000        7.3322E-4      -0.0010643     -1.9166E-4
-85.000         65.000         -20.000        7.3137E-4      -0.0011141     -1.9376E-4
-83.000         65.000         -20.000        7.2790E-4      -0.0011641     -1.9510E-4
-81.000         65.000         -20.000        7.2272E-4      -0.0012141     -1.9752E-4
-79.000         65.000         -20.000        7.1524E-4      -0.0012635     -2.0040E-4
-77.000         65.000         -20.000        7.0602E-4      -0.0013124     -2.0268E-4
-75.000         65.000         -20.000        6.9553E-4      -0.0013605     -2.0640E-4
-73.000         65.000         -20.000        6.8332E-4      -0.0014075     -2.1050E-4
-71.000         65.000         -20.000        6.6964E-4      -0.0014531     -2.1495E-4
-69.000         65.000         -20.000        6.5511E-4      -0.0014981     -2.2005E-4
-67.000         65.000         -20.000        6.3969E-4      -0.0015413     -2.2472E-4
-65.000         65.000         -20.000        6.2345E-4      -0.0015833     -2.3086E-4
-63.000         65.000         -20.000        6.0705E-4      -0.0016238     -2.3729E-4
-61.000         65.000         -20.000        5.9032E-4      -0.0016635     -2.4239E-4
-59.000         65.000         -20.000        5.7356E-4      -0.0017020     -2.5005E-4
-57.000         65.000         -20.000        5.5687E-4      -0.0017396     -2.5689E-4
-55.000         65.000         -20.000        5.4001E-4      -0.0017767     -2.6444E-4
-53.000         65.000         -20.000        5.2372E-4      -0.0018133     -2.7192E-4
-51.000         65.000         -20.000        5.0722E-4      -0.0018498     -2.7888E-4
-49.000         65.000         -20.000        4.9079E-4      -0.0018863     -2.8666E-4
-47.000         65.000         -20.000        4.7398E-4      -0.0019230     -2.9493E-4
-45.000         65.000         -20.000        4.5670E-4      -0.0019599     -3.0290E-4
-43.000         65.000         -20.000        4.3890E-4      -0.0019975     -3.0946E-4
-41.000         65.000         -20.000        4.1993E-4      -0.0020352     -3.1791E-4
-39.000         65.000         -20.000        3.9968E-4      -0.0020733     -3.2510E-4
-37.000         65.000         -20.000        3.7784E-4      -0.0021114     -3.3325E-4
-35.000         65.000         -20.000        3.5396E-4      -0.0021497     -3.4191E-4
-33.000         65.000         -20.000        3.2822E-4      -0.0021874     -3.4894E-4
-31.000         65.000         -20.000        3.0020E-4      -0.0022242     -3.5822E-4
-29.000         65.000         -20.000        2.6976E-4      -0.0022600     -3.6724E-4
-27.000         65.000         -20.000        2.3722E-4      -0.0022944     -3.7586E-4
-25.000         65.000         -20.000        2.0191E-4      -0.0023265     -3.8503E-4
-23.000         65.000         -20.000        1.6492E-4      -0.0023560     -3.9602E-4
-21.000         65.000         -20.000        1.2586E-4      -0.0023828     -4.0813E-4
-19.000         65.000         -20.000        8.5511E-5      -0.0024064     -4.1994E-4
-17.000         65.000         -20.000        4.4029E-5      -0.0024262     -4.3069E-4
-15.000         65.000         -20.000        1.2603E-6      -0.0024422     -4.4465E-4
-13.000         65.000         -20.000        -4.1283E-5     -0.0024541     -4.5833E-4
-11.000         65.000         -20.000        -8.3280E-5     -0.0024621     -4.7379E-4
-9.0000         65.000         -20.000        -1.2421E-4     -0.0024659     -4.8809E-4
-7.0000         65.000         -20.000        -1.6400E-4     -0.0024661     -5.0272E-4
-5.0000         65.000         -20.000        -2.0161E-4     -0.0024629     -5.1985E-4
-3.0000         65.000         -20.000        -2.3743E-4     -0.0024562     -5.3480E-4
-1.0000         65.000         -20.000        -2.6985E-4     -0.0024470     -5.5167E-4
1.0000          65.000         -20.000        -2.9930E-4     -0.0024356     -5.6744E-4
3.0000          65.000         -20.000        -3.2555E-4     -0.0024230     -5.8306E-4
5.0000          65.000         -20.000        -3.4811E-4     -0.0024096     -5.9940E-4
7.0000          65.000         -20.000        -3.6747E-4     -0.0023958     -6.1229E-4
9.0000          65.000         -20.000        -3.8355E-4     -0.0023828     -6.2618E-4
11.000          65.000         -20.000        -3.9671E-4     -0.0023710     -6.3881E-4
13.000          65.000         -20.000        -4.0752E-4     -0.0023611     -6.5018E-4
15.000          65.000         -20.000        -4.1568E-4     -0.0023540     -6.6103E-4
17.000          65.000         -20.000        -4.2283E-4     -0.0023498     -6.6864E-4
19.000          65.000         -20.000        -4.2970E-4     -0.0023491     -6.7600E-4
21.000          65.000         -20.000        -4.3662E-4     -0.0023521     -6.8238E-4
23.000          65.000         -20.000        -4.4465E-4     -0.0023583     -6.8509E-4
25.000          65.000         -20.000        -4.5476E-4     -0.0023685     -6.8925E-4
27.000          65.000         -20.000        -4.6749E-4     -0.0023818     -6.9144E-4
29.000          65.000         -20.000        -4.8465E-4     -0.0023982     -6.9278E-4
31.000          65.000         -20.000        -5.0619E-4     -0.0024167     -6.9172E-4
33.000          65.000         -20.000        -5.3331E-4     -0.0024364     -6.9215E-4
35.000          65.000         -20.000        -5.6689E-4     -0.0024563     -6.9118E-4
37.000          65.000         -20.000        -6.0650E-4     -0.0024750     -6.9165E-4
39.000          65.000         -20.000        -6.5350E-4     -0.0024920     -6.9214E-4
41.000          65.000         -20.000        -7.0675E-4     -0.0025057     -6.9401E-4
43.000          65.000         -20.000        -7.6689E-4     -0.0025139     -6.9403E-4
45.000          65.000         -20.000        -8.3456E-4     -0.0025160     -6.9875E-4
47.000          65.000         -20.000        -9.0693E-4     -0.0025102     -7.0310E-4
49.000          65.000         -20.000        -9.8404E-4     -0.0024952     -7.0897E-4
51.000          65.000         -20.000        -0.0010649     -0.0024709     -7.1851E-4
53.000          65.000         -20.000        -0.0011480     -0.0024356     -7.2953E-4
55.000          65.000         -20.000        -0.0012332     -0.0023888     -7.4227E-4
57.000          65.000         -20.000        -0.0013177     -0.0023300     -7.5722E-4
59.000          65.000         -20.000        -0.0013990     -0.0022582     -7.7654E-4
61.000          65.000         -20.000        -0.0014766     -0.0021754     -7.9575E-4
63.000          65.000         -20.000        -0.0015487     -0.0020817     -8.1635E-4
65.000          65.000         -20.000        -0.0016152     -0.0019759     -8.4075E-4
67.000          65.000         -20.000        -0.0016739     -0.0018617     -8.6324E-4
69.000          65.000         -20.000        -0.0017217     -0.0017388     -8.8732E-4
71.000          65.000         -20.000        -0.0017602     -0.0016093     -9.1235E-4
73.000          65.000         -20.000        -0.0017883     -0.0014744     -9.3467E-4
75.000          65.000         -20.000        -0.0018051     -0.0013360     -9.5729E-4
77.000          65.000         -20.000        -0.0018102     -0.0011951     -9.7719E-4
79.000          65.000         -20.000        -0.0018049     -0.0010556     -9.9724E-4
81.000          65.000         -20.000        -0.0017898     -9.1676E-4     -0.0010139
83.000          65.000         -20.000        -0.0017626     -7.8010E-4     -0.0010280
85.000          65.000         -20.000        -0.0017277     -6.4905E-4     -0.0010391
87.000          65.000         -20.000        -0.0016856     -5.2275E-4     -0.0010482
89.000          65.000         -20.000        -0.0016334     -4.0220E-4     -0.0010537
91.000          65.000         -20.000        -0.0015764     -2.8925E-4     -0.0010578
93.000          65.000         -20.000        -0.0015148     -1.8424E-4     -0.0010566
95.000          65.000         -20.000        -0.0014482     -8.7127E-5     -0.0010536
97.000          65.000         -20.000        -0.0013786     3.0204E-6      -0.0010476
99.000          65.000         -20.000        -0.0013076     8.2982E-5      -0.0010385
-99.000         67.000         -20.000        6.6104E-4      -7.5253E-4     -1.8710E-4
-97.000         67.000         -20.000        6.6884E-4      -7.9409E-4     -1.8845E-4
-95.000         67.000         -20.000        6.7511E-4      -8.3704E-4     -1.9024E-4
-93.000         67.000         -20.000        6.8013E-4      -8.8051E-4     -1.9151E-4
-91.000         67.000         -20.000        6.8337E-4      -9.2494E-4     -1.9307E-4
-89.000         67.000         -20.000        6.8507E-4      -9.7056E-4     -1.9489E-4
-87.000         67.000         -20.000        6.8542E-4      -0.0010161     -1.9699E-4
-85.000         67.000         -20.000        6.8326E-4      -0.0010618     -1.9892E-4
-83.000         67.000         -20.000        6.8002E-4      -0.0011083     -2.0128E-4
-81.000         67.000         -20.000        6.7492E-4      -0.0011543     -2.0424E-4
-79.000         67.000         -20.000        6.6789E-4      -0.0011997     -2.0749E-4
-77.000         67.000         -20.000        6.5974E-4      -0.0012451     -2.1022E-4
-75.000         67.000         -20.000        6.4972E-4      -0.0012897     -2.1455E-4
-73.000         67.000         -20.000        6.3841E-4      -0.0013332     -2.1803E-4
-71.000         67.000         -20.000        6.2601E-4      -0.0013758     -2.2226E-4
-69.000         67.000         -20.000        6.1258E-4      -0.0014176     -2.2770E-4
-67.000         67.000         -20.000        5.9840E-4      -0.0014578     -2.3304E-4
-65.000         67.000         -20.000        5.8348E-4      -0.0014973     -2.3811E-4
-63.000         67.000         -20.000        5.6814E-4      -0.0015358     -2.4365E-4
-61.000         67.000         -20.000        5.5232E-4      -0.0015732     -2.4978E-4
-59.000         67.000         -20.000        5.3648E-4      -0.0016098     -2.5706E-4
-57.000         67.000         -20.000        5.2044E-4      -0.0016455     -2.6425E-4
-55.000         67.000         -20.000        5.0429E-4      -0.0016807     -2.7063E-4
-53.000         67.000         -20.000        4.8807E-4      -0.0017154     -2.7843E-4
-51.000         67.000         -20.000        4.7182E-4      -0.0017499     -2.8511E-4
-49.000         67.000         -20.000        4.5526E-4      -0.0017843     -2.9314E-4
-47.000         67.000         -20.000        4.3836E-4      -0.0018189     -3.0082E-4
-45.000         67.000         -20.000        4.2092E-4      -0.0018534     -3.0774E-4
-43.000         67.000         -20.000        4.0275E-4      -0.0018880     -3.1542E-4
-41.000         67.000         -20.000        3.8362E-4      -0.0019227     -3.2255E-4
-39.000         67.000         -20.000        3.6318E-4      -0.0019578     -3.3092E-4
-37.000         67.000         -20.000        3.4146E-4      -0.0019924     -3.3877E-4
-35.000         67.000         -20.000        3.1808E-4      -0.0020269     -3.4644E-4
-33.000         67.000         -20.000        2.9282E-4      -0.0020606     -3.5463E-4
-31.000         67.000         -20.000        2.6577E-4      -0.0020935     -3.6323E-4
-29.000         67.000         -20.000        2.3696E-4      -0.0021257     -3.7242E-4
-27.000         67.000         -20.000        2.0581E-4      -0.0021557     -3.8165E-4
-25.000         67.000         -20.000        1.7296E-4      -0.0021839     -3.9133E-4
-23.000         67.000         -20.000        1.3835E-4      -0.0022101     -4.0178E-4
-21.000         67.000         -20.000        1.0236E-4      -0.0022335     -4.1185E-4
-19.000         67.000         -20.000        6.5245E-5      -0.0022544     -4.2350E-4
-17.000         67.000         -20.000        2.7030E-5      -0.0022718     -4.3584E-4
-15.000         67.000         -20.000        -1.1709E-5     -0.0022856     -4.4761E-4
-13.000         67.000         -20.000        -5.0622E-5     -0.0022964     -4.6089E-4
-11.000         67.000         -20.000        -8.8998E-5     -0.0023037     -4.7331E-4
-9.0000         67.000         -20.000        -1.2665E-4     -0.0023074     -4.8761E-4
-7.0000         67.000         -20.000        -1.6269E-4     -0.0023081     -5.0262E-4
-5.0000         67.000         -20.000        -1.9747E-4     -0.0023056     -5.1590E-4
-3.0000         67.000         -20.000        -2.3022E-4     -0.0023005     -5.3095E-4
-1.0000         67.000         -20.000        -2.6081E-4     -0.0022935     -5.4625E-4
1.0000          67.000         -20.000        -2.8823E-4     -0.0022841     -5.6093E-4
3.0000          67.000         -20.000        -3.1342E-4     -0.0022736     -5.7425E-4
5.0000          67.000         -20.000        -3.3559E-4     -0.0022627     -5.8744E-4
7.0000          67.000         -20.000        -3.5524E-4     -0.0022514     -6.0071E-4
9.0000          67.000         -20.000        -3.7229E-4     -0.0022405     -6.1323E-4
11.000          67.000         -20.000        -3.8682E-4     -0.0022306     -6.2470E-4
13.000          67.000         -20.000        -3.9937E-4     -0.0022224     -6.3539E-4
15.000          67.000         -20.000        -4.1039E-4     -0.0022161     -6.4468E-4
17.000          67.000         -20.000        -4.2040E-4     -0.0022123     -6.5285E-4
19.000          67.000         -20.000        -4.3030E-4     -0.0022108     -6.5979E-4
21.000          67.000         -20.000        -4.4037E-4     -0.0022124     -6.6685E-4
23.000          67.000         -20.000        -4.5159E-4     -0.0022167     -6.7179E-4
25.000          67.000         -20.000        -4.6470E-4     -0.0022237     -6.7499E-4
27.000          67.000         -20.000        -4.8027E-4     -0.0022331     -6.7858E-4
29.000          67.000         -20.000        -4.9911E-4     -0.0022442     -6.8039E-4
31.000          67.000         -20.000        -5.2237E-4     -0.0022574     -6.8234E-4
33.000          67.000         -20.000        -5.5015E-4     -0.0022708     -6.8297E-4
35.000          67.000         -20.000        -5.8292E-4     -0.0022839     -6.8439E-4
37.000          67.000         -20.000        -6.2117E-4     -0.0022960     -6.8494E-4
39.000          67.000         -20.000        -6.6489E-4     -0.0023058     -6.8861E-4
41.000          67.000         -20.000        -7.1413E-4     -0.0023124     -6.8927E-4
43.000          67.000         -20.000        -7.6954E-4     -0.0023140     -6.9273E-4
45.000          67.000         -20.000        -8.2985E-4     -0.0023098     -6.9646E-4
47.000          67.000         -20.000        -8.9449E-4     -0.0022993     -7.0189E-4
49.000          67.000         -20.000        -9.6301E-4     -0.0022813     -7.0922E-4
51.000          67.000         -20.000        -0.0010337     -0.0022547     -7.1874E-4
53.000          67.000         -20.000        -0.0011070     -0.0022173     -7.2827E-4
55.000          67.000         -20.000        -0.0011808     -0.0021707     -7.4016E-4
57.000          67.000         -20.000        -0.0012537     -0.0021145     -7.5425E-4
59.000          67.000         -20.000        -0.0013248     -0.0020479     -7.7004E-4
61.000          67.000         -20.000        -0.0013915     -0.0019708     -7.8738E-4
63.000          67.000         -20.000        -0.0014540     -0.0018837     -8.0415E-4
65.000          67.000         -20.000        -0.0015107     -0.0017884     -8.2395E-4
67.000          67.000         -20.000        -0.0015609     -0.0016846     -8.4405E-4
69.000          67.000         -20.000        -0.0016016     -0.0015753     -8.6415E-4
71.000          67.000         -20.000        -0.0016349     -0.0014582     -8.8383E-4
73.000          67.000         -20.000        -0.0016585     -0.0013373     -9.0404E-4
75.000          67.000         -20.000        -0.0016729     -0.0012146     -9.2170E-4
77.000          67.000         -20.000        -0.0016782     -0.0010886     -9.3780E-4
79.000          67.000         -20.000        -0.0016723     -9.6226E-4     -9.5368E-4
81.000          67.000         -20.000        -0.0016591     -8.3908E-4     -9.6729E-4
83.000          67.000         -20.000        -0.0016361     -7.1700E-4     -9.7798E-4
85.000          67.000         -20.000        -0.0016047     -5.9743E-4     -9.8569E-4
87.000          67.000         -20.000        -0.0015678     -4.8425E-4     -9.9421E-4
89.000          67.000         -20.000        -0.0015224     -3.7642E-4     -9.9788E-4
91.000          67.000         -20.000        -0.0014723     -2.7275E-4     -9.9936E-4
93.000          67.000         -20.000        -0.0014178     -1.7704E-4     -9.9920E-4
95.000          67.000         -20.000        -0.0013589     -8.8479E-5     -9.9489E-4
97.000          67.000         -20.000        -0.0012975     -6.1462E-6     -9.8838E-4
99.000          67.000         -20.000        -0.0012335     6.8861E-5      -9.8079E-4
-99.000         69.000         -20.000        6.2136E-4      -7.2645E-4     -1.8917E-4
-97.000         69.000         -20.000        6.2820E-4      -7.6527E-4     -1.9051E-4
-95.000         69.000         -20.000        6.3346E-4      -8.0499E-4     -1.9254E-4
-93.000         69.000         -20.000        6.3747E-4      -8.4524E-4     -1.9471E-4
-91.000         69.000         -20.000        6.4022E-4      -8.8672E-4     -1.9641E-4
-89.000         69.000         -20.000        6.4134E-4      -9.2870E-4     -1.9868E-4
-87.000         69.000         -20.000        6.4108E-4      -9.7082E-4     -2.0140E-4
-85.000         69.000         -20.000        6.3910E-4      -0.0010135     -2.0381E-4
-83.000         69.000         -20.000        6.3574E-4      -0.0010561     -2.0623E-4
-81.000         69.000         -20.000        6.3063E-4      -0.0010986     -2.0938E-4
-79.000         69.000         -20.000        6.2419E-4      -0.0011408     -2.1193E-4
-77.000         69.000         -20.000        6.1659E-4      -0.0011828     -2.1581E-4
-75.000         69.000         -20.000        6.0710E-4      -0.0012241     -2.1998E-4
-73.000         69.000         -20.000        5.9669E-4      -0.0012645     -2.2393E-4
-71.000         69.000         -20.000        5.8537E-4      -0.0013044     -2.2846E-4
-69.000         69.000         -20.000        5.7286E-4      -0.0013434     -2.3318E-4
-67.000         69.000         -20.000        5.5951E-4      -0.0013814     -2.3863E-4
-65.000         69.000         -20.000        5.4566E-4      -0.0014184     -2.4422E-4
-63.000         69.000         -20.000        5.3131E-4      -0.0014545     -2.4980E-4
-61.000         69.000         -20.000        5.1649E-4      -0.0014898     -2.5602E-4
-59.000         69.000         -20.000        5.0127E-4      -0.0015244     -2.6272E-4
-57.000         69.000         -20.000        4.8585E-4      -0.0015583     -2.6905E-4
-55.000         69.000         -20.000        4.7024E-4      -0.0015916     -2.7572E-4
-53.000         69.000         -20.000        4.5444E-4      -0.0016245     -2.8285E-4
-51.000         69.000         -20.000        4.3832E-4      -0.0016570     -2.9005E-4
-49.000         69.000         -20.000        4.2185E-4      -0.0016895     -2.9729E-4
-47.000         69.000         -20.000        4.0502E-4      -0.0017218     -3.0439E-4
-45.000         69.000         -20.000        3.8747E-4      -0.0017539     -3.1185E-4
-43.000         69.000         -20.000        3.6925E-4      -0.0017860     -3.1946E-4
-41.000         69.000         -20.000        3.5011E-4      -0.0018181     -3.2731E-4
-39.000         69.000         -20.000        3.2980E-4      -0.0018501     -3.3472E-4
-37.000         69.000         -20.000        3.0835E-4      -0.0018818     -3.4213E-4
-35.000         69.000         -20.000        2.8549E-4      -0.0019129     -3.4977E-4
-33.000         69.000         -20.000        2.6113E-4      -0.0019433     -3.5889E-4
-31.000         69.000         -20.000        2.3499E-4      -0.0019729     -3.6674E-4
-29.000         69.000         -20.000        2.0735E-4      -0.0020014     -3.7584E-4
-27.000         69.000         -20.000        1.7801E-4      -0.0020284     -3.8475E-4
-25.000         69.000         -20.000        1.4727E-4      -0.0020535     -3.9411E-4
-23.000         69.000         -20.000        1.1519E-4      -0.0020764     -4.0379E-4
-21.000         69.000         -20.000        8.1738E-5      -0.0020972     -4.1415E-4
-19.000         69.000         -20.000        4.7148E-5      -0.0021154     -4.2473E-4
-17.000         69.000         -20.000        1.1981E-5      -0.0021309     -4.3608E-4
-15.000         69.000         -20.000        -2.3462E-5     -0.0021434     -4.4783E-4
-13.000         69.000         -20.000        -5.8889E-5     -0.0021529     -4.6071E-4
-11.000         69.000         -20.000        -9.4125E-5     -0.0021597     -4.7367E-4
-9.0000         69.000         -20.000        -1.2888E-4     -0.0021633     -4.8611E-4
-7.0000         69.000         -20.000        -1.6224E-4     -0.0021641     -4.9862E-4
-5.0000         69.000         -20.000        -1.9418E-4     -0.0021625     -5.1135E-4
-3.0000         69.000         -20.000        -2.2449E-4     -0.0021586     -5.2542E-4
-1.0000         69.000         -20.000        -2.5304E-4     -0.0021526     -5.3861E-4
1.0000          69.000         -20.000        -2.7949E-4     -0.0021452     -5.5142E-4
3.0000          69.000         -20.000        -3.0362E-4     -0.0021366     -5.6479E-4
5.0000          69.000         -20.000        -3.2527E-4     -0.0021274     -5.7771E-4
7.0000          69.000         -20.000        -3.4502E-4     -0.0021180     -5.8865E-4
9.0000          69.000         -20.000        -3.6256E-4     -0.0021088     -6.0064E-4
11.000          69.000         -20.000        -3.7820E-4     -0.0021004     -6.1138E-4
13.000          69.000         -20.000        -3.9238E-4     -0.0020932     -6.2048E-4
15.000          69.000         -20.000        -4.0538E-4     -0.0020875     -6.3041E-4
17.000          69.000         -20.000        -4.1783E-4     -0.0020834     -6.3808E-4
19.000          69.000         -20.000        -4.2996E-4     -0.0020816     -6.4605E-4
21.000          69.000         -20.000        -4.4240E-4     -0.0020818     -6.5185E-4
23.000          69.000         -20.000        -4.5596E-4     -0.0020841     -6.5673E-4
25.000          69.000         -20.000        -4.7133E-4     -0.0020884     -6.6096E-4
27.000          69.000         -20.000        -4.8894E-4     -0.0020943     -6.6464E-4
29.000          69.000         -20.000        -5.0935E-4     -0.0021017     -6.6793E-4
31.000          69.000         -20.000        -5.3307E-4     -0.0021100     -6.7044E-4
33.000          69.000         -20.000        -5.6099E-4     -0.0021184     -6.7181E-4
35.000          69.000         -20.000        -5.9284E-4     -0.0021259     -6.7499E-4
37.000          69.000         -20.000        -6.2916E-4     -0.0021323     -6.7832E-4
39.000          69.000         -20.000        -6.7027E-4     -0.0021364     -6.8077E-4
41.000          69.000         -20.000        -7.1624E-4     -0.0021375     -6.8357E-4
43.000          69.000         -20.000        -7.6667E-4     -0.0021343     -6.8696E-4
45.000          69.000         -20.000        -8.2054E-4     -0.0021257     -6.9236E-4
47.000          69.000         -20.000        -8.7788E-4     -0.0021113     -6.9751E-4
49.000          69.000         -20.000        -9.3887E-4     -0.0020900     -7.0482E-4
51.000          69.000         -20.000        -0.0010020     -0.0020613     -7.1387E-4
53.000          69.000         -20.000        -0.0010664     -0.0020244     -7.2246E-4
55.000          69.000         -20.000        -0.0011301     -0.0019790     -7.3409E-4
57.000          69.000         -20.000        -0.0011928     -0.0019253     -7.4627E-4
59.000          69.000         -20.000        -0.0012543     -0.0018623     -7.5952E-4
61.000          69.000         -20.000        -0.0013131     -0.0017908     -7.7454E-4
63.000          69.000         -20.000        -0.0013672     -0.0017113     -7.8946E-4
65.000          69.000         -20.000        -0.0014155     -0.0016242     -8.0604E-4
67.000          69.000         -20.000        -0.0014577     -0.0015305     -8.2246E-4
69.000          69.000         -20.000        -0.0014940     -0.0014303     -8.3894E-4
71.000          69.000         -20.000        -0.0015226     -0.0013254     -8.5510E-4
73.000          69.000         -20.000        -0.0015423     -0.0012164     -8.7031E-4
75.000          69.000         -20.000        -0.0015545     -0.0011062     -8.8478E-4
77.000          69.000         -20.000        -0.0015592     -9.9344E-4     -9.0025E-4
79.000          69.000         -20.000        -0.0015538     -8.7996E-4     -9.1171E-4
81.000          69.000         -20.000        -0.0015414     -7.6906E-4     -9.2319E-4
83.000          69.000         -20.000        -0.0015222     -6.5911E-4     -9.3199E-4
85.000          69.000         -20.000        -0.0014947     -5.5209E-4     -9.3905E-4
87.000          69.000         -20.000        -0.0014610     -4.4897E-4     -9.4429E-4
89.000          69.000         -20.000        -0.0014220     -3.5094E-4     -9.4653E-4
91.000          69.000         -20.000        -0.0013777     -2.5738E-4     -9.4643E-4
93.000          69.000         -20.000        -0.0013290     -1.6965E-4     -9.4538E-4
95.000          69.000         -20.000        -0.0012768     -8.8301E-5     -9.4201E-4
97.000          69.000         -20.000        -0.0012222     -1.2674E-5     -9.3549E-4
99.000          69.000         -20.000        -0.0011648     5.6958E-5      -9.2740E-4
-99.000         71.000         -20.000        5.8457E-4      -7.0149E-4     -1.8991E-4
-97.000         71.000         -20.000        5.9038E-4      -7.3752E-4     -1.9207E-4
-95.000         71.000         -20.000        5.9470E-4      -7.7431E-4     -1.9455E-4
-93.000         71.000         -20.000        5.9803E-4      -8.1215E-4     -1.9635E-4
-91.000         71.000         -20.000        6.0016E-4      -8.5051E-4     -1.9883E-4
-89.000         71.000         -20.000        6.0076E-4      -8.8915E-4     -2.0127E-4
-87.000         71.000         -20.000        6.0013E-4      -9.2839E-4     -2.0365E-4
-85.000         71.000         -20.000        5.9809E-4      -9.6795E-4     -2.0652E-4
-83.000         71.000         -20.000        5.9469E-4      -0.0010073     -2.0968E-4
-81.000         71.000         -20.000        5.8972E-4      -0.0010466     -2.1292E-4
-79.000         71.000         -20.000        5.8364E-4      -0.0010861     -2.1621E-4
-77.000         71.000         -20.000        5.7634E-4      -0.0011248     -2.2008E-4
-75.000         71.000         -20.000        5.6762E-4      -0.0011630     -2.2451E-4
-73.000         71.000         -20.000        5.5795E-4      -0.0012010     -2.2816E-4
-71.000         71.000         -20.000        5.4729E-4      -0.0012381     -2.3299E-4
-69.000         71.000         -20.000        5.3566E-4      -0.0012744     -2.3767E-4
-67.000         71.000         -20.000        5.2329E-4      -0.0013099     -2.4285E-4
-65.000         71.000         -20.000        5.1001E-4      -0.0013447     -2.4824E-4
-63.000         71.000         -20.000        4.9659E-4      -0.0013786     -2.5394E-4
-61.000         71.000         -20.000        4.8258E-4      -0.0014119     -2.6053E-4
-59.000         71.000         -20.000        4.6804E-4      -0.0014445     -2.6629E-4
-57.000         71.000         -20.000        4.5323E-4      -0.0014767     -2.7244E-4
-55.000         71.000         -20.000        4.3784E-4      -0.0015081     -2.7996E-4
-53.000         71.000         -20.000        4.2265E-4      -0.0015391     -2.8634E-4
-51.000         71.000         -20.000        4.0679E-4      -0.0015699     -2.9248E-4
-49.000         71.000         -20.000        3.9061E-4      -0.0016003     -2.9952E-4
-47.000         71.000         -20.000        3.7380E-4      -0.0016305     -3.0714E-4
-45.000         71.000         -20.000        3.5638E-4      -0.0016605     -3.1428E-4
-43.000         71.000         -20.000        3.3842E-4      -0.0016901     -3.2186E-4
-41.000         71.000         -20.000        3.1941E-4      -0.0017199     -3.2865E-4
-39.000         71.000         -20.000        2.9949E-4      -0.0017492     -3.3626E-4
-37.000         71.000         -20.000        2.7843E-4      -0.0017779     -3.4404E-4
-35.000         71.000         -20.000        2.5588E-4      -0.0018062     -3.5239E-4
-33.000         71.000         -20.000        2.3251E-4      -0.0018336     -3.6049E-4
-31.000         71.000         -20.000        2.0751E-4      -0.0018603     -3.6801E-4
-29.000         71.000         -20.000        1.8119E-4      -0.0018857     -3.7655E-4
-27.000         71.000         -20.000        1.5354E-4      -0.0019098     -3.8625E-4
-25.000         71.000         -20.000        1.2423E-4      -0.0019321     -3.9526E-4
-23.000         71.000         -20.000        9.4437E-5      -0.0019524     -4.0483E-4
-21.000         71.000         -20.000        6.3163E-5      -0.0019710     -4.1388E-4
-19.000         71.000         -20.000        3.1393E-5      -0.0019872     -4.2426E-4
-17.000         71.000         -20.000        -1.1309E-6     -0.0020009     -4.3612E-4
-15.000         71.000         -20.000        -3.4109E-5     -0.0020121     -4.4700E-4
-13.000         71.000         -20.000        -6.6720E-5     -0.0020205     -4.5848E-4
-11.000         71.000         -20.000        -9.9137E-5     -0.0020266     -4.6911E-4
-9.0000         71.000         -20.000        -1.3100E-4     -0.0020300     -4.8201E-4
-7.0000         71.000         -20.000        -1.6191E-4     -0.0020311     -4.9379E-4
-5.0000         71.000         -20.000        -1.9177E-4     -0.0020302     -5.0672E-4
-3.0000         71.000         -20.000        -2.2021E-4     -0.0020271     -5.1847E-4
-1.0000         71.000         -20.000        -2.4697E-4     -0.0020223     -5.3009E-4
1.0000          71.000         -20.000        -2.7200E-4     -0.0020164     -5.4163E-4
3.0000          71.000         -20.000        -2.9530E-4     -0.0020091     -5.5397E-4
5.0000          71.000         -20.000        -3.1670E-4     -0.0020013     -5.6640E-4
7.0000          71.000         -20.000        -3.3640E-4     -0.0019934     -5.7699E-4
9.0000          71.000         -20.000        -3.5433E-4     -0.0019856     -5.8669E-4
11.000          71.000         -20.000        -3.7083E-4     -0.0019781     -5.9684E-4
13.000          71.000         -20.000        -3.8617E-4     -0.0019716     -6.0654E-4
15.000          71.000         -20.000        -4.0051E-4     -0.0019663     -6.1545E-4
17.000          71.000         -20.000        -4.1455E-4     -0.0019622     -6.2251E-4
19.000          71.000         -20.000        -4.2855E-4     -0.0019599     -6.2888E-4
21.000          71.000         -20.000        -4.4290E-4     -0.0019588     -6.3609E-4
23.000          71.000         -20.000        -4.5838E-4     -0.0019592     -6.4144E-4
25.000          71.000         -20.000        -4.7542E-4     -0.0019611     -6.4651E-4
27.000          71.000         -20.000        -4.9381E-4     -0.0019641     -6.5086E-4
29.000          71.000         -20.000        -5.1530E-4     -0.0019680     -6.5441E-4
31.000          71.000         -20.000        -5.3945E-4     -0.0019723     -6.5725E-4
33.000          71.000         -20.000        -5.6667E-4     -0.0019768     -6.6024E-4
35.000          71.000         -20.000        -5.9808E-4     -0.0019795     -6.6446E-4
37.000          71.000         -20.000        -6.3227E-4     -0.0019810     -6.6733E-4
39.000          71.000         -20.000        -6.7080E-4     -0.0019806     -6.7055E-4
41.000          71.000         -20.000        -7.1284E-4     -0.0019772     -6.7502E-4
43.000          71.000         -20.000        -7.5847E-4     -0.0019698     -6.7948E-4
45.000          71.000         -20.000        -8.0777E-4     -0.0019580     -6.8433E-4
47.000          71.000         -20.000        -8.5922E-4     -0.0019404     -6.8942E-4
49.000          71.000         -20.000        -9.1337E-4     -0.0019170     -6.9563E-4
51.000          71.000         -20.000        -9.6886E-4     -0.0018872     -7.0503E-4
53.000          71.000         -20.000        -0.0010250     -0.0018508     -7.1333E-4
55.000          71.000         -20.000        -0.0010813     -0.0018068     -7.2345E-4
57.000          71.000         -20.000        -0.0011368     -0.0017551     -7.3352E-4
59.000          71.000         -20.000        -0.0011899     -0.0016960     -7.4630E-4
61.000          71.000         -20.000        -0.0012401     -0.0016296     -7.5906E-4
63.000          71.000         -20.000        -0.0012869     -0.0015565     -7.7201E-4
65.000          71.000         -20.000        -0.0013285     -0.0014773     -7.8537E-4
67.000          71.000         -20.000        -0.0013659     -0.0013920     -7.9812E-4
69.000          71.000         -20.000        -0.0013963     -0.0013008     -8.1307E-4
71.000          71.000         -20.000        -0.0014209     -0.0012069     -8.2579E-4
73.000          71.000         -20.000        -0.0014380     -0.0011097     -8.3817E-4
75.000          71.000         -20.000        -0.0014481     -0.0010088     -8.5183E-4
77.000          71.000         -20.000        -0.0014521     -9.0800E-4     -8.6207E-4
79.000          71.000         -20.000        -0.0014472     -8.0675E-4     -8.7208E-4
81.000          71.000         -20.000        -0.0014361     -7.0512E-4     -8.7913E-4
83.000          71.000         -20.000        -0.0014189     -6.0647E-4     -8.8768E-4
85.000          71.000         -20.000        -0.0013949     -5.1028E-4     -8.9226E-4
87.000          71.000         -20.000        -0.0013656     -4.1670E-4     -8.9677E-4
89.000          71.000         -20.000        -0.0013302     -3.2710E-4     -8.9828E-4
91.000          71.000         -20.000        -0.0012913     -2.4265E-4     -8.9830E-4
93.000          71.000         -20.000        -0.0012476     -1.6260E-4     -8.9508E-4
95.000          71.000         -20.000        -0.0012012     -8.7201E-5     -8.9213E-4
97.000          71.000         -20.000        -0.0011527     -1.7967E-5     -8.8617E-4
99.000          71.000         -20.000        -0.0011015     4.6155E-5      -8.7827E-4
-99.000         73.000         -20.000        5.5023E-4      -6.7736E-4     -1.9059E-4
-97.000         73.000         -20.000        5.5500E-4      -7.1096E-4     -1.9309E-4
-95.000         73.000         -20.000        5.5868E-4      -7.4521E-4     -1.9511E-4
-93.000         73.000         -20.000        5.6149E-4      -7.8048E-4     -1.9767E-4
-91.000         73.000         -20.000        5.6291E-4      -8.1613E-4     -2.0033E-4
-89.000         73.000         -20.000        5.6308E-4      -8.5192E-4     -2.0314E-4
-87.000         73.000         -20.000        5.6233E-4      -8.8857E-4     -2.0588E-4
-85.000         73.000         -20.000        5.5999E-4      -9.2524E-4     -2.0880E-4
-83.000         73.000         -20.000        5.5657E-4      -9.6164E-4     -2.1182E-4
-81.000         73.000         -20.000        5.5198E-4      -9.9827E-4     -2.1511E-4
-79.000         73.000         -20.000        5.4604E-4      -0.0010349     -2.1883E-4
-77.000         73.000         -20.000        5.3899E-4      -0.0010707     -2.2290E-4
-75.000         73.000         -20.000        5.3095E-4      -0.0011066     -2.2657E-4
-73.000         73.000         -20.000        5.2182E-4      -0.0011419     -2.3136E-4
-71.000         73.000         -20.000        5.1158E-4      -0.0011765     -2.3564E-4
-69.000         73.000         -20.000        5.0072E-4      -0.0012104     -2.4069E-4
-67.000         73.000         -20.000        4.8924E-4      -0.0012439     -2.4573E-4
-65.000         73.000         -20.000        4.7686E-4      -0.0012765     -2.5085E-4
-63.000         73.000         -20.000        4.6399E-4      -0.0013085     -2.5611E-4
-61.000         73.000         -20.000        4.5048E-4      -0.0013400     -2.6189E-4
-59.000         73.000         -20.000        4.3661E-4      -0.0013706     -2.6811E-4
-57.000         73.000         -20.000        4.2247E-4      -0.0014009     -2.7478E-4
-55.000         73.000         -20.000        4.0772E-4      -0.0014305     -2.8084E-4
-53.000         73.000         -20.000        3.9268E-4      -0.0014598     -2.8716E-4
-51.000         73.000         -20.000        3.7715E-4      -0.0014887     -2.9372E-4
-49.000         73.000         -20.000        3.6121E-4      -0.0015172     -3.0042E-4
-47.000         73.000         -20.000        3.4476E-4      -0.0015455     -3.0755E-4
-45.000         73.000         -20.000        3.2770E-4      -0.0015734     -3.1448E-4
-43.000         73.000         -20.000        3.0981E-4      -0.0016011     -3.2168E-4
-41.000         73.000         -20.000        2.9111E-4      -0.0016284     -3.2926E-4
-39.000         73.000         -20.000        2.7157E-4      -0.0016552     -3.3623E-4
-37.000         73.000         -20.000        2.5118E-4      -0.0016816     -3.4400E-4
-35.000         73.000         -20.000        2.2949E-4      -0.0017073     -3.5205E-4
-33.000         73.000         -20.000        2.0674E-4      -0.0017322     -3.5970E-4
-31.000         73.000         -20.000        1.8274E-4      -0.0017563     -3.6753E-4
-29.000         73.000         -20.000        1.5765E-4      -0.0017791     -3.7584E-4
-27.000         73.000         -20.000        1.3155E-4      -0.0018007     -3.8482E-4
-25.000         73.000         -20.000        1.0423E-4      -0.0018206     -3.9337E-4
-23.000         73.000         -20.000        7.5892E-5      -0.0018389     -4.0267E-4
-21.000         73.000         -20.000        4.6669E-5      -0.0018554     -4.1158E-4
-19.000         73.000         -20.000        1.7239E-5      -0.0018697     -4.2157E-4
-17.000         73.000         -20.000        -1.2903E-5     -0.0018818     -4.3184E-4
-15.000         73.000         -20.000        -4.3298E-5     -0.0018919     -4.4184E-4
-13.000         73.000         -20.000        -7.3663E-5     -0.0018997     -4.5334E-4
-11.000         73.000         -20.000        -1.0387E-4     -0.0019052     -4.6360E-4
-9.0000         73.000         -20.000        -1.3313E-4     -0.0019086     -4.7423E-4
-7.0000         73.000         -20.000        -1.6194E-4     -0.0019098     -4.8643E-4
-5.0000         73.000         -20.000        -1.8993E-4     -0.0019090     -4.9750E-4
-3.0000         73.000         -20.000        -2.1662E-4     -0.0019067     -5.0868E-4
-1.0000         73.000         -20.000        -2.4191E-4     -0.0019029     -5.2014E-4
1.0000          73.000         -20.000        -2.6587E-4     -0.0018978     -5.3066E-4
3.0000          73.000         -20.000        -2.8838E-4     -0.0018917     -5.4191E-4
5.0000          73.000         -20.000        -3.0941E-4     -0.0018851     -5.5247E-4
7.0000          73.000         -20.000        -3.2894E-4     -0.0018782     -5.6256E-4
9.0000          73.000         -20.000        -3.4712E-4     -0.0018713     -5.7231E-4
11.000          73.000         -20.000        -3.6419E-4     -0.0018647     -5.8186E-4
13.000          73.000         -20.000        -3.8038E-4     -0.0018587     -5.9027E-4
15.000          73.000         -20.000        -3.9584E-4     -0.0018535     -5.9809E-4
17.000          73.000         -20.000        -4.1104E-4     -0.0018493     -6.0559E-4
19.000          73.000         -20.000        -4.2627E-4     -0.0018461     -6.1281E-4
21.000          73.000         -20.000        -4.4215E-4     -0.0018439     -6.1900E-4
23.000          73.000         -20.000        -4.5856E-4     -0.0018429     -6.2511E-4
25.000          73.000         -20.000        -4.7656E-4     -0.0018428     -6.2945E-4
27.000          73.000         -20.000        -4.9609E-4     -0.0018434     -6.3405E-4
29.000          73.000         -20.000        -5.1786E-4     -0.0018445     -6.3877E-4
31.000          73.000         -20.000        -5.4194E-4     -0.0018453     -6.4213E-4
33.000          73.000         -20.000        -5.6865E-4     -0.0018459     -6.4592E-4
35.000          73.000         -20.000        -5.9837E-4     -0.0018455     -6.4987E-4
37.000          73.000         -20.000        -6.3116E-4     -0.0018436     -6.5366E-4
39.000          73.000         -20.000        -6.6716E-4     -0.0018396     -6.5693E-4
41.000          73.000         -20.000        -7.0570E-4     -0.0018325     -6.6103E-4
43.000          73.000         -20.000        -7.4729E-4     -0.0018219     -6.6536E-4
45.000          73.000         -20.000        -7.9178E-4     -0.0018072     -6.7116E-4
47.000          73.000         -20.000        -8.3841E-4     -0.0017878     -6.7784E-4
49.000          73.000         -20.000        -8.8653E-4     -0.0017634     -6.8423E-4
51.000          73.000         -20.000        -9.3540E-4     -0.0017333     -6.9091E-4
53.000          73.000         -20.000        -9.8493E-4     -0.0016968     -6.9985E-4
55.000          73.000         -20.000        -0.0010345     -0.0016540     -7.0824E-4
57.000          73.000         -20.000        -0.0010832     -0.0016051     -7.1761E-4
59.000          73.000         -20.000        -0.0011295     -0.0015498     -7.2752E-4
61.000          73.000         -20.000        -0.0011728     -0.0014884     -7.3897E-4
63.000          73.000         -20.000        -0.0012135     -0.0014207     -7.5073E-4
65.000          73.000         -20.000        -0.0012501     -0.0013477     -7.6119E-4
67.000          73.000         -20.000        -0.0012821     -0.0012699     -7.7323E-4
69.000          73.000         -20.000        -0.0013081     -0.0011876     -7.8433E-4
71.000          73.000         -20.000        -0.0013293     -0.0011020     -7.9558E-4
73.000          73.000         -20.000        -0.0013441     -0.0010135     -8.0723E-4
75.000          73.000         -20.000        -0.0013524     -9.2233E-4     -8.1636E-4
77.000          73.000         -20.000        -0.0013551     -8.3126E-4     -8.2672E-4
79.000          73.000         -20.000        -0.0013511     -7.4012E-4     -8.3351E-4
81.000          73.000         -20.000        -0.0013415     -6.4875E-4     -8.4077E-4
83.000          73.000         -20.000        -0.0013255     -5.5883E-4     -8.4701E-4
85.000          73.000         -20.000        -0.0013042     -4.7222E-4     -8.5022E-4
87.000          73.000         -20.000        -0.0012785     -3.8709E-4     -8.5284E-4
89.000          73.000         -20.000        -0.0012468     -3.0512E-4     -8.5359E-4
91.000          73.000         -20.000        -0.0012121     -2.2847E-4     -8.5270E-4
93.000          73.000         -20.000        -0.0011736     -1.5507E-4     -8.4963E-4
95.000          73.000         -20.000        -0.0011319     -8.5763E-5     -8.4531E-4
97.000          73.000         -20.000        -0.0010881     -2.2107E-5     -8.4051E-4
99.000          73.000         -20.000        -0.0010425     3.7016E-5      -8.3278E-4
-99.000         75.000         -20.000        5.1806E-4      -6.5405E-4     -1.9083E-4
-97.000         75.000         -20.000        5.2200E-4      -6.8546E-4     -1.9329E-4
-95.000         75.000         -20.000        5.2515E-4      -7.1764E-4     -1.9595E-4
-93.000         75.000         -20.000        5.2731E-4      -7.5034E-4     -1.9838E-4
-91.000         75.000         -20.000        5.2821E-4      -7.8349E-4     -2.0110E-4
-89.000         75.000         -20.000        5.2815E-4      -8.1710E-4     -2.0408E-4
-87.000         75.000         -20.000        5.2714E-4      -8.5096E-4     -2.0685E-4
-85.000         75.000         -20.000        5.2465E-4      -8.8493E-4     -2.1012E-4
-83.000         75.000         -20.000        5.2122E-4      -9.1902E-4     -2.1312E-4
-81.000         75.000         -20.000        5.1677E-4      -9.5310E-4     -2.1686E-4
-79.000         75.000         -20.000        5.1103E-4      -9.8695E-4     -2.2061E-4
-77.000         75.000         -20.000        5.0436E-4      -0.0010204     -2.2423E-4
-75.000         75.000         -20.000        4.9669E-4      -0.0010539     -2.2838E-4
-73.000         75.000         -20.000        4.8806E-4      -0.0010867     -2.3283E-4
-71.000         75.000         -20.000        4.7845E-4      -0.0011191     -2.3761E-4
-69.000         75.000         -20.000        4.6814E-4      -0.0011511     -2.4251E-4
-67.000         75.000         -20.000        4.5717E-4      -0.0011823     -2.4717E-4
-65.000         75.000         -20.000        4.4549E-4      -0.0012129     -2.5232E-4
-63.000         75.000         -20.000        4.3326E-4      -0.0012430     -2.5779E-4
-61.000         75.000         -20.000        4.2035E-4      -0.0012725     -2.6377E-4
-59.000         75.000         -20.000        4.0705E-4      -0.0013016     -2.6948E-4
-57.000         75.000         -20.000        3.9335E-4      -0.0013300     -2.7533E-4
-55.000         75.000         -20.000        3.7913E-4      -0.0013579     -2.8164E-4
-53.000         75.000         -20.000        3.6450E-4      -0.0013854     -2.8763E-4
-51.000         75.000         -20.000        3.4938E-4      -0.0014125     -2.9410E-4
-49.000         75.000         -20.000        3.3368E-4      -0.0014394     -3.0129E-4
-47.000         75.000         -20.000        3.1766E-4      -0.0014657     -3.0754E-4
-45.000         75.000         -20.000        3.0087E-4      -0.0014917     -3.1426E-4
-43.000         75.000         -20.000        2.8340E-4      -0.0015173     -3.2110E-4
-41.000         75.000         -20.000        2.6512E-4      -0.0015425     -3.2852E-4
-39.000         75.000         -20.000        2.4597E-4      -0.0015673     -3.3608E-4
-37.000         75.000         -20.000        2.2617E-4      -0.0015914     -3.4297E-4
-35.000         75.000         -20.000        2.0527E-4      -0.0016148     -3.5058E-4
-33.000         75.000         -20.000        1.8347E-4      -0.0016375     -3.5781E-4
-31.000         75.000         -20.000        1.6045E-4      -0.0016592     -3.6605E-4
-29.000         75.000         -20.000        1.3652E-4      -0.0016799     -3.7400E-4
-27.000         75.000         -20.000        1.1181E-4      -0.0016992     -3.8284E-4
-25.000         75.000         -20.000        8.6086E-5      -0.0017172     -3.9054E-4
-23.000         75.000         -20.000        5.9620E-5      -0.0017335     -3.9914E-4
-21.000         75.000         -20.000        3.2392E-5      -0.0017482     -4.0885E-4
-19.000         75.000         -20.000        4.4247E-6      -0.0017612     -4.1869E-4
-17.000         75.000         -20.000        -2.3529E-5     -0.0017720     -4.2727E-4
-15.000         75.000         -20.000        -5.1662E-5     -0.0017810     -4.3699E-4
-13.000         75.000         -20.000        -7.9886E-5     -0.0017880     -4.4712E-4
-11.000         75.000         -20.000        -1.0787E-4     -0.0017931     -4.5786E-4
-9.0000         75.000         -20.000        -1.3562E-4     -0.0017962     -4.6752E-4
-7.0000         75.000         -20.000        -1.6252E-4     -0.0017976     -4.7792E-4
-5.0000         75.000         -20.000        -1.8859E-4     -0.0017971     -4.8908E-4
-3.0000         75.000         -20.000        -2.1371E-4     -0.0017953     -4.9878E-4
-1.0000         75.000         -20.000        -2.3779E-4     -0.0017921     -5.0960E-4
1.0000          75.000         -20.000        -2.6069E-4     -0.0017877     -5.2001E-4
3.0000          75.000         -20.000        -2.8258E-4     -0.0017826     -5.2992E-4
5.0000          75.000         -20.000        -3.0293E-4     -0.0017768     -5.3953E-4
7.0000          75.000         -20.000        -3.2246E-4     -0.0017707     -5.4916E-4
9.0000          75.000         -20.000        -3.4072E-4     -0.0017645     -5.5835E-4
11.000          75.000         -20.000        -3.5802E-4     -0.0017586     -5.6728E-4
13.000          75.000         -20.000        -3.7479E-4     -0.0017528     -5.7490E-4
15.000          75.000         -20.000        -3.9113E-4     -0.0017476     -5.8233E-4
17.000          75.000         -20.000        -4.0709E-4     -0.0017431     -5.9000E-4
19.000          75.000         -20.000        -4.2339E-4     -0.0017393     -5.9661E-4
21.000          75.000         -20.000        -4.3986E-4     -0.0017363     -6.0259E-4
23.000          75.000         -20.000        -4.5722E-4     -0.0017338     -6.0809E-4
25.000          75.000         -20.000        -4.7585E-4     -0.0017320     -6.1323E-4
27.000          75.000         -20.000        -4.9580E-4     -0.0017306     -6.1766E-4
29.000          75.000         -20.000        -5.1748E-4     -0.0017291     -6.2310E-4
31.000          75.000         -20.000        -5.4142E-4     -0.0017275     -6.2742E-4
33.000          75.000         -20.000        -5.6731E-4     -0.0017251     -6.3108E-4
35.000          75.000         -20.000        -5.9566E-4     -0.0017217     -6.3522E-4
37.000          75.000         -20.000        -6.2647E-4     -0.0017167     -6.3944E-4
39.000          75.000         -20.000        -6.5997E-4     -0.0017096     -6.4338E-4
41.000          75.000         -20.000        -6.9606E-4     -0.0017000     -6.4778E-4
43.000          75.000         -20.000        -7.3407E-4     -0.0016871     -6.5191E-4
45.000          75.000         -20.000        -7.7402E-4     -0.0016704     -6.5756E-4
47.000          75.000         -20.000        -8.1547E-4     -0.0016498     -6.6336E-4
49.000          75.000         -20.000        -8.5862E-4     -0.0016243     -6.6979E-4
51.000          75.000         -20.000        -9.0256E-4     -0.0015940     -6.7663E-4
53.000          75.000         -20.000        -9.4650E-4     -0.0015583     -6.8391E-4
55.000          75.000         -20.000        -9.8976E-4     -0.0015172     -6.9241E-4
57.000          75.000         -20.000        -0.0010320     -0.0014708     -7.0125E-4
59.000          75.000         -20.000        -0.0010723     -0.0014190     -7.0895E-4
61.000          75.000         -20.000        -0.0011109     -0.0013614     -7.1910E-4
63.000          75.000         -20.000        -0.0011463     -0.0012991     -7.2897E-4
65.000          75.000         -20.000        -0.0011778     -0.0012320     -7.3868E-4
67.000          75.000         -20.000        -0.0012051     -0.0011611     -7.4753E-4
69.000          75.000         -20.000        -0.0012277     -0.0010862     -7.5832E-4
71.000          75.000         -20.000        -0.0012460     -0.0010079     -7.6687E-4
73.000          75.000         -20.000        -0.0012587     -9.2753E-4     -7.7561E-4
75.000          75.000         -20.000        -0.0012659     -8.4566E-4     -7.8336E-4
77.000          75.000         -20.000        -0.0012675     -7.6258E-4     -7.9123E-4
79.000          75.000         -20.000        -0.0012641     -6.7994E-4     -7.9778E-4
81.000          75.000         -20.000        -0.0012554     -5.9756E-4     -8.0283E-4
83.000          75.000         -20.000        -0.0012409     -5.1608E-4     -8.0642E-4
85.000          75.000         -20.000        -0.0012220     -4.3681E-4     -8.0954E-4
87.000          75.000         -20.000        -0.0011993     -3.5981E-4     -8.1186E-4
89.000          75.000         -20.000        -0.0011710     -2.8534E-4     -8.1127E-4
91.000          75.000         -20.000        -0.0011398     -2.1446E-4     -8.1110E-4
93.000          75.000         -20.000        -0.0011057     -1.4754E-4     -8.0755E-4
95.000          75.000         -20.000        -0.0010683     -8.4202E-5     -8.0286E-4
97.000          75.000         -20.000        -0.0010289     -2.4653E-5     -7.9867E-4
99.000          75.000         -20.000        -9.8781E-4     2.9760E-5      -7.9136E-4
-99.000         77.000         -20.000        4.8790E-4      -6.3158E-4     -1.9080E-4
-97.000         77.000         -20.000        4.9136E-4      -6.6108E-4     -1.9320E-4
-95.000         77.000         -20.000        4.9380E-4      -6.9122E-4     -1.9587E-4
-93.000         77.000         -20.000        4.9544E-4      -7.2163E-4     -1.9869E-4
-91.000         77.000         -20.000        4.9599E-4      -7.5253E-4     -2.0128E-4
-89.000         77.000         -20.000        4.9560E-4      -7.8404E-4     -2.0434E-4
-87.000         77.000         -20.000        4.9433E-4      -8.1550E-4     -2.0744E-4
-85.000         77.000         -20.000        4.9173E-4      -8.4697E-4     -2.1047E-4
-83.000         77.000         -20.000        4.8842E-4      -8.7893E-4     -2.1406E-4
-81.000         77.000         -20.000        4.8392E-4      -9.1066E-4     -2.1770E-4
-79.000         77.000         -20.000        4.7838E-4      -9.4209E-4     -2.2165E-4
-77.000         77.000         -20.000        4.7217E-4      -9.7335E-4     -2.2518E-4
-75.000         77.000         -20.000        4.6468E-4      -0.0010047     -2.2934E-4
-73.000         77.000         -20.000        4.5649E-4      -0.0010353     -2.3382E-4
-71.000         77.000         -20.000        4.4745E-4      -0.0010655     -2.3806E-4
-69.000         77.000         -20.000        4.3764E-4      -0.0010953     -2.4286E-4
-67.000         77.000         -20.000        4.2714E-4      -0.0011246     -2.4793E-4
-65.000         77.000         -20.000        4.1582E-4      -0.0011534     -2.5271E-4
-63.000         77.000         -20.000        4.0431E-4      -0.0011817     -2.5816E-4
-61.000         77.000         -20.000        3.9204E-4      -0.0012095     -2.6350E-4
-59.000         77.000         -20.000        3.7923E-4      -0.0012367     -2.6897E-4
-57.000         77.000         -20.000        3.6597E-4      -0.0012634     -2.7493E-4
-55.000         77.000         -20.000        3.5207E-4      -0.0012899     -2.8085E-4
-53.000         77.000         -20.000        3.3803E-4      -0.0013157     -2.8713E-4
-51.000         77.000         -20.000        3.2333E-4      -0.0013411     -2.9354E-4
-49.000         77.000         -20.000        3.0810E-4      -0.0013661     -2.9947E-4
-47.000         77.000         -20.000        2.9228E-4      -0.0013907     -3.0603E-4
-45.000         77.000         -20.000        2.7575E-4      -0.0014150     -3.1296E-4
-43.000         77.000         -20.000        2.5896E-4      -0.0014387     -3.1955E-4
-41.000         77.000         -20.000        2.4114E-4      -0.0014620     -3.2622E-4
-39.000         77.000         -20.000        2.2266E-4      -0.0014847     -3.3320E-4
-37.000         77.000         -20.000        2.0335E-4      -0.0015069     -3.4070E-4
-35.000         77.000         -20.000        1.8301E-4      -0.0015284     -3.4755E-4
-33.000         77.000         -20.000        1.6227E-4      -0.0015491     -3.5477E-4
-31.000         77.000         -20.000        1.4032E-4      -0.0015686     -3.6257E-4
-29.000         77.000         -20.000        1.1764E-4      -0.0015873     -3.7020E-4
-27.000         77.000         -20.000        9.4059E-5      -0.0016047     -3.7779E-4
-25.000         77.000         -20.000        6.9683E-5      -0.0016209     -3.8621E-4
-23.000         77.000         -20.000        4.4885E-5      -0.0016356     -3.9491E-4
-21.000         77.000         -20.000        1.9283E-5      -0.0016487     -4.0338E-4
-19.000         77.000         -20.000        -6.6848E-6     -0.0016602     -4.1225E-4
-17.000         77.000         -20.000        -3.2925E-5     -0.0016701     -4.2138E-4
-15.000         77.000         -20.000        -5.9382E-5     -0.0016783     -4.3056E-4
-13.000         77.000         -20.000        -8.5657E-5     -0.0016847     -4.4039E-4
-11.000         77.000         -20.000        -1.1186E-4     -0.0016892     -4.4986E-4
-9.0000         77.000         -20.000        -1.3769E-4     -0.0016921     -4.5875E-4
-7.0000         77.000         -20.000        -1.6291E-4     -0.0016935     -4.6897E-4
-5.0000         77.000         -20.000        -1.8760E-4     -0.0016934     -4.7821E-4
-3.0000         77.000         -20.000        -2.1136E-4     -0.0016918     -4.8785E-4
-1.0000         77.000         -20.000        -2.3427E-4     -0.0016891     -4.9807E-4
1.0000          77.000         -20.000        -2.5632E-4     -0.0016854     -5.0694E-4
3.0000          77.000         -20.000        -2.7727E-4     -0.0016808     -5.1662E-4
5.0000          77.000         -20.000        -2.9728E-4     -0.0016756     -5.2566E-4
7.0000          77.000         -20.000        -3.1649E-4     -0.0016702     -5.3427E-4
9.0000          77.000         -20.000        -3.3479E-4     -0.0016646     -5.4294E-4
11.000          77.000         -20.000        -3.5236E-4     -0.0016591     -5.5161E-4
13.000          77.000         -20.000        -3.6948E-4     -0.0016535     -5.5850E-4
15.000          77.000         -20.000        -3.8620E-4     -0.0016483     -5.6572E-4
17.000          77.000         -20.000        -4.0286E-4     -0.0016434     -5.7313E-4
19.000          77.000         -20.000        -4.1947E-4     -0.0016391     -5.7895E-4
21.000          77.000         -20.000        -4.3667E-4     -0.0016351     -5.8501E-4
23.000          77.000         -20.000        -4.5456E-4     -0.0016314     -5.9114E-4
25.000          77.000         -20.000        -4.7349E-4     -0.0016281     -5.9606E-4
27.000          77.000         -20.000        -4.9342E-4     -0.0016250     -6.0135E-4
29.000          77.000         -20.000        -5.1498E-4     -0.0016216     -6.0599E-4
31.000          77.000         -20.000        -5.3823E-4     -0.0016177     -6.1041E-4
33.000          77.000         -20.000        -5.6328E-4     -0.0016130     -6.1508E-4
35.000          77.000         -20.000        -5.9048E-4     -0.0016073     -6.1857E-4
37.000          77.000         -20.000        -6.1941E-4     -0.0015999     -6.2314E-4
39.000          77.000         -20.000        -6.5061E-4     -0.0015905     -6.2676E-4
41.000          77.000         -20.000        -6.8362E-4     -0.0015786     -6.3266E-4
43.000          77.000         -20.000        -7.1847E-4     -0.0015637     -6.3653E-4
45.000          77.000         -20.000        -7.5499E-4     -0.0015460     -6.4135E-4
47.000          77.000         -20.000        -7.9235E-4     -0.0015241     -6.4700E-4
49.000          77.000         -20.000        -8.3081E-4     -0.0014983     -6.5307E-4
51.000          77.000         -20.000        -8.6979E-4     -0.0014680     -6.5940E-4
53.000          77.000         -20.000        -9.0865E-4     -0.0014334     -6.6667E-4
55.000          77.000         -20.000        -9.4673E-4     -0.0013943     -6.7321E-4
57.000          77.000         -20.000        -9.8415E-4     -0.0013499     -6.8082E-4
59.000          77.000         -20.000        -0.0010198     -0.0013010     -6.8880E-4
61.000          77.000         -20.000        -0.0010532     -0.0012477     -6.9712E-4
63.000          77.000         -20.000        -0.0010841     -0.0011904     -7.0586E-4
65.000          77.000         -20.000        -0.0011107     -0.0011285     -7.1405E-4
67.000          77.000         -20.000        -0.0011352     -0.0010629     -7.2129E-4
69.000          77.000         -20.000        -0.0011549     -9.9462E-4     -7.3006E-4
71.000          77.000         -20.000        -0.0011704     -9.2380E-4     -7.3815E-4
73.000          77.000         -20.000        -0.0011814     -8.5105E-4     -7.4517E-4
75.000          77.000         -20.000        -0.0011877     -7.7602E-4     -7.5100E-4
77.000          77.000         -20.000        -0.0011891     -7.0086E-4     -7.5711E-4
79.000          77.000         -20.000        -0.0011849     -6.2561E-4     -7.6326E-4
81.000          77.000         -20.000        -0.0011772     -5.5127E-4     -7.6654E-4
83.000          77.000         -20.000        -0.0011643     -4.7747E-4     -7.6983E-4
85.000          77.000         -20.000        -0.0011471     -4.0454E-4     -7.7223E-4
87.000          77.000         -20.000        -0.0011265     -3.3468E-4     -7.7267E-4
89.000          77.000         -20.000        -0.0011016     -2.6732E-4     -7.7191E-4
91.000          77.000         -20.000        -0.0010737     -2.0180E-4     -7.7046E-4
93.000          77.000         -20.000        -0.0010429     -1.4025E-4     -7.6795E-4
95.000          77.000         -20.000        -0.0010095     -8.2283E-5     -7.6380E-4
97.000          77.000         -20.000        -9.7426E-4     -2.7357E-5     -7.5872E-4
99.000          77.000         -20.000        -9.3688E-4     2.3632E-5      -7.5230E-4
-99.000         79.000         -20.000        4.5965E-4      -6.1008E-4     -1.9024E-4
-97.000         79.000         -20.000        4.6264E-4      -6.3780E-4     -1.9292E-4
-95.000         79.000         -20.000        4.6452E-4      -6.6593E-4     -1.9558E-4
-93.000         79.000         -20.000        4.6560E-4      -6.9430E-4     -1.9858E-4
-91.000         79.000         -20.000        4.6594E-4      -7.2331E-4     -2.0130E-4
-89.000         79.000         -20.000        4.6528E-4      -7.5261E-4     -2.0436E-4
-87.000         79.000         -20.000        4.6375E-4      -7.8188E-4     -2.0762E-4
-85.000         79.000         -20.000        4.6115E-4      -8.1152E-4     -2.1062E-4
-83.000         79.000         -20.000        4.5778E-4      -8.4120E-4     -2.1415E-4
-81.000         79.000         -20.000        4.5328E-4      -8.7077E-4     -2.1780E-4
-79.000         79.000         -20.000        4.4796E-4      -9.0025E-4     -2.2143E-4
-77.000         79.000         -20.000        4.4187E-4      -9.2952E-4     -2.2556E-4
-75.000         79.000         -20.000        4.3480E-4      -9.5857E-4     -2.2953E-4
-73.000         79.000         -20.000        4.2693E-4      -9.8734E-4     -2.3375E-4
-71.000         79.000         -20.000        4.1833E-4      -0.0010157     -2.3809E-4
-69.000         79.000         -20.000        4.0901E-4      -0.0010436     -2.4277E-4
-67.000         79.000         -20.000        3.9906E-4      -0.0010711     -2.4770E-4
-65.000         79.000         -20.000        3.8837E-4      -0.0010982     -2.5271E-4
-63.000         79.000         -20.000        3.7710E-4      -0.0011248     -2.5761E-4
-61.000         79.000         -20.000        3.6533E-4      -0.0011509     -2.6293E-4
-59.000         79.000         -20.000        3.5304E-4      -0.0011765     -2.6837E-4
-57.000         79.000         -20.000        3.4027E-4      -0.0012016     -2.7439E-4
-55.000         79.000         -20.000        3.2693E-4      -0.0012263     -2.8007E-4
-53.000         79.000         -20.000        3.1317E-4      -0.0012507     -2.8581E-4
-51.000         79.000         -20.000        2.9887E-4      -0.0012745     -2.9194E-4
-49.000         79.000         -20.000        2.8412E-4      -0.0012979     -2.9775E-4
-47.000         79.000         -20.000        2.6875E-4      -0.0013208     -3.0413E-4
-45.000         79.000         -20.000        2.5284E-4      -0.0013434     -3.1034E-4
-43.000         79.000         -20.000        2.3624E-4      -0.0013655     -3.1709E-4
-41.000         79.000         -20.000        2.1901E-4      -0.0013871     -3.2372E-4
-39.000         79.000         -20.000        2.0111E-4      -0.0014081     -3.3031E-4
-37.000         79.000         -20.000        1.8251E-4      -0.0014284     -3.3733E-4
-35.000         79.000         -20.000        1.6310E-4      -0.0014480     -3.4441E-4
-33.000         79.000         -20.000        1.4292E-4      -0.0014669     -3.5190E-4
-31.000         79.000         -20.000        1.2202E-4      -0.0014849     -3.5878E-4
-29.000         79.000         -20.000        1.0042E-4      -0.0015017     -3.6620E-4
-27.000         79.000         -20.000        7.8144E-5      -0.0015175     -3.7430E-4
-25.000         79.000         -20.000        5.5112E-5      -0.0015321     -3.8164E-4
-23.000         79.000         -20.000        3.1449E-5      -0.0015455     -3.9020E-4
-21.000         79.000         -20.000        7.4593E-6      -0.0015573     -3.9815E-4
-19.000         79.000         -20.000        -1.6785E-5     -0.0015677     -4.0644E-4
-17.000         79.000         -20.000        -4.1427E-5     -0.0015765     -4.1468E-4
-15.000         79.000         -20.000        -6.6231E-5     -0.0015838     -4.2358E-4
-13.000         79.000         -20.000        -9.1007E-5     -0.0015897     -4.3249E-4
-11.000         79.000         -20.000        -1.1546E-4     -0.0015938     -4.4177E-4
-9.0000         79.000         -20.000        -1.3960E-4     -0.0015966     -4.4984E-4
-7.0000         79.000         -20.000        -1.6344E-4     -0.0015978     -4.5933E-4
-5.0000         79.000         -20.000        -1.8673E-4     -0.0015978     -4.6839E-4
-3.0000         79.000         -20.000        -2.0944E-4     -0.0015965     -4.7793E-4
-1.0000         79.000         -20.000        -2.3129E-4     -0.0015941     -4.8645E-4
1.0000          79.000         -20.000        -2.5241E-4     -0.0015908     -4.9532E-4
3.0000          79.000         -20.000        -2.7272E-4     -0.0015869     -5.0363E-4
5.0000          79.000         -20.000        -2.9238E-4     -0.0015822     -5.1212E-4
7.0000          79.000         -20.000        -3.1110E-4     -0.0015772     -5.2029E-4
9.0000          79.000         -20.000        -3.2929E-4     -0.0015719     -5.2822E-4
11.000          79.000         -20.000        -3.4685E-4     -0.0015665     -5.3611E-4
13.000          79.000         -20.000        -3.6412E-4     -0.0015611     -5.4335E-4
15.000          79.000         -20.000        -3.8097E-4     -0.0015557     -5.5062E-4
17.000          79.000         -20.000        -3.9790E-4     -0.0015507     -5.5721E-4
19.000          79.000         -20.000        -4.1499E-4     -0.0015458     -5.6295E-4
21.000          79.000         -20.000        -4.3249E-4     -0.0015411     -5.6863E-4
23.000          79.000         -20.000        -4.5047E-4     -0.0015365     -5.7434E-4
25.000          79.000         -20.000        -4.6941E-4     -0.0015320     -5.7938E-4
27.000          79.000         -20.000        -4.8937E-4     -0.0015272     -5.8495E-4
29.000          79.000         -20.000        -5.1057E-4     -0.0015222     -5.8921E-4
31.000          79.000         -20.000        -5.3305E-4     -0.0015166     -5.9374E-4
33.000          79.000         -20.000        -5.5712E-4     -0.0015100     -5.9839E-4
35.000          79.000         -20.000        -5.8291E-4     -0.0015025     -6.0287E-4
37.000          79.000         -20.000        -6.1032E-4     -0.0014933     -6.0654E-4
39.000          79.000         -20.000        -6.3930E-4     -0.0014822     -6.1092E-4
41.000          79.000         -20.000        -6.6952E-4     -0.0014687     -6.1571E-4
43.000          79.000         -20.000        -7.0121E-4     -0.0014527     -6.2074E-4
45.000          79.000         -20.000        -7.3448E-4     -0.0014337     -6.2593E-4
47.000          79.000         -20.000        -7.6871E-4     -0.0014115     -6.3132E-4
49.000          79.000         -20.000        -8.0308E-4     -0.0013856     -6.3655E-4
51.000          79.000         -20.000        -8.3766E-4     -0.0013559     -6.4193E-4
53.000          79.000         -20.000        -8.7206E-4     -0.0013223     -6.4882E-4
55.000          79.000         -20.000        -9.0625E-4     -0.0012845     -6.5492E-4
57.000          79.000         -20.000        -9.3935E-4     -0.0012428     -6.6142E-4
59.000          79.000         -20.000        -9.7053E-4     -0.0011969     -6.6843E-4
61.000          79.000         -20.000        -9.9949E-4     -0.0011472     -6.7497E-4
63.000          79.000         -20.000        -0.0010263     -0.0010937     -6.8233E-4
65.000          79.000         -20.000        -0.0010505     -0.0010367     -6.8957E-4
67.000          79.000         -20.000        -0.0010714     -9.7664E-4     -6.9705E-4
69.000          79.000         -20.000        -0.0010883     -9.1391E-4     -7.0330E-4
71.000          79.000         -20.000        -0.0011015     -8.4913E-4     -7.1022E-4
73.000          79.000         -20.000        -0.0011108     -7.8260E-4     -7.1539E-4
75.000          79.000         -20.000        -0.0011158     -7.1465E-4     -7.2159E-4
77.000          79.000         -20.000        -0.0011166     -6.4593E-4     -7.2591E-4
79.000          79.000         -20.000        -0.0011132     -5.7739E-4     -7.2947E-4
81.000          79.000         -20.000        -0.0011058     -5.0929E-4     -7.3345E-4
83.000          79.000         -20.000        -0.0010945     -4.4197E-4     -7.3538E-4
85.000          79.000         -20.000        -0.0010791     -3.7571E-4     -7.3662E-4
87.000          79.000         -20.000        -0.0010601     -3.1160E-4     -7.3671E-4
89.000          79.000         -20.000        -0.0010382     -2.4964E-4     -7.3597E-4
91.000          79.000         -20.000        -0.0010130     -1.8996E-4     -7.3391E-4
93.000          79.000         -20.000        -9.8518E-4     -1.3308E-4     -7.3110E-4
95.000          79.000         -20.000        -9.5518E-4     -7.9643E-5     -7.2693E-4
97.000          79.000         -20.000        -9.2336E-4     -2.8940E-5     -7.2194E-4
99.000          79.000         -20.000        -8.8952E-4     1.8558E-5      -7.1571E-4
-99.000         81.000         -20.000        4.3325E-4      -5.8960E-4     -1.8955E-4
-97.000         81.000         -20.000        4.3565E-4      -6.1545E-4     -1.9220E-4
-95.000         81.000         -20.000        4.3706E-4      -6.4168E-4     -1.9498E-4
-93.000         81.000         -20.000        4.3788E-4      -6.6850E-4     -1.9767E-4
-91.000         81.000         -20.000        4.3785E-4      -6.9556E-4     -2.0072E-4
-89.000         81.000         -20.000        4.3688E-4      -7.2279E-4     -2.0381E-4
-87.000         81.000         -20.000        4.3517E-4      -7.5029E-4     -2.0703E-4
-85.000         81.000         -20.000        4.3254E-4      -7.7803E-4     -2.1040E-4
-83.000         81.000         -20.000        4.2909E-4      -8.0558E-4     -2.1407E-4
-81.000         81.000         -20.000        4.2467E-4      -8.3322E-4     -2.1747E-4
-79.000         81.000         -20.000        4.1950E-4      -8.6081E-4     -2.2109E-4
-77.000         81.000         -20.000        4.1365E-4      -8.8811E-4     -2.2490E-4
-75.000         81.000         -20.000        4.0686E-4      -9.1531E-4     -2.2896E-4
-73.000         81.000         -20.000        3.9936E-4      -9.4223E-4     -2.3316E-4
-71.000         81.000         -20.000        3.9115E-4      -9.6880E-4     -2.3751E-4
-69.000         81.000         -20.000        3.8220E-4      -9.9489E-4     -2.4251E-4
-67.000         81.000         -20.000        3.7256E-4      -0.0010207     -2.4708E-4
-65.000         81.000         -20.000        3.6237E-4      -0.0010461     -2.5175E-4
-63.000         81.000         -20.000        3.5162E-4      -0.0010712     -2.5652E-4
-61.000         81.000         -20.000        3.4033E-4      -0.0010957     -2.6168E-4
-59.000         81.000         -20.000        3.2843E-4      -0.0011197     -2.6715E-4
-57.000         81.000         -20.000        3.1607E-4      -0.0011434     -2.7266E-4
-55.000         81.000         -20.000        3.0325E-4      -0.0011666     -2.7803E-4
-53.000         81.000         -20.000        2.8989E-4      -0.0011894     -2.8391E-4
-51.000         81.000         -20.000        2.7606E-4      -0.0012117     -2.8976E-4
-49.000         81.000         -20.000        2.6170E-4      -0.0012336     -2.9559E-4
-47.000         81.000         -20.000        2.4674E-4      -0.0012551     -3.0144E-4
-45.000         81.000         -20.000        2.3128E-4      -0.0012761     -3.0757E-4
-43.000         81.000         -20.000        2.1527E-4      -0.0012965     -3.1427E-4
-41.000         81.000         -20.000        1.9864E-4      -0.0013166     -3.2017E-4
-39.000         81.000         -20.000        1.8126E-4      -0.0013359     -3.2663E-4
-37.000         81.000         -20.000        1.6330E-4      -0.0013546     -3.3395E-4
-35.000         81.000         -20.000        1.4469E-4      -0.0013725     -3.4043E-4
-33.000         81.000         -20.000        1.2537E-4      -0.0013898     -3.4743E-4
-31.000         81.000         -20.000        1.0551E-4      -0.0014062     -3.5438E-4
-29.000         81.000         -20.000        8.4763E-5      -0.0014215     -3.6157E-4
-27.000         81.000         -20.000        6.3562E-5      -0.0014359     -3.6931E-4
-25.000         81.000         -20.000        4.1899E-5      -0.0014491     -3.7671E-4
-23.000         81.000         -20.000        1.9632E-5      -0.0014610     -3.8419E-4
-21.000         81.000         -20.000        -3.0088E-6     -0.0014718     -3.9181E-4
-19.000         81.000         -20.000        -2.6073E-5     -0.0014812     -3.9998E-4
-17.000         81.000         -20.000        -4.9171E-5     -0.0014892     -4.0779E-4
-15.000         81.000         -20.000        -7.2430E-5     -0.0014957     -4.1612E-4
-13.000         81.000         -20.000        -9.5650E-5     -0.0015010     -4.2437E-4
-11.000         81.000         -20.000        -1.1870E-4     -0.0015049     -4.3272E-4
-9.0000         81.000         -20.000        -1.4167E-4     -0.0015073     -4.4131E-4
-7.0000         81.000         -20.000        -1.6416E-4     -0.0015085     -4.4919E-4
-5.0000         81.000         -20.000        -1.8614E-4     -0.0015085     -4.5791E-4
-3.0000         81.000         -20.000        -2.0767E-4     -0.0015075     -4.6602E-4
-1.0000         81.000         -20.000        -2.2864E-4     -0.0015054     -4.7526E-4
1.0000          81.000         -20.000        -2.4898E-4     -0.0015025     -4.8309E-4
3.0000          81.000         -20.000        -2.6860E-4     -0.0014987     -4.9121E-4
5.0000          81.000         -20.000        -2.8760E-4     -0.0014945     -4.9892E-4
7.0000          81.000         -20.000        -3.0608E-4     -0.0014897     -5.0668E-4
9.0000          81.000         -20.000        -3.2398E-4     -0.0014847     -5.1428E-4
11.000          81.000         -20.000        -3.4153E-4     -0.0014794     -5.2129E-4
13.000          81.000         -20.000        -3.5871E-4     -0.0014741     -5.2832E-4
15.000          81.000         -20.000        -3.7573E-4     -0.0014687     -5.3487E-4
17.000          81.000         -20.000        -3.9274E-4     -0.0014633     -5.4114E-4
19.000          81.000         -20.000        -4.0987E-4     -0.0014579     -5.4708E-4
21.000          81.000         -20.000        -4.2740E-4     -0.0014525     -5.5244E-4
23.000          81.000         -20.000        -4.4551E-4     -0.0014471     -5.5760E-4
25.000          81.000         -20.000        -4.6427E-4     -0.0014416     -5.6327E-4
27.000          81.000         -20.000        -4.8385E-4     -0.0014358     -5.6763E-4
29.000          81.000         -20.000        -5.0444E-4     -0.0014293     -5.7236E-4
31.000          81.000         -20.000        -5.2628E-4     -0.0014223     -5.7787E-4
33.000          81.000         -20.000        -5.4934E-4     -0.0014142     -5.8132E-4
35.000          81.000         -20.000        -5.7373E-4     -0.0014051     -5.8635E-4
37.000          81.000         -20.000        -5.9935E-4     -0.0013945     -5.9044E-4
39.000          81.000         -20.000        -6.2613E-4     -0.0013820     -5.9490E-4
41.000          81.000         -20.000        -6.5445E-4     -0.0013674     -5.9924E-4
43.000          81.000         -20.000        -6.8366E-4     -0.0013506     -6.0358E-4
45.000          81.000         -20.000        -7.1367E-4     -0.0013308     -6.0904E-4
47.000          81.000         -20.000        -7.4427E-4     -0.0013083     -6.1340E-4
49.000          81.000         -20.000        -7.7532E-4     -0.0012827     -6.1879E-4
51.000          81.000         -20.000        -8.0671E-4     -0.0012538     -6.2379E-4
53.000          81.000         -20.000        -8.3743E-4     -0.0012212     -6.2953E-4
55.000          81.000         -20.000        -8.6744E-4     -0.0011851     -6.3507E-4
57.000          81.000         -20.000        -8.9637E-4     -0.0011453     -6.4165E-4
59.000          81.000         -20.000        -9.2406E-4     -0.0011023     -6.4737E-4
61.000          81.000         -20.000        -9.5000E-4     -0.0010561     -6.5356E-4
63.000          81.000         -20.000        -9.7333E-4     -0.0010062     -6.5996E-4
65.000          81.000         -20.000        -9.9417E-4     -9.5349E-4     -6.6619E-4
67.000          81.000         -20.000        -0.0010122     -8.9821E-4     -6.7189E-4
69.000          81.000         -20.000        -0.0010271     -8.4073E-4     -6.7668E-4
71.000          81.000         -20.000        -0.0010387     -7.8168E-4     -6.8267E-4
73.000          81.000         -20.000        -0.0010465     -7.2066E-4     -6.8758E-4
75.000          81.000         -20.000        -0.0010506     -6.5853E-4     -6.9201E-4
77.000          81.000         -20.000        -0.0010512     -5.9593E-4     -6.9550E-4
79.000          81.000         -20.000        -0.0010477     -5.3348E-4     -6.9878E-4
81.000          81.000         -20.000        -0.0010407     -4.7084E-4     -7.0121E-4
83.000          81.000         -20.000        -0.0010307     -4.0957E-4     -7.0261E-4
85.000          81.000         -20.000        -0.0010167     -3.4943E-4     -7.0296E-4
87.000          81.000         -20.000        -9.9983E-4     -2.9027E-4     -7.0296E-4
89.000          81.000         -20.000        -9.7979E-4     -2.3343E-4     -7.0212E-4
91.000          81.000         -20.000        -9.5722E-4     -1.7891E-4     -6.9957E-4
93.000          81.000         -20.000        -9.3202E-4     -1.2664E-4     -6.9654E-4
95.000          81.000         -20.000        -9.0490E-4     -7.6749E-5     -6.9264E-4
97.000          81.000         -20.000        -8.7623E-4     -3.0065E-5     -6.8792E-4
99.000          81.000         -20.000        -8.4574E-4     1.3842E-5      -6.8220E-4
-99.000         83.000         -20.000        4.0847E-4      -5.6981E-4     -1.8838E-4
-97.000         83.000         -20.000        4.1029E-4      -5.9405E-4     -1.9129E-4
-95.000         83.000         -20.000        4.1138E-4      -6.1861E-4     -1.9404E-4
-93.000         83.000         -20.000        4.1187E-4      -6.4378E-4     -1.9688E-4
-91.000         83.000         -20.000        4.1147E-4      -6.6914E-4     -1.9992E-4
-89.000         83.000         -20.000        4.1033E-4      -6.9449E-4     -2.0282E-4
-87.000         83.000         -20.000        4.0856E-4      -7.2041E-4     -2.0611E-4
-85.000         83.000         -20.000        4.0576E-4      -7.4626E-4     -2.0940E-4
-83.000         83.000         -20.000        4.0227E-4      -7.7199E-4     -2.1259E-4
-81.000         83.000         -20.000        3.9807E-4      -7.9790E-4     -2.1655E-4
-79.000         83.000         -20.000        3.9304E-4      -8.2367E-4     -2.2001E-4
-77.000         83.000         -20.000        3.8727E-4      -8.4929E-4     -2.2380E-4
-75.000         83.000         -20.000        3.8062E-4      -8.7474E-4     -2.2791E-4
-73.000         83.000         -20.000        3.7352E-4      -8.9997E-4     -2.3212E-4
-71.000         83.000         -20.000        3.6554E-4      -9.2485E-4     -2.3631E-4
-69.000         83.000         -20.000        3.5696E-4      -9.4941E-4     -2.4064E-4
-67.000         83.000         -20.000        3.4778E-4      -9.7364E-4     -2.4517E-4
-65.000         83.000         -20.000        3.3787E-4      -9.9749E-4     -2.4992E-4
-63.000         83.000         -20.000        3.2763E-4      -0.0010210     -2.5485E-4
-61.000         83.000         -20.000        3.1672E-4      -0.0010440     -2.6012E-4
-59.000         83.000         -20.000        3.0530E-4      -0.0010666     -2.6504E-4
-57.000         83.000         -20.000        2.9339E-4      -0.0010888     -2.7039E-4
-55.000         83.000         -20.000        2.8088E-4      -0.0011106     -2.7565E-4
-53.000         83.000         -20.000        2.6808E-4      -0.0011320     -2.8139E-4
-51.000         83.000         -20.000        2.5463E-4      -0.0011529     -2.8679E-4
-49.000         83.000         -20.000        2.4068E-4      -0.0011734     -2.9270E-4
-47.000         83.000         -20.000        2.2623E-4      -0.0011934     -2.9845E-4
-45.000         83.000         -20.000        2.1116E-4      -0.0012130     -3.0413E-4
-43.000         83.000         -20.000        1.9580E-4      -0.0012320     -3.1026E-4
-41.000         83.000         -20.000        1.7965E-4      -0.0012505     -3.1663E-4
-39.000         83.000         -20.000        1.6295E-4      -0.0012684     -3.2259E-4
-37.000         83.000         -20.000        1.4567E-4      -0.0012856     -3.2893E-4
-35.000         83.000         -20.000        1.2767E-4      -0.0013022     -3.3539E-4
-33.000         83.000         -20.000        1.0937E-4      -0.0013180     -3.4213E-4
-31.000         83.000         -20.000        9.0244E-5      -0.0013329     -3.4891E-4
-29.000         83.000         -20.000        7.0616E-5      -0.0013469     -3.5593E-4
-27.000         83.000         -20.000        5.0448E-5      -0.0013600     -3.6270E-4
-25.000         83.000         -20.000        2.9783E-5      -0.0013720     -3.6979E-4
-23.000         83.000         -20.000        8.8489E-6      -0.0013829     -3.7716E-4
-21.000         83.000         -20.000        -1.2590E-5     -0.0013925     -3.8456E-4
-19.000         83.000         -20.000        -3.4283E-5     -0.0014010     -3.9188E-4
-17.000         83.000         -20.000        -5.6200E-5     -0.0014083     -4.0007E-4
-15.000         83.000         -20.000        -7.8070E-5     -0.0014143     -4.0735E-4
-13.000         83.000         -20.000        -9.9916E-5     -0.0014190     -4.1539E-4
-11.000         83.000         -20.000        -1.2175E-4     -0.0014224     -4.2331E-4
-9.0000         83.000         -20.000        -1.4340E-4     -0.0014247     -4.3121E-4
-7.0000         83.000         -20.000        -1.6475E-4     -0.0014258     -4.3879E-4
-5.0000         83.000         -20.000        -1.8570E-4     -0.0014258     -4.4699E-4
-3.0000         83.000         -20.000        -2.0612E-4     -0.0014248     -4.5458E-4
-1.0000         83.000         -20.000        -2.2617E-4     -0.0014229     -4.6236E-4
1.0000          83.000         -20.000        -2.4569E-4     -0.0014202     -4.6990E-4
3.0000          83.000         -20.000        -2.6479E-4     -0.0014168     -4.7801E-4
5.0000          83.000         -20.000        -2.8316E-4     -0.0014128     -4.8520E-4
7.0000          83.000         -20.000        -3.0124E-4     -0.0014082     -4.9221E-4
9.0000          83.000         -20.000        -3.1893E-4     -0.0014033     -4.9947E-4
11.000          83.000         -20.000        -3.3620E-4     -0.0013981     -5.0621E-4
13.000          83.000         -20.000        -3.5325E-4     -0.0013928     -5.1267E-4
15.000          83.000         -20.000        -3.7025E-4     -0.0013873     -5.1878E-4
17.000          83.000         -20.000        -3.8716E-4     -0.0013816     -5.2469E-4
19.000          83.000         -20.000        -4.0426E-4     -0.0013758     -5.3031E-4
21.000          83.000         -20.000        -4.2174E-4     -0.0013700     -5.3651E-4
23.000          83.000         -20.000        -4.3957E-4     -0.0013637     -5.4133E-4
25.000          83.000         -20.000        -4.5811E-4     -0.0013574     -5.4587E-4
27.000          83.000         -20.000        -4.7723E-4     -0.0013505     -5.5102E-4
29.000          83.000         -20.000        -4.9727E-4     -0.0013431     -5.5538E-4
31.000          83.000         -20.000        -5.1826E-4     -0.0013349     -5.6011E-4
33.000          83.000         -20.000        -5.4025E-4     -0.0013258     -5.6479E-4
35.000          83.000         -20.000        -5.6333E-4     -0.0013155     -5.6878E-4
37.000          83.000         -20.000        -5.8719E-4     -0.0013039     -5.7357E-4
39.000          83.000         -20.000        -6.1234E-4     -0.0012903     -5.7748E-4
41.000          83.000         -20.000        -6.3841E-4     -0.0012750     -5.8164E-4
43.000          83.000         -20.000        -6.6521E-4     -0.0012575     -5.8589E-4
45.000          83.000         -20.000        -6.9253E-4     -0.0012376     -5.9094E-4
47.000          83.000         -20.000        -7.2023E-4     -0.0012149     -5.9557E-4
49.000          83.000         -20.000        -7.4832E-4     -0.0011895     -6.0033E-4
51.000          83.000         -20.000        -7.7622E-4     -0.0011612     -6.0530E-4
53.000          83.000         -20.000        -8.0385E-4     -0.0011301     -6.1010E-4
55.000          83.000         -20.000        -8.3040E-4     -0.0010957     -6.1517E-4
57.000          83.000         -20.000        -8.5626E-4     -0.0010581     -6.2073E-4
59.000          83.000         -20.000        -8.8055E-4     -0.0010176     -6.2635E-4
61.000          83.000         -20.000        -9.0340E-4     -9.7413E-4     -6.3144E-4
63.000          83.000         -20.000        -9.2416E-4     -9.2809E-4     -6.3683E-4
65.000          83.000         -20.000        -9.4195E-4     -8.7937E-4     -6.4198E-4
67.000          83.000         -20.000        -9.5801E-4     -8.2823E-4     -6.4681E-4
69.000          83.000         -20.000        -9.7090E-4     -7.7529E-4     -6.5135E-4
71.000          83.000         -20.000        -9.8080E-4     -7.2068E-4     -6.5583E-4
73.000          83.000         -20.000        -9.8764E-4     -6.6492E-4     -6.6029E-4
75.000          83.000         -20.000        -9.9061E-4     -6.0817E-4     -6.6326E-4
77.000          83.000         -20.000        -9.9128E-4     -5.5089E-4     -6.6676E-4
79.000          83.000         -20.000        -9.8808E-4     -4.9361E-4     -6.6876E-4
81.000          83.000         -20.000        -9.8178E-4     -4.3665E-4     -6.7082E-4
83.000          83.000         -20.000        -9.7224E-4     -3.8036E-4     -6.7207E-4
85.000          83.000         -20.000        -9.5960E-4     -3.2509E-4     -6.7191E-4
87.000          83.000         -20.000        -9.4446E-4     -2.7090E-4     -6.7115E-4
89.000          83.000         -20.000        -9.2600E-4     -2.1831E-4     -6.7010E-4
91.000          83.000         -20.000        -9.0571E-4     -1.6852E-4     -6.6763E-4
93.000          83.000         -20.000        -8.8317E-4     -1.2012E-4     -6.6474E-4
95.000          83.000         -20.000        -8.5846E-4     -7.3965E-5     -6.6092E-4
97.000          83.000         -20.000        -8.3241E-4     -3.0785E-5     -6.5642E-4
99.000          83.000         -20.000        -8.0477E-4     9.9200E-6      -6.5048E-4
-99.000         85.000         -20.000        3.8512E-4      -5.5070E-4     -1.8740E-4
-97.000         85.000         -20.000        3.8652E-4      -5.7348E-4     -1.9015E-4
-95.000         85.000         -20.000        3.8733E-4      -5.9669E-4     -1.9279E-4
-93.000         85.000         -20.000        3.8748E-4      -6.2020E-4     -1.9575E-4
-91.000         85.000         -20.000        3.8681E-4      -6.4391E-4     -1.9867E-4
-89.000         85.000         -20.000        3.8552E-4      -6.6787E-4     -2.0179E-4
-87.000         85.000         -20.000        3.8360E-4      -6.9200E-4     -2.0501E-4
-85.000         85.000         -20.000        3.8076E-4      -7.1621E-4     -2.0825E-4
-83.000         85.000         -20.000        3.7728E-4      -7.4048E-4     -2.1181E-4
-81.000         85.000         -20.000        3.7309E-4      -7.6467E-4     -2.1526E-4
-79.000         85.000         -20.000        3.6816E-4      -7.8879E-4     -2.1882E-4
-77.000         85.000         -20.000        3.6254E-4      -8.1276E-4     -2.2264E-4
-75.000         85.000         -20.000        3.5615E-4      -8.3663E-4     -2.2658E-4
-73.000         85.000         -20.000        3.4921E-4      -8.6028E-4     -2.3066E-4
-71.000         85.000         -20.000        3.4157E-4      -8.8362E-4     -2.3491E-4
-69.000         85.000         -20.000        3.3332E-4      -9.0667E-4     -2.3904E-4
-67.000         85.000         -20.000        3.2446E-4      -9.2936E-4     -2.4349E-4
-65.000         85.000         -20.000        3.1502E-4      -9.5184E-4     -2.4822E-4
-63.000         85.000         -20.000        3.0507E-4      -9.7387E-4     -2.5290E-4
-61.000         85.000         -20.000        2.9455E-4      -9.9548E-4     -2.5762E-4
-59.000         85.000         -20.000        2.8357E-4      -0.0010167     -2.6276E-4
-57.000         85.000         -20.000        2.7212E-4      -0.0010376     -2.6775E-4
-55.000         85.000         -20.000        2.6000E-4      -0.0010581     -2.7295E-4
-53.000         85.000         -20.000        2.4756E-4      -0.0010781     -2.7847E-4
-51.000         85.000         -20.000        2.3457E-4      -0.0010977     -2.8360E-4
-49.000         85.000         -20.000        2.2117E-4      -0.0011168     -2.8927E-4
-47.000         85.000         -20.000        2.0720E-4      -0.0011355     -2.9484E-4
-45.000         85.000         -20.000        1.9263E-4      -0.0011537     -3.0062E-4
-43.000         85.000         -20.000        1.7763E-4      -0.0011714     -3.0632E-4
-41.000         85.000         -20.000        1.6211E-4      -0.0011886     -3.1221E-4
-39.000         85.000         -20.000        1.4608E-4      -0.0012051     -3.1824E-4
-37.000         85.000         -20.000        1.2953E-4      -0.0012210     -3.2436E-4
-35.000         85.000         -20.000        1.1224E-4      -0.0012363     -3.3085E-4
-33.000         85.000         -20.000        9.4531E-5      -0.0012508     -3.3720E-4
-31.000         85.000         -20.000        7.6384E-5      -0.0012644     -3.4357E-4
-29.000         85.000         -20.000        5.7714E-5      -0.0012772     -3.5024E-4
-27.000         85.000         -20.000        3.8566E-5      -0.0012891     -3.5684E-4
-25.000         85.000         -20.000        1.8866E-5      -0.0013000     -3.6351E-4
-23.000         85.000         -20.000        -1.0848E-6     -0.0013100     -3.7048E-4
-21.000         85.000         -20.000        -2.1353E-5     -0.0013188     -3.7731E-4
-19.000         85.000         -20.000        -4.1721E-5     -0.0013265     -3.8466E-4
-17.000         85.000         -20.000        -6.2339E-5     -0.0013330     -3.9188E-4
-15.000         85.000         -20.000        -8.3164E-5     -0.0013385     -3.9893E-4
-13.000         85.000         -20.000        -1.0397E-4     -0.0013427     -4.0637E-4
-11.000         85.000         -20.000        -1.2451E-4     -0.0013458     -4.1375E-4
-9.0000         85.000         -20.000        -1.4493E-4     -0.0013479     -4.2127E-4
-7.0000         85.000         -20.000        -1.6513E-4     -0.0013489     -4.2857E-4
-5.0000         85.000         -20.000        -1.8511E-4     -0.0013488     -4.3583E-4
-3.0000         85.000         -20.000        -2.0477E-4     -0.0013479     -4.4333E-4
-1.0000         85.000         -20.000        -2.2392E-4     -0.0013461     -4.5041E-4
1.0000          85.000         -20.000        -2.4268E-4     -0.0013435     -4.5795E-4
3.0000          85.000         -20.000        -2.6104E-4     -0.0013403     -4.6458E-4
5.0000          85.000         -20.000        -2.7905E-4     -0.0013364     -4.7183E-4
7.0000          85.000         -20.000        -2.9668E-4     -0.0013321     -4.7848E-4
9.0000          85.000         -20.000        -3.1392E-4     -0.0013273     -4.8499E-4
11.000          85.000         -20.000        -3.3091E-4     -0.0013222     -4.9174E-4
13.000          85.000         -20.000        -3.4780E-4     -0.0013168     -4.9799E-4
15.000          85.000         -20.000        -3.6451E-4     -0.0013111     -5.0369E-4
17.000          85.000         -20.000        -3.8134E-4     -0.0013052     -5.0901E-4
19.000          85.000         -20.000        -3.9822E-4     -0.0012991     -5.1449E-4
21.000          85.000         -20.000        -4.1545E-4     -0.0012926     -5.2017E-4
23.000          85.000         -20.000        -4.3300E-4     -0.0012859     -5.2509E-4
25.000          85.000         -20.000        -4.5110E-4     -0.0012789     -5.3025E-4
27.000          85.000         -20.000        -4.6977E-4     -0.0012713     -5.3451E-4
29.000          85.000         -20.000        -4.8911E-4     -0.0012630     -5.3942E-4
31.000          85.000         -20.000        -5.0917E-4     -0.0012540     -5.4334E-4
33.000          85.000         -20.000        -5.2996E-4     -0.0012440     -5.4763E-4
35.000          85.000         -20.000        -5.5183E-4     -0.0012328     -5.5254E-4
37.000          85.000         -20.000        -5.7448E-4     -0.0012203     -5.5658E-4
39.000          85.000         -20.000        -5.9777E-4     -0.0012061     -5.6044E-4
41.000          85.000         -20.000        -6.2164E-4     -0.0011903     -5.6460E-4
43.000          85.000         -20.000        -6.4614E-4     -0.0011724     -5.6917E-4
45.000          85.000         -20.000        -6.7132E-4     -0.0011524     -5.7312E-4
47.000          85.000         -20.000        -6.9672E-4     -0.0011300     -5.7788E-4
49.000          85.000         -20.000        -7.2194E-4     -0.0011051     -5.8235E-4
51.000          85.000         -20.000        -7.4692E-4     -0.0010777     -5.8680E-4
53.000          85.000         -20.000        -7.7146E-4     -0.0010476     -5.9120E-4
55.000          85.000         -20.000        -7.9554E-4     -0.0010149     -5.9634E-4
57.000          85.000         -20.000        -8.1861E-4     -9.7932E-4     -6.0077E-4
59.000          85.000         -20.000        -8.4010E-4     -9.4119E-4     -6.0550E-4
61.000          85.000         -20.000        -8.5998E-4     -9.0059E-4     -6.0998E-4
63.000          85.000         -20.000        -8.7818E-4     -8.5762E-4     -6.1490E-4
65.000          85.000         -20.000        -8.9419E-4     -8.1232E-4     -6.1897E-4
67.000          85.000         -20.000        -9.0814E-4     -7.6516E-4     -6.2328E-4
69.000          85.000         -20.000        -9.1927E-4     -7.1633E-4     -6.2703E-4
71.000          85.000         -20.000        -9.2778E-4     -6.6609E-4     -6.3100E-4
73.000          85.000         -20.000        -9.3357E-4     -6.1480E-4     -6.3397E-4
75.000          85.000         -20.000        -9.3630E-4     -5.6265E-4     -6.3704E-4
77.000          85.000         -20.000        -9.3632E-4     -5.1005E-4     -6.3924E-4
79.000          85.000         -20.000        -9.3325E-4     -4.5752E-4     -6.4091E-4
81.000          85.000         -20.000        -9.2736E-4     -4.0528E-4     -6.4214E-4
83.000          85.000         -20.000        -9.1855E-4     -3.5362E-4     -6.4259E-4
85.000          85.000         -20.000        -9.0715E-4     -3.0263E-4     -6.4266E-4
87.000          85.000         -20.000        -8.9343E-4     -2.5309E-4     -6.4151E-4
89.000          85.000         -20.000        -8.7681E-4     -2.0486E-4     -6.3974E-4
91.000          85.000         -20.000        -8.5826E-4     -1.5835E-4     -6.3754E-4
93.000          85.000         -20.000        -8.3795E-4     -1.1388E-4     -6.3475E-4
95.000          85.000         -20.000        -8.1553E-4     -7.1327E-5     -6.3083E-4
97.000          85.000         -20.000        -7.9164E-4     -3.0746E-5     -6.2639E-4
99.000          85.000         -20.000        -7.6670E-4     6.9221E-6      -6.2127E-4
-99.000         87.000         -20.000        3.6315E-4      -5.3234E-4     -1.8603E-4
-97.000         87.000         -20.000        3.6424E-4      -5.5381E-4     -1.8854E-4
-95.000         87.000         -20.000        3.6469E-4      -5.7571E-4     -1.9158E-4
-93.000         87.000         -20.000        3.6454E-4      -5.9767E-4     -1.9433E-4
-91.000         87.000         -20.000        3.6372E-4      -6.1993E-4     -1.9722E-4
-89.000         87.000         -20.000        3.6225E-4      -6.4254E-4     -2.0034E-4
-87.000         87.000         -20.000        3.6016E-4      -6.6508E-4     -2.0352E-4
-85.000         87.000         -20.000        3.5730E-4      -6.8773E-4     -2.0692E-4
-83.000         87.000         -20.000        3.5385E-4      -7.1048E-4     -2.1018E-4
-81.000         87.000         -20.000        3.4968E-4      -7.3317E-4     -2.1368E-4
-79.000         87.000         -20.000        3.4486E-4      -7.5562E-4     -2.1731E-4
-77.000         87.000         -20.000        3.3932E-4      -7.7816E-4     -2.2121E-4
-75.000         87.000         -20.000        3.3317E-4      -8.0058E-4     -2.2495E-4
-73.000         87.000         -20.000        3.2644E-4      -8.2275E-4     -2.2871E-4
-71.000         87.000         -20.000        3.1907E-4      -8.4473E-4     -2.3292E-4
-69.000         87.000         -20.000        3.1112E-4      -8.6617E-4     -2.3736E-4
-67.000         87.000         -20.000        3.0258E-4      -8.8756E-4     -2.4162E-4
-65.000         87.000         -20.000        2.9348E-4      -9.0864E-4     -2.4599E-4
-63.000         87.000         -20.000        2.8387E-4      -9.2937E-4     -2.5047E-4
-61.000         87.000         -20.000        2.7380E-4      -9.4975E-4     -2.5500E-4
-59.000         87.000         -20.000        2.6314E-4      -9.6955E-4     -2.6008E-4
-57.000         87.000         -20.000        2.5202E-4      -9.8919E-4     -2.6487E-4
-55.000         87.000         -20.000        2.4043E-4      -0.0010084     -2.7004E-4
-53.000         87.000         -20.000        2.2837E-4      -0.0010272     -2.7513E-4
-51.000         87.000         -20.000        2.1584E-4      -0.0010456     -2.8031E-4
-49.000         87.000         -20.000        2.0286E-4      -0.0010633     -2.8569E-4
-47.000         87.000         -20.000        1.8931E-4      -0.0010808     -2.9097E-4
-45.000         87.000         -20.000        1.7530E-4      -0.0010978     -2.9670E-4
-43.000         87.000         -20.000        1.6086E-4      -0.0011143     -3.0213E-4
-41.000         87.000         -20.000        1.4595E-4      -0.0011302     -3.0778E-4
-39.000         87.000         -20.000        1.3044E-4      -0.0011454     -3.1362E-4
-37.000         87.000         -20.000        1.1444E-4      -0.0011601     -3.1930E-4
-35.000         87.000         -20.000        9.7997E-5      -0.0011742     -3.2560E-4
-33.000         87.000         -20.000        8.1072E-5      -0.0011875     -3.3147E-4
-31.000         87.000         -20.000        6.3716E-5      -0.0012002     -3.3768E-4
-29.000         87.000         -20.000        4.5832E-5      -0.0012117     -3.4378E-4
-27.000         87.000         -20.000        2.7602E-5      -0.0012226     -3.5053E-4
-25.000         87.000         -20.000        8.9512E-6      -0.0012326     -3.5691E-4
-23.000         87.000         -20.000        -9.9775E-6     -0.0012416     -3.6311E-4
-21.000         87.000         -20.000        -2.9165E-5     -0.0012496     -3.7014E-4
-19.000         87.000         -20.000        -4.8560E-5     -0.0012565     -3.7668E-4
-17.000         87.000         -20.000        -6.8152E-5     -0.0012624     -3.8378E-4
-15.000         87.000         -20.000        -8.7754E-5     -0.0012673     -3.9044E-4
-13.000         87.000         -20.000        -1.0734E-4     -0.0012713     -3.9693E-4
-11.000         87.000         -20.000        -1.2692E-4     -0.0012740     -4.0435E-4
-9.0000         87.000         -20.000        -1.4637E-4     -0.0012758     -4.1129E-4
-7.0000         87.000         -20.000        -1.6561E-4     -0.0012766     -4.1824E-4
-5.0000         87.000         -20.000        -1.8464E-4     -0.0012766     -4.2544E-4
-3.0000         87.000         -20.000        -2.0332E-4     -0.0012756     -4.3216E-4
-1.0000         87.000         -20.000        -2.2174E-4     -0.0012739     -4.3897E-4
1.0000          87.000         -20.000        -2.3984E-4     -0.0012715     -4.4542E-4
3.0000          87.000         -20.000        -2.5758E-4     -0.0012683     -4.5243E-4
5.0000          87.000         -20.000        -2.7498E-4     -0.0012645     -4.5889E-4
7.0000          87.000         -20.000        -2.9213E-4     -0.0012603     -4.6526E-4
9.0000          87.000         -20.000        -3.0902E-4     -0.0012557     -4.7157E-4
11.000          87.000         -20.000        -3.2561E-4     -0.0012505     -4.7738E-4
13.000          87.000         -20.000        -3.4217E-4     -0.0012451     -4.8353E-4
15.000          87.000         -20.000        -3.5872E-4     -0.0012393     -4.8853E-4
17.000          87.000         -20.000        -3.7517E-4     -0.0012333     -4.9407E-4
19.000          87.000         -20.000        -3.9181E-4     -0.0012269     -4.9930E-4
21.000          87.000         -20.000        -4.0866E-4     -0.0012200     -5.0468E-4
23.000          87.000         -20.000        -4.2586E-4     -0.0012128     -5.0932E-4
25.000          87.000         -20.000        -4.4344E-4     -0.0012052     -5.1435E-4
27.000          87.000         -20.000        -4.6152E-4     -0.0011970     -5.1903E-4
29.000          87.000         -20.000        -4.8010E-4     -0.0011881     -5.2363E-4
31.000          87.000         -20.000        -4.9931E-4     -0.0011783     -5.2783E-4
33.000          87.000         -20.000        -5.1920E-4     -0.0011676     -5.3221E-4
35.000          87.000         -20.000        -5.3971E-4     -0.0011558     -5.3602E-4
37.000          87.000         -20.000        -5.6082E-4     -0.0011426     -5.3971E-4
39.000          87.000         -20.000        -5.8253E-4     -0.0011281     -5.4381E-4
41.000          87.000         -20.000        -6.0466E-4     -0.0011119     -5.4786E-4
43.000          87.000         -20.000        -6.2739E-4     -0.0010939     -5.5193E-4
45.000          87.000         -20.000        -6.5021E-4     -0.0010739     -5.5614E-4
47.000          87.000         -20.000        -6.7319E-4     -0.0010519     -5.6017E-4
49.000          87.000         -20.000        -6.9610E-4     -0.0010277     -5.6393E-4
51.000          87.000         -20.000        -7.1876E-4     -0.0010013     -5.6802E-4
53.000          87.000         -20.000        -7.4081E-4     -9.7229E-4     -5.7258E-4
55.000          87.000         -20.000        -7.6223E-4     -9.4090E-4     -5.7684E-4
57.000          87.000         -20.000        -7.8261E-4     -9.0734E-4     -5.8049E-4
59.000          87.000         -20.000        -8.0185E-4     -8.7143E-4     -5.8466E-4
61.000          87.000         -20.000        -8.1958E-4     -8.3380E-4     -5.8885E-4
63.000          87.000         -20.000        -8.3553E-4     -7.9349E-4     -5.9308E-4
65.000          87.000         -20.000        -8.4970E-4     -7.5137E-4     -5.9704E-4
67.000          87.000         -20.000        -8.6178E-4     -7.0758E-4     -6.0039E-4
69.000          87.000         -20.000        -8.7160E-4     -6.6237E-4     -6.0369E-4
71.000          87.000         -20.000        -8.7905E-4     -6.1656E-4     -6.0637E-4
73.000          87.000         -20.000        -8.8378E-4     -5.6925E-4     -6.0904E-4
75.000          87.000         -20.000        -8.8606E-4     -5.2111E-4     -6.1142E-4
77.000          87.000         -20.000        -8.8576E-4     -4.7269E-4     -6.1344E-4
79.000          87.000         -20.000        -8.8297E-4     -4.2422E-4     -6.1479E-4
81.000          87.000         -20.000        -8.7751E-4     -3.7667E-4     -6.1500E-4
83.000          87.000         -20.000        -8.6935E-4     -3.2888E-4     -6.1523E-4
85.000          87.000         -20.000        -8.5893E-4     -2.8226E-4     -6.1440E-4
87.000          87.000         -20.000        -8.4627E-4     -2.3663E-4     -6.1381E-4
89.000          87.000         -20.000        -8.3136E-4     -1.9228E-4     -6.1204E-4
91.000          87.000         -20.000        -8.1446E-4     -1.4901E-4     -6.0960E-4
93.000          87.000         -20.000        -7.9600E-4     -1.0788E-4     -6.0690E-4
95.000          87.000         -20.000        -7.7563E-4     -6.8666E-5     -6.0304E-4
97.000          87.000         -20.000        -7.5411E-4     -3.1027E-5     -5.9856E-4
99.000          87.000         -20.000        -7.3107E-4     4.4308E-6      -5.9414E-4
-99.000         89.000         -20.000        3.4245E-4      -5.1471E-4     -1.8437E-4
-97.000         89.000         -20.000        3.4329E-4      -5.3499E-4     -1.8715E-4
-95.000         89.000         -20.000        3.4340E-4      -5.5551E-4     -1.8997E-4
-93.000         89.000         -20.000        3.4299E-4      -5.7614E-4     -1.9282E-4
-91.000         89.000         -20.000        3.4207E-4      -5.9718E-4     -1.9565E-4
-89.000         89.000         -20.000        3.4045E-4      -6.1831E-4     -1.9866E-4
-87.000         89.000         -20.000        3.3820E-4      -6.3954E-4     -2.0197E-4
-85.000         89.000         -20.000        3.3530E-4      -6.6081E-4     -2.0519E-4
-83.000         89.000         -20.000        3.3184E-4      -6.8211E-4     -2.0852E-4
-81.000         89.000         -20.000        3.2771E-4      -7.0343E-4     -2.1197E-4
-79.000         89.000         -20.000        3.2298E-4      -7.2467E-4     -2.1526E-4
-77.000         89.000         -20.000        3.1761E-4      -7.4583E-4     -2.1912E-4
-75.000         89.000         -20.000        3.1163E-4      -7.6678E-4     -2.2275E-4
-73.000         89.000         -20.000        3.0511E-4      -7.8756E-4     -2.2680E-4
-71.000         89.000         -20.000        2.9796E-4      -8.0815E-4     -2.3056E-4
-69.000         89.000         -20.000        2.9027E-4      -8.2848E-4     -2.3470E-4
-67.000         89.000         -20.000        2.8205E-4      -8.4856E-4     -2.3868E-4
-65.000         89.000         -20.000        2.7324E-4      -8.6832E-4     -2.4323E-4
-63.000         89.000         -20.000        2.6404E-4      -8.8775E-4     -2.4750E-4
-61.000         89.000         -20.000        2.5425E-4      -9.0684E-4     -2.5207E-4
-59.000         89.000         -20.000        2.4399E-4      -9.2560E-4     -2.5673E-4
-57.000         89.000         -20.000        2.3329E-4      -9.4399E-4     -2.6125E-4
-55.000         89.000         -20.000        2.2205E-4      -9.6198E-4     -2.6623E-4
-53.000         89.000         -20.000        2.1048E-4      -9.7957E-4     -2.7127E-4
-51.000         89.000         -20.000        1.9832E-4      -9.9672E-4     -2.7624E-4
-49.000         89.000         -20.000        1.8576E-4      -0.0010135     -2.8116E-4
-47.000         89.000         -20.000        1.7268E-4      -0.0010298     -2.8647E-4
-45.000         89.000         -20.000        1.5918E-4      -0.0010456     -2.9176E-4
-43.000         89.000         -20.000        1.4533E-4      -0.0010609     -2.9739E-4
-41.000         89.000         -20.000        1.3084E-4      -0.0010756     -3.0268E-4
-39.000         89.000         -20.000        1.1596E-4      -0.0010899     -3.0837E-4
-37.000         89.000         -20.000        1.0062E-4      -0.0011035     -3.1397E-4
-35.000         89.000         -20.000        8.4865E-5      -0.0011164     -3.1952E-4
-33.000         89.000         -20.000        6.8714E-5      -0.0011287     -3.2524E-4
-31.000         89.000         -20.000        5.2044E-5      -0.0011402     -3.3152E-4
-29.000         89.000         -20.000        3.4973E-5      -0.0011510     -3.3749E-4
-27.000         89.000         -20.000        1.7613E-5      -0.0011609     -3.4316E-4
-25.000         89.000         -20.000        -8.4549E-8     -0.0011700     -3.4948E-4
-23.000         89.000         -20.000        -1.8019E-5     -0.0011782     -3.5593E-4
-21.000         89.000         -20.000        -3.6302E-5     -0.0011855     -3.6237E-4
-19.000         89.000         -20.000        -5.4765E-5     -0.0011918     -3.6851E-4
-17.000         89.000         -20.000        -7.3347E-5     -0.0011972     -3.7492E-4
-15.000         89.000         -20.000        -9.1897E-5     -0.0012017     -3.8110E-4
-13.000         89.000         -20.000        -1.1045E-4     -0.0012051     -3.8786E-4
-11.000         89.000         -20.000        -1.2908E-4     -0.0012076     -3.9464E-4
-9.0000         89.000         -20.000        -1.4760E-4     -0.0012092     -4.0077E-4
-7.0000         89.000         -20.000        -1.6598E-4     -0.0012099     -4.0746E-4
-5.0000         89.000         -20.000        -1.8409E-4     -0.0012097     -4.1390E-4
-3.0000         89.000         -20.000        -2.0196E-4     -0.0012087     -4.2050E-4
-1.0000         89.000         -20.000        -2.1964E-4     -0.0012070     -4.2694E-4
1.0000          89.000         -20.000        -2.3707E-4     -0.0012046     -4.3344E-4
3.0000          89.000         -20.000        -2.5420E-4     -0.0012015     -4.3977E-4
5.0000          89.000         -20.000        -2.7102E-4     -0.0011978     -4.4567E-4
7.0000          89.000         -20.000        -2.8764E-4     -0.0011937     -4.5166E-4
9.0000          89.000         -20.000        -3.0410E-4     -0.0011890     -4.5742E-4
11.000          89.000         -20.000        -3.2037E-4     -0.0011839     -4.6319E-4
13.000          89.000         -20.000        -3.3659E-4     -0.0011784     -4.6895E-4
15.000          89.000         -20.000        -3.5266E-4     -0.0011725     -4.7379E-4
17.000          89.000         -20.000        -3.6882E-4     -0.0011662     -4.7918E-4
19.000          89.000         -20.000        -3.8508E-4     -0.0011596     -4.8418E-4
21.000          89.000         -20.000        -4.0155E-4     -0.0011525     -4.8910E-4
23.000          89.000         -20.000        -4.1832E-4     -0.0011450     -4.9404E-4
25.000          89.000         -20.000        -4.3527E-4     -0.0011369     -4.9824E-4
27.000          89.000         -20.000        -4.5267E-4     -0.0011282     -5.0250E-4
29.000          89.000         -20.000        -4.7057E-4     -0.0011188     -5.0710E-4
31.000          89.000         -20.000        -4.8893E-4     -0.0011087     -5.1077E-4
33.000          89.000         -20.000        -5.0779E-4     -0.0010975     -5.1507E-4
35.000          89.000         -20.000        -5.2702E-4     -0.0010853     -5.1889E-4
37.000          89.000         -20.000        -5.4676E-4     -0.0010718     -5.2300E-4
39.000          89.000         -20.000        -5.6702E-4     -0.0010570     -5.2674E-4
41.000          89.000         -20.000        -5.8770E-4     -0.0010406     -5.3070E-4
43.000          89.000         -20.000        -6.0850E-4     -0.0010227     -5.3455E-4
45.000          89.000         -20.000        -6.2934E-4     -0.0010030     -5.3812E-4
47.000          89.000         -20.000        -6.5020E-4     -9.8145E-4     -5.4225E-4
49.000          89.000         -20.000        -6.7107E-4     -9.5776E-4     -5.4580E-4
51.000          89.000         -20.000        -6.9157E-4     -9.3214E-4     -5.4973E-4
53.000          89.000         -20.000        -7.1163E-4     -9.0456E-4     -5.5347E-4
55.000          89.000         -20.000        -7.3064E-4     -8.7483E-4     -5.5679E-4
57.000          89.000         -20.000        -7.4879E-4     -8.4307E-4     -5.6077E-4
59.000          89.000         -20.000        -7.6592E-4     -8.0925E-4     -5.6471E-4
61.000          89.000         -20.000        -7.8180E-4     -7.7362E-4     -5.6822E-4
63.000          89.000         -20.000        -7.9612E-4     -7.3617E-4     -5.7157E-4
65.000          89.000         -20.000        -8.0834E-4     -6.9707E-4     -5.7455E-4
67.000          89.000         -20.000        -8.1897E-4     -6.5652E-4     -5.7760E-4
69.000          89.000         -20.000        -8.2750E-4     -6.1465E-4     -5.8065E-4
71.000          89.000         -20.000        -8.3388E-4     -5.7174E-4     -5.8318E-4
73.000          89.000         -20.000        -8.3812E-4     -5.2810E-4     -5.8534E-4
75.000          89.000         -20.000        -8.3980E-4     -4.8390E-4     -5.8679E-4
77.000          89.000         -20.000        -8.3950E-4     -4.3943E-4     -5.8819E-4
79.000          89.000         -20.000        -8.3660E-4     -3.9490E-4     -5.8894E-4
81.000          89.000         -20.000        -8.3147E-4     -3.5052E-4     -5.8980E-4
83.000          89.000         -20.000        -8.2395E-4     -3.0655E-4     -5.8943E-4
85.000          89.000         -20.000        -8.1452E-4     -2.6361E-4     -5.8893E-4
87.000          89.000         -20.000        -8.0297E-4     -2.2141E-4     -5.8783E-4
89.000          89.000         -20.000        -7.8941E-4     -1.8037E-4     -5.8587E-4
91.000          89.000         -20.000        -7.7401E-4     -1.4052E-4     -5.8323E-4
93.000          89.000         -20.000        -7.5696E-4     -1.0218E-4     -5.8054E-4
95.000          89.000         -20.000        -7.3852E-4     -6.5807E-5     -5.7689E-4
97.000          89.000         -20.000        -7.1895E-4     -3.0861E-5     -5.7284E-4
99.000          89.000         -20.000        -6.9782E-4     2.2855E-6      -5.6843E-4
-99.000         91.000         -20.000        3.2300E-4      -4.9790E-4     -1.8269E-4
-97.000         91.000         -20.000        3.2354E-4      -5.1693E-4     -1.8548E-4
-95.000         91.000         -20.000        3.2338E-4      -5.3616E-4     -1.8834E-4
-93.000         91.000         -20.000        3.2280E-4      -5.5565E-4     -1.9107E-4
-91.000         91.000         -20.000        3.2164E-4      -5.7545E-4     -1.9391E-4
-89.000         91.000         -20.000        3.1990E-4      -5.9529E-4     -1.9711E-4
-87.000         91.000         -20.000        3.1759E-4      -6.1521E-4     -2.0010E-4
-85.000         91.000         -20.000        3.1459E-4      -6.3521E-4     -2.0336E-4
-83.000         91.000         -20.000        3.1119E-4      -6.5524E-4     -2.0646E-4
-81.000         91.000         -20.000        3.0710E-4      -6.7521E-4     -2.0991E-4
-79.000         91.000         -20.000        3.0242E-4      -6.9517E-4     -2.1332E-4
-77.000         91.000         -20.000        2.9723E-4      -7.1504E-4     -2.1695E-4
-75.000         91.000         -20.000        2.9133E-4      -7.3472E-4     -2.2060E-4
-73.000         91.000         -20.000        2.8505E-4      -7.5422E-4     -2.2435E-4
-71.000         91.000         -20.000        2.7812E-4      -7.7358E-4     -2.2822E-4
-69.000         91.000         -20.000        2.7069E-4      -7.9269E-4     -2.3213E-4
-67.000         91.000         -20.000        2.6276E-4      -8.1155E-4     -2.3611E-4
-65.000         91.000         -20.000        2.5422E-4      -8.3011E-4     -2.4048E-4
-63.000         91.000         -20.000        2.4531E-4      -8.4837E-4     -2.4453E-4
-61.000         91.000         -20.000        2.3590E-4      -8.6629E-4     -2.4904E-4
-59.000         91.000         -20.000        2.2603E-4      -8.8391E-4     -2.5353E-4
-57.000         91.000         -20.000        2.1569E-4      -9.0117E-4     -2.5793E-4
-55.000         91.000         -20.000        2.0476E-4      -9.1805E-4     -2.6263E-4
-53.000         91.000         -20.000        1.9361E-4      -9.3449E-4     -2.6744E-4
-51.000         91.000         -20.000        1.8189E-4      -9.5065E-4     -2.7214E-4
-49.000         91.000         -20.000        1.6978E-4      -9.6627E-4     -2.7702E-4
-47.000         91.000         -20.000        1.5726E-4      -9.8149E-4     -2.8216E-4
-45.000         91.000         -20.000        1.4411E-4      -9.9623E-4     -2.8734E-4
-43.000         91.000         -20.000        1.3077E-4      -0.0010105     -2.9257E-4
-41.000         91.000         -20.000        1.1690E-4      -0.0010242     -2.9770E-4
-39.000         91.000         -20.000        1.0261E-4      -0.0010374     -3.0291E-4
-37.000         91.000         -20.000        8.7933E-5      -0.0010500     -3.0833E-4
-35.000         91.000         -20.000        7.2732E-5      -0.0010619     -3.1391E-4
-33.000         91.000         -20.000        5.7241E-5      -0.0010732     -3.1946E-4
-31.000         91.000         -20.000        4.1335E-5      -0.0010838     -3.2494E-4
-29.000         91.000         -20.000        2.5097E-5      -0.0010937     -3.3063E-4
-27.000         91.000         -20.000        8.5389E-6      -0.0011028     -3.3667E-4
-25.000         91.000         -20.000        -8.4096E-6     -0.0011111     -3.4249E-4
-23.000         91.000         -20.000        -2.5485E-5     -0.0011186     -3.4823E-4
-21.000         91.000         -20.000        -4.2812E-5     -0.0011252     -3.5440E-4
-19.000         91.000         -20.000        -6.0287E-5     -0.0011310     -3.6054E-4
-17.000         91.000         -20.000        -7.7929E-5     -0.0011359     -3.6669E-4
-15.000         91.000         -20.000        -9.5688E-5     -0.0011398     -3.7276E-4
-13.000         91.000         -20.000        -1.1338E-4     -0.0011429     -3.7889E-4
-11.000         91.000         -20.000        -1.3102E-4     -0.0011451     -3.8490E-4
-9.0000         91.000         -20.000        -1.4860E-4     -0.0011465     -3.9090E-4
-7.0000         91.000         -20.000        -1.6607E-4     -0.0011470     -3.9747E-4
-5.0000         91.000         -20.000        -1.8343E-4     -0.0011468     -4.0356E-4
-3.0000         91.000         -20.000        -2.0066E-4     -0.0011457     -4.0951E-4
-1.0000         91.000         -20.000        -2.1756E-4     -0.0011440     -4.1552E-4
1.0000          91.000         -20.000        -2.3427E-4     -0.0011416     -4.2146E-4
3.0000          91.000         -20.000        -2.5082E-4     -0.0011385     -4.2728E-4
5.0000          91.000         -20.000        -2.6716E-4     -0.0011350     -4.3321E-4
7.0000          91.000         -20.000        -2.8324E-4     -0.0011308     -4.3898E-4
9.0000          91.000         -20.000        -2.9922E-4     -0.0011261     -4.4440E-4
11.000          91.000         -20.000        -3.1506E-4     -0.0011211     -4.4983E-4
13.000          91.000         -20.000        -3.3077E-4     -0.0011156     -4.5503E-4
15.000          91.000         -20.000        -3.4655E-4     -0.0011096     -4.6009E-4
17.000          91.000         -20.000        -3.6232E-4     -0.0011032     -4.6507E-4
19.000          91.000         -20.000        -3.7809E-4     -0.0010963     -4.6983E-4
21.000          91.000         -20.000        -3.9413E-4     -0.0010890     -4.7447E-4
23.000          91.000         -20.000        -4.1030E-4     -0.0010812     -4.7900E-4
25.000          91.000         -20.000        -4.2680E-4     -0.0010728     -4.8320E-4
27.000          91.000         -20.000        -4.4353E-4     -0.0010637     -4.8726E-4
29.000          91.000         -20.000        -4.6064E-4     -0.0010540     -4.9165E-4
31.000          91.000         -20.000        -4.7804E-4     -0.0010435     -4.9544E-4
33.000          91.000         -20.000        -4.9582E-4     -0.0010321     -4.9896E-4
35.000          91.000         -20.000        -5.1413E-4     -0.0010195     -5.0325E-4
37.000          91.000         -20.000        -5.3269E-4     -0.0010059     -5.0684E-4
39.000          91.000         -20.000        -5.5145E-4     -9.9089E-4     -5.1054E-4
41.000          91.000         -20.000        -5.7051E-4     -9.7453E-4     -5.1404E-4
43.000          91.000         -20.000        -5.8964E-4     -9.5681E-4     -5.1748E-4
45.000          91.000         -20.000        -6.0892E-4     -9.3738E-4     -5.2132E-4
47.000          91.000         -20.000        -6.2812E-4     -9.1625E-4     -5.2482E-4
49.000          91.000         -20.000        -6.4700E-4     -8.9341E-4     -5.2849E-4
51.000          91.000         -20.000        -6.6546E-4     -8.6881E-4     -5.3190E-4
53.000          91.000         -20.000        -6.8336E-4     -8.4233E-4     -5.3530E-4
55.000          91.000         -20.000        -7.0062E-4     -8.1414E-4     -5.3873E-4
57.000          91.000         -20.000        -7.1713E-4     -7.8401E-4     -5.4207E-4
59.000          91.000         -20.000        -7.3233E-4     -7.5220E-4     -5.4489E-4
61.000          91.000         -20.000        -7.4631E-4     -7.1873E-4     -5.4850E-4
63.000          91.000         -20.000        -7.5894E-4     -6.8366E-4     -5.5118E-4
65.000          91.000         -20.000        -7.6985E-4     -6.4733E-4     -5.5393E-4
67.000          91.000         -20.000        -7.7934E-4     -6.0959E-4     -5.5649E-4
69.000          91.000         -20.000        -7.8673E-4     -5.7078E-4     -5.5867E-4
71.000          91.000         -20.000        -7.9223E-4     -5.3105E-4     -5.6090E-4
73.000          91.000         -20.000        -7.9578E-4     -4.9064E-4     -5.6271E-4
75.000          91.000         -20.000        -7.9711E-4     -4.4982E-4     -5.6396E-4
77.000          91.000         -20.000        -7.9665E-4     -4.0873E-4     -5.6485E-4
79.000          91.000         -20.000        -7.9389E-4     -3.6765E-4     -5.6550E-4
81.000          91.000         -20.000        -7.8905E-4     -3.2668E-4     -5.6541E-4
83.000          91.000         -20.000        -7.8232E-4     -2.8613E-4     -5.6527E-4
85.000          91.000         -20.000        -7.7333E-4     -2.4634E-4     -5.6416E-4
87.000          91.000         -20.000        -7.6287E-4     -2.0736E-4     -5.6297E-4
89.000          91.000         -20.000        -7.5043E-4     -1.6928E-4     -5.6130E-4
91.000          91.000         -20.000        -7.3643E-4     -1.3259E-4     -5.5889E-4
93.000          91.000         -20.000        -7.2090E-4     -9.6891E-5     -5.5594E-4
95.000          91.000         -20.000        -7.0398E-4     -6.2861E-5     -5.5275E-4
97.000          91.000         -20.000        -6.8601E-4     -3.0462E-5     -5.4882E-4
99.000          91.000         -20.000        -6.6686E-4     4.2757E-7      -5.4427E-4
-99.000         93.000         -20.000        3.0466E-4      -4.8164E-4     -1.8101E-4
-97.000         93.000         -20.000        3.0486E-4      -4.9956E-4     -1.8375E-4
-95.000         93.000         -20.000        3.0454E-4      -5.1771E-4     -1.8639E-4
-93.000         93.000         -20.000        3.0375E-4      -5.3613E-4     -1.8923E-4
-91.000         93.000         -20.000        3.0245E-4      -5.5460E-4     -1.9203E-4
-89.000         93.000         -20.000        3.0061E-4      -5.7336E-4     -1.9511E-4
-87.000         93.000         -20.000        2.9820E-4      -5.9210E-4     -1.9810E-4
-85.000         93.000         -20.000        2.9527E-4      -6.1089E-4     -2.0111E-4
-83.000         93.000         -20.000        2.9176E-4      -6.2968E-4     -2.0434E-4
-81.000         93.000         -20.000        2.8775E-4      -6.4847E-4     -2.0757E-4
-79.000         93.000         -20.000        2.8314E-4      -6.6727E-4     -2.1108E-4
-77.000         93.000         -20.000        2.7801E-4      -6.8588E-4     -2.1455E-4
-75.000         93.000         -20.000        2.7236E-4      -7.0437E-4     -2.1805E-4
-73.000         93.000         -20.000        2.6618E-4      -7.2273E-4     -2.2172E-4
-71.000         93.000         -20.000        2.5950E-4      -7.4092E-4     -2.2558E-4
-69.000         93.000         -20.000        2.5232E-4      -7.5891E-4     -2.2923E-4
-67.000         93.000         -20.000        2.4459E-4      -7.7662E-4     -2.3324E-4
-65.000         93.000         -20.000        2.3641E-4      -7.9404E-4     -2.3739E-4
-63.000         93.000         -20.000        2.2776E-4      -8.1117E-4     -2.4127E-4
-61.000         93.000         -20.000        2.1869E-4      -8.2804E-4     -2.4531E-4
-59.000         93.000         -20.000        2.0912E-4      -8.4458E-4     -2.4989E-4
-57.000         93.000         -20.000        1.9912E-4      -8.6076E-4     -2.5433E-4
-55.000         93.000         -20.000        1.8868E-4      -8.7659E-4     -2.5881E-4
-53.000         93.000         -20.000        1.7780E-4      -8.9203E-4     -2.6323E-4
-51.000         93.000         -20.000        1.6659E-4      -9.0710E-4     -2.6762E-4
-49.000         93.000         -20.000        1.5487E-4      -9.2180E-4     -2.7260E-4
-47.000         93.000         -20.000        1.4272E-4      -9.3595E-4     -2.7751E-4
-45.000         93.000         -20.000        1.3019E-4      -9.4970E-4     -2.8244E-4
-43.000         93.000         -20.000        1.1725E-4      -9.6297E-4     -2.8719E-4
-41.000         93.000         -20.000        1.0394E-4      -9.7573E-4     -2.9212E-4
-39.000         93.000         -20.000        9.0239E-5      -9.8804E-4     -2.9762E-4
-37.000         93.000         -20.000        7.6054E-5      -9.9963E-4     -3.0250E-4
-35.000         93.000         -20.000        6.1570E-5      -0.0010107     -3.0774E-4
-33.000         93.000         -20.000        4.6695E-5      -0.0010211     -3.1312E-4
-31.000         93.000         -20.000        3.1491E-5      -0.0010309     -3.1845E-4
-29.000         93.000         -20.000        1.6047E-5      -0.0010400     -3.2415E-4
-27.000         93.000         -20.000        1.8321E-7      -0.0010483     -3.2946E-4
-25.000         93.000         -20.000        -1.5902E-5     -0.0010559     -3.3500E-4
-23.000         93.000         -20.000        -3.2223E-5     -0.0010627     -3.4080E-4
-21.000         93.000         -20.000        -4.8742E-5     -0.0010688     -3.4632E-4
-19.000         93.000         -20.000        -6.5357E-5     -0.0010740     -3.5221E-4
-17.000         93.000         -20.000        -8.2118E-5     -0.0010784     -3.5768E-4
-15.000         93.000         -20.000        -9.8994E-5     -0.0010820     -3.6364E-4
-13.000         93.000         -20.000        -1.1586E-4     -0.0010847     -3.6938E-4
-11.000         93.000         -20.000        -1.3271E-4     -0.0010867     -3.7505E-4
-9.0000         93.000         -20.000        -1.4945E-4     -0.0010879     -3.8099E-4
-7.0000         93.000         -20.000        -1.6618E-4     -0.0010882     -3.8688E-4
-5.0000         93.000         -20.000        -1.8275E-4     -0.0010878     -3.9269E-4
-3.0000         93.000         -20.000        -1.9919E-4     -0.0010867     -3.9833E-4
-1.0000         93.000         -20.000        -2.1552E-4     -0.0010850     -4.0401E-4
1.0000          93.000         -20.000        -2.3159E-4     -0.0010826     -4.0969E-4
3.0000          93.000         -20.000        -2.4748E-4     -0.0010796     -4.1518E-4
5.0000          93.000         -20.000        -2.6326E-4     -0.0010760     -4.2078E-4
7.0000          93.000         -20.000        -2.7888E-4     -0.0010719     -4.2581E-4
9.0000          93.000         -20.000        -2.9438E-4     -0.0010672     -4.3107E-4
11.000          93.000         -20.000        -3.0972E-4     -0.0010621     -4.3605E-4
13.000          93.000         -20.000        -3.2503E-4     -0.0010565     -4.4115E-4
15.000          93.000         -20.000        -3.4028E-4     -0.0010505     -4.4563E-4
17.000          93.000         -20.000        -3.5563E-4     -0.0010440     -4.5079E-4
19.000          93.000         -20.000        -3.7099E-4     -0.0010370     -4.5518E-4
21.000          93.000         -20.000        -3.8646E-4     -0.0010296     -4.5939E-4
23.000          93.000         -20.000        -4.0210E-4     -0.0010215     -4.6383E-4
25.000          93.000         -20.000        -4.1796E-4     -0.0010129     -4.6829E-4
27.000          93.000         -20.000        -4.3405E-4     -0.0010036     -4.7195E-4
29.000          93.000         -20.000        -4.5037E-4     -9.9366E-4     -4.7580E-4
31.000          93.000         -20.000        -4.6691E-4     -9.8289E-4     -4.7961E-4
33.000          93.000         -20.000        -4.8382E-4     -9.7119E-4     -4.8343E-4
35.000          93.000         -20.000        -5.0096E-4     -9.5850E-4     -4.8704E-4
37.000          93.000         -20.000        -5.1832E-4     -9.4481E-4     -4.9058E-4
39.000          93.000         -20.000        -5.3596E-4     -9.2994E-4     -4.9415E-4
41.000          93.000         -20.000        -5.5346E-4     -9.1368E-4     -4.9740E-4
43.000          93.000         -20.000        -5.7125E-4     -8.9609E-4     -5.0089E-4
45.000          93.000         -20.000        -5.8892E-4     -8.7709E-4     -5.0402E-4
47.000          93.000         -20.000        -6.0650E-4     -8.5662E-4     -5.0782E-4
49.000          93.000         -20.000        -6.2378E-4     -8.3464E-4     -5.1078E-4
51.000          93.000         -20.000        -6.4047E-4     -8.1088E-4     -5.1386E-4
53.000          93.000         -20.000        -6.5672E-4     -7.8555E-4     -5.1724E-4
55.000          93.000         -20.000        -6.7229E-4     -7.5868E-4     -5.2012E-4
57.000          93.000         -20.000        -6.8703E-4     -7.3032E-4     -5.2301E-4
59.000          93.000         -20.000        -7.0075E-4     -7.0039E-4     -5.2617E-4
61.000          93.000         -20.000        -7.1313E-4     -6.6883E-4     -5.2862E-4
63.000          93.000         -20.000        -7.2433E-4     -6.3597E-4     -5.3129E-4
65.000          93.000         -20.000        -7.3409E-4     -6.0202E-4     -5.3344E-4
67.000          93.000         -20.000        -7.4228E-4     -5.6697E-4     -5.3585E-4
69.000          93.000         -20.000        -7.4895E-4     -5.3093E-4     -5.3774E-4
71.000          93.000         -20.000        -7.5371E-4     -4.9392E-4     -5.3946E-4
73.000          93.000         -20.000        -7.5665E-4     -4.5649E-4     -5.4075E-4
75.000          93.000         -20.000        -7.5773E-4     -4.1882E-4     -5.4205E-4
77.000          93.000         -20.000        -7.5705E-4     -3.8082E-4     -5.4257E-4
79.000          93.000         -20.000        -7.5448E-4     -3.4281E-4     -5.4287E-4
81.000          93.000         -20.000        -7.4995E-4     -3.0480E-4     -5.4285E-4
83.000          93.000         -20.000        -7.4358E-4     -2.6736E-4     -5.4220E-4
85.000          93.000         -20.000        -7.3548E-4     -2.3054E-4     -5.4129E-4
87.000          93.000         -20.000        -7.2573E-4     -1.9445E-4     -5.3990E-4
89.000          93.000         -20.000        -7.1415E-4     -1.5902E-4     -5.3783E-4
91.000          93.000         -20.000        -7.0158E-4     -1.2485E-4     -5.3564E-4
93.000          93.000         -20.000        -6.8739E-4     -9.1911E-5     -5.3284E-4
95.000          93.000         -20.000        -6.7181E-4     -6.0067E-5     -5.2949E-4
97.000          93.000         -20.000        -6.5534E-4     -2.9940E-5     -5.2603E-4
99.000          93.000         -20.000        -6.3785E-4     -1.1484E-6     -5.2183E-4
-99.000         95.000         -20.000        2.8733E-4      -4.6593E-4     -1.7932E-4
-97.000         95.000         -20.000        2.8725E-4      -4.8282E-4     -1.8202E-4
-95.000         95.000         -20.000        2.8679E-4      -5.0011E-4     -1.8453E-4
-93.000         95.000         -20.000        2.8581E-4      -5.1734E-4     -1.8735E-4
-91.000         95.000         -20.000        2.8437E-4      -5.3484E-4     -1.9007E-4
-89.000         95.000         -20.000        2.8241E-4      -5.5246E-4     -1.9308E-4
-87.000         95.000         -20.000        2.7996E-4      -5.7012E-4     -1.9598E-4
-85.000         95.000         -20.000        2.7699E-4      -5.8778E-4     -1.9903E-4
-83.000         95.000         -20.000        2.7352E-4      -6.0548E-4     -2.0215E-4
-81.000         95.000         -20.000        2.6950E-4      -6.2316E-4     -2.0535E-4
-79.000         95.000         -20.000        2.6499E-4      -6.4082E-4     -2.0874E-4
-77.000         95.000         -20.000        2.5999E-4      -6.5835E-4     -2.1204E-4
-75.000         95.000         -20.000        2.5446E-4      -6.7577E-4     -2.1543E-4
-73.000         95.000         -20.000        2.4847E-4      -6.9299E-4     -2.1899E-4
-71.000         95.000         -20.000        2.4197E-4      -7.1008E-4     -2.2273E-4
-69.000         95.000         -20.000        2.3494E-4      -7.2700E-4     -2.2656E-4
-67.000         95.000         -20.000        2.2752E-4      -7.4366E-4     -2.3028E-4
-65.000         95.000         -20.000        2.1962E-4      -7.6005E-4     -2.3402E-4
-63.000         95.000         -20.000        2.1129E-4      -7.7618E-4     -2.3799E-4
-61.000         95.000         -20.000        2.0246E-4      -7.9201E-4     -2.4216E-4
-59.000         95.000         -20.000        1.9321E-4      -8.0757E-4     -2.4633E-4
-57.000         95.000         -20.000        1.8356E-4      -8.2277E-4     -2.5055E-4
-55.000         95.000         -20.000        1.7353E-4      -8.3760E-4     -2.5491E-4
-53.000         95.000         -20.000        1.6305E-4      -8.5207E-4     -2.5921E-4
-51.000         95.000         -20.000        1.5217E-4      -8.6620E-4     -2.6378E-4
-49.000         95.000         -20.000        1.4085E-4      -8.7991E-4     -2.6829E-4
-47.000         95.000         -20.000        1.2918E-4      -8.9323E-4     -2.7270E-4
-45.000         95.000         -20.000        1.1713E-4      -9.0599E-4     -2.7748E-4
-43.000         95.000         -20.000        1.0472E-4      -9.1837E-4     -2.8225E-4
-41.000         95.000         -20.000        9.1862E-5      -9.3024E-4     -2.8708E-4
-39.000         95.000         -20.000        7.8625E-5      -9.4160E-4     -2.9206E-4
-37.000         95.000         -20.000        6.5094E-5      -9.5243E-4     -2.9688E-4
-35.000         95.000         -20.000        5.1219E-5      -9.6266E-4     -3.0194E-4
-33.000         95.000         -20.000        3.7012E-5      -9.7227E-4     -3.0698E-4
-31.000         95.000         -20.000        2.2460E-5      -9.8129E-4     -3.1224E-4
-29.000         95.000         -20.000        7.5454E-6      -9.8968E-4     -3.1753E-4
-27.000         95.000         -20.000        -7.5170E-6     -9.9736E-4     -3.2243E-4
-25.000         95.000         -20.000        -2.2803E-5     -0.0010043     -3.2795E-4
-23.000         95.000         -20.000        -3.8320E-5     -0.0010105     -3.3329E-4
-21.000         95.000         -20.000        -5.4085E-5     -0.0010160     -3.3881E-4
-19.000         95.000         -20.000        -6.9997E-5     -0.0010208     -3.4396E-4
-17.000         95.000         -20.000        -8.5957E-5     -0.0010247     -3.4964E-4
-15.000         95.000         -20.000        -1.0197E-4     -0.0010279     -3.5504E-4
-13.000         95.000         -20.000        -1.1801E-4     -0.0010304     -3.6059E-4
-11.000         95.000         -20.000        -1.3412E-4     -0.0010321     -3.6596E-4
-9.0000         95.000         -20.000        -1.5020E-4     -0.0010331     -3.7161E-4
-7.0000         95.000         -20.000        -1.6615E-4     -0.0010333     -3.7706E-4
-5.0000         95.000         -20.000        -1.8198E-4     -0.0010328     -3.8243E-4
-3.0000         95.000         -20.000        -1.9768E-4     -0.0010316     -3.8783E-4
-1.0000         95.000         -20.000        -2.1335E-4     -0.0010298     -3.9309E-4
1.0000          95.000         -20.000        -2.2887E-4     -0.0010274     -3.9835E-4
3.0000          95.000         -20.000        -2.4422E-4     -0.0010244     -4.0353E-4
5.0000          95.000         -20.000        -2.5939E-4     -0.0010208     -4.0860E-4
7.0000          95.000         -20.000        -2.7446E-4     -0.0010167     -4.1367E-4
9.0000          95.000         -20.000        -2.8946E-4     -0.0010121     -4.1886E-4
11.000          95.000         -20.000        -3.0438E-4     -0.0010069     -4.2339E-4
13.000          95.000         -20.000        -3.1921E-4     -0.0010013     -4.2810E-4
15.000          95.000         -20.000        -3.3400E-4     -9.9523E-4     -4.3256E-4
17.000          95.000         -20.000        -3.4877E-4     -9.8867E-4     -4.3698E-4
19.000          95.000         -20.000        -3.6370E-4     -9.8156E-4     -4.4147E-4
21.000          95.000         -20.000        -3.7869E-4     -9.7397E-4     -4.4557E-4
23.000          95.000         -20.000        -3.9375E-4     -9.6586E-4     -4.4958E-4
25.000          95.000         -20.000        -4.0894E-4     -9.5705E-4     -4.5355E-4
27.000          95.000         -20.000        -4.2428E-4     -9.4768E-4     -4.5736E-4
29.000          95.000         -20.000        -4.3989E-4     -9.3756E-4     -4.6149E-4
31.000          95.000         -20.000        -4.5568E-4     -9.2664E-4     -4.6503E-4
33.000          95.000         -20.000        -4.7169E-4     -9.1489E-4     -4.6836E-4
35.000          95.000         -20.000        -4.8779E-4     -9.0215E-4     -4.7182E-4
37.000          95.000         -20.000        -5.0396E-4     -8.8849E-4     -4.7541E-4
39.000          95.000         -20.000        -5.2038E-4     -8.7363E-4     -4.7860E-4
41.000          95.000         -20.000        -5.3687E-4     -8.5767E-4     -4.8185E-4
43.000          95.000         -20.000        -5.5328E-4     -8.4045E-4     -4.8498E-4
45.000          95.000         -20.000        -5.6945E-4     -8.2193E-4     -4.8798E-4
47.000          95.000         -20.000        -5.8541E-4     -8.0208E-4     -4.9104E-4
49.000          95.000         -20.000        -6.0119E-4     -7.8078E-4     -4.9419E-4
51.000          95.000         -20.000        -6.1658E-4     -7.5805E-4     -4.9711E-4
53.000          95.000         -20.000        -6.3139E-4     -7.3392E-4     -4.9974E-4
55.000          95.000         -20.000        -6.4531E-4     -7.0836E-4     -5.0282E-4
57.000          95.000         -20.000        -6.5847E-4     -6.8148E-4     -5.0537E-4
59.000          95.000         -20.000        -6.7078E-4     -6.5318E-4     -5.0766E-4
61.000          95.000         -20.000        -6.8201E-4     -6.2357E-4     -5.1028E-4
63.000          95.000         -20.000        -6.9209E-4     -5.9281E-4     -5.1242E-4
65.000          95.000         -20.000        -7.0064E-4     -5.6102E-4     -5.1464E-4
67.000          95.000         -20.000        -7.0785E-4     -5.2832E-4     -5.1616E-4
69.000          95.000         -20.000        -7.1356E-4     -4.9473E-4     -5.1805E-4
71.000          95.000         -20.000        -7.1782E-4     -4.6041E-4     -5.1946E-4
73.000          95.000         -20.000        -7.2040E-4     -4.2562E-4     -5.2037E-4
75.000          95.000         -20.000        -7.2114E-4     -3.9057E-4     -5.2091E-4
77.000          95.000         -20.000        -7.2035E-4     -3.5534E-4     -5.2158E-4
79.000          95.000         -20.000        -7.1779E-4     -3.2005E-4     -5.2148E-4
81.000          95.000         -20.000        -7.1355E-4     -2.8489E-4     -5.2127E-4
83.000          95.000         -20.000        -7.0769E-4     -2.5014E-4     -5.2053E-4
85.000          95.000         -20.000        -7.0029E-4     -2.1598E-4     -5.1973E-4
87.000          95.000         -20.000        -6.9136E-4     -1.8245E-4     -5.1830E-4
89.000          95.000         -20.000        -6.8091E-4     -1.4970E-4     -5.1620E-4
91.000          95.000         -20.000        -6.6908E-4     -1.1784E-4     -5.1409E-4
93.000          95.000         -20.000        -6.5608E-4     -8.7107E-5     -5.1132E-4
95.000          95.000         -20.000        -6.4194E-4     -5.7651E-5     -5.0776E-4
97.000          95.000         -20.000        -6.2673E-4     -2.9186E-5     -5.0454E-4
99.000          95.000         -20.000        -6.1072E-4     -2.2729E-6     -5.0076E-4
-99.000         97.000         -20.000        2.7093E-4      -4.5083E-4     -1.7748E-4
-97.000         97.000         -20.000        2.7072E-4      -4.6689E-4     -1.7995E-4
-95.000         97.000         -20.000        2.6997E-4      -4.8305E-4     -1.8274E-4
-93.000         97.000         -20.000        2.6894E-4      -4.9940E-4     -1.8525E-4
-91.000         97.000         -20.000        2.6736E-4      -5.1588E-4     -1.8806E-4
-89.000         97.000         -20.000        2.6531E-4      -5.3246E-4     -1.9089E-4
-87.000         97.000         -20.000        2.6282E-4      -5.4913E-4     -1.9375E-4
-85.000         97.000         -20.000        2.5970E-4      -5.6571E-4     -1.9690E-4
-83.000         97.000         -20.000        2.5635E-4      -5.8238E-4     -1.9989E-4
-81.000         97.000         -20.000        2.5238E-4      -5.9902E-4     -2.0305E-4
-79.000         97.000         -20.000        2.4796E-4      -6.1563E-4     -2.0622E-4
-77.000         97.000         -20.000        2.4304E-4      -6.3216E-4     -2.0952E-4
-75.000         97.000         -20.000        2.3755E-4      -6.4849E-4     -2.1287E-4
-73.000         97.000         -20.000        2.3181E-4      -6.6469E-4     -2.1639E-4
-71.000         97.000         -20.000        2.2548E-4      -6.8077E-4     -2.1985E-4
-69.000         97.000         -20.000        2.1870E-4      -6.9668E-4     -2.2341E-4
-67.000         97.000         -20.000        2.1152E-4      -7.1238E-4     -2.2706E-4
-65.000         97.000         -20.000        2.0373E-4      -7.2776E-4     -2.3101E-4
-63.000         97.000         -20.000        1.9576E-4      -7.4287E-4     -2.3475E-4
-61.000         97.000         -20.000        1.8726E-4      -7.5778E-4     -2.3872E-4
-59.000         97.000         -20.000        1.7833E-4      -7.7240E-4     -2.4261E-4
-57.000         97.000         -20.000        1.6906E-4      -7.8668E-4     -2.4671E-4
-55.000         97.000         -20.000        1.5921E-4      -8.0061E-4     -2.5098E-4
-53.000         97.000         -20.000        1.4922E-4      -8.1414E-4     -2.5522E-4
-51.000         97.000         -20.000        1.3870E-4      -8.2739E-4     -2.5935E-4
-49.000         97.000         -20.000        1.2784E-4      -8.4020E-4     -2.6377E-4
-47.000         97.000         -20.000        1.1660E-4      -8.5265E-4     -2.6807E-4
-45.000         97.000         -20.000        1.0487E-4      -8.6463E-4     -2.7280E-4
-43.000         97.000         -20.000        9.2991E-5      -8.7608E-4     -2.7732E-4
-41.000         97.000         -20.000        8.0654E-5      -8.8712E-4     -2.8180E-4
-39.000         97.000         -20.000        6.7996E-5      -8.9772E-4     -2.8638E-4
-37.000         97.000         -20.000        5.4997E-5      -9.0774E-4     -2.9116E-4
-35.000         97.000         -20.000        4.1582E-5      -9.1721E-4     -2.9604E-4
-33.000         97.000         -20.000        2.8014E-5      -9.2609E-4     -3.0091E-4
-31.000         97.000         -20.000        1.4107E-5      -9.3439E-4     -3.0586E-4
-29.000         97.000         -20.000        -6.2603E-8     -9.4210E-4     -3.1082E-4
-27.000         97.000         -20.000        -1.4458E-5     -9.4916E-4     -3.1561E-4
-25.000         97.000         -20.000        -2.9194E-5     -9.5557E-4     -3.2069E-4
-23.000         97.000         -20.000        -4.3991E-5     -9.6120E-4     -3.2579E-4
-21.000         97.000         -20.000        -5.9000E-5     -9.6622E-4     -3.3108E-4
-19.000         97.000         -20.000        -7.4100E-5     -9.7056E-4     -3.3592E-4
-17.000         97.000         -20.000        -8.9328E-5     -9.7413E-4     -3.4136E-4
-15.000         97.000         -20.000        -1.0468E-4     -9.7705E-4     -3.4673E-4
-13.000         97.000         -20.000        -1.1999E-4     -9.7913E-4     -3.5172E-4
-11.000         97.000         -20.000        -1.3532E-4     -9.8057E-4     -3.5678E-4
-9.0000         97.000         -20.000        -1.5064E-4     -9.8140E-4     -3.6185E-4
-7.0000         97.000         -20.000        -1.6591E-4     -9.8145E-4     -3.6733E-4
-5.0000         97.000         -20.000        -1.8115E-4     -9.8086E-4     -3.7237E-4
-3.0000         97.000         -20.000        -1.9622E-4     -9.7960E-4     -3.7757E-4
-1.0000         97.000         -20.000        -2.1126E-4     -9.7772E-4     -3.8262E-4
1.0000          97.000         -20.000        -2.2609E-4     -9.7533E-4     -3.8713E-4
3.0000          97.000         -20.000        -2.4087E-4     -9.7226E-4     -3.9247E-4
5.0000          97.000         -20.000        -2.5556E-4     -9.6869E-4     -3.9713E-4
7.0000          97.000         -20.000        -2.7014E-4     -9.6452E-4     -4.0198E-4
9.0000          97.000         -20.000        -2.8458E-4     -9.5991E-4     -4.0656E-4
11.000          97.000         -20.000        -2.9898E-4     -9.5479E-4     -4.1112E-4
13.000          97.000         -20.000        -3.1329E-4     -9.4918E-4     -4.1549E-4
15.000          97.000         -20.000        -3.2764E-4     -9.4308E-4     -4.1988E-4
17.000          97.000         -20.000        -3.4198E-4     -9.3642E-4     -4.2415E-4
19.000          97.000         -20.000        -3.5634E-4     -9.2929E-4     -4.2800E-4
21.000          97.000         -20.000        -3.7075E-4     -9.2159E-4     -4.3213E-4
23.000          97.000         -20.000        -3.8521E-4     -9.1340E-4     -4.3609E-4
25.000          97.000         -20.000        -3.9985E-4     -9.0460E-4     -4.3987E-4
27.000          97.000         -20.000        -4.1455E-4     -8.9504E-4     -4.4359E-4
29.000          97.000         -20.000        -4.2938E-4     -8.8484E-4     -4.4693E-4
31.000          97.000         -20.000        -4.4434E-4     -8.7391E-4     -4.5055E-4
33.000          97.000         -20.000        -4.5943E-4     -8.6215E-4     -4.5385E-4
35.000          97.000         -20.000        -4.7458E-4     -8.4954E-4     -4.5713E-4
37.000          97.000         -20.000        -4.8988E-4     -8.3591E-4     -4.6021E-4
39.000          97.000         -20.000        -5.0513E-4     -8.2123E-4     -4.6359E-4
41.000          97.000         -20.000        -5.2037E-4     -8.0553E-4     -4.6641E-4
43.000          97.000         -20.000        -5.3558E-4     -7.8868E-4     -4.6946E-4
45.000          97.000         -20.000        -5.5051E-4     -7.7078E-4     -4.7240E-4
47.000          97.000         -20.000        -5.6531E-4     -7.5151E-4     -4.7527E-4
49.000          97.000         -20.000        -5.7970E-4     -7.3096E-4     -4.7790E-4
51.000          97.000         -20.000        -5.9363E-4     -7.0919E-4     -4.8060E-4
53.000          97.000         -20.000        -6.0704E-4     -6.8614E-4     -4.8309E-4
55.000          97.000         -20.000        -6.1965E-4     -6.6198E-4     -4.8570E-4
57.000          97.000         -20.000        -6.3171E-4     -6.3647E-4     -4.8799E-4
59.000          97.000         -20.000        -6.4273E-4     -6.0975E-4     -4.9035E-4
61.000          97.000         -20.000        -6.5275E-4     -5.8190E-4     -4.9258E-4
63.000          97.000         -20.000        -6.6169E-4     -5.5309E-4     -4.9411E-4
65.000          97.000         -20.000        -6.6921E-4     -5.2333E-4     -4.9604E-4
67.000          97.000         -20.000        -6.7583E-4     -4.9286E-4     -4.9748E-4
69.000          97.000         -20.000        -6.8083E-4     -4.6144E-4     -4.9898E-4
71.000          97.000         -20.000        -6.8449E-4     -4.2944E-4     -5.0018E-4
73.000          97.000         -20.000        -6.8669E-4     -3.9716E-4     -5.0111E-4
75.000          97.000         -20.000        -6.8701E-4     -3.6457E-4     -5.0141E-4
77.000          97.000         -20.000        -6.8638E-4     -3.3191E-4     -5.0152E-4
79.000          97.000         -20.000        -6.8385E-4     -2.9913E-4     -5.0156E-4
81.000          97.000         -20.000        -6.7990E-4     -2.6651E-4     -5.0120E-4
83.000          97.000         -20.000        -6.7451E-4     -2.3420E-4     -5.0042E-4
85.000          97.000         -20.000        -6.6739E-4     -2.0248E-4     -4.9915E-4
87.000          97.000         -20.000        -6.5932E-4     -1.7140E-4     -4.9761E-4
89.000          97.000         -20.000        -6.4971E-4     -1.4095E-4     -4.9572E-4
91.000          97.000         -20.000        -6.3891E-4     -1.1125E-4     -4.9353E-4
93.000          97.000         -20.000        -6.2705E-4     -8.2498E-5     -4.9104E-4
95.000          97.000         -20.000        -6.1390E-4     -5.5007E-5     -4.8778E-4
97.000          97.000         -20.000        -5.9994E-4     -2.8412E-5     -4.8437E-4
99.000          97.000         -20.000        -5.8524E-4     -3.1885E-6     -4.8099E-4
-99.000         99.000         -20.000        2.5545E-4      -4.3637E-4     -1.7553E-4
-97.000         99.000         -20.000        2.5505E-4      -4.5153E-4     -1.7794E-4
-95.000         99.000         -20.000        2.5424E-4      -4.6682E-4     -1.8060E-4
-93.000         99.000         -20.000        2.5300E-4      -4.8225E-4     -1.8324E-4
-91.000         99.000         -20.000        2.5127E-4      -4.9782E-4     -1.8585E-4
-89.000         99.000         -20.000        2.4916E-4      -5.1338E-4     -1.8863E-4
-87.000         99.000         -20.000        2.4665E-4      -5.2908E-4     -1.9153E-4
-85.000         99.000         -20.000        2.4364E-4      -5.4479E-4     -1.9451E-4
-83.000         99.000         -20.000        2.4018E-4      -5.6050E-4     -1.9741E-4
-81.000         99.000         -20.000        2.3624E-4      -5.7620E-4     -2.0049E-4
-79.000         99.000         -20.000        2.3188E-4      -5.9176E-4     -2.0364E-4
-77.000         99.000         -20.000        2.2709E-4      -6.0730E-4     -2.0682E-4
-75.000         99.000         -20.000        2.2182E-4      -6.2274E-4     -2.1011E-4
-73.000         99.000         -20.000        2.1613E-4      -6.3804E-4     -2.1347E-4
-71.000         99.000         -20.000        2.0996E-4      -6.5319E-4     -2.1669E-4
-69.000         99.000         -20.000        2.0337E-4      -6.6806E-4     -2.2030E-4
-67.000         99.000         -20.000        1.9643E-4      -6.8283E-4     -2.2380E-4
-65.000         99.000         -20.000        1.8900E-4      -6.9733E-4     -2.2753E-4
-63.000         99.000         -20.000        1.8120E-4      -7.1159E-4     -2.3105E-4
-61.000         99.000         -20.000        1.7295E-4      -7.2561E-4     -2.3502E-4
-59.000         99.000         -20.000        1.6434E-4      -7.3926E-4     -2.3871E-4
-57.000         99.000         -20.000        1.5538E-4      -7.5268E-4     -2.4265E-4
-55.000         99.000         -20.000        1.4598E-4      -7.6575E-4     -2.4671E-4
-53.000         99.000         -20.000        1.3622E-4      -7.7850E-4     -2.5074E-4
-51.000         99.000         -20.000        1.2610E-4      -7.9095E-4     -2.5485E-4
-49.000         99.000         -20.000        1.1563E-4      -8.0287E-4     -2.5893E-4
-47.000         99.000         -20.000        1.0482E-4      -8.1447E-4     -2.6319E-4
-45.000         99.000         -20.000        9.3611E-5      -8.2568E-4     -2.6752E-4
-43.000         99.000         -20.000        8.2072E-5      -8.3641E-4     -2.7186E-4
-41.000         99.000         -20.000        7.0215E-5      -8.4673E-4     -2.7626E-4
-39.000         99.000         -20.000        5.8074E-5      -8.5651E-4     -2.8081E-4
-37.000         99.000         -20.000        4.5603E-5      -8.6582E-4     -2.8530E-4
-35.000         99.000         -20.000        3.2804E-5      -8.7459E-4     -2.8981E-4
-33.000         99.000         -20.000        1.9731E-5      -8.8286E-4     -2.9468E-4
-31.000         99.000         -20.000        6.3962E-6      -8.9054E-4     -2.9927E-4
-29.000         99.000         -20.000        -7.1181E-6     -8.9760E-4     -3.0394E-4
-27.000         99.000         -20.000        -2.0906E-5     -9.0405E-4     -3.0874E-4
-25.000         99.000         -20.000        -3.4910E-5     -9.0993E-4     -3.1330E-4
-23.000         99.000         -20.000        -4.9123E-5     -9.1514E-4     -3.1829E-4
-21.000         99.000         -20.000        -6.3463E-5     -9.1969E-4     -3.2319E-4
-19.000         99.000         -20.000        -7.7830E-5     -9.2360E-4     -3.2804E-4
-17.000         99.000         -20.000        -9.2416E-5     -9.2684E-4     -3.3277E-4
-15.000         99.000         -20.000        -1.0703E-4     -9.2935E-4     -3.3786E-4
-13.000         99.000         -20.000        -1.2167E-4     -9.3127E-4     -3.4267E-4
-11.000         99.000         -20.000        -1.3633E-4     -9.3253E-4     -3.4753E-4
-9.0000         99.000         -20.000        -1.5096E-4     -9.3309E-4     -3.5259E-4
-7.0000         99.000         -20.000        -1.6558E-4     -9.3298E-4     -3.5736E-4
-5.0000         99.000         -20.000        -1.8016E-4     -9.3228E-4     -3.6239E-4
-3.0000         99.000         -20.000        -1.9466E-4     -9.3096E-4     -3.6721E-4
-1.0000         99.000         -20.000        -2.0906E-4     -9.2906E-4     -3.7180E-4
1.0000          99.000         -20.000        -2.2332E-4     -9.2657E-4     -3.7654E-4
3.0000          99.000         -20.000        -2.3755E-4     -9.2352E-4     -3.8120E-4
5.0000          99.000         -20.000        -2.5171E-4     -9.1993E-4     -3.8582E-4
7.0000          99.000         -20.000        -2.6575E-4     -9.1582E-4     -3.9026E-4
9.0000          99.000         -20.000        -2.7968E-4     -9.1121E-4     -3.9450E-4
11.000          99.000         -20.000        -2.9355E-4     -9.0609E-4     -3.9863E-4
13.000          99.000         -20.000        -3.0742E-4     -9.0043E-4     -4.0301E-4
15.000          99.000         -20.000        -3.2125E-4     -8.9431E-4     -4.0735E-4
17.000          99.000         -20.000        -3.3511E-4     -8.8768E-4     -4.1092E-4
19.000          99.000         -20.000        -3.4895E-4     -8.8051E-4     -4.1513E-4
21.000          99.000         -20.000        -3.6273E-4     -8.7285E-4     -4.1887E-4
23.000          99.000         -20.000        -3.7667E-4     -8.6454E-4     -4.2271E-4
25.000          99.000         -20.000        -3.9066E-4     -8.5566E-4     -4.2602E-4
27.000          99.000         -20.000        -4.0473E-4     -8.4618E-4     -4.2978E-4
29.000          99.000         -20.000        -4.1883E-4     -8.3600E-4     -4.3310E-4
31.000          99.000         -20.000        -4.3297E-4     -8.2509E-4     -4.3630E-4
33.000          99.000         -20.000        -4.4724E-4     -8.1338E-4     -4.3945E-4
35.000          99.000         -20.000        -4.6156E-4     -8.0087E-4     -4.4279E-4
37.000          99.000         -20.000        -4.7591E-4     -7.8746E-4     -4.4580E-4
39.000          99.000         -20.000        -4.9016E-4     -7.7307E-4     -4.4875E-4
41.000          99.000         -20.000        -5.0426E-4     -7.5774E-4     -4.5126E-4
43.000          99.000         -20.000        -5.1835E-4     -7.4127E-4     -4.5421E-4
45.000          99.000         -20.000        -5.3227E-4     -7.2383E-4     -4.5675E-4
47.000          99.000         -20.000        -5.4583E-4     -7.0528E-4     -4.5965E-4
49.000          99.000         -20.000        -5.5901E-4     -6.8557E-4     -4.6199E-4
51.000          99.000         -20.000        -5.7167E-4     -6.6478E-4     -4.6444E-4
53.000          99.000         -20.000        -5.8392E-4     -6.4274E-4     -4.6693E-4
55.000          99.000         -20.000        -5.9551E-4     -6.1971E-4     -4.6925E-4
57.000          99.000         -20.000        -6.0637E-4     -5.9552E-4     -4.7111E-4
59.000          99.000         -20.000        -6.1623E-4     -5.7031E-4     -4.7296E-4
61.000          99.000         -20.000        -6.2518E-4     -5.4419E-4     -4.7492E-4
63.000          99.000         -20.000        -6.3325E-4     -5.1702E-4     -4.7682E-4
65.000          99.000         -20.000        -6.4015E-4     -4.8909E-4     -4.7836E-4
67.000          99.000         -20.000        -6.4593E-4     -4.6048E-4     -4.7947E-4
69.000          99.000         -20.000        -6.5030E-4     -4.3121E-4     -4.8076E-4
71.000          99.000         -20.000        -6.5340E-4     -4.0154E-4     -4.8174E-4
73.000          99.000         -20.000        -6.5525E-4     -3.7134E-4     -4.8226E-4
75.000          99.000         -20.000        -6.5571E-4     -3.4098E-4     -4.8235E-4
77.000          99.000         -20.000        -6.5476E-4     -3.1048E-4     -4.8255E-4
79.000          99.000         -20.000        -6.5227E-4     -2.7996E-4     -4.8227E-4
81.000          99.000         -20.000        -6.4855E-4     -2.4976E-4     -4.8168E-4
83.000          99.000         -20.000        -6.4361E-4     -2.1968E-4     -4.8096E-4
85.000          99.000         -20.000        -6.3719E-4     -1.9013E-4     -4.7983E-4
87.000          99.000         -20.000        -6.2955E-4     -1.6109E-4     -4.7834E-4
89.000          99.000         -20.000        -6.2059E-4     -1.3269E-4     -4.7604E-4
91.000          99.000         -20.000        -6.1074E-4     -1.0511E-4     -4.7425E-4
93.000          99.000         -20.000        -5.9977E-4     -7.8338E-5     -4.7171E-4
95.000          99.000         -20.000        -5.8774E-4     -5.2503E-5     -4.6887E-4
97.000          99.000         -20.000        -5.7491E-4     -2.7694E-5     -4.6566E-4
99.000          99.000         -20.000        -5.6118E-4     -3.9256E-6     -4.6207E-4
